grid_point_id,date,grid_latitude,grid_longitude,sst_celsius,sst_anomaly_celsius,quality_level,satellite_product,resolution_deg
1,2026-08-25,6.0,68.0,29.62,1.12,5,GHRSST L4 / INSAT-3DR MOSDAC / Sentinel-3 SLSTR,0.5
2,2026-08-25,6.0,68.5,29.4,0.9,5,GHRSST L4 / INSAT-3DR MOSDAC / Sentinel-3 SLSTR,0.5
3,2026-08-25,6.0,69.0,29.26,0.76,5,GHRSST L4 / INSAT-3DR MOSDAC / Sentinel-3 SLSTR,0.5
4,2026-08-25,6.0,69.5,29.65,1.15,5,GHRSST L4 / INSAT-3DR MOSDAC / Sentinel-3 SLSTR,0.5
5,2026-08-25,6.0,70.0,29.34,0.84,5,GHRSST L4 / INSAT-3DR MOSDAC / Sentinel-3 SLSTR,0.5
6,2026-08-25,6.0,70.5,29.75,1.25,5,GHRSST L4 / INSAT-3DR MOSDAC / Sentinel-3 SLSTR,0.5
7,2026-08-25,6.0,71.0,29.66,1.16,5,GHRSST L4 / INSAT-3DR MOSDAC / Sentinel-3 SLSTR,0.5
8,2026-08-25,6.0,71.5,29.77,1.27,5,GHRSST L4 / INSAT-3DR MOSDAC / Sentinel-3 SLSTR,0.5
9,2026-08-25,6.0,72.0,29.84,1.34,5,GHRSST L4 / INSAT-3DR MOSDAC / Sentinel-3 SLSTR,0.5
10,2026-08-25,6.0,72.5,29.39,0.89,5,GHRSST L4 / INSAT-3DR MOSDAC / Sentinel-3 SLSTR,0.5
11,2026-08-25,6.0,73.0,29.5,1.0,5,GHRSST L4 / INSAT-3DR MOSDAC / Sentinel-3 SLSTR,0.5
12,2026-08-25,6.0,73.5,29.43,0.93,5,GHRSST L4 / INSAT-3DR MOSDAC / Sentinel-3 SLSTR,0.5
13,2026-08-25,6.0,74.0,29.2,0.7,5,GHRSST L4 / INSAT-3DR MOSDAC / Sentinel-3 SLSTR,0.5
14,2026-08-25,6.0,74.5,29.43,0.93,5,GHRSST L4 / INSAT-3DR MOSDAC / Sentinel-3 SLSTR,0.5
15,2026-08-25,6.0,75.0,29.46,0.96,5,GHRSST L4 / INSAT-3DR MOSDAC / Sentinel-3 SLSTR,0.5
16,2026-08-25,6.0,75.5,29.27,0.77,5,GHRSST L4 / INSAT-3DR MOSDAC / Sentinel-3 SLSTR,0.5
17,2026-08-25,6.0,76.0,29.77,1.27,5,GHRSST L4 / INSAT-3DR MOSDAC / Sentinel-3 SLSTR,0.5
18,2026-08-25,6.0,76.5,29.35,0.85,5,GHRSST L4 / INSAT-3DR MOSDAC / Sentinel-3 SLSTR,0.5
19,2026-08-25,6.0,77.0,29.68,1.18,5,GHRSST L4 / INSAT-3DR MOSDAC / Sentinel-3 SLSTR,0.5
20,2026-08-25,6.0,77.5,29.2,0.7,5,GHRSST L4 / INSAT-3DR MOSDAC / Sentinel-3 SLSTR,0.5
21,2026-08-25,6.0,78.0,29.17,0.67,5,GHRSST L4 / INSAT-3DR MOSDAC / Sentinel-3 SLSTR,0.5
22,2026-08-25,6.0,78.5,29.85,1.35,5,GHRSST L4 / INSAT-3DR MOSDAC / Sentinel-3 SLSTR,0.5
23,2026-08-25,6.0,79.0,29.24,0.74,5,GHRSST L4 / INSAT-3DR MOSDAC / Sentinel-3 SLSTR,0.5
24,2026-08-25,6.0,79.5,29.69,1.19,5,GHRSST L4 / INSAT-3DR MOSDAC / Sentinel-3 SLSTR,0.5
25,2026-08-25,6.0,80.0,29.57,1.07,5,GHRSST L4 / INSAT-3DR MOSDAC / Sentinel-3 SLSTR,0.5
26,2026-08-25,6.0,80.5,29.47,0.97,5,GHRSST L4 / INSAT-3DR MOSDAC / Sentinel-3 SLSTR,0.5
27,2026-08-25,6.0,81.0,29.18,0.68,5,GHRSST L4 / INSAT-3DR MOSDAC / Sentinel-3 SLSTR,0.5
28,2026-08-25,6.0,81.5,29.38,0.88,5,GHRSST L4 / INSAT-3DR MOSDAC / Sentinel-3 SLSTR,0.5
29,2026-08-25,6.0,82.0,29.78,1.28,5,GHRSST L4 / INSAT-3DR MOSDAC / Sentinel-3 SLSTR,0.5
30,2026-08-25,6.0,82.5,29.78,1.28,5,GHRSST L4 / INSAT-3DR MOSDAC / Sentinel-3 SLSTR,0.5
31,2026-08-25,6.0,83.0,29.57,1.07,5,GHRSST L4 / INSAT-3DR MOSDAC / Sentinel-3 SLSTR,0.5
32,2026-08-25,6.0,83.5,29.55,1.05,5,GHRSST L4 / INSAT-3DR MOSDAC / Sentinel-3 SLSTR,0.5
33,2026-08-25,6.0,84.0,29.45,0.95,5,GHRSST L4 / INSAT-3DR MOSDAC / Sentinel-3 SLSTR,0.5
34,2026-08-25,6.0,84.5,29.69,1.19,5,GHRSST L4 / INSAT-3DR MOSDAC / Sentinel-3 SLSTR,0.5
35,2026-08-25,6.0,85.0,29.77,1.27,5,GHRSST L4 / INSAT-3DR MOSDAC / Sentinel-3 SLSTR,0.5
36,2026-08-25,6.0,85.5,29.66,1.16,5,GHRSST L4 / INSAT-3DR MOSDAC / Sentinel-3 SLSTR,0.5
37,2026-08-25,6.0,86.0,29.52,1.02,5,GHRSST L4 / INSAT-3DR MOSDAC / Sentinel-3 SLSTR,0.5
38,2026-08-25,6.0,86.5,29.59,1.09,5,GHRSST L4 / INSAT-3DR MOSDAC / Sentinel-3 SLSTR,0.5
39,2026-08-25,6.0,87.0,29.3,0.8,5,GHRSST L4 / INSAT-3DR MOSDAC / Sentinel-3 SLSTR,0.5
40,2026-08-25,6.0,87.5,29.84,1.34,5,GHRSST L4 / INSAT-3DR MOSDAC / Sentinel-3 SLSTR,0.5
41,2026-08-25,6.0,88.0,29.81,1.31,5,GHRSST L4 / INSAT-3DR MOSDAC / Sentinel-3 SLSTR,0.5
42,2026-08-25,6.0,88.5,29.82,1.32,5,GHRSST L4 / INSAT-3DR MOSDAC / Sentinel-3 SLSTR,0.5
43,2026-08-25,6.0,89.0,29.27,0.77,5,GHRSST L4 / INSAT-3DR MOSDAC / Sentinel-3 SLSTR,0.5
44,2026-08-25,6.0,89.5,29.61,1.11,5,GHRSST L4 / INSAT-3DR MOSDAC / Sentinel-3 SLSTR,0.5
45,2026-08-25,6.0,90.0,29.61,1.11,5,GHRSST L4 / INSAT-3DR MOSDAC / Sentinel-3 SLSTR,0.5
46,2026-08-25,6.0,90.5,29.4,0.9,5,GHRSST L4 / INSAT-3DR MOSDAC / Sentinel-3 SLSTR,0.5
47,2026-08-25,6.0,91.0,29.76,1.26,5,GHRSST L4 / INSAT-3DR MOSDAC / Sentinel-3 SLSTR,0.5
48,2026-08-25,6.0,91.5,29.7,1.2,5,GHRSST L4 / INSAT-3DR MOSDAC / Sentinel-3 SLSTR,0.5
49,2026-08-25,6.0,92.0,29.65,1.15,5,GHRSST L4 / INSAT-3DR MOSDAC / Sentinel-3 SLSTR,0.5
50,2026-08-25,6.0,92.5,29.17,0.67,5,GHRSST L4 / INSAT-3DR MOSDAC / Sentinel-3 SLSTR,0.5
51,2026-08-25,6.0,93.0,29.84,1.34,5,GHRSST L4 / INSAT-3DR MOSDAC / Sentinel-3 SLSTR,0.5
52,2026-08-25,6.0,93.5,29.65,1.15,5,GHRSST L4 / INSAT-3DR MOSDAC / Sentinel-3 SLSTR,0.5
53,2026-08-25,6.0,94.0,29.83,1.33,5,GHRSST L4 / INSAT-3DR MOSDAC / Sentinel-3 SLSTR,0.5
54,2026-08-25,6.5,68.0,29.15,0.7,5,GHRSST L4 / INSAT-3DR MOSDAC / Sentinel-3 SLSTR,0.5
55,2026-08-25,6.5,68.5,29.58,1.13,5,GHRSST L4 / INSAT-3DR MOSDAC / Sentinel-3 SLSTR,0.5
56,2026-08-25,6.5,69.0,29.61,1.16,5,GHRSST L4 / INSAT-3DR MOSDAC / Sentinel-3 SLSTR,0.5
57,2026-08-25,6.5,69.5,29.14,0.69,5,GHRSST L4 / INSAT-3DR MOSDAC / Sentinel-3 SLSTR,0.5
58,2026-08-25,6.5,70.0,29.14,0.69,5,GHRSST L4 / INSAT-3DR MOSDAC / Sentinel-3 SLSTR,0.5
59,2026-08-25,6.5,70.5,29.62,1.17,5,GHRSST L4 / INSAT-3DR MOSDAC / Sentinel-3 SLSTR,0.5
60,2026-08-25,6.5,71.0,29.65,1.2,5,GHRSST L4 / INSAT-3DR MOSDAC / Sentinel-3 SLSTR,0.5
61,2026-08-25,6.5,71.5,29.73,1.28,5,GHRSST L4 / INSAT-3DR MOSDAC / Sentinel-3 SLSTR,0.5
62,2026-08-25,6.5,72.0,29.63,1.18,5,GHRSST L4 / INSAT-3DR MOSDAC / Sentinel-3 SLSTR,0.5
63,2026-08-25,6.5,72.5,29.26,0.81,5,GHRSST L4 / INSAT-3DR MOSDAC / Sentinel-3 SLSTR,0.5
64,2026-08-25,6.5,73.0,29.77,1.32,5,GHRSST L4 / INSAT-3DR MOSDAC / Sentinel-3 SLSTR,0.5
65,2026-08-25,6.5,73.5,29.28,0.83,5,GHRSST L4 / INSAT-3DR MOSDAC / Sentinel-3 SLSTR,0.5
66,2026-08-25,6.5,74.0,29.6,1.15,5,GHRSST L4 / INSAT-3DR MOSDAC / Sentinel-3 SLSTR,0.5
67,2026-08-25,6.5,74.5,29.46,1.01,5,GHRSST L4 / INSAT-3DR MOSDAC / Sentinel-3 SLSTR,0.5
68,2026-08-25,6.5,75.0,29.18,0.73,5,GHRSST L4 / INSAT-3DR MOSDAC / Sentinel-3 SLSTR,0.5
69,2026-08-25,6.5,75.5,29.74,1.29,5,GHRSST L4 / INSAT-3DR MOSDAC / Sentinel-3 SLSTR,0.5
70,2026-08-25,6.5,76.0,29.5,1.05,5,GHRSST L4 / INSAT-3DR MOSDAC / Sentinel-3 SLSTR,0.5
71,2026-08-25,6.5,76.5,29.15,0.7,5,GHRSST L4 / INSAT-3DR MOSDAC / Sentinel-3 SLSTR,0.5
72,2026-08-25,6.5,77.0,29.36,0.91,5,GHRSST L4 / INSAT-3DR MOSDAC / Sentinel-3 SLSTR,0.5
73,2026-08-25,6.5,77.5,29.63,1.18,5,GHRSST L4 / INSAT-3DR MOSDAC / Sentinel-3 SLSTR,0.5
74,2026-08-25,6.5,78.0,29.52,1.07,5,GHRSST L4 / INSAT-3DR MOSDAC / Sentinel-3 SLSTR,0.5
75,2026-08-25,6.5,78.5,29.25,0.8,5,GHRSST L4 / INSAT-3DR MOSDAC / Sentinel-3 SLSTR,0.5
76,2026-08-25,6.5,79.0,29.49,1.04,5,GHRSST L4 / INSAT-3DR MOSDAC / Sentinel-3 SLSTR,0.5
77,2026-08-25,6.5,79.5,29.31,0.86,5,GHRSST L4 / INSAT-3DR MOSDAC / Sentinel-3 SLSTR,0.5
78,2026-08-25,6.5,80.0,29.46,1.01,5,GHRSST L4 / INSAT-3DR MOSDAC / Sentinel-3 SLSTR,0.5
79,2026-08-25,6.5,80.5,29.31,0.86,5,GHRSST L4 / INSAT-3DR MOSDAC / Sentinel-3 SLSTR,0.5
80,2026-08-25,6.5,81.0,29.44,0.99,5,GHRSST L4 / INSAT-3DR MOSDAC / Sentinel-3 SLSTR,0.5
81,2026-08-25,6.5,81.5,29.68,1.23,5,GHRSST L4 / INSAT-3DR MOSDAC / Sentinel-3 SLSTR,0.5
82,2026-08-25,6.5,82.0,29.24,0.79,5,GHRSST L4 / INSAT-3DR MOSDAC / Sentinel-3 SLSTR,0.5
83,2026-08-25,6.5,82.5,29.09,0.64,5,GHRSST L4 / INSAT-3DR MOSDAC / Sentinel-3 SLSTR,0.5
84,2026-08-25,6.5,83.0,29.2,0.75,5,GHRSST L4 / INSAT-3DR MOSDAC / Sentinel-3 SLSTR,0.5
85,2026-08-25,6.5,83.5,29.68,1.23,5,GHRSST L4 / INSAT-3DR MOSDAC / Sentinel-3 SLSTR,0.5
86,2026-08-25,6.5,84.0,29.38,0.93,5,GHRSST L4 / INSAT-3DR MOSDAC / Sentinel-3 SLSTR,0.5
87,2026-08-25,6.5,84.5,29.61,1.16,5,GHRSST L4 / INSAT-3DR MOSDAC / Sentinel-3 SLSTR,0.5
88,2026-08-25,6.5,85.0,29.11,0.66,5,GHRSST L4 / INSAT-3DR MOSDAC / Sentinel-3 SLSTR,0.5
89,2026-08-25,6.5,85.5,29.19,0.74,5,GHRSST L4 / INSAT-3DR MOSDAC / Sentinel-3 SLSTR,0.5
90,2026-08-25,6.5,86.0,29.49,1.04,5,GHRSST L4 / INSAT-3DR MOSDAC / Sentinel-3 SLSTR,0.5
91,2026-08-25,6.5,86.5,29.59,1.14,5,GHRSST L4 / INSAT-3DR MOSDAC / Sentinel-3 SLSTR,0.5
92,2026-08-25,6.5,87.0,29.64,1.19,5,GHRSST L4 / INSAT-3DR MOSDAC / Sentinel-3 SLSTR,0.5
93,2026-08-25,6.5,87.5,29.54,1.09,5,GHRSST L4 / INSAT-3DR MOSDAC / Sentinel-3 SLSTR,0.5
94,2026-08-25,6.5,88.0,29.62,1.17,5,GHRSST L4 / INSAT-3DR MOSDAC / Sentinel-3 SLSTR,0.5
95,2026-08-25,6.5,88.5,29.21,0.76,5,GHRSST L4 / INSAT-3DR MOSDAC / Sentinel-3 SLSTR,0.5
96,2026-08-25,6.5,89.0,29.55,1.1,5,GHRSST L4 / INSAT-3DR MOSDAC / Sentinel-3 SLSTR,0.5
97,2026-08-25,6.5,89.5,29.39,0.94,5,GHRSST L4 / INSAT-3DR MOSDAC / Sentinel-3 SLSTR,0.5
98,2026-08-25,6.5,90.0,29.73,1.28,5,GHRSST L4 / INSAT-3DR MOSDAC / Sentinel-3 SLSTR,0.5
99,2026-08-25,6.5,90.5,29.52,1.07,5,GHRSST L4 / INSAT-3DR MOSDAC / Sentinel-3 SLSTR,0.5
100,2026-08-25,6.5,91.0,29.47,1.02,5,GHRSST L4 / INSAT-3DR MOSDAC / Sentinel-3 SLSTR,0.5
101,2026-08-25,6.5,91.5,29.49,1.04,5,GHRSST L4 / INSAT-3DR MOSDAC / Sentinel-3 SLSTR,0.5
102,2026-08-25,6.5,92.0,29.67,1.22,5,GHRSST L4 / INSAT-3DR MOSDAC / Sentinel-3 SLSTR,0.5
103,2026-08-25,6.5,92.5,29.1,0.65,5,GHRSST L4 / INSAT-3DR MOSDAC / Sentinel-3 SLSTR,0.5
104,2026-08-25,6.5,93.0,29.69,1.24,5,GHRSST L4 / INSAT-3DR MOSDAC / Sentinel-3 SLSTR,0.5
105,2026-08-25,6.5,93.5,29.11,0.66,5,GHRSST L4 / INSAT-3DR MOSDAC / Sentinel-3 SLSTR,0.5
106,2026-08-25,6.5,94.0,29.5,1.05,5,GHRSST L4 / INSAT-3DR MOSDAC / Sentinel-3 SLSTR,0.5
107,2026-08-25,7.0,68.0,29.38,0.98,5,GHRSST L4 / INSAT-3DR MOSDAC / Sentinel-3 SLSTR,0.5
108,2026-08-25,7.0,68.5,29.29,0.89,5,GHRSST L4 / INSAT-3DR MOSDAC / Sentinel-3 SLSTR,0.5
109,2026-08-25,7.0,69.0,29.12,0.72,5,GHRSST L4 / INSAT-3DR MOSDAC / Sentinel-3 SLSTR,0.5
110,2026-08-25,7.0,69.5,29.12,0.72,5,GHRSST L4 / INSAT-3DR MOSDAC / Sentinel-3 SLSTR,0.5
111,2026-08-25,7.0,70.0,29.55,1.15,5,GHRSST L4 / INSAT-3DR MOSDAC / Sentinel-3 SLSTR,0.5
112,2026-08-25,7.0,70.5,29.11,0.71,5,GHRSST L4 / INSAT-3DR MOSDAC / Sentinel-3 SLSTR,0.5
113,2026-08-25,7.0,71.0,29.51,1.11,5,GHRSST L4 / INSAT-3DR MOSDAC / Sentinel-3 SLSTR,0.5
114,2026-08-25,7.0,71.5,29.72,1.32,5,GHRSST L4 / INSAT-3DR MOSDAC / Sentinel-3 SLSTR,0.5
115,2026-08-25,7.0,72.0,29.51,1.11,5,GHRSST L4 / INSAT-3DR MOSDAC / Sentinel-3 SLSTR,0.5
116,2026-08-25,7.0,72.5,29.08,0.68,5,GHRSST L4 / INSAT-3DR MOSDAC / Sentinel-3 SLSTR,0.5
117,2026-08-25,7.0,73.0,29.41,1.01,5,GHRSST L4 / INSAT-3DR MOSDAC / Sentinel-3 SLSTR,0.5
118,2026-08-25,7.0,73.5,29.61,1.21,5,GHRSST L4 / INSAT-3DR MOSDAC / Sentinel-3 SLSTR,0.5
119,2026-08-25,7.0,74.0,29.7,1.3,5,GHRSST L4 / INSAT-3DR MOSDAC / Sentinel-3 SLSTR,0.5
120,2026-08-25,7.0,74.5,29.54,1.14,5,GHRSST L4 / INSAT-3DR MOSDAC / Sentinel-3 SLSTR,0.5
121,2026-08-25,7.0,75.0,29.25,0.85,5,GHRSST L4 / INSAT-3DR MOSDAC / Sentinel-3 SLSTR,0.5
122,2026-08-25,7.0,75.5,29.21,0.81,5,GHRSST L4 / INSAT-3DR MOSDAC / Sentinel-3 SLSTR,0.5
123,2026-08-25,7.0,76.0,29.58,1.18,5,GHRSST L4 / INSAT-3DR MOSDAC / Sentinel-3 SLSTR,0.5
124,2026-08-25,7.0,76.5,29.56,1.16,5,GHRSST L4 / INSAT-3DR MOSDAC / Sentinel-3 SLSTR,0.5
125,2026-08-25,7.0,77.0,29.37,0.97,5,GHRSST L4 / INSAT-3DR MOSDAC / Sentinel-3 SLSTR,0.5
126,2026-08-25,7.0,77.5,29.09,0.69,5,GHRSST L4 / INSAT-3DR MOSDAC / Sentinel-3 SLSTR,0.5
127,2026-08-25,7.0,78.0,29.5,1.1,5,GHRSST L4 / INSAT-3DR MOSDAC / Sentinel-3 SLSTR,0.5
128,2026-08-25,7.0,78.5,29.44,1.04,5,GHRSST L4 / INSAT-3DR MOSDAC / Sentinel-3 SLSTR,0.5
129,2026-08-25,7.0,79.0,29.04,0.64,5,GHRSST L4 / INSAT-3DR MOSDAC / Sentinel-3 SLSTR,0.5
130,2026-08-25,7.0,79.5,29.48,1.08,5,GHRSST L4 / INSAT-3DR MOSDAC / Sentinel-3 SLSTR,0.5
131,2026-08-25,7.0,80.0,29.12,0.72,5,GHRSST L4 / INSAT-3DR MOSDAC / Sentinel-3 SLSTR,0.5
132,2026-08-25,7.0,80.5,29.61,1.21,5,GHRSST L4 / INSAT-3DR MOSDAC / Sentinel-3 SLSTR,0.5
133,2026-08-25,7.0,81.0,29.5,1.1,5,GHRSST L4 / INSAT-3DR MOSDAC / Sentinel-3 SLSTR,0.5
134,2026-08-25,7.0,81.5,29.07,0.67,5,GHRSST L4 / INSAT-3DR MOSDAC / Sentinel-3 SLSTR,0.5
135,2026-08-25,7.0,82.0,29.4,1.0,5,GHRSST L4 / INSAT-3DR MOSDAC / Sentinel-3 SLSTR,0.5
136,2026-08-25,7.0,82.5,29.59,1.19,5,GHRSST L4 / INSAT-3DR MOSDAC / Sentinel-3 SLSTR,0.5
137,2026-08-25,7.0,83.0,29.61,1.21,5,GHRSST L4 / INSAT-3DR MOSDAC / Sentinel-3 SLSTR,0.5
138,2026-08-25,7.0,83.5,29.09,0.69,5,GHRSST L4 / INSAT-3DR MOSDAC / Sentinel-3 SLSTR,0.5
139,2026-08-25,7.0,84.0,29.09,0.69,5,GHRSST L4 / INSAT-3DR MOSDAC / Sentinel-3 SLSTR,0.5
140,2026-08-25,7.0,84.5,29.57,1.17,5,GHRSST L4 / INSAT-3DR MOSDAC / Sentinel-3 SLSTR,0.5
141,2026-08-25,7.0,85.0,29.19,0.79,5,GHRSST L4 / INSAT-3DR MOSDAC / Sentinel-3 SLSTR,0.5
142,2026-08-25,7.0,85.5,29.45,1.05,5,GHRSST L4 / INSAT-3DR MOSDAC / Sentinel-3 SLSTR,0.5
143,2026-08-25,7.0,86.0,29.46,1.06,5,GHRSST L4 / INSAT-3DR MOSDAC / Sentinel-3 SLSTR,0.5
144,2026-08-25,7.0,86.5,29.47,1.07,5,GHRSST L4 / INSAT-3DR MOSDAC / Sentinel-3 SLSTR,0.5
145,2026-08-25,7.0,87.0,29.27,0.87,5,GHRSST L4 / INSAT-3DR MOSDAC / Sentinel-3 SLSTR,0.5
146,2026-08-25,7.0,87.5,29.06,0.66,5,GHRSST L4 / INSAT-3DR MOSDAC / Sentinel-3 SLSTR,0.5
147,2026-08-25,7.0,88.0,29.41,1.01,5,GHRSST L4 / INSAT-3DR MOSDAC / Sentinel-3 SLSTR,0.5
148,2026-08-25,7.0,88.5,29.39,0.99,5,GHRSST L4 / INSAT-3DR MOSDAC / Sentinel-3 SLSTR,0.5
149,2026-08-25,7.0,89.0,29.33,0.93,5,GHRSST L4 / INSAT-3DR MOSDAC / Sentinel-3 SLSTR,0.5
150,2026-08-25,7.0,89.5,29.23,0.83,5,GHRSST L4 / INSAT-3DR MOSDAC / Sentinel-3 SLSTR,0.5
151,2026-08-25,7.0,90.0,29.62,1.22,5,GHRSST L4 / INSAT-3DR MOSDAC / Sentinel-3 SLSTR,0.5
152,2026-08-25,7.0,90.5,29.29,0.89,5,GHRSST L4 / INSAT-3DR MOSDAC / Sentinel-3 SLSTR,0.5
153,2026-08-25,7.0,91.0,29.12,0.72,5,GHRSST L4 / INSAT-3DR MOSDAC / Sentinel-3 SLSTR,0.5
154,2026-08-25,7.0,91.5,29.56,1.16,5,GHRSST L4 / INSAT-3DR MOSDAC / Sentinel-3 SLSTR,0.5
155,2026-08-25,7.0,92.0,29.48,1.08,5,GHRSST L4 / INSAT-3DR MOSDAC / Sentinel-3 SLSTR,0.5
156,2026-08-25,7.0,92.5,29.25,0.85,5,GHRSST L4 / INSAT-3DR MOSDAC / Sentinel-3 SLSTR,0.5
157,2026-08-25,7.0,93.0,29.14,0.74,5,GHRSST L4 / INSAT-3DR MOSDAC / Sentinel-3 SLSTR,0.5
158,2026-08-25,7.0,93.5,29.34,0.94,5,GHRSST L4 / INSAT-3DR MOSDAC / Sentinel-3 SLSTR,0.5
159,2026-08-25,7.0,94.0,29.08,0.68,5,GHRSST L4 / INSAT-3DR MOSDAC / Sentinel-3 SLSTR,0.5
160,2026-08-25,7.5,68.0,29.13,0.78,5,GHRSST L4 / INSAT-3DR MOSDAC / Sentinel-3 SLSTR,0.5
161,2026-08-25,7.5,68.5,29.64,1.29,5,GHRSST L4 / INSAT-3DR MOSDAC / Sentinel-3 SLSTR,0.5
162,2026-08-25,7.5,69.0,29.08,0.73,5,GHRSST L4 / INSAT-3DR MOSDAC / Sentinel-3 SLSTR,0.5
163,2026-08-25,7.5,69.5,29.16,0.81,5,GHRSST L4 / INSAT-3DR MOSDAC / Sentinel-3 SLSTR,0.5
164,2026-08-25,7.5,70.0,29.07,0.72,5,GHRSST L4 / INSAT-3DR MOSDAC / Sentinel-3 SLSTR,0.5
165,2026-08-25,7.5,70.5,29.61,1.26,5,GHRSST L4 / INSAT-3DR MOSDAC / Sentinel-3 SLSTR,0.5
166,2026-08-25,7.5,71.0,29.62,1.27,5,GHRSST L4 / INSAT-3DR MOSDAC / Sentinel-3 SLSTR,0.5
167,2026-08-25,7.5,71.5,29.01,0.66,5,GHRSST L4 / INSAT-3DR MOSDAC / Sentinel-3 SLSTR,0.5
168,2026-08-25,7.5,72.0,29.6,1.25,5,GHRSST L4 / INSAT-3DR MOSDAC / Sentinel-3 SLSTR,0.5
169,2026-08-25,7.5,72.5,29.07,0.72,5,GHRSST L4 / INSAT-3DR MOSDAC / Sentinel-3 SLSTR,0.5
170,2026-08-25,7.5,73.0,29.25,0.9,5,GHRSST L4 / INSAT-3DR MOSDAC / Sentinel-3 SLSTR,0.5
171,2026-08-25,7.5,73.5,29.38,1.03,5,GHRSST L4 / INSAT-3DR MOSDAC / Sentinel-3 SLSTR,0.5
172,2026-08-25,7.5,74.0,29.29,0.94,5,GHRSST L4 / INSAT-3DR MOSDAC / Sentinel-3 SLSTR,0.5
173,2026-08-25,7.5,74.5,29.07,0.72,5,GHRSST L4 / INSAT-3DR MOSDAC / Sentinel-3 SLSTR,0.5
174,2026-08-25,7.5,75.0,29.52,1.17,5,GHRSST L4 / INSAT-3DR MOSDAC / Sentinel-3 SLSTR,0.5
175,2026-08-25,7.5,75.5,29.45,1.1,5,GHRSST L4 / INSAT-3DR MOSDAC / Sentinel-3 SLSTR,0.5
176,2026-08-25,7.5,76.0,29.63,1.28,5,GHRSST L4 / INSAT-3DR MOSDAC / Sentinel-3 SLSTR,0.5
177,2026-08-25,7.5,76.5,29.22,0.87,5,GHRSST L4 / INSAT-3DR MOSDAC / Sentinel-3 SLSTR,0.5
178,2026-08-25,7.5,77.0,29.27,0.92,5,GHRSST L4 / INSAT-3DR MOSDAC / Sentinel-3 SLSTR,0.5
179,2026-08-25,7.5,77.5,29.21,0.86,5,GHRSST L4 / INSAT-3DR MOSDAC / Sentinel-3 SLSTR,0.5
180,2026-08-25,7.5,78.0,29.01,0.66,5,GHRSST L4 / INSAT-3DR MOSDAC / Sentinel-3 SLSTR,0.5
181,2026-08-25,7.5,78.5,29.01,0.66,5,GHRSST L4 / INSAT-3DR MOSDAC / Sentinel-3 SLSTR,0.5
182,2026-08-25,7.5,79.0,29.5,1.15,5,GHRSST L4 / INSAT-3DR MOSDAC / Sentinel-3 SLSTR,0.5
183,2026-08-25,7.5,79.5,29.17,0.82,5,GHRSST L4 / INSAT-3DR MOSDAC / Sentinel-3 SLSTR,0.5
184,2026-08-25,7.5,80.0,29.31,0.96,5,GHRSST L4 / INSAT-3DR MOSDAC / Sentinel-3 SLSTR,0.5
185,2026-08-25,7.5,80.5,29.66,1.31,5,GHRSST L4 / INSAT-3DR MOSDAC / Sentinel-3 SLSTR,0.5
186,2026-08-25,7.5,81.0,28.98,0.63,5,GHRSST L4 / INSAT-3DR MOSDAC / Sentinel-3 SLSTR,0.5
187,2026-08-25,7.5,81.5,29.33,0.98,5,GHRSST L4 / INSAT-3DR MOSDAC / Sentinel-3 SLSTR,0.5
188,2026-08-25,7.5,82.0,29.33,0.98,5,GHRSST L4 / INSAT-3DR MOSDAC / Sentinel-3 SLSTR,0.5
189,2026-08-25,7.5,82.5,29.67,1.32,5,GHRSST L4 / INSAT-3DR MOSDAC / Sentinel-3 SLSTR,0.5
190,2026-08-25,7.5,83.0,29.55,1.2,5,GHRSST L4 / INSAT-3DR MOSDAC / Sentinel-3 SLSTR,0.5
191,2026-08-25,7.5,83.5,29.02,0.67,5,GHRSST L4 / INSAT-3DR MOSDAC / Sentinel-3 SLSTR,0.5
192,2026-08-25,7.5,84.0,29.08,0.73,5,GHRSST L4 / INSAT-3DR MOSDAC / Sentinel-3 SLSTR,0.5
193,2026-08-25,7.5,84.5,28.99,0.64,5,GHRSST L4 / INSAT-3DR MOSDAC / Sentinel-3 SLSTR,0.5
194,2026-08-25,7.5,85.0,29.11,0.76,5,GHRSST L4 / INSAT-3DR MOSDAC / Sentinel-3 SLSTR,0.5
195,2026-08-25,7.5,85.5,29.12,0.77,5,GHRSST L4 / INSAT-3DR MOSDAC / Sentinel-3 SLSTR,0.5
196,2026-08-25,7.5,86.0,29.03,0.68,5,GHRSST L4 / INSAT-3DR MOSDAC / Sentinel-3 SLSTR,0.5
197,2026-08-25,7.5,86.5,29.34,0.99,5,GHRSST L4 / INSAT-3DR MOSDAC / Sentinel-3 SLSTR,0.5
198,2026-08-25,7.5,87.0,29.65,1.3,5,GHRSST L4 / INSAT-3DR MOSDAC / Sentinel-3 SLSTR,0.5
199,2026-08-25,7.5,87.5,29.53,1.18,5,GHRSST L4 / INSAT-3DR MOSDAC / Sentinel-3 SLSTR,0.5
200,2026-08-25,7.5,88.0,29.11,0.76,5,GHRSST L4 / INSAT-3DR MOSDAC / Sentinel-3 SLSTR,0.5
201,2026-08-25,7.5,88.5,29.52,1.17,5,GHRSST L4 / INSAT-3DR MOSDAC / Sentinel-3 SLSTR,0.5
202,2026-08-25,7.5,89.0,29.66,1.31,5,GHRSST L4 / INSAT-3DR MOSDAC / Sentinel-3 SLSTR,0.5
203,2026-08-25,7.5,89.5,29.55,1.2,5,GHRSST L4 / INSAT-3DR MOSDAC / Sentinel-3 SLSTR,0.5
204,2026-08-25,7.5,90.0,29.3,0.95,5,GHRSST L4 / INSAT-3DR MOSDAC / Sentinel-3 SLSTR,0.5
205,2026-08-25,7.5,90.5,29.16,0.81,5,GHRSST L4 / INSAT-3DR MOSDAC / Sentinel-3 SLSTR,0.5
206,2026-08-25,7.5,91.0,29.49,1.14,5,GHRSST L4 / INSAT-3DR MOSDAC / Sentinel-3 SLSTR,0.5
207,2026-08-25,7.5,91.5,29.52,1.17,5,GHRSST L4 / INSAT-3DR MOSDAC / Sentinel-3 SLSTR,0.5
208,2026-08-25,7.5,92.0,29.18,0.83,5,GHRSST L4 / INSAT-3DR MOSDAC / Sentinel-3 SLSTR,0.5
209,2026-08-25,7.5,92.5,29.13,0.78,5,GHRSST L4 / INSAT-3DR MOSDAC / Sentinel-3 SLSTR,0.5
210,2026-08-25,7.5,93.0,29.44,1.09,5,GHRSST L4 / INSAT-3DR MOSDAC / Sentinel-3 SLSTR,0.5
211,2026-08-25,7.5,93.5,29.59,1.24,5,GHRSST L4 / INSAT-3DR MOSDAC / Sentinel-3 SLSTR,0.5
212,2026-08-25,7.5,94.0,28.98,0.63,5,GHRSST L4 / INSAT-3DR MOSDAC / Sentinel-3 SLSTR,0.5
213,2026-08-25,8.0,68.0,29.6,1.3,5,GHRSST L4 / INSAT-3DR MOSDAC / Sentinel-3 SLSTR,0.5
214,2026-08-25,8.0,68.5,29.04,0.74,5,GHRSST L4 / INSAT-3DR MOSDAC / Sentinel-3 SLSTR,0.5
215,2026-08-25,8.0,69.0,29.15,0.85,5,GHRSST L4 / INSAT-3DR MOSDAC / Sentinel-3 SLSTR,0.5
216,2026-08-25,8.0,69.5,28.95,0.65,5,GHRSST L4 / INSAT-3DR MOSDAC / Sentinel-3 SLSTR,0.5
217,2026-08-25,8.0,70.0,28.95,0.65,5,GHRSST L4 / INSAT-3DR MOSDAC / Sentinel-3 SLSTR,0.5
218,2026-08-25,8.0,70.5,29.1,0.8,5,GHRSST L4 / INSAT-3DR MOSDAC / Sentinel-3 SLSTR,0.5
219,2026-08-25,8.0,71.0,29.31,1.01,5,GHRSST L4 / INSAT-3DR MOSDAC / Sentinel-3 SLSTR,0.5
220,2026-08-25,8.0,71.5,29.54,1.24,5,GHRSST L4 / INSAT-3DR MOSDAC / Sentinel-3 SLSTR,0.5
221,2026-08-25,8.0,72.0,28.96,0.66,5,GHRSST L4 / INSAT-3DR MOSDAC / Sentinel-3 SLSTR,0.5
222,2026-08-25,8.0,72.5,29.29,0.99,5,GHRSST L4 / INSAT-3DR MOSDAC / Sentinel-3 SLSTR,0.5
223,2026-08-25,8.0,73.0,29.2,0.9,5,GHRSST L4 / INSAT-3DR MOSDAC / Sentinel-3 SLSTR,0.5
224,2026-08-25,8.0,73.5,29.6,1.3,5,GHRSST L4 / INSAT-3DR MOSDAC / Sentinel-3 SLSTR,0.5
225,2026-08-25,8.0,74.0,27.64,-0.66,5,GHRSST L4 / INSAT-3DR MOSDAC / Sentinel-3 SLSTR,0.5
226,2026-08-25,8.0,74.5,27.77,-0.53,5,GHRSST L4 / INSAT-3DR MOSDAC / Sentinel-3 SLSTR,0.5
227,2026-08-25,8.0,75.0,27.53,-0.77,5,GHRSST L4 / INSAT-3DR MOSDAC / Sentinel-3 SLSTR,0.5
228,2026-08-25,8.0,75.5,28.15,-0.15,5,GHRSST L4 / INSAT-3DR MOSDAC / Sentinel-3 SLSTR,0.5
229,2026-08-25,8.0,76.0,27.95,-0.35,5,GHRSST L4 / INSAT-3DR MOSDAC / Sentinel-3 SLSTR,0.5
230,2026-08-25,8.0,76.5,27.92,-0.38,5,GHRSST L4 / INSAT-3DR MOSDAC / Sentinel-3 SLSTR,0.5
231,2026-08-25,8.0,77.0,27.54,-0.76,5,GHRSST L4 / INSAT-3DR MOSDAC / Sentinel-3 SLSTR,0.5
232,2026-08-25,8.0,77.5,28.98,0.68,5,GHRSST L4 / INSAT-3DR MOSDAC / Sentinel-3 SLSTR,0.5
233,2026-08-25,8.0,78.0,29.46,1.16,5,GHRSST L4 / INSAT-3DR MOSDAC / Sentinel-3 SLSTR,0.5
234,2026-08-25,8.0,78.5,29.29,0.99,5,GHRSST L4 / INSAT-3DR MOSDAC / Sentinel-3 SLSTR,0.5
235,2026-08-25,8.0,79.0,29.05,0.75,5,GHRSST L4 / INSAT-3DR MOSDAC / Sentinel-3 SLSTR,0.5
236,2026-08-25,8.0,79.5,29.29,0.99,5,GHRSST L4 / INSAT-3DR MOSDAC / Sentinel-3 SLSTR,0.5
237,2026-08-25,8.0,80.0,29.59,1.29,5,GHRSST L4 / INSAT-3DR MOSDAC / Sentinel-3 SLSTR,0.5
238,2026-08-25,8.0,80.5,28.98,0.68,5,GHRSST L4 / INSAT-3DR MOSDAC / Sentinel-3 SLSTR,0.5
239,2026-08-25,8.0,81.0,29.59,1.29,5,GHRSST L4 / INSAT-3DR MOSDAC / Sentinel-3 SLSTR,0.5
240,2026-08-25,8.0,81.5,29.45,1.15,5,GHRSST L4 / INSAT-3DR MOSDAC / Sentinel-3 SLSTR,0.5
241,2026-08-25,8.0,82.0,29.01,0.71,5,GHRSST L4 / INSAT-3DR MOSDAC / Sentinel-3 SLSTR,0.5
242,2026-08-25,8.0,82.5,29.48,1.18,5,GHRSST L4 / INSAT-3DR MOSDAC / Sentinel-3 SLSTR,0.5
243,2026-08-25,8.0,83.0,29.43,1.13,5,GHRSST L4 / INSAT-3DR MOSDAC / Sentinel-3 SLSTR,0.5
244,2026-08-25,8.0,83.5,29.31,1.01,5,GHRSST L4 / INSAT-3DR MOSDAC / Sentinel-3 SLSTR,0.5
245,2026-08-25,8.0,84.0,29.45,1.15,5,GHRSST L4 / INSAT-3DR MOSDAC / Sentinel-3 SLSTR,0.5
246,2026-08-25,8.0,84.5,29.01,0.71,5,GHRSST L4 / INSAT-3DR MOSDAC / Sentinel-3 SLSTR,0.5
247,2026-08-25,8.0,85.0,29.42,1.12,5,GHRSST L4 / INSAT-3DR MOSDAC / Sentinel-3 SLSTR,0.5
248,2026-08-25,8.0,85.5,29.36,1.06,5,GHRSST L4 / INSAT-3DR MOSDAC / Sentinel-3 SLSTR,0.5
249,2026-08-25,8.0,86.0,29.11,0.81,5,GHRSST L4 / INSAT-3DR MOSDAC / Sentinel-3 SLSTR,0.5
250,2026-08-25,8.0,86.5,29.39,1.09,5,GHRSST L4 / INSAT-3DR MOSDAC / Sentinel-3 SLSTR,0.5
251,2026-08-25,8.0,87.0,29.39,1.09,5,GHRSST L4 / INSAT-3DR MOSDAC / Sentinel-3 SLSTR,0.5
252,2026-08-25,8.0,87.5,29.08,0.78,5,GHRSST L4 / INSAT-3DR MOSDAC / Sentinel-3 SLSTR,0.5
253,2026-08-25,8.0,88.0,29.01,0.71,5,GHRSST L4 / INSAT-3DR MOSDAC / Sentinel-3 SLSTR,0.5
254,2026-08-25,8.0,88.5,29.16,0.86,5,GHRSST L4 / INSAT-3DR MOSDAC / Sentinel-3 SLSTR,0.5
255,2026-08-25,8.0,89.0,29.19,0.89,5,GHRSST L4 / INSAT-3DR MOSDAC / Sentinel-3 SLSTR,0.5
256,2026-08-25,8.0,89.5,29.49,1.19,5,GHRSST L4 / INSAT-3DR MOSDAC / Sentinel-3 SLSTR,0.5
257,2026-08-25,8.0,90.0,29.22,0.92,5,GHRSST L4 / INSAT-3DR MOSDAC / Sentinel-3 SLSTR,0.5
258,2026-08-25,8.0,90.5,29.43,1.13,5,GHRSST L4 / INSAT-3DR MOSDAC / Sentinel-3 SLSTR,0.5
259,2026-08-25,8.0,91.0,29.23,0.93,5,GHRSST L4 / INSAT-3DR MOSDAC / Sentinel-3 SLSTR,0.5
260,2026-08-25,8.0,91.5,28.96,0.66,5,GHRSST L4 / INSAT-3DR MOSDAC / Sentinel-3 SLSTR,0.5
261,2026-08-25,8.0,92.0,29.37,1.07,5,GHRSST L4 / INSAT-3DR MOSDAC / Sentinel-3 SLSTR,0.5
262,2026-08-25,8.0,92.5,29.54,1.24,5,GHRSST L4 / INSAT-3DR MOSDAC / Sentinel-3 SLSTR,0.5
263,2026-08-25,8.0,93.0,29.27,0.97,5,GHRSST L4 / INSAT-3DR MOSDAC / Sentinel-3 SLSTR,0.5
264,2026-08-25,8.0,93.5,29.4,1.1,5,GHRSST L4 / INSAT-3DR MOSDAC / Sentinel-3 SLSTR,0.5
265,2026-08-25,8.0,94.0,29.46,1.16,5,GHRSST L4 / INSAT-3DR MOSDAC / Sentinel-3 SLSTR,0.5
266,2026-08-25,8.5,68.0,29.18,0.93,5,GHRSST L4 / INSAT-3DR MOSDAC / Sentinel-3 SLSTR,0.5
267,2026-08-25,8.5,68.5,29.02,0.77,5,GHRSST L4 / INSAT-3DR MOSDAC / Sentinel-3 SLSTR,0.5
268,2026-08-25,8.5,69.0,29.45,1.2,5,GHRSST L4 / INSAT-3DR MOSDAC / Sentinel-3 SLSTR,0.5
269,2026-08-25,8.5,69.5,29.43,1.18,5,GHRSST L4 / INSAT-3DR MOSDAC / Sentinel-3 SLSTR,0.5
270,2026-08-25,8.5,70.0,29.45,1.2,5,GHRSST L4 / INSAT-3DR MOSDAC / Sentinel-3 SLSTR,0.5
271,2026-08-25,8.5,70.5,29.43,1.18,5,GHRSST L4 / INSAT-3DR MOSDAC / Sentinel-3 SLSTR,0.5
272,2026-08-25,8.5,71.0,28.94,0.69,5,GHRSST L4 / INSAT-3DR MOSDAC / Sentinel-3 SLSTR,0.5
273,2026-08-25,8.5,71.5,29.14,0.89,5,GHRSST L4 / INSAT-3DR MOSDAC / Sentinel-3 SLSTR,0.5
274,2026-08-25,8.5,72.0,28.98,0.73,5,GHRSST L4 / INSAT-3DR MOSDAC / Sentinel-3 SLSTR,0.5
275,2026-08-25,8.5,72.5,28.96,0.71,5,GHRSST L4 / INSAT-3DR MOSDAC / Sentinel-3 SLSTR,0.5
276,2026-08-25,8.5,73.0,29.4,1.15,5,GHRSST L4 / INSAT-3DR MOSDAC / Sentinel-3 SLSTR,0.5
277,2026-08-25,8.5,73.5,29.19,0.94,5,GHRSST L4 / INSAT-3DR MOSDAC / Sentinel-3 SLSTR,0.5
278,2026-08-25,8.5,74.0,27.51,-0.74,5,GHRSST L4 / INSAT-3DR MOSDAC / Sentinel-3 SLSTR,0.5
279,2026-08-25,8.5,74.5,27.73,-0.52,5,GHRSST L4 / INSAT-3DR MOSDAC / Sentinel-3 SLSTR,0.5
280,2026-08-25,8.5,75.0,28.15,-0.1,5,GHRSST L4 / INSAT-3DR MOSDAC / Sentinel-3 SLSTR,0.5
281,2026-08-25,8.5,75.5,27.6,-0.65,5,GHRSST L4 / INSAT-3DR MOSDAC / Sentinel-3 SLSTR,0.5
282,2026-08-25,8.5,76.0,27.73,-0.52,5,GHRSST L4 / INSAT-3DR MOSDAC / Sentinel-3 SLSTR,0.5
283,2026-08-25,8.5,76.5,27.87,-0.38,5,GHRSST L4 / INSAT-3DR MOSDAC / Sentinel-3 SLSTR,0.5
284,2026-08-25,8.5,77.0,27.59,-0.66,5,GHRSST L4 / INSAT-3DR MOSDAC / Sentinel-3 SLSTR,0.5
285,2026-08-25,8.5,77.5,29.53,1.28,5,GHRSST L4 / INSAT-3DR MOSDAC / Sentinel-3 SLSTR,0.5
286,2026-08-25,8.5,78.0,29.29,1.04,5,GHRSST L4 / INSAT-3DR MOSDAC / Sentinel-3 SLSTR,0.5
287,2026-08-25,8.5,78.5,29.01,0.76,5,GHRSST L4 / INSAT-3DR MOSDAC / Sentinel-3 SLSTR,0.5
288,2026-08-25,8.5,79.0,29.16,0.91,5,GHRSST L4 / INSAT-3DR MOSDAC / Sentinel-3 SLSTR,0.5
289,2026-08-25,8.5,79.5,29.1,0.85,5,GHRSST L4 / INSAT-3DR MOSDAC / Sentinel-3 SLSTR,0.5
290,2026-08-25,8.5,80.0,28.94,0.69,5,GHRSST L4 / INSAT-3DR MOSDAC / Sentinel-3 SLSTR,0.5
291,2026-08-25,8.5,80.5,29.05,0.8,5,GHRSST L4 / INSAT-3DR MOSDAC / Sentinel-3 SLSTR,0.5
292,2026-08-25,8.5,81.0,29.24,0.99,5,GHRSST L4 / INSAT-3DR MOSDAC / Sentinel-3 SLSTR,0.5
293,2026-08-25,8.5,81.5,28.91,0.66,5,GHRSST L4 / INSAT-3DR MOSDAC / Sentinel-3 SLSTR,0.5
294,2026-08-25,8.5,82.0,28.88,0.63,5,GHRSST L4 / INSAT-3DR MOSDAC / Sentinel-3 SLSTR,0.5
295,2026-08-25,8.5,82.5,29.23,0.98,5,GHRSST L4 / INSAT-3DR MOSDAC / Sentinel-3 SLSTR,0.5
296,2026-08-25,8.5,83.0,29.15,0.9,5,GHRSST L4 / INSAT-3DR MOSDAC / Sentinel-3 SLSTR,0.5
297,2026-08-25,8.5,83.5,28.98,0.73,5,GHRSST L4 / INSAT-3DR MOSDAC / Sentinel-3 SLSTR,0.5
298,2026-08-25,8.5,84.0,29.35,1.1,5,GHRSST L4 / INSAT-3DR MOSDAC / Sentinel-3 SLSTR,0.5
299,2026-08-25,8.5,84.5,28.91,0.66,5,GHRSST L4 / INSAT-3DR MOSDAC / Sentinel-3 SLSTR,0.5
300,2026-08-25,8.5,85.0,29.04,0.79,5,GHRSST L4 / INSAT-3DR MOSDAC / Sentinel-3 SLSTR,0.5
301,2026-08-25,8.5,85.5,28.92,0.67,5,GHRSST L4 / INSAT-3DR MOSDAC / Sentinel-3 SLSTR,0.5
302,2026-08-25,8.5,86.0,29.36,1.11,5,GHRSST L4 / INSAT-3DR MOSDAC / Sentinel-3 SLSTR,0.5
303,2026-08-25,8.5,86.5,29.29,1.04,5,GHRSST L4 / INSAT-3DR MOSDAC / Sentinel-3 SLSTR,0.5
304,2026-08-25,8.5,87.0,28.98,0.73,5,GHRSST L4 / INSAT-3DR MOSDAC / Sentinel-3 SLSTR,0.5
305,2026-08-25,8.5,87.5,29.24,0.99,5,GHRSST L4 / INSAT-3DR MOSDAC / Sentinel-3 SLSTR,0.5
306,2026-08-25,8.5,88.0,29.34,1.09,5,GHRSST L4 / INSAT-3DR MOSDAC / Sentinel-3 SLSTR,0.5
307,2026-08-25,8.5,88.5,28.87,0.62,5,GHRSST L4 / INSAT-3DR MOSDAC / Sentinel-3 SLSTR,0.5
308,2026-08-25,8.5,89.0,29.31,1.06,5,GHRSST L4 / INSAT-3DR MOSDAC / Sentinel-3 SLSTR,0.5
309,2026-08-25,8.5,89.5,29.07,0.82,5,GHRSST L4 / INSAT-3DR MOSDAC / Sentinel-3 SLSTR,0.5
310,2026-08-25,8.5,90.0,28.94,0.69,5,GHRSST L4 / INSAT-3DR MOSDAC / Sentinel-3 SLSTR,0.5
311,2026-08-25,8.5,90.5,29.42,1.17,5,GHRSST L4 / INSAT-3DR MOSDAC / Sentinel-3 SLSTR,0.5
312,2026-08-25,8.5,91.0,29.27,1.02,5,GHRSST L4 / INSAT-3DR MOSDAC / Sentinel-3 SLSTR,0.5
313,2026-08-25,8.5,91.5,29.23,0.98,5,GHRSST L4 / INSAT-3DR MOSDAC / Sentinel-3 SLSTR,0.5
314,2026-08-25,8.5,92.0,29.44,1.19,5,GHRSST L4 / INSAT-3DR MOSDAC / Sentinel-3 SLSTR,0.5
315,2026-08-25,8.5,92.5,29.04,0.79,5,GHRSST L4 / INSAT-3DR MOSDAC / Sentinel-3 SLSTR,0.5
316,2026-08-25,8.5,93.0,28.86,0.61,5,GHRSST L4 / INSAT-3DR MOSDAC / Sentinel-3 SLSTR,0.5
317,2026-08-25,8.5,93.5,29.51,1.26,5,GHRSST L4 / INSAT-3DR MOSDAC / Sentinel-3 SLSTR,0.5
318,2026-08-25,8.5,94.0,29.03,0.78,5,GHRSST L4 / INSAT-3DR MOSDAC / Sentinel-3 SLSTR,0.5
319,2026-08-25,9.0,68.0,29.23,1.03,5,GHRSST L4 / INSAT-3DR MOSDAC / Sentinel-3 SLSTR,0.5
320,2026-08-25,9.0,68.5,29.47,1.27,5,GHRSST L4 / INSAT-3DR MOSDAC / Sentinel-3 SLSTR,0.5
321,2026-08-25,9.0,69.0,28.95,0.75,5,GHRSST L4 / INSAT-3DR MOSDAC / Sentinel-3 SLSTR,0.5
322,2026-08-25,9.0,69.5,29.48,1.28,5,GHRSST L4 / INSAT-3DR MOSDAC / Sentinel-3 SLSTR,0.5
323,2026-08-25,9.0,70.0,29.17,0.97,5,GHRSST L4 / INSAT-3DR MOSDAC / Sentinel-3 SLSTR,0.5
324,2026-08-25,9.0,70.5,29.46,1.26,5,GHRSST L4 / INSAT-3DR MOSDAC / Sentinel-3 SLSTR,0.5
325,2026-08-25,9.0,71.0,28.85,0.65,5,GHRSST L4 / INSAT-3DR MOSDAC / Sentinel-3 SLSTR,0.5
326,2026-08-25,9.0,71.5,29.16,0.96,5,GHRSST L4 / INSAT-3DR MOSDAC / Sentinel-3 SLSTR,0.5
327,2026-08-25,9.0,72.0,29.45,1.25,5,GHRSST L4 / INSAT-3DR MOSDAC / Sentinel-3 SLSTR,0.5
328,2026-08-25,9.0,80.5,28.9,0.7,5,GHRSST L4 / INSAT-3DR MOSDAC / Sentinel-3 SLSTR,0.5
329,2026-08-25,9.0,81.0,28.98,0.78,5,GHRSST L4 / INSAT-3DR MOSDAC / Sentinel-3 SLSTR,0.5
330,2026-08-25,9.0,81.5,28.94,0.74,5,GHRSST L4 / INSAT-3DR MOSDAC / Sentinel-3 SLSTR,0.5
331,2026-08-25,9.0,82.0,29.47,1.27,5,GHRSST L4 / INSAT-3DR MOSDAC / Sentinel-3 SLSTR,0.5
332,2026-08-25,9.0,82.5,28.97,0.77,5,GHRSST L4 / INSAT-3DR MOSDAC / Sentinel-3 SLSTR,0.5
333,2026-08-25,9.0,83.0,28.87,0.67,5,GHRSST L4 / INSAT-3DR MOSDAC / Sentinel-3 SLSTR,0.5
334,2026-08-25,9.0,83.5,29.35,1.15,5,GHRSST L4 / INSAT-3DR MOSDAC / Sentinel-3 SLSTR,0.5
335,2026-08-25,9.0,84.0,29.15,0.95,5,GHRSST L4 / INSAT-3DR MOSDAC / Sentinel-3 SLSTR,0.5
336,2026-08-25,9.0,84.5,29.2,1.0,5,GHRSST L4 / INSAT-3DR MOSDAC / Sentinel-3 SLSTR,0.5
337,2026-08-25,9.0,85.0,29.21,1.01,5,GHRSST L4 / INSAT-3DR MOSDAC / Sentinel-3 SLSTR,0.5
338,2026-08-25,9.0,85.5,29.22,1.02,5,GHRSST L4 / INSAT-3DR MOSDAC / Sentinel-3 SLSTR,0.5
339,2026-08-25,9.0,86.0,29.11,0.91,5,GHRSST L4 / INSAT-3DR MOSDAC / Sentinel-3 SLSTR,0.5
340,2026-08-25,9.0,86.5,29.47,1.27,5,GHRSST L4 / INSAT-3DR MOSDAC / Sentinel-3 SLSTR,0.5
341,2026-08-25,9.0,87.0,28.91,0.71,5,GHRSST L4 / INSAT-3DR MOSDAC / Sentinel-3 SLSTR,0.5
342,2026-08-25,9.0,87.5,29.46,1.26,5,GHRSST L4 / INSAT-3DR MOSDAC / Sentinel-3 SLSTR,0.5
343,2026-08-25,9.0,88.0,28.99,0.79,5,GHRSST L4 / INSAT-3DR MOSDAC / Sentinel-3 SLSTR,0.5
344,2026-08-25,9.0,88.5,28.92,0.72,5,GHRSST L4 / INSAT-3DR MOSDAC / Sentinel-3 SLSTR,0.5
345,2026-08-25,9.0,89.0,29.23,1.03,5,GHRSST L4 / INSAT-3DR MOSDAC / Sentinel-3 SLSTR,0.5
346,2026-08-25,9.0,89.5,29.41,1.21,5,GHRSST L4 / INSAT-3DR MOSDAC / Sentinel-3 SLSTR,0.5
347,2026-08-25,9.0,90.0,29.04,0.84,5,GHRSST L4 / INSAT-3DR MOSDAC / Sentinel-3 SLSTR,0.5
348,2026-08-25,9.0,90.5,28.84,0.64,5,GHRSST L4 / INSAT-3DR MOSDAC / Sentinel-3 SLSTR,0.5
349,2026-08-25,9.0,91.0,29.17,0.97,5,GHRSST L4 / INSAT-3DR MOSDAC / Sentinel-3 SLSTR,0.5
350,2026-08-25,9.0,91.5,29.48,1.28,5,GHRSST L4 / INSAT-3DR MOSDAC / Sentinel-3 SLSTR,0.5
351,2026-08-25,9.0,92.0,29.06,0.86,5,GHRSST L4 / INSAT-3DR MOSDAC / Sentinel-3 SLSTR,0.5
352,2026-08-25,9.0,92.5,28.8,0.6,5,GHRSST L4 / INSAT-3DR MOSDAC / Sentinel-3 SLSTR,0.5
353,2026-08-25,9.0,93.0,29.14,0.94,5,GHRSST L4 / INSAT-3DR MOSDAC / Sentinel-3 SLSTR,0.5
354,2026-08-25,9.0,93.5,29.06,0.86,5,GHRSST L4 / INSAT-3DR MOSDAC / Sentinel-3 SLSTR,0.5
355,2026-08-25,9.0,94.0,28.84,0.64,5,GHRSST L4 / INSAT-3DR MOSDAC / Sentinel-3 SLSTR,0.5
356,2026-08-25,9.5,68.0,29.34,1.19,5,GHRSST L4 / INSAT-3DR MOSDAC / Sentinel-3 SLSTR,0.5
357,2026-08-25,9.5,68.5,29.16,1.01,5,GHRSST L4 / INSAT-3DR MOSDAC / Sentinel-3 SLSTR,0.5
358,2026-08-25,9.5,69.0,28.84,0.69,5,GHRSST L4 / INSAT-3DR MOSDAC / Sentinel-3 SLSTR,0.5
359,2026-08-25,9.5,69.5,29.38,1.23,5,GHRSST L4 / INSAT-3DR MOSDAC / Sentinel-3 SLSTR,0.5
360,2026-08-25,9.5,70.0,29.13,0.98,5,GHRSST L4 / INSAT-3DR MOSDAC / Sentinel-3 SLSTR,0.5
361,2026-08-25,9.5,70.5,29.21,1.06,5,GHRSST L4 / INSAT-3DR MOSDAC / Sentinel-3 SLSTR,0.5
362,2026-08-25,9.5,71.0,29.14,0.99,5,GHRSST L4 / INSAT-3DR MOSDAC / Sentinel-3 SLSTR,0.5
363,2026-08-25,9.5,71.5,29.41,1.26,5,GHRSST L4 / INSAT-3DR MOSDAC / Sentinel-3 SLSTR,0.5
364,2026-08-25,9.5,72.0,29.35,1.2,5,GHRSST L4 / INSAT-3DR MOSDAC / Sentinel-3 SLSTR,0.5
365,2026-08-25,9.5,80.5,28.74,0.59,5,GHRSST L4 / INSAT-3DR MOSDAC / Sentinel-3 SLSTR,0.5
366,2026-08-25,9.5,81.0,28.74,0.59,5,GHRSST L4 / INSAT-3DR MOSDAC / Sentinel-3 SLSTR,0.5
367,2026-08-25,9.5,81.5,29.07,0.92,5,GHRSST L4 / INSAT-3DR MOSDAC / Sentinel-3 SLSTR,0.5
368,2026-08-25,9.5,82.0,28.95,0.8,5,GHRSST L4 / INSAT-3DR MOSDAC / Sentinel-3 SLSTR,0.5
369,2026-08-25,9.5,82.5,29.11,0.96,5,GHRSST L4 / INSAT-3DR MOSDAC / Sentinel-3 SLSTR,0.5
370,2026-08-25,9.5,83.0,28.97,0.82,5,GHRSST L4 / INSAT-3DR MOSDAC / Sentinel-3 SLSTR,0.5
371,2026-08-25,9.5,83.5,29.34,1.19,5,GHRSST L4 / INSAT-3DR MOSDAC / Sentinel-3 SLSTR,0.5
372,2026-08-25,9.5,84.0,28.85,0.7,5,GHRSST L4 / INSAT-3DR MOSDAC / Sentinel-3 SLSTR,0.5
373,2026-08-25,9.5,84.5,28.77,0.62,5,GHRSST L4 / INSAT-3DR MOSDAC / Sentinel-3 SLSTR,0.5
374,2026-08-25,9.5,85.0,28.97,0.82,5,GHRSST L4 / INSAT-3DR MOSDAC / Sentinel-3 SLSTR,0.5
375,2026-08-25,9.5,85.5,28.83,0.68,5,GHRSST L4 / INSAT-3DR MOSDAC / Sentinel-3 SLSTR,0.5
376,2026-08-25,9.5,86.0,29.14,0.99,5,GHRSST L4 / INSAT-3DR MOSDAC / Sentinel-3 SLSTR,0.5
377,2026-08-25,9.5,86.5,29.06,0.91,5,GHRSST L4 / INSAT-3DR MOSDAC / Sentinel-3 SLSTR,0.5
378,2026-08-25,9.5,87.0,29.23,1.08,5,GHRSST L4 / INSAT-3DR MOSDAC / Sentinel-3 SLSTR,0.5
379,2026-08-25,9.5,87.5,28.78,0.63,5,GHRSST L4 / INSAT-3DR MOSDAC / Sentinel-3 SLSTR,0.5
380,2026-08-25,9.5,88.0,29.26,1.11,5,GHRSST L4 / INSAT-3DR MOSDAC / Sentinel-3 SLSTR,0.5
381,2026-08-25,9.5,88.5,28.92,0.77,5,GHRSST L4 / INSAT-3DR MOSDAC / Sentinel-3 SLSTR,0.5
382,2026-08-25,9.5,89.0,29.2,1.05,5,GHRSST L4 / INSAT-3DR MOSDAC / Sentinel-3 SLSTR,0.5
383,2026-08-25,9.5,89.5,28.93,0.78,5,GHRSST L4 / INSAT-3DR MOSDAC / Sentinel-3 SLSTR,0.5
384,2026-08-25,9.5,90.0,29.31,1.16,5,GHRSST L4 / INSAT-3DR MOSDAC / Sentinel-3 SLSTR,0.5
385,2026-08-25,9.5,90.5,29.31,1.16,5,GHRSST L4 / INSAT-3DR MOSDAC / Sentinel-3 SLSTR,0.5
386,2026-08-25,9.5,91.0,28.94,0.79,5,GHRSST L4 / INSAT-3DR MOSDAC / Sentinel-3 SLSTR,0.5
387,2026-08-25,9.5,91.5,29.37,1.22,5,GHRSST L4 / INSAT-3DR MOSDAC / Sentinel-3 SLSTR,0.5
388,2026-08-25,9.5,92.0,28.95,0.8,5,GHRSST L4 / INSAT-3DR MOSDAC / Sentinel-3 SLSTR,0.5
389,2026-08-25,9.5,92.5,29.36,1.21,5,GHRSST L4 / INSAT-3DR MOSDAC / Sentinel-3 SLSTR,0.5
390,2026-08-25,9.5,93.0,28.87,0.72,5,GHRSST L4 / INSAT-3DR MOSDAC / Sentinel-3 SLSTR,0.5
391,2026-08-25,9.5,93.5,28.93,0.78,5,GHRSST L4 / INSAT-3DR MOSDAC / Sentinel-3 SLSTR,0.5
392,2026-08-25,9.5,94.0,29.35,1.2,5,GHRSST L4 / INSAT-3DR MOSDAC / Sentinel-3 SLSTR,0.5
393,2026-08-25,10.0,68.0,28.73,0.63,5,GHRSST L4 / INSAT-3DR MOSDAC / Sentinel-3 SLSTR,0.5
394,2026-08-25,10.0,68.5,29.16,1.06,5,GHRSST L4 / INSAT-3DR MOSDAC / Sentinel-3 SLSTR,0.5
395,2026-08-25,10.0,69.0,29.15,1.05,5,GHRSST L4 / INSAT-3DR MOSDAC / Sentinel-3 SLSTR,0.5
396,2026-08-25,10.0,69.5,29.35,1.25,5,GHRSST L4 / INSAT-3DR MOSDAC / Sentinel-3 SLSTR,0.5
397,2026-08-25,10.0,70.0,29.35,1.25,5,GHRSST L4 / INSAT-3DR MOSDAC / Sentinel-3 SLSTR,0.5
398,2026-08-25,10.0,70.5,29.01,0.91,5,GHRSST L4 / INSAT-3DR MOSDAC / Sentinel-3 SLSTR,0.5
399,2026-08-25,10.0,71.0,29.13,1.03,5,GHRSST L4 / INSAT-3DR MOSDAC / Sentinel-3 SLSTR,0.5
400,2026-08-25,10.0,71.5,28.78,0.68,5,GHRSST L4 / INSAT-3DR MOSDAC / Sentinel-3 SLSTR,0.5
401,2026-08-25,10.0,72.0,28.83,0.73,5,GHRSST L4 / INSAT-3DR MOSDAC / Sentinel-3 SLSTR,0.5
402,2026-08-25,10.0,81.0,29.06,0.96,5,GHRSST L4 / INSAT-3DR MOSDAC / Sentinel-3 SLSTR,0.5
403,2026-08-25,10.0,81.5,28.84,0.74,5,GHRSST L4 / INSAT-3DR MOSDAC / Sentinel-3 SLSTR,0.5
404,2026-08-25,10.0,82.0,28.82,0.72,5,GHRSST L4 / INSAT-3DR MOSDAC / Sentinel-3 SLSTR,0.5
405,2026-08-25,10.0,82.5,28.69,0.59,5,GHRSST L4 / INSAT-3DR MOSDAC / Sentinel-3 SLSTR,0.5
406,2026-08-25,10.0,83.0,28.72,0.62,5,GHRSST L4 / INSAT-3DR MOSDAC / Sentinel-3 SLSTR,0.5
407,2026-08-25,10.0,83.5,29.17,1.07,5,GHRSST L4 / INSAT-3DR MOSDAC / Sentinel-3 SLSTR,0.5
408,2026-08-25,10.0,84.0,28.68,0.58,5,GHRSST L4 / INSAT-3DR MOSDAC / Sentinel-3 SLSTR,0.5
409,2026-08-25,10.0,84.5,29.3,1.2,5,GHRSST L4 / INSAT-3DR MOSDAC / Sentinel-3 SLSTR,0.5
410,2026-08-25,10.0,85.0,28.73,0.63,5,GHRSST L4 / INSAT-3DR MOSDAC / Sentinel-3 SLSTR,0.5
411,2026-08-25,10.0,85.5,28.78,0.68,5,GHRSST L4 / INSAT-3DR MOSDAC / Sentinel-3 SLSTR,0.5
412,2026-08-25,10.0,86.0,28.91,0.81,5,GHRSST L4 / INSAT-3DR MOSDAC / Sentinel-3 SLSTR,0.5
413,2026-08-25,10.0,86.5,29.18,1.08,5,GHRSST L4 / INSAT-3DR MOSDAC / Sentinel-3 SLSTR,0.5
414,2026-08-25,10.0,87.0,29.16,1.06,5,GHRSST L4 / INSAT-3DR MOSDAC / Sentinel-3 SLSTR,0.5
415,2026-08-25,10.0,87.5,28.84,0.74,5,GHRSST L4 / INSAT-3DR MOSDAC / Sentinel-3 SLSTR,0.5
416,2026-08-25,10.0,88.0,28.9,0.8,5,GHRSST L4 / INSAT-3DR MOSDAC / Sentinel-3 SLSTR,0.5
417,2026-08-25,10.0,88.5,29.24,1.14,5,GHRSST L4 / INSAT-3DR MOSDAC / Sentinel-3 SLSTR,0.5
418,2026-08-25,10.0,89.0,29.02,0.92,5,GHRSST L4 / INSAT-3DR MOSDAC / Sentinel-3 SLSTR,0.5
419,2026-08-25,10.0,89.5,28.99,0.89,5,GHRSST L4 / INSAT-3DR MOSDAC / Sentinel-3 SLSTR,0.5
420,2026-08-25,10.0,90.0,29.11,1.01,5,GHRSST L4 / INSAT-3DR MOSDAC / Sentinel-3 SLSTR,0.5
421,2026-08-25,10.0,90.5,28.99,0.89,5,GHRSST L4 / INSAT-3DR MOSDAC / Sentinel-3 SLSTR,0.5
422,2026-08-25,10.0,91.0,28.97,0.87,5,GHRSST L4 / INSAT-3DR MOSDAC / Sentinel-3 SLSTR,0.5
423,2026-08-25,10.0,91.5,29.23,1.13,5,GHRSST L4 / INSAT-3DR MOSDAC / Sentinel-3 SLSTR,0.5
424,2026-08-25,10.0,92.0,29.32,1.22,5,GHRSST L4 / INSAT-3DR MOSDAC / Sentinel-3 SLSTR,0.5
425,2026-08-25,10.0,92.5,29.05,0.95,5,GHRSST L4 / INSAT-3DR MOSDAC / Sentinel-3 SLSTR,0.5
426,2026-08-25,10.0,93.0,28.87,0.77,5,GHRSST L4 / INSAT-3DR MOSDAC / Sentinel-3 SLSTR,0.5
427,2026-08-25,10.0,93.5,29.33,1.23,5,GHRSST L4 / INSAT-3DR MOSDAC / Sentinel-3 SLSTR,0.5
428,2026-08-25,10.0,94.0,29.16,1.06,5,GHRSST L4 / INSAT-3DR MOSDAC / Sentinel-3 SLSTR,0.5
429,2026-08-25,10.5,68.0,29.07,1.02,5,GHRSST L4 / INSAT-3DR MOSDAC / Sentinel-3 SLSTR,0.5
430,2026-08-25,10.5,68.5,29.03,0.98,5,GHRSST L4 / INSAT-3DR MOSDAC / Sentinel-3 SLSTR,0.5
431,2026-08-25,10.5,69.0,29.13,1.08,5,GHRSST L4 / INSAT-3DR MOSDAC / Sentinel-3 SLSTR,0.5
432,2026-08-25,10.5,69.5,29.15,1.1,5,GHRSST L4 / INSAT-3DR MOSDAC / Sentinel-3 SLSTR,0.5
433,2026-08-25,10.5,70.0,29.16,1.11,5,GHRSST L4 / INSAT-3DR MOSDAC / Sentinel-3 SLSTR,0.5
434,2026-08-25,10.5,70.5,29.29,1.24,5,GHRSST L4 / INSAT-3DR MOSDAC / Sentinel-3 SLSTR,0.5
435,2026-08-25,10.5,71.0,28.9,0.85,5,GHRSST L4 / INSAT-3DR MOSDAC / Sentinel-3 SLSTR,0.5
436,2026-08-25,10.5,71.5,28.78,0.73,5,GHRSST L4 / INSAT-3DR MOSDAC / Sentinel-3 SLSTR,0.5
437,2026-08-25,10.5,72.0,28.89,0.84,5,GHRSST L4 / INSAT-3DR MOSDAC / Sentinel-3 SLSTR,0.5
438,2026-08-25,10.5,81.0,29.15,1.1,5,GHRSST L4 / INSAT-3DR MOSDAC / Sentinel-3 SLSTR,0.5
439,2026-08-25,10.5,81.5,28.99,0.94,5,GHRSST L4 / INSAT-3DR MOSDAC / Sentinel-3 SLSTR,0.5
440,2026-08-25,10.5,82.0,29.22,1.17,5,GHRSST L4 / INSAT-3DR MOSDAC / Sentinel-3 SLSTR,0.5
441,2026-08-25,10.5,82.5,28.78,0.73,5,GHRSST L4 / INSAT-3DR MOSDAC / Sentinel-3 SLSTR,0.5
442,2026-08-25,10.5,83.0,29.13,1.08,5,GHRSST L4 / INSAT-3DR MOSDAC / Sentinel-3 SLSTR,0.5
443,2026-08-25,10.5,83.5,28.78,0.73,5,GHRSST L4 / INSAT-3DR MOSDAC / Sentinel-3 SLSTR,0.5
444,2026-08-25,10.5,84.0,29.17,1.12,5,GHRSST L4 / INSAT-3DR MOSDAC / Sentinel-3 SLSTR,0.5
445,2026-08-25,10.5,84.5,28.92,0.87,5,GHRSST L4 / INSAT-3DR MOSDAC / Sentinel-3 SLSTR,0.5
446,2026-08-25,10.5,85.0,29.3,1.25,5,GHRSST L4 / INSAT-3DR MOSDAC / Sentinel-3 SLSTR,0.5
447,2026-08-25,10.5,85.5,29.08,1.03,5,GHRSST L4 / INSAT-3DR MOSDAC / Sentinel-3 SLSTR,0.5
448,2026-08-25,10.5,86.0,29.13,1.08,5,GHRSST L4 / INSAT-3DR MOSDAC / Sentinel-3 SLSTR,0.5
449,2026-08-25,10.5,86.5,28.64,0.59,5,GHRSST L4 / INSAT-3DR MOSDAC / Sentinel-3 SLSTR,0.5
450,2026-08-25,10.5,87.0,29.1,1.05,5,GHRSST L4 / INSAT-3DR MOSDAC / Sentinel-3 SLSTR,0.5
451,2026-08-25,10.5,87.5,28.9,0.85,5,GHRSST L4 / INSAT-3DR MOSDAC / Sentinel-3 SLSTR,0.5
452,2026-08-25,10.5,88.0,28.84,0.79,5,GHRSST L4 / INSAT-3DR MOSDAC / Sentinel-3 SLSTR,0.5
453,2026-08-25,10.5,88.5,29.17,1.12,5,GHRSST L4 / INSAT-3DR MOSDAC / Sentinel-3 SLSTR,0.5
454,2026-08-25,10.5,89.0,28.77,0.72,5,GHRSST L4 / INSAT-3DR MOSDAC / Sentinel-3 SLSTR,0.5
455,2026-08-25,10.5,89.5,28.74,0.69,5,GHRSST L4 / INSAT-3DR MOSDAC / Sentinel-3 SLSTR,0.5
456,2026-08-25,10.5,90.0,28.86,0.81,5,GHRSST L4 / INSAT-3DR MOSDAC / Sentinel-3 SLSTR,0.5
457,2026-08-25,10.5,90.5,29.05,1.0,5,GHRSST L4 / INSAT-3DR MOSDAC / Sentinel-3 SLSTR,0.5
458,2026-08-25,10.5,91.0,28.79,0.74,5,GHRSST L4 / INSAT-3DR MOSDAC / Sentinel-3 SLSTR,0.5
459,2026-08-25,10.5,91.5,29.0,0.95,5,GHRSST L4 / INSAT-3DR MOSDAC / Sentinel-3 SLSTR,0.5
460,2026-08-25,10.5,92.0,28.88,0.83,5,GHRSST L4 / INSAT-3DR MOSDAC / Sentinel-3 SLSTR,0.5
461,2026-08-25,10.5,92.5,28.89,0.84,5,GHRSST L4 / INSAT-3DR MOSDAC / Sentinel-3 SLSTR,0.5
462,2026-08-25,10.5,93.0,28.75,0.7,5,GHRSST L4 / INSAT-3DR MOSDAC / Sentinel-3 SLSTR,0.5
463,2026-08-25,10.5,93.5,28.84,0.79,5,GHRSST L4 / INSAT-3DR MOSDAC / Sentinel-3 SLSTR,0.5
464,2026-08-25,10.5,94.0,28.8,0.75,5,GHRSST L4 / INSAT-3DR MOSDAC / Sentinel-3 SLSTR,0.5
465,2026-08-25,11.0,68.0,28.72,0.72,5,GHRSST L4 / INSAT-3DR MOSDAC / Sentinel-3 SLSTR,0.5
466,2026-08-25,11.0,68.5,28.61,0.61,5,GHRSST L4 / INSAT-3DR MOSDAC / Sentinel-3 SLSTR,0.5
467,2026-08-25,11.0,69.0,28.85,0.85,5,GHRSST L4 / INSAT-3DR MOSDAC / Sentinel-3 SLSTR,0.5
468,2026-08-25,11.0,69.5,28.72,0.72,5,GHRSST L4 / INSAT-3DR MOSDAC / Sentinel-3 SLSTR,0.5
469,2026-08-25,11.0,70.0,29.22,1.22,5,GHRSST L4 / INSAT-3DR MOSDAC / Sentinel-3 SLSTR,0.5
470,2026-08-25,11.0,70.5,28.97,0.97,5,GHRSST L4 / INSAT-3DR MOSDAC / Sentinel-3 SLSTR,0.5
471,2026-08-25,11.0,71.0,28.87,0.87,5,GHRSST L4 / INSAT-3DR MOSDAC / Sentinel-3 SLSTR,0.5
472,2026-08-25,11.0,71.5,28.79,0.79,5,GHRSST L4 / INSAT-3DR MOSDAC / Sentinel-3 SLSTR,0.5
473,2026-08-25,11.0,81.5,28.87,0.87,5,GHRSST L4 / INSAT-3DR MOSDAC / Sentinel-3 SLSTR,0.5
474,2026-08-25,11.0,82.0,28.79,0.79,5,GHRSST L4 / INSAT-3DR MOSDAC / Sentinel-3 SLSTR,0.5
475,2026-08-25,11.0,82.5,29.15,1.15,5,GHRSST L4 / INSAT-3DR MOSDAC / Sentinel-3 SLSTR,0.5
476,2026-08-25,11.0,83.0,28.73,0.73,5,GHRSST L4 / INSAT-3DR MOSDAC / Sentinel-3 SLSTR,0.5
477,2026-08-25,11.0,83.5,28.75,0.75,5,GHRSST L4 / INSAT-3DR MOSDAC / Sentinel-3 SLSTR,0.5
478,2026-08-25,11.0,84.0,29.05,1.05,5,GHRSST L4 / INSAT-3DR MOSDAC / Sentinel-3 SLSTR,0.5
479,2026-08-25,11.0,84.5,29.18,1.18,5,GHRSST L4 / INSAT-3DR MOSDAC / Sentinel-3 SLSTR,0.5
480,2026-08-25,11.0,85.0,29.03,1.03,5,GHRSST L4 / INSAT-3DR MOSDAC / Sentinel-3 SLSTR,0.5
481,2026-08-25,11.0,85.5,28.61,0.61,5,GHRSST L4 / INSAT-3DR MOSDAC / Sentinel-3 SLSTR,0.5
482,2026-08-25,11.0,86.0,29.18,1.18,5,GHRSST L4 / INSAT-3DR MOSDAC / Sentinel-3 SLSTR,0.5
483,2026-08-25,11.0,86.5,29.09,1.09,5,GHRSST L4 / INSAT-3DR MOSDAC / Sentinel-3 SLSTR,0.5
484,2026-08-25,11.0,87.0,28.72,0.72,5,GHRSST L4 / INSAT-3DR MOSDAC / Sentinel-3 SLSTR,0.5
485,2026-08-25,11.0,87.5,28.59,0.59,5,GHRSST L4 / INSAT-3DR MOSDAC / Sentinel-3 SLSTR,0.5
486,2026-08-25,11.0,88.0,29.05,1.05,5,GHRSST L4 / INSAT-3DR MOSDAC / Sentinel-3 SLSTR,0.5
487,2026-08-25,11.0,88.5,28.71,0.71,5,GHRSST L4 / INSAT-3DR MOSDAC / Sentinel-3 SLSTR,0.5
488,2026-08-25,11.0,89.0,28.92,0.92,5,GHRSST L4 / INSAT-3DR MOSDAC / Sentinel-3 SLSTR,0.5
489,2026-08-25,11.0,89.5,28.61,0.61,5,GHRSST L4 / INSAT-3DR MOSDAC / Sentinel-3 SLSTR,0.5
490,2026-08-25,11.0,90.0,28.95,0.95,5,GHRSST L4 / INSAT-3DR MOSDAC / Sentinel-3 SLSTR,0.5
491,2026-08-25,11.0,90.5,28.57,0.57,5,GHRSST L4 / INSAT-3DR MOSDAC / Sentinel-3 SLSTR,0.5
492,2026-08-25,11.0,91.0,28.92,0.92,5,GHRSST L4 / INSAT-3DR MOSDAC / Sentinel-3 SLSTR,0.5
493,2026-08-25,11.0,91.5,29.13,1.13,5,GHRSST L4 / INSAT-3DR MOSDAC / Sentinel-3 SLSTR,0.5
494,2026-08-25,11.0,92.0,28.96,0.96,5,GHRSST L4 / INSAT-3DR MOSDAC / Sentinel-3 SLSTR,0.5
495,2026-08-25,11.0,92.5,29.17,1.17,5,GHRSST L4 / INSAT-3DR MOSDAC / Sentinel-3 SLSTR,0.5
496,2026-08-25,11.0,93.0,28.93,0.93,5,GHRSST L4 / INSAT-3DR MOSDAC / Sentinel-3 SLSTR,0.5
497,2026-08-25,11.0,93.5,29.03,1.03,5,GHRSST L4 / INSAT-3DR MOSDAC / Sentinel-3 SLSTR,0.5
498,2026-08-25,11.0,94.0,28.81,0.81,5,GHRSST L4 / INSAT-3DR MOSDAC / Sentinel-3 SLSTR,0.5
499,2026-08-25,11.5,68.0,28.7,0.75,5,GHRSST L4 / INSAT-3DR MOSDAC / Sentinel-3 SLSTR,0.5
500,2026-08-25,11.5,68.5,28.73,0.78,5,GHRSST L4 / INSAT-3DR MOSDAC / Sentinel-3 SLSTR,0.5
501,2026-08-25,11.5,69.0,28.56,0.61,5,GHRSST L4 / INSAT-3DR MOSDAC / Sentinel-3 SLSTR,0.5
502,2026-08-25,11.5,69.5,28.67,0.72,5,GHRSST L4 / INSAT-3DR MOSDAC / Sentinel-3 SLSTR,0.5
503,2026-08-25,11.5,70.0,28.76,0.81,5,GHRSST L4 / INSAT-3DR MOSDAC / Sentinel-3 SLSTR,0.5
504,2026-08-25,11.5,70.5,28.73,0.78,5,GHRSST L4 / INSAT-3DR MOSDAC / Sentinel-3 SLSTR,0.5
505,2026-08-25,11.5,71.0,28.84,0.89,5,GHRSST L4 / INSAT-3DR MOSDAC / Sentinel-3 SLSTR,0.5
506,2026-08-25,11.5,71.5,28.83,0.88,5,GHRSST L4 / INSAT-3DR MOSDAC / Sentinel-3 SLSTR,0.5
507,2026-08-25,11.5,81.5,29.0,1.05,5,GHRSST L4 / INSAT-3DR MOSDAC / Sentinel-3 SLSTR,0.5
508,2026-08-25,11.5,82.0,28.77,0.82,5,GHRSST L4 / INSAT-3DR MOSDAC / Sentinel-3 SLSTR,0.5
509,2026-08-25,11.5,82.5,28.96,1.01,5,GHRSST L4 / INSAT-3DR MOSDAC / Sentinel-3 SLSTR,0.5
510,2026-08-25,11.5,83.0,29.11,1.16,5,GHRSST L4 / INSAT-3DR MOSDAC / Sentinel-3 SLSTR,0.5
511,2026-08-25,11.5,83.5,28.81,0.86,5,GHRSST L4 / INSAT-3DR MOSDAC / Sentinel-3 SLSTR,0.5
512,2026-08-25,11.5,84.0,28.88,0.93,5,GHRSST L4 / INSAT-3DR MOSDAC / Sentinel-3 SLSTR,0.5
513,2026-08-25,11.5,84.5,28.96,1.01,5,GHRSST L4 / INSAT-3DR MOSDAC / Sentinel-3 SLSTR,0.5
514,2026-08-25,11.5,85.0,28.84,0.89,5,GHRSST L4 / INSAT-3DR MOSDAC / Sentinel-3 SLSTR,0.5
515,2026-08-25,11.5,85.5,28.6,0.65,5,GHRSST L4 / INSAT-3DR MOSDAC / Sentinel-3 SLSTR,0.5
516,2026-08-25,11.5,86.0,28.7,0.75,5,GHRSST L4 / INSAT-3DR MOSDAC / Sentinel-3 SLSTR,0.5
517,2026-08-25,11.5,86.5,28.51,0.56,5,GHRSST L4 / INSAT-3DR MOSDAC / Sentinel-3 SLSTR,0.5
518,2026-08-25,11.5,87.0,28.97,1.02,5,GHRSST L4 / INSAT-3DR MOSDAC / Sentinel-3 SLSTR,0.5
519,2026-08-25,11.5,87.5,28.69,0.74,5,GHRSST L4 / INSAT-3DR MOSDAC / Sentinel-3 SLSTR,0.5
520,2026-08-25,11.5,88.0,29.07,1.12,5,GHRSST L4 / INSAT-3DR MOSDAC / Sentinel-3 SLSTR,0.5
521,2026-08-25,11.5,88.5,28.95,1.0,5,GHRSST L4 / INSAT-3DR MOSDAC / Sentinel-3 SLSTR,0.5
522,2026-08-25,11.5,89.0,29.01,1.06,5,GHRSST L4 / INSAT-3DR MOSDAC / Sentinel-3 SLSTR,0.5
523,2026-08-25,11.5,89.5,29.11,1.16,5,GHRSST L4 / INSAT-3DR MOSDAC / Sentinel-3 SLSTR,0.5
524,2026-08-25,11.5,90.0,28.79,0.84,5,GHRSST L4 / INSAT-3DR MOSDAC / Sentinel-3 SLSTR,0.5
525,2026-08-25,11.5,90.5,28.62,0.67,5,GHRSST L4 / INSAT-3DR MOSDAC / Sentinel-3 SLSTR,0.5
526,2026-08-25,11.5,91.0,29.14,1.19,5,GHRSST L4 / INSAT-3DR MOSDAC / Sentinel-3 SLSTR,0.5
527,2026-08-25,11.5,91.5,29.19,1.24,5,GHRSST L4 / INSAT-3DR MOSDAC / Sentinel-3 SLSTR,0.5
528,2026-08-25,11.5,92.0,28.64,0.69,5,GHRSST L4 / INSAT-3DR MOSDAC / Sentinel-3 SLSTR,0.5
529,2026-08-25,11.5,92.5,29.01,1.06,5,GHRSST L4 / INSAT-3DR MOSDAC / Sentinel-3 SLSTR,0.5
530,2026-08-25,11.5,93.0,28.54,0.59,5,GHRSST L4 / INSAT-3DR MOSDAC / Sentinel-3 SLSTR,0.5
531,2026-08-25,11.5,93.5,28.51,0.56,5,GHRSST L4 / INSAT-3DR MOSDAC / Sentinel-3 SLSTR,0.5
532,2026-08-25,11.5,94.0,28.96,1.01,5,GHRSST L4 / INSAT-3DR MOSDAC / Sentinel-3 SLSTR,0.5
533,2026-08-25,12.0,68.0,28.61,0.71,5,GHRSST L4 / INSAT-3DR MOSDAC / Sentinel-3 SLSTR,0.5
534,2026-08-25,12.0,68.5,29.04,1.14,5,GHRSST L4 / INSAT-3DR MOSDAC / Sentinel-3 SLSTR,0.5
535,2026-08-25,12.0,69.0,28.79,0.89,5,GHRSST L4 / INSAT-3DR MOSDAC / Sentinel-3 SLSTR,0.5
536,2026-08-25,12.0,69.5,28.98,1.08,5,GHRSST L4 / INSAT-3DR MOSDAC / Sentinel-3 SLSTR,0.5
537,2026-08-25,12.0,70.0,28.5,0.6,5,GHRSST L4 / INSAT-3DR MOSDAC / Sentinel-3 SLSTR,0.5
538,2026-08-25,12.0,70.5,29.04,1.14,5,GHRSST L4 / INSAT-3DR MOSDAC / Sentinel-3 SLSTR,0.5
539,2026-08-25,12.0,71.0,28.56,0.66,5,GHRSST L4 / INSAT-3DR MOSDAC / Sentinel-3 SLSTR,0.5
540,2026-08-25,12.0,71.5,28.83,0.93,5,GHRSST L4 / INSAT-3DR MOSDAC / Sentinel-3 SLSTR,0.5
541,2026-08-25,12.0,82.0,28.86,0.96,5,GHRSST L4 / INSAT-3DR MOSDAC / Sentinel-3 SLSTR,0.5
542,2026-08-25,12.0,82.5,28.48,0.58,5,GHRSST L4 / INSAT-3DR MOSDAC / Sentinel-3 SLSTR,0.5
543,2026-08-25,12.0,83.0,29.11,1.21,5,GHRSST L4 / INSAT-3DR MOSDAC / Sentinel-3 SLSTR,0.5
544,2026-08-25,12.0,83.5,28.64,0.74,5,GHRSST L4 / INSAT-3DR MOSDAC / Sentinel-3 SLSTR,0.5
545,2026-08-25,12.0,84.0,28.93,1.03,5,GHRSST L4 / INSAT-3DR MOSDAC / Sentinel-3 SLSTR,0.5
546,2026-08-25,12.0,84.5,28.87,0.97,5,GHRSST L4 / INSAT-3DR MOSDAC / Sentinel-3 SLSTR,0.5
547,2026-08-25,12.0,85.0,28.45,0.55,5,GHRSST L4 / INSAT-3DR MOSDAC / Sentinel-3 SLSTR,0.5
548,2026-08-25,12.0,85.5,29.03,1.13,5,GHRSST L4 / INSAT-3DR MOSDAC / Sentinel-3 SLSTR,0.5
549,2026-08-25,12.0,86.0,28.64,0.74,5,GHRSST L4 / INSAT-3DR MOSDAC / Sentinel-3 SLSTR,0.5
550,2026-08-25,12.0,86.5,28.6,0.7,5,GHRSST L4 / INSAT-3DR MOSDAC / Sentinel-3 SLSTR,0.5
551,2026-08-25,12.0,87.0,28.47,0.57,5,GHRSST L4 / INSAT-3DR MOSDAC / Sentinel-3 SLSTR,0.5
552,2026-08-25,12.0,87.5,28.61,0.71,5,GHRSST L4 / INSAT-3DR MOSDAC / Sentinel-3 SLSTR,0.5
553,2026-08-25,12.0,88.0,28.86,0.96,5,GHRSST L4 / INSAT-3DR MOSDAC / Sentinel-3 SLSTR,0.5
554,2026-08-25,12.0,88.5,28.57,0.67,5,GHRSST L4 / INSAT-3DR MOSDAC / Sentinel-3 SLSTR,0.5
555,2026-08-25,12.0,89.0,28.76,0.86,5,GHRSST L4 / INSAT-3DR MOSDAC / Sentinel-3 SLSTR,0.5
556,2026-08-25,12.0,89.5,28.99,1.09,5,GHRSST L4 / INSAT-3DR MOSDAC / Sentinel-3 SLSTR,0.5
557,2026-08-25,12.0,90.0,29.1,1.2,5,GHRSST L4 / INSAT-3DR MOSDAC / Sentinel-3 SLSTR,0.5
558,2026-08-25,12.0,90.5,28.92,1.02,5,GHRSST L4 / INSAT-3DR MOSDAC / Sentinel-3 SLSTR,0.5
559,2026-08-25,12.0,91.0,28.57,0.67,5,GHRSST L4 / INSAT-3DR MOSDAC / Sentinel-3 SLSTR,0.5
560,2026-08-25,12.0,91.5,28.7,0.8,5,GHRSST L4 / INSAT-3DR MOSDAC / Sentinel-3 SLSTR,0.5
561,2026-08-25,12.0,92.0,28.82,0.92,5,GHRSST L4 / INSAT-3DR MOSDAC / Sentinel-3 SLSTR,0.5
562,2026-08-25,12.0,92.5,29.04,1.14,5,GHRSST L4 / INSAT-3DR MOSDAC / Sentinel-3 SLSTR,0.5
563,2026-08-25,12.0,93.0,28.81,0.91,5,GHRSST L4 / INSAT-3DR MOSDAC / Sentinel-3 SLSTR,0.5
564,2026-08-25,12.0,93.5,28.77,0.87,5,GHRSST L4 / INSAT-3DR MOSDAC / Sentinel-3 SLSTR,0.5
565,2026-08-25,12.0,94.0,28.61,0.71,5,GHRSST L4 / INSAT-3DR MOSDAC / Sentinel-3 SLSTR,0.5
566,2026-08-25,12.5,68.0,28.72,0.87,5,GHRSST L4 / INSAT-3DR MOSDAC / Sentinel-3 SLSTR,0.5
567,2026-08-25,12.5,68.5,28.59,0.74,5,GHRSST L4 / INSAT-3DR MOSDAC / Sentinel-3 SLSTR,0.5
568,2026-08-25,12.5,69.0,28.77,0.92,5,GHRSST L4 / INSAT-3DR MOSDAC / Sentinel-3 SLSTR,0.5
569,2026-08-25,12.5,69.5,28.94,1.09,5,GHRSST L4 / INSAT-3DR MOSDAC / Sentinel-3 SLSTR,0.5
570,2026-08-25,12.5,70.0,29.03,1.18,5,GHRSST L4 / INSAT-3DR MOSDAC / Sentinel-3 SLSTR,0.5
571,2026-08-25,12.5,70.5,28.94,1.09,5,GHRSST L4 / INSAT-3DR MOSDAC / Sentinel-3 SLSTR,0.5
572,2026-08-25,12.5,71.0,28.95,1.1,5,GHRSST L4 / INSAT-3DR MOSDAC / Sentinel-3 SLSTR,0.5
573,2026-08-25,12.5,71.5,28.62,0.77,5,GHRSST L4 / INSAT-3DR MOSDAC / Sentinel-3 SLSTR,0.5
574,2026-08-25,12.5,82.0,28.86,1.01,5,GHRSST L4 / INSAT-3DR MOSDAC / Sentinel-3 SLSTR,0.5
575,2026-08-25,12.5,82.5,28.64,0.79,5,GHRSST L4 / INSAT-3DR MOSDAC / Sentinel-3 SLSTR,0.5
576,2026-08-25,12.5,83.0,28.39,0.54,5,GHRSST L4 / INSAT-3DR MOSDAC / Sentinel-3 SLSTR,0.5
577,2026-08-25,12.5,83.5,28.99,1.14,5,GHRSST L4 / INSAT-3DR MOSDAC / Sentinel-3 SLSTR,0.5
578,2026-08-25,12.5,84.0,28.41,0.56,5,GHRSST L4 / INSAT-3DR MOSDAC / Sentinel-3 SLSTR,0.5
579,2026-08-25,12.5,84.5,28.45,0.6,5,GHRSST L4 / INSAT-3DR MOSDAC / Sentinel-3 SLSTR,0.5
580,2026-08-25,12.5,85.0,28.38,0.53,5,GHRSST L4 / INSAT-3DR MOSDAC / Sentinel-3 SLSTR,0.5
581,2026-08-25,12.5,85.5,28.42,0.57,5,GHRSST L4 / INSAT-3DR MOSDAC / Sentinel-3 SLSTR,0.5
582,2026-08-25,12.5,86.0,28.41,0.56,5,GHRSST L4 / INSAT-3DR MOSDAC / Sentinel-3 SLSTR,0.5
583,2026-08-25,12.5,86.5,28.84,0.99,5,GHRSST L4 / INSAT-3DR MOSDAC / Sentinel-3 SLSTR,0.5
584,2026-08-25,12.5,87.0,28.97,1.12,5,GHRSST L4 / INSAT-3DR MOSDAC / Sentinel-3 SLSTR,0.5
585,2026-08-25,12.5,87.5,28.93,1.08,5,GHRSST L4 / INSAT-3DR MOSDAC / Sentinel-3 SLSTR,0.5
586,2026-08-25,12.5,88.0,28.81,0.96,5,GHRSST L4 / INSAT-3DR MOSDAC / Sentinel-3 SLSTR,0.5
587,2026-08-25,12.5,88.5,28.92,1.07,5,GHRSST L4 / INSAT-3DR MOSDAC / Sentinel-3 SLSTR,0.5
588,2026-08-25,12.5,89.0,28.69,0.84,5,GHRSST L4 / INSAT-3DR MOSDAC / Sentinel-3 SLSTR,0.5
589,2026-08-25,12.5,89.5,29.0,1.15,5,GHRSST L4 / INSAT-3DR MOSDAC / Sentinel-3 SLSTR,0.5
590,2026-08-25,12.5,90.0,28.69,0.84,5,GHRSST L4 / INSAT-3DR MOSDAC / Sentinel-3 SLSTR,0.5
591,2026-08-25,12.5,90.5,28.39,0.54,5,GHRSST L4 / INSAT-3DR MOSDAC / Sentinel-3 SLSTR,0.5
592,2026-08-25,12.5,91.0,28.86,1.01,5,GHRSST L4 / INSAT-3DR MOSDAC / Sentinel-3 SLSTR,0.5
593,2026-08-25,12.5,91.5,28.95,1.1,5,GHRSST L4 / INSAT-3DR MOSDAC / Sentinel-3 SLSTR,0.5
594,2026-08-25,12.5,92.0,28.53,0.68,5,GHRSST L4 / INSAT-3DR MOSDAC / Sentinel-3 SLSTR,0.5
595,2026-08-25,12.5,92.5,28.59,0.74,5,GHRSST L4 / INSAT-3DR MOSDAC / Sentinel-3 SLSTR,0.5
596,2026-08-25,12.5,93.0,28.86,1.01,5,GHRSST L4 / INSAT-3DR MOSDAC / Sentinel-3 SLSTR,0.5
597,2026-08-25,12.5,93.5,28.77,0.92,5,GHRSST L4 / INSAT-3DR MOSDAC / Sentinel-3 SLSTR,0.5
598,2026-08-25,12.5,94.0,28.99,1.14,5,GHRSST L4 / INSAT-3DR MOSDAC / Sentinel-3 SLSTR,0.5
599,2026-08-25,13.0,68.0,28.64,0.84,5,GHRSST L4 / INSAT-3DR MOSDAC / Sentinel-3 SLSTR,0.5
600,2026-08-25,13.0,68.5,28.78,0.98,5,GHRSST L4 / INSAT-3DR MOSDAC / Sentinel-3 SLSTR,0.5
601,2026-08-25,13.0,69.0,28.5,0.7,5,GHRSST L4 / INSAT-3DR MOSDAC / Sentinel-3 SLSTR,0.5
602,2026-08-25,13.0,69.5,28.96,1.16,5,GHRSST L4 / INSAT-3DR MOSDAC / Sentinel-3 SLSTR,0.5
603,2026-08-25,13.0,70.0,28.57,0.77,5,GHRSST L4 / INSAT-3DR MOSDAC / Sentinel-3 SLSTR,0.5
604,2026-08-25,13.0,70.5,28.69,0.89,5,GHRSST L4 / INSAT-3DR MOSDAC / Sentinel-3 SLSTR,0.5
605,2026-08-25,13.0,71.0,28.74,0.94,5,GHRSST L4 / INSAT-3DR MOSDAC / Sentinel-3 SLSTR,0.5
606,2026-08-25,13.0,82.5,28.49,0.69,5,GHRSST L4 / INSAT-3DR MOSDAC / Sentinel-3 SLSTR,0.5
607,2026-08-25,13.0,83.0,28.53,0.73,5,GHRSST L4 / INSAT-3DR MOSDAC / Sentinel-3 SLSTR,0.5
608,2026-08-25,13.0,83.5,28.66,0.86,5,GHRSST L4 / INSAT-3DR MOSDAC / Sentinel-3 SLSTR,0.5
609,2026-08-25,13.0,84.0,28.5,0.7,5,GHRSST L4 / INSAT-3DR MOSDAC / Sentinel-3 SLSTR,0.5
610,2026-08-25,13.0,84.5,28.4,0.6,5,GHRSST L4 / INSAT-3DR MOSDAC / Sentinel-3 SLSTR,0.5
611,2026-08-25,13.0,85.0,28.9,1.1,5,GHRSST L4 / INSAT-3DR MOSDAC / Sentinel-3 SLSTR,0.5
612,2026-08-25,13.0,85.5,28.54,0.74,5,GHRSST L4 / INSAT-3DR MOSDAC / Sentinel-3 SLSTR,0.5
613,2026-08-25,13.0,86.0,28.6,0.8,5,GHRSST L4 / INSAT-3DR MOSDAC / Sentinel-3 SLSTR,0.5
614,2026-08-25,13.0,86.5,28.69,0.89,5,GHRSST L4 / INSAT-3DR MOSDAC / Sentinel-3 SLSTR,0.5
615,2026-08-25,13.0,87.0,28.9,1.1,5,GHRSST L4 / INSAT-3DR MOSDAC / Sentinel-3 SLSTR,0.5
616,2026-08-25,13.0,87.5,28.41,0.61,5,GHRSST L4 / INSAT-3DR MOSDAC / Sentinel-3 SLSTR,0.5
617,2026-08-25,13.0,88.0,28.75,0.95,5,GHRSST L4 / INSAT-3DR MOSDAC / Sentinel-3 SLSTR,0.5
618,2026-08-25,13.0,88.5,28.56,0.76,5,GHRSST L4 / INSAT-3DR MOSDAC / Sentinel-3 SLSTR,0.5
619,2026-08-25,13.0,89.0,28.92,1.12,5,GHRSST L4 / INSAT-3DR MOSDAC / Sentinel-3 SLSTR,0.5
620,2026-08-25,13.0,89.5,28.77,0.97,5,GHRSST L4 / INSAT-3DR MOSDAC / Sentinel-3 SLSTR,0.5
621,2026-08-25,13.0,90.0,28.41,0.61,5,GHRSST L4 / INSAT-3DR MOSDAC / Sentinel-3 SLSTR,0.5
622,2026-08-25,13.0,90.5,28.52,0.72,5,GHRSST L4 / INSAT-3DR MOSDAC / Sentinel-3 SLSTR,0.5
623,2026-08-25,13.0,91.0,28.34,0.54,5,GHRSST L4 / INSAT-3DR MOSDAC / Sentinel-3 SLSTR,0.5
624,2026-08-25,13.0,91.5,28.85,1.05,5,GHRSST L4 / INSAT-3DR MOSDAC / Sentinel-3 SLSTR,0.5
625,2026-08-25,13.0,92.0,28.6,0.8,5,GHRSST L4 / INSAT-3DR MOSDAC / Sentinel-3 SLSTR,0.5
626,2026-08-25,13.0,92.5,28.34,0.54,5,GHRSST L4 / INSAT-3DR MOSDAC / Sentinel-3 SLSTR,0.5
627,2026-08-25,13.0,93.0,28.32,0.52,5,GHRSST L4 / INSAT-3DR MOSDAC / Sentinel-3 SLSTR,0.5
628,2026-08-25,13.0,93.5,28.98,1.18,5,GHRSST L4 / INSAT-3DR MOSDAC / Sentinel-3 SLSTR,0.5
629,2026-08-25,13.0,94.0,28.91,1.11,5,GHRSST L4 / INSAT-3DR MOSDAC / Sentinel-3 SLSTR,0.5
630,2026-08-25,13.5,68.0,28.48,0.73,5,GHRSST L4 / INSAT-3DR MOSDAC / Sentinel-3 SLSTR,0.5
631,2026-08-25,13.5,68.5,28.61,0.86,5,GHRSST L4 / INSAT-3DR MOSDAC / Sentinel-3 SLSTR,0.5
632,2026-08-25,13.5,69.0,28.65,0.9,5,GHRSST L4 / INSAT-3DR MOSDAC / Sentinel-3 SLSTR,0.5
633,2026-08-25,13.5,69.5,28.61,0.86,5,GHRSST L4 / INSAT-3DR MOSDAC / Sentinel-3 SLSTR,0.5
634,2026-08-25,13.5,70.0,28.47,0.72,5,GHRSST L4 / INSAT-3DR MOSDAC / Sentinel-3 SLSTR,0.5
635,2026-08-25,13.5,70.5,28.52,0.77,5,GHRSST L4 / INSAT-3DR MOSDAC / Sentinel-3 SLSTR,0.5
636,2026-08-25,13.5,71.0,28.38,0.63,5,GHRSST L4 / INSAT-3DR MOSDAC / Sentinel-3 SLSTR,0.5
637,2026-08-25,13.5,82.5,28.27,0.52,5,GHRSST L4 / INSAT-3DR MOSDAC / Sentinel-3 SLSTR,0.5
638,2026-08-25,13.5,83.0,28.36,0.61,5,GHRSST L4 / INSAT-3DR MOSDAC / Sentinel-3 SLSTR,0.5
639,2026-08-25,13.5,83.5,28.26,0.51,5,GHRSST L4 / INSAT-3DR MOSDAC / Sentinel-3 SLSTR,0.5
640,2026-08-25,13.5,84.0,28.55,0.8,5,GHRSST L4 / INSAT-3DR MOSDAC / Sentinel-3 SLSTR,0.5
641,2026-08-25,13.5,84.5,28.71,0.96,5,GHRSST L4 / INSAT-3DR MOSDAC / Sentinel-3 SLSTR,0.5
642,2026-08-25,13.5,85.0,28.38,0.63,5,GHRSST L4 / INSAT-3DR MOSDAC / Sentinel-3 SLSTR,0.5
643,2026-08-25,13.5,85.5,28.62,0.87,5,GHRSST L4 / INSAT-3DR MOSDAC / Sentinel-3 SLSTR,0.5
644,2026-08-25,13.5,86.0,28.48,0.73,5,GHRSST L4 / INSAT-3DR MOSDAC / Sentinel-3 SLSTR,0.5
645,2026-08-25,13.5,86.5,28.33,0.58,5,GHRSST L4 / INSAT-3DR MOSDAC / Sentinel-3 SLSTR,0.5
646,2026-08-25,13.5,87.0,28.34,0.59,5,GHRSST L4 / INSAT-3DR MOSDAC / Sentinel-3 SLSTR,0.5
647,2026-08-25,13.5,87.5,28.68,0.93,5,GHRSST L4 / INSAT-3DR MOSDAC / Sentinel-3 SLSTR,0.5
648,2026-08-25,13.5,88.0,28.33,0.58,5,GHRSST L4 / INSAT-3DR MOSDAC / Sentinel-3 SLSTR,0.5
649,2026-08-25,13.5,88.5,28.64,0.89,5,GHRSST L4 / INSAT-3DR MOSDAC / Sentinel-3 SLSTR,0.5
650,2026-08-25,13.5,89.0,28.38,0.63,5,GHRSST L4 / INSAT-3DR MOSDAC / Sentinel-3 SLSTR,0.5
651,2026-08-25,13.5,89.5,28.86,1.11,5,GHRSST L4 / INSAT-3DR MOSDAC / Sentinel-3 SLSTR,0.5
652,2026-08-25,13.5,90.0,28.28,0.53,5,GHRSST L4 / INSAT-3DR MOSDAC / Sentinel-3 SLSTR,0.5
653,2026-08-25,13.5,90.5,28.52,0.77,5,GHRSST L4 / INSAT-3DR MOSDAC / Sentinel-3 SLSTR,0.5
654,2026-08-25,13.5,91.0,28.78,1.03,5,GHRSST L4 / INSAT-3DR MOSDAC / Sentinel-3 SLSTR,0.5
655,2026-08-25,13.5,91.5,28.77,1.02,5,GHRSST L4 / INSAT-3DR MOSDAC / Sentinel-3 SLSTR,0.5
656,2026-08-25,13.5,92.0,28.35,0.6,5,GHRSST L4 / INSAT-3DR MOSDAC / Sentinel-3 SLSTR,0.5
657,2026-08-25,13.5,92.5,28.39,0.64,5,GHRSST L4 / INSAT-3DR MOSDAC / Sentinel-3 SLSTR,0.5
658,2026-08-25,13.5,93.0,28.63,0.88,5,GHRSST L4 / INSAT-3DR MOSDAC / Sentinel-3 SLSTR,0.5
659,2026-08-25,13.5,93.5,28.73,0.98,5,GHRSST L4 / INSAT-3DR MOSDAC / Sentinel-3 SLSTR,0.5
660,2026-08-25,13.5,94.0,28.78,1.03,5,GHRSST L4 / INSAT-3DR MOSDAC / Sentinel-3 SLSTR,0.5
661,2026-08-25,14.0,68.0,28.62,0.92,5,GHRSST L4 / INSAT-3DR MOSDAC / Sentinel-3 SLSTR,0.5
662,2026-08-25,14.0,68.5,28.74,1.04,5,GHRSST L4 / INSAT-3DR MOSDAC / Sentinel-3 SLSTR,0.5
663,2026-08-25,14.0,69.0,28.5,0.8,5,GHRSST L4 / INSAT-3DR MOSDAC / Sentinel-3 SLSTR,0.5
664,2026-08-25,14.0,69.5,28.58,0.88,5,GHRSST L4 / INSAT-3DR MOSDAC / Sentinel-3 SLSTR,0.5
665,2026-08-25,14.0,70.0,28.49,0.79,5,GHRSST L4 / INSAT-3DR MOSDAC / Sentinel-3 SLSTR,0.5
666,2026-08-25,14.0,70.5,28.72,1.02,5,GHRSST L4 / INSAT-3DR MOSDAC / Sentinel-3 SLSTR,0.5
667,2026-08-25,14.0,71.0,28.31,0.61,5,GHRSST L4 / INSAT-3DR MOSDAC / Sentinel-3 SLSTR,0.5
668,2026-08-25,14.0,82.5,28.37,0.67,5,GHRSST L4 / INSAT-3DR MOSDAC / Sentinel-3 SLSTR,0.5
669,2026-08-25,14.0,83.0,28.78,1.08,5,GHRSST L4 / INSAT-3DR MOSDAC / Sentinel-3 SLSTR,0.5
670,2026-08-25,14.0,83.5,28.69,0.99,5,GHRSST L4 / INSAT-3DR MOSDAC / Sentinel-3 SLSTR,0.5
671,2026-08-25,14.0,84.0,28.7,1.0,5,GHRSST L4 / INSAT-3DR MOSDAC / Sentinel-3 SLSTR,0.5
672,2026-08-25,14.0,84.5,28.26,0.56,5,GHRSST L4 / INSAT-3DR MOSDAC / Sentinel-3 SLSTR,0.5
673,2026-08-25,14.0,85.0,28.53,0.83,5,GHRSST L4 / INSAT-3DR MOSDAC / Sentinel-3 SLSTR,0.5
674,2026-08-25,14.0,85.5,28.59,0.89,5,GHRSST L4 / INSAT-3DR MOSDAC / Sentinel-3 SLSTR,0.5
675,2026-08-25,14.0,86.0,28.74,1.04,5,GHRSST L4 / INSAT-3DR MOSDAC / Sentinel-3 SLSTR,0.5
676,2026-08-25,14.0,86.5,28.49,0.79,5,GHRSST L4 / INSAT-3DR MOSDAC / Sentinel-3 SLSTR,0.5
677,2026-08-25,14.0,87.0,28.57,0.87,5,GHRSST L4 / INSAT-3DR MOSDAC / Sentinel-3 SLSTR,0.5
678,2026-08-25,14.0,87.5,28.36,0.66,5,GHRSST L4 / INSAT-3DR MOSDAC / Sentinel-3 SLSTR,0.5
679,2026-08-25,14.0,88.0,28.77,1.07,5,GHRSST L4 / INSAT-3DR MOSDAC / Sentinel-3 SLSTR,0.5
680,2026-08-25,14.0,88.5,28.83,1.13,5,GHRSST L4 / INSAT-3DR MOSDAC / Sentinel-3 SLSTR,0.5
681,2026-08-25,14.0,89.0,28.51,0.81,5,GHRSST L4 / INSAT-3DR MOSDAC / Sentinel-3 SLSTR,0.5
682,2026-08-25,14.0,89.5,28.5,0.8,5,GHRSST L4 / INSAT-3DR MOSDAC / Sentinel-3 SLSTR,0.5
683,2026-08-25,14.0,90.0,28.42,0.72,5,GHRSST L4 / INSAT-3DR MOSDAC / Sentinel-3 SLSTR,0.5
684,2026-08-25,14.0,90.5,28.38,0.68,5,GHRSST L4 / INSAT-3DR MOSDAC / Sentinel-3 SLSTR,0.5
685,2026-08-25,14.0,91.0,28.58,0.88,5,GHRSST L4 / INSAT-3DR MOSDAC / Sentinel-3 SLSTR,0.5
686,2026-08-25,14.0,91.5,28.31,0.61,5,GHRSST L4 / INSAT-3DR MOSDAC / Sentinel-3 SLSTR,0.5
687,2026-08-25,14.0,92.0,28.6,0.9,5,GHRSST L4 / INSAT-3DR MOSDAC / Sentinel-3 SLSTR,0.5
688,2026-08-25,14.0,92.5,28.58,0.88,5,GHRSST L4 / INSAT-3DR MOSDAC / Sentinel-3 SLSTR,0.5
689,2026-08-25,14.0,93.0,28.68,0.98,5,GHRSST L4 / INSAT-3DR MOSDAC / Sentinel-3 SLSTR,0.5
690,2026-08-25,14.0,93.5,28.35,0.65,5,GHRSST L4 / INSAT-3DR MOSDAC / Sentinel-3 SLSTR,0.5
691,2026-08-25,14.0,94.0,28.68,0.98,5,GHRSST L4 / INSAT-3DR MOSDAC / Sentinel-3 SLSTR,0.5
692,2026-08-25,14.5,68.0,28.14,0.49,5,GHRSST L4 / INSAT-3DR MOSDAC / Sentinel-3 SLSTR,0.5
693,2026-08-25,14.5,68.5,28.5,0.85,5,GHRSST L4 / INSAT-3DR MOSDAC / Sentinel-3 SLSTR,0.5
694,2026-08-25,14.5,69.0,28.72,1.07,5,GHRSST L4 / INSAT-3DR MOSDAC / Sentinel-3 SLSTR,0.5
695,2026-08-25,14.5,69.5,28.64,0.99,5,GHRSST L4 / INSAT-3DR MOSDAC / Sentinel-3 SLSTR,0.5
696,2026-08-25,14.5,70.0,28.73,1.08,5,GHRSST L4 / INSAT-3DR MOSDAC / Sentinel-3 SLSTR,0.5
697,2026-08-25,14.5,70.5,28.23,0.58,5,GHRSST L4 / INSAT-3DR MOSDAC / Sentinel-3 SLSTR,0.5
698,2026-08-25,14.5,71.0,28.63,0.98,5,GHRSST L4 / INSAT-3DR MOSDAC / Sentinel-3 SLSTR,0.5
699,2026-08-25,14.5,83.0,28.46,0.81,5,GHRSST L4 / INSAT-3DR MOSDAC / Sentinel-3 SLSTR,0.5
700,2026-08-25,14.5,83.5,28.36,0.71,5,GHRSST L4 / INSAT-3DR MOSDAC / Sentinel-3 SLSTR,0.5
701,2026-08-25,14.5,84.0,28.38,0.73,5,GHRSST L4 / INSAT-3DR MOSDAC / Sentinel-3 SLSTR,0.5
702,2026-08-25,14.5,84.5,28.2,0.55,5,GHRSST L4 / INSAT-3DR MOSDAC / Sentinel-3 SLSTR,0.5
703,2026-08-25,14.5,85.0,28.62,0.97,5,GHRSST L4 / INSAT-3DR MOSDAC / Sentinel-3 SLSTR,0.5
704,2026-08-25,14.5,85.5,28.57,0.92,5,GHRSST L4 / INSAT-3DR MOSDAC / Sentinel-3 SLSTR,0.5
705,2026-08-25,14.5,86.0,28.24,0.59,5,GHRSST L4 / INSAT-3DR MOSDAC / Sentinel-3 SLSTR,0.5
706,2026-08-25,14.5,86.5,28.51,0.86,5,GHRSST L4 / INSAT-3DR MOSDAC / Sentinel-3 SLSTR,0.5
707,2026-08-25,14.5,87.0,28.22,0.57,5,GHRSST L4 / INSAT-3DR MOSDAC / Sentinel-3 SLSTR,0.5
708,2026-08-25,14.5,87.5,28.35,0.7,5,GHRSST L4 / INSAT-3DR MOSDAC / Sentinel-3 SLSTR,0.5
709,2026-08-25,14.5,88.0,28.16,0.51,5,GHRSST L4 / INSAT-3DR MOSDAC / Sentinel-3 SLSTR,0.5
710,2026-08-25,14.5,88.5,28.56,0.91,5,GHRSST L4 / INSAT-3DR MOSDAC / Sentinel-3 SLSTR,0.5
711,2026-08-25,14.5,89.0,28.14,0.49,5,GHRSST L4 / INSAT-3DR MOSDAC / Sentinel-3 SLSTR,0.5
712,2026-08-25,14.5,89.5,28.31,0.66,5,GHRSST L4 / INSAT-3DR MOSDAC / Sentinel-3 SLSTR,0.5
713,2026-08-25,14.5,90.0,28.32,0.67,5,GHRSST L4 / INSAT-3DR MOSDAC / Sentinel-3 SLSTR,0.5
714,2026-08-25,14.5,90.5,28.65,1.0,5,GHRSST L4 / INSAT-3DR MOSDAC / Sentinel-3 SLSTR,0.5
715,2026-08-25,14.5,91.0,28.45,0.8,5,GHRSST L4 / INSAT-3DR MOSDAC / Sentinel-3 SLSTR,0.5
716,2026-08-25,14.5,91.5,28.53,0.88,5,GHRSST L4 / INSAT-3DR MOSDAC / Sentinel-3 SLSTR,0.5
717,2026-08-25,14.5,92.0,28.3,0.65,5,GHRSST L4 / INSAT-3DR MOSDAC / Sentinel-3 SLSTR,0.5
718,2026-08-25,14.5,92.5,28.51,0.86,5,GHRSST L4 / INSAT-3DR MOSDAC / Sentinel-3 SLSTR,0.5
719,2026-08-25,14.5,93.0,28.23,0.58,5,GHRSST L4 / INSAT-3DR MOSDAC / Sentinel-3 SLSTR,0.5
720,2026-08-25,14.5,93.5,28.82,1.17,5,GHRSST L4 / INSAT-3DR MOSDAC / Sentinel-3 SLSTR,0.5
721,2026-08-25,14.5,94.0,28.49,0.84,5,GHRSST L4 / INSAT-3DR MOSDAC / Sentinel-3 SLSTR,0.5
722,2026-08-25,15.0,68.0,28.69,1.09,5,GHRSST L4 / INSAT-3DR MOSDAC / Sentinel-3 SLSTR,0.5
723,2026-08-25,15.0,68.5,28.14,0.54,5,GHRSST L4 / INSAT-3DR MOSDAC / Sentinel-3 SLSTR,0.5
724,2026-08-25,15.0,69.0,28.48,0.88,5,GHRSST L4 / INSAT-3DR MOSDAC / Sentinel-3 SLSTR,0.5
725,2026-08-25,15.0,69.5,28.54,0.94,5,GHRSST L4 / INSAT-3DR MOSDAC / Sentinel-3 SLSTR,0.5
726,2026-08-25,15.0,70.0,28.62,1.02,5,GHRSST L4 / INSAT-3DR MOSDAC / Sentinel-3 SLSTR,0.5
727,2026-08-25,15.0,70.5,28.41,0.81,5,GHRSST L4 / INSAT-3DR MOSDAC / Sentinel-3 SLSTR,0.5
728,2026-08-25,15.0,83.0,28.1,0.5,5,GHRSST L4 / INSAT-3DR MOSDAC / Sentinel-3 SLSTR,0.5
729,2026-08-25,15.0,83.5,28.25,0.65,5,GHRSST L4 / INSAT-3DR MOSDAC / Sentinel-3 SLSTR,0.5
730,2026-08-25,15.0,84.0,28.27,0.67,5,GHRSST L4 / INSAT-3DR MOSDAC / Sentinel-3 SLSTR,0.5
731,2026-08-25,15.0,84.5,28.29,0.69,5,GHRSST L4 / INSAT-3DR MOSDAC / Sentinel-3 SLSTR,0.5
732,2026-08-25,15.0,85.0,28.13,0.53,5,GHRSST L4 / INSAT-3DR MOSDAC / Sentinel-3 SLSTR,0.5
733,2026-08-25,15.0,85.5,28.07,0.47,5,GHRSST L4 / INSAT-3DR MOSDAC / Sentinel-3 SLSTR,0.5
734,2026-08-25,15.0,86.0,28.43,0.83,5,GHRSST L4 / INSAT-3DR MOSDAC / Sentinel-3 SLSTR,0.5
735,2026-08-25,15.0,86.5,28.59,0.99,5,GHRSST L4 / INSAT-3DR MOSDAC / Sentinel-3 SLSTR,0.5
736,2026-08-25,15.0,87.0,28.23,0.63,5,GHRSST L4 / INSAT-3DR MOSDAC / Sentinel-3 SLSTR,0.5
737,2026-08-25,15.0,87.5,28.56,0.96,5,GHRSST L4 / INSAT-3DR MOSDAC / Sentinel-3 SLSTR,0.5
738,2026-08-25,15.0,88.0,28.58,0.98,5,GHRSST L4 / INSAT-3DR MOSDAC / Sentinel-3 SLSTR,0.5
739,2026-08-25,15.0,88.5,28.36,0.76,5,GHRSST L4 / INSAT-3DR MOSDAC / Sentinel-3 SLSTR,0.5
740,2026-08-25,15.0,89.0,28.44,0.84,5,GHRSST L4 / INSAT-3DR MOSDAC / Sentinel-3 SLSTR,0.5
741,2026-08-25,15.0,89.5,28.29,0.69,5,GHRSST L4 / INSAT-3DR MOSDAC / Sentinel-3 SLSTR,0.5
742,2026-08-25,15.0,90.0,28.33,0.73,5,GHRSST L4 / INSAT-3DR MOSDAC / Sentinel-3 SLSTR,0.5
743,2026-08-25,15.0,90.5,28.48,0.88,5,GHRSST L4 / INSAT-3DR MOSDAC / Sentinel-3 SLSTR,0.5
744,2026-08-25,15.0,91.0,28.32,0.72,5,GHRSST L4 / INSAT-3DR MOSDAC / Sentinel-3 SLSTR,0.5
745,2026-08-25,15.0,91.5,28.42,0.82,5,GHRSST L4 / INSAT-3DR MOSDAC / Sentinel-3 SLSTR,0.5
746,2026-08-25,15.0,92.0,28.59,0.99,5,GHRSST L4 / INSAT-3DR MOSDAC / Sentinel-3 SLSTR,0.5
747,2026-08-25,15.0,92.5,28.75,1.15,5,GHRSST L4 / INSAT-3DR MOSDAC / Sentinel-3 SLSTR,0.5
748,2026-08-25,15.0,93.0,28.69,1.09,5,GHRSST L4 / INSAT-3DR MOSDAC / Sentinel-3 SLSTR,0.5
749,2026-08-25,15.0,93.5,28.71,1.11,5,GHRSST L4 / INSAT-3DR MOSDAC / Sentinel-3 SLSTR,0.5
750,2026-08-25,15.0,94.0,28.71,1.11,5,GHRSST L4 / INSAT-3DR MOSDAC / Sentinel-3 SLSTR,0.5
751,2026-08-25,15.5,68.0,28.18,0.63,5,GHRSST L4 / INSAT-3DR MOSDAC / Sentinel-3 SLSTR,0.5
752,2026-08-25,15.5,68.5,28.67,1.12,5,GHRSST L4 / INSAT-3DR MOSDAC / Sentinel-3 SLSTR,0.5
753,2026-08-25,15.5,69.0,28.17,0.62,5,GHRSST L4 / INSAT-3DR MOSDAC / Sentinel-3 SLSTR,0.5
754,2026-08-25,15.5,69.5,28.61,1.06,5,GHRSST L4 / INSAT-3DR MOSDAC / Sentinel-3 SLSTR,0.5
755,2026-08-25,15.5,70.0,28.42,0.87,5,GHRSST L4 / INSAT-3DR MOSDAC / Sentinel-3 SLSTR,0.5
756,2026-08-25,15.5,70.5,28.6,1.05,5,GHRSST L4 / INSAT-3DR MOSDAC / Sentinel-3 SLSTR,0.5
757,2026-08-25,15.5,83.5,28.7,1.15,5,GHRSST L4 / INSAT-3DR MOSDAC / Sentinel-3 SLSTR,0.5
758,2026-08-25,15.5,84.0,28.62,1.07,5,GHRSST L4 / INSAT-3DR MOSDAC / Sentinel-3 SLSTR,0.5
759,2026-08-25,15.5,84.5,28.58,1.03,5,GHRSST L4 / INSAT-3DR MOSDAC / Sentinel-3 SLSTR,0.5
760,2026-08-25,15.5,85.0,28.15,0.6,5,GHRSST L4 / INSAT-3DR MOSDAC / Sentinel-3 SLSTR,0.5
761,2026-08-25,15.5,85.5,28.61,1.06,5,GHRSST L4 / INSAT-3DR MOSDAC / Sentinel-3 SLSTR,0.5
762,2026-08-25,15.5,86.0,28.13,0.58,5,GHRSST L4 / INSAT-3DR MOSDAC / Sentinel-3 SLSTR,0.5
763,2026-08-25,15.5,86.5,28.37,0.82,5,GHRSST L4 / INSAT-3DR MOSDAC / Sentinel-3 SLSTR,0.5
764,2026-08-25,15.5,87.0,28.36,0.81,5,GHRSST L4 / INSAT-3DR MOSDAC / Sentinel-3 SLSTR,0.5
765,2026-08-25,15.5,87.5,28.37,0.82,5,GHRSST L4 / INSAT-3DR MOSDAC / Sentinel-3 SLSTR,0.5
766,2026-08-25,15.5,88.0,28.52,0.97,5,GHRSST L4 / INSAT-3DR MOSDAC / Sentinel-3 SLSTR,0.5
767,2026-08-25,15.5,88.5,28.29,0.74,5,GHRSST L4 / INSAT-3DR MOSDAC / Sentinel-3 SLSTR,0.5
768,2026-08-25,15.5,89.0,28.33,0.78,5,GHRSST L4 / INSAT-3DR MOSDAC / Sentinel-3 SLSTR,0.5
769,2026-08-25,15.5,89.5,28.47,0.92,5,GHRSST L4 / INSAT-3DR MOSDAC / Sentinel-3 SLSTR,0.5
770,2026-08-25,15.5,90.0,28.49,0.94,5,GHRSST L4 / INSAT-3DR MOSDAC / Sentinel-3 SLSTR,0.5
771,2026-08-25,15.5,90.5,28.32,0.77,5,GHRSST L4 / INSAT-3DR MOSDAC / Sentinel-3 SLSTR,0.5
772,2026-08-25,15.5,91.0,28.05,0.5,5,GHRSST L4 / INSAT-3DR MOSDAC / Sentinel-3 SLSTR,0.5
773,2026-08-25,15.5,91.5,28.19,0.64,5,GHRSST L4 / INSAT-3DR MOSDAC / Sentinel-3 SLSTR,0.5
774,2026-08-25,15.5,92.0,28.67,1.12,5,GHRSST L4 / INSAT-3DR MOSDAC / Sentinel-3 SLSTR,0.5
775,2026-08-25,15.5,92.5,28.66,1.11,5,GHRSST L4 / INSAT-3DR MOSDAC / Sentinel-3 SLSTR,0.5
776,2026-08-25,15.5,93.0,28.46,0.91,5,GHRSST L4 / INSAT-3DR MOSDAC / Sentinel-3 SLSTR,0.5
777,2026-08-25,15.5,93.5,28.14,0.59,5,GHRSST L4 / INSAT-3DR MOSDAC / Sentinel-3 SLSTR,0.5
778,2026-08-25,15.5,94.0,28.08,0.53,5,GHRSST L4 / INSAT-3DR MOSDAC / Sentinel-3 SLSTR,0.5
779,2026-08-25,16.0,68.0,28.61,1.11,5,GHRSST L4 / INSAT-3DR MOSDAC / Sentinel-3 SLSTR,0.5
780,2026-08-25,16.0,68.5,28.56,1.06,5,GHRSST L4 / INSAT-3DR MOSDAC / Sentinel-3 SLSTR,0.5
781,2026-08-25,16.0,69.0,28.23,0.73,5,GHRSST L4 / INSAT-3DR MOSDAC / Sentinel-3 SLSTR,0.5
782,2026-08-25,16.0,69.5,28.39,0.89,5,GHRSST L4 / INSAT-3DR MOSDAC / Sentinel-3 SLSTR,0.5
783,2026-08-25,16.0,70.0,28.59,1.09,5,GHRSST L4 / INSAT-3DR MOSDAC / Sentinel-3 SLSTR,0.5
784,2026-08-25,16.0,70.5,28.05,0.55,5,GHRSST L4 / INSAT-3DR MOSDAC / Sentinel-3 SLSTR,0.5
785,2026-08-25,16.0,83.5,28.4,0.9,5,GHRSST L4 / INSAT-3DR MOSDAC / Sentinel-3 SLSTR,0.5
786,2026-08-25,16.0,84.0,28.59,1.09,5,GHRSST L4 / INSAT-3DR MOSDAC / Sentinel-3 SLSTR,0.5
787,2026-08-25,16.0,84.5,28.54,1.04,5,GHRSST L4 / INSAT-3DR MOSDAC / Sentinel-3 SLSTR,0.5
788,2026-08-25,16.0,85.0,28.15,0.65,5,GHRSST L4 / INSAT-3DR MOSDAC / Sentinel-3 SLSTR,0.5
789,2026-08-25,16.0,85.5,28.62,1.12,5,GHRSST L4 / INSAT-3DR MOSDAC / Sentinel-3 SLSTR,0.5
790,2026-08-25,16.0,86.0,28.09,0.59,5,GHRSST L4 / INSAT-3DR MOSDAC / Sentinel-3 SLSTR,0.5
791,2026-08-25,16.0,86.5,28.1,0.6,5,GHRSST L4 / INSAT-3DR MOSDAC / Sentinel-3 SLSTR,0.5
792,2026-08-25,16.0,87.0,28.02,0.52,5,GHRSST L4 / INSAT-3DR MOSDAC / Sentinel-3 SLSTR,0.5
793,2026-08-25,16.0,87.5,28.03,0.53,5,GHRSST L4 / INSAT-3DR MOSDAC / Sentinel-3 SLSTR,0.5
794,2026-08-25,16.0,88.0,28.48,0.98,5,GHRSST L4 / INSAT-3DR MOSDAC / Sentinel-3 SLSTR,0.5
795,2026-08-25,16.0,88.5,28.14,0.64,5,GHRSST L4 / INSAT-3DR MOSDAC / Sentinel-3 SLSTR,0.5
796,2026-08-25,16.0,89.0,28.56,1.06,5,GHRSST L4 / INSAT-3DR MOSDAC / Sentinel-3 SLSTR,0.5
797,2026-08-25,16.0,89.5,28.55,1.05,5,GHRSST L4 / INSAT-3DR MOSDAC / Sentinel-3 SLSTR,0.5
798,2026-08-25,16.0,90.0,28.03,0.53,5,GHRSST L4 / INSAT-3DR MOSDAC / Sentinel-3 SLSTR,0.5
799,2026-08-25,16.0,90.5,28.32,0.82,5,GHRSST L4 / INSAT-3DR MOSDAC / Sentinel-3 SLSTR,0.5
800,2026-08-25,16.0,91.0,28.47,0.97,5,GHRSST L4 / INSAT-3DR MOSDAC / Sentinel-3 SLSTR,0.5
801,2026-08-25,16.0,91.5,28.43,0.93,5,GHRSST L4 / INSAT-3DR MOSDAC / Sentinel-3 SLSTR,0.5
802,2026-08-25,16.0,92.0,28.02,0.52,5,GHRSST L4 / INSAT-3DR MOSDAC / Sentinel-3 SLSTR,0.5
803,2026-08-25,16.0,92.5,28.18,0.68,5,GHRSST L4 / INSAT-3DR MOSDAC / Sentinel-3 SLSTR,0.5
804,2026-08-25,16.0,93.0,28.38,0.88,5,GHRSST L4 / INSAT-3DR MOSDAC / Sentinel-3 SLSTR,0.5
805,2026-08-25,16.0,93.5,28.36,0.86,5,GHRSST L4 / INSAT-3DR MOSDAC / Sentinel-3 SLSTR,0.5
806,2026-08-25,16.0,94.0,28.52,1.02,5,GHRSST L4 / INSAT-3DR MOSDAC / Sentinel-3 SLSTR,0.5
807,2026-08-25,16.5,68.0,27.93,0.48,5,GHRSST L4 / INSAT-3DR MOSDAC / Sentinel-3 SLSTR,0.5
808,2026-08-25,16.5,68.5,28.23,0.78,5,GHRSST L4 / INSAT-3DR MOSDAC / Sentinel-3 SLSTR,0.5
809,2026-08-25,16.5,69.0,28.48,1.03,5,GHRSST L4 / INSAT-3DR MOSDAC / Sentinel-3 SLSTR,0.5
810,2026-08-25,16.5,69.5,28.59,1.14,5,GHRSST L4 / INSAT-3DR MOSDAC / Sentinel-3 SLSTR,0.5
811,2026-08-25,16.5,70.0,27.98,0.53,5,GHRSST L4 / INSAT-3DR MOSDAC / Sentinel-3 SLSTR,0.5
812,2026-08-25,16.5,70.5,28.34,0.89,5,GHRSST L4 / INSAT-3DR MOSDAC / Sentinel-3 SLSTR,0.5
813,2026-08-25,16.5,84.0,27.89,0.44,5,GHRSST L4 / INSAT-3DR MOSDAC / Sentinel-3 SLSTR,0.5
814,2026-08-25,16.5,84.5,28.13,0.68,5,GHRSST L4 / INSAT-3DR MOSDAC / Sentinel-3 SLSTR,0.5
815,2026-08-25,16.5,85.0,28.2,0.75,5,GHRSST L4 / INSAT-3DR MOSDAC / Sentinel-3 SLSTR,0.5
816,2026-08-25,16.5,85.5,28.13,0.68,5,GHRSST L4 / INSAT-3DR MOSDAC / Sentinel-3 SLSTR,0.5
817,2026-08-25,16.5,86.0,28.33,0.88,5,GHRSST L4 / INSAT-3DR MOSDAC / Sentinel-3 SLSTR,0.5
818,2026-08-25,16.5,86.5,27.9,0.45,5,GHRSST L4 / INSAT-3DR MOSDAC / Sentinel-3 SLSTR,0.5
819,2026-08-25,16.5,87.0,28.53,1.08,5,GHRSST L4 / INSAT-3DR MOSDAC / Sentinel-3 SLSTR,0.5
820,2026-08-25,16.5,87.5,28.11,0.66,5,GHRSST L4 / INSAT-3DR MOSDAC / Sentinel-3 SLSTR,0.5
821,2026-08-25,16.5,88.0,28.0,0.55,5,GHRSST L4 / INSAT-3DR MOSDAC / Sentinel-3 SLSTR,0.5
822,2026-08-25,16.5,88.5,28.19,0.74,5,GHRSST L4 / INSAT-3DR MOSDAC / Sentinel-3 SLSTR,0.5
823,2026-08-25,16.5,89.0,28.25,0.8,5,GHRSST L4 / INSAT-3DR MOSDAC / Sentinel-3 SLSTR,0.5
824,2026-08-25,16.5,89.5,27.93,0.48,5,GHRSST L4 / INSAT-3DR MOSDAC / Sentinel-3 SLSTR,0.5
825,2026-08-25,16.5,90.0,28.45,1.0,5,GHRSST L4 / INSAT-3DR MOSDAC / Sentinel-3 SLSTR,0.5
826,2026-08-25,16.5,90.5,28.41,0.96,5,GHRSST L4 / INSAT-3DR MOSDAC / Sentinel-3 SLSTR,0.5
827,2026-08-25,16.5,91.0,28.25,0.8,5,GHRSST L4 / INSAT-3DR MOSDAC / Sentinel-3 SLSTR,0.5
828,2026-08-25,16.5,91.5,28.02,0.57,5,GHRSST L4 / INSAT-3DR MOSDAC / Sentinel-3 SLSTR,0.5
829,2026-08-25,16.5,92.0,28.54,1.09,5,GHRSST L4 / INSAT-3DR MOSDAC / Sentinel-3 SLSTR,0.5
830,2026-08-25,16.5,92.5,28.45,1.0,5,GHRSST L4 / INSAT-3DR MOSDAC / Sentinel-3 SLSTR,0.5
831,2026-08-25,16.5,93.0,28.05,0.6,5,GHRSST L4 / INSAT-3DR MOSDAC / Sentinel-3 SLSTR,0.5
832,2026-08-25,16.5,93.5,28.41,0.96,5,GHRSST L4 / INSAT-3DR MOSDAC / Sentinel-3 SLSTR,0.5
833,2026-08-25,16.5,94.0,27.96,0.51,5,GHRSST L4 / INSAT-3DR MOSDAC / Sentinel-3 SLSTR,0.5
834,2026-08-25,17.0,68.0,27.91,0.51,5,GHRSST L4 / INSAT-3DR MOSDAC / Sentinel-3 SLSTR,0.5
835,2026-08-25,17.0,68.5,28.14,0.74,5,GHRSST L4 / INSAT-3DR MOSDAC / Sentinel-3 SLSTR,0.5
836,2026-08-25,17.0,69.0,28.32,0.92,5,GHRSST L4 / INSAT-3DR MOSDAC / Sentinel-3 SLSTR,0.5
837,2026-08-25,17.0,69.5,28.47,1.07,5,GHRSST L4 / INSAT-3DR MOSDAC / Sentinel-3 SLSTR,0.5
838,2026-08-25,17.0,70.0,28.51,1.11,5,GHRSST L4 / INSAT-3DR MOSDAC / Sentinel-3 SLSTR,0.5
839,2026-08-25,17.0,84.0,28.31,0.91,5,GHRSST L4 / INSAT-3DR MOSDAC / Sentinel-3 SLSTR,0.5
840,2026-08-25,17.0,84.5,28.38,0.98,5,GHRSST L4 / INSAT-3DR MOSDAC / Sentinel-3 SLSTR,0.5
841,2026-08-25,17.0,85.0,28.19,0.79,5,GHRSST L4 / INSAT-3DR MOSDAC / Sentinel-3 SLSTR,0.5
842,2026-08-25,17.0,85.5,27.87,0.47,5,GHRSST L4 / INSAT-3DR MOSDAC / Sentinel-3 SLSTR,0.5
843,2026-08-25,17.0,86.0,27.92,0.52,5,GHRSST L4 / INSAT-3DR MOSDAC / Sentinel-3 SLSTR,0.5
844,2026-08-25,17.0,86.5,28.51,1.11,5,GHRSST L4 / INSAT-3DR MOSDAC / Sentinel-3 SLSTR,0.5
845,2026-08-25,17.0,87.0,28.11,0.71,5,GHRSST L4 / INSAT-3DR MOSDAC / Sentinel-3 SLSTR,0.5
846,2026-08-25,17.0,87.5,28.37,0.97,5,GHRSST L4 / INSAT-3DR MOSDAC / Sentinel-3 SLSTR,0.5
847,2026-08-25,17.0,88.0,27.98,0.58,5,GHRSST L4 / INSAT-3DR MOSDAC / Sentinel-3 SLSTR,0.5
848,2026-08-25,17.0,88.5,28.2,0.8,5,GHRSST L4 / INSAT-3DR MOSDAC / Sentinel-3 SLSTR,0.5
849,2026-08-25,17.0,89.0,27.94,0.54,5,GHRSST L4 / INSAT-3DR MOSDAC / Sentinel-3 SLSTR,0.5
850,2026-08-25,17.0,89.5,28.4,1.0,5,GHRSST L4 / INSAT-3DR MOSDAC / Sentinel-3 SLSTR,0.5
851,2026-08-25,17.0,90.0,27.95,0.55,5,GHRSST L4 / INSAT-3DR MOSDAC / Sentinel-3 SLSTR,0.5
852,2026-08-25,17.0,90.5,28.32,0.92,5,GHRSST L4 / INSAT-3DR MOSDAC / Sentinel-3 SLSTR,0.5
853,2026-08-25,17.0,91.0,27.94,0.54,5,GHRSST L4 / INSAT-3DR MOSDAC / Sentinel-3 SLSTR,0.5
854,2026-08-25,17.0,91.5,28.4,1.0,5,GHRSST L4 / INSAT-3DR MOSDAC / Sentinel-3 SLSTR,0.5
855,2026-08-25,17.0,92.0,28.18,0.78,5,GHRSST L4 / INSAT-3DR MOSDAC / Sentinel-3 SLSTR,0.5
856,2026-08-25,17.0,92.5,28.12,0.72,5,GHRSST L4 / INSAT-3DR MOSDAC / Sentinel-3 SLSTR,0.5
857,2026-08-25,17.0,93.0,28.07,0.67,5,GHRSST L4 / INSAT-3DR MOSDAC / Sentinel-3 SLSTR,0.5
858,2026-08-25,17.0,93.5,28.31,0.91,5,GHRSST L4 / INSAT-3DR MOSDAC / Sentinel-3 SLSTR,0.5
859,2026-08-25,17.0,94.0,27.89,0.49,5,GHRSST L4 / INSAT-3DR MOSDAC / Sentinel-3 SLSTR,0.5
860,2026-08-25,17.5,68.0,28.37,1.02,5,GHRSST L4 / INSAT-3DR MOSDAC / Sentinel-3 SLSTR,0.5
861,2026-08-25,17.5,68.5,28.3,0.95,5,GHRSST L4 / INSAT-3DR MOSDAC / Sentinel-3 SLSTR,0.5
862,2026-08-25,17.5,69.0,28.03,0.68,5,GHRSST L4 / INSAT-3DR MOSDAC / Sentinel-3 SLSTR,0.5
863,2026-08-25,17.5,69.5,28.45,1.1,5,GHRSST L4 / INSAT-3DR MOSDAC / Sentinel-3 SLSTR,0.5
864,2026-08-25,17.5,70.0,28.35,1.0,5,GHRSST L4 / INSAT-3DR MOSDAC / Sentinel-3 SLSTR,0.5
865,2026-08-25,17.5,84.5,27.96,0.61,5,GHRSST L4 / INSAT-3DR MOSDAC / Sentinel-3 SLSTR,0.5
866,2026-08-25,17.5,85.0,28.39,1.04,5,GHRSST L4 / INSAT-3DR MOSDAC / Sentinel-3 SLSTR,0.5
867,2026-08-25,17.5,85.5,27.84,0.49,5,GHRSST L4 / INSAT-3DR MOSDAC / Sentinel-3 SLSTR,0.5
868,2026-08-25,17.5,86.0,28.25,0.9,5,GHRSST L4 / INSAT-3DR MOSDAC / Sentinel-3 SLSTR,0.5
869,2026-08-25,17.5,86.5,27.86,0.51,5,GHRSST L4 / INSAT-3DR MOSDAC / Sentinel-3 SLSTR,0.5
870,2026-08-25,17.5,87.0,28.45,1.1,5,GHRSST L4 / INSAT-3DR MOSDAC / Sentinel-3 SLSTR,0.5
871,2026-08-25,17.5,87.5,27.8,0.45,5,GHRSST L4 / INSAT-3DR MOSDAC / Sentinel-3 SLSTR,0.5
872,2026-08-25,17.5,88.0,27.93,0.58,5,GHRSST L4 / INSAT-3DR MOSDAC / Sentinel-3 SLSTR,0.5
873,2026-08-25,17.5,88.5,28.14,0.79,5,GHRSST L4 / INSAT-3DR MOSDAC / Sentinel-3 SLSTR,0.5
874,2026-08-25,17.5,89.0,28.18,0.83,5,GHRSST L4 / INSAT-3DR MOSDAC / Sentinel-3 SLSTR,0.5
875,2026-08-25,17.5,89.5,28.13,0.78,5,GHRSST L4 / INSAT-3DR MOSDAC / Sentinel-3 SLSTR,0.5
876,2026-08-25,17.5,90.0,28.29,0.94,5,GHRSST L4 / INSAT-3DR MOSDAC / Sentinel-3 SLSTR,0.5
877,2026-08-25,17.5,90.5,27.77,0.42,5,GHRSST L4 / INSAT-3DR MOSDAC / Sentinel-3 SLSTR,0.5
878,2026-08-25,17.5,91.0,28.16,0.81,5,GHRSST L4 / INSAT-3DR MOSDAC / Sentinel-3 SLSTR,0.5
879,2026-08-25,17.5,91.5,28.2,0.85,5,GHRSST L4 / INSAT-3DR MOSDAC / Sentinel-3 SLSTR,0.5
880,2026-08-25,17.5,92.0,27.92,0.57,5,GHRSST L4 / INSAT-3DR MOSDAC / Sentinel-3 SLSTR,0.5
881,2026-08-25,17.5,92.5,28.23,0.88,5,GHRSST L4 / INSAT-3DR MOSDAC / Sentinel-3 SLSTR,0.5
882,2026-08-25,17.5,93.0,28.23,0.88,5,GHRSST L4 / INSAT-3DR MOSDAC / Sentinel-3 SLSTR,0.5
883,2026-08-25,17.5,93.5,28.14,0.79,5,GHRSST L4 / INSAT-3DR MOSDAC / Sentinel-3 SLSTR,0.5
884,2026-08-25,17.5,94.0,27.95,0.6,5,GHRSST L4 / INSAT-3DR MOSDAC / Sentinel-3 SLSTR,0.5
885,2026-08-25,18.0,68.0,28.0,0.7,5,GHRSST L4 / INSAT-3DR MOSDAC / Sentinel-3 SLSTR,0.5
886,2026-08-25,18.0,68.5,27.9,0.6,5,GHRSST L4 / INSAT-3DR MOSDAC / Sentinel-3 SLSTR,0.5
887,2026-08-25,18.0,69.0,28.25,0.95,5,GHRSST L4 / INSAT-3DR MOSDAC / Sentinel-3 SLSTR,0.5
888,2026-08-25,18.0,69.5,28.14,0.84,5,GHRSST L4 / INSAT-3DR MOSDAC / Sentinel-3 SLSTR,0.5
889,2026-08-25,18.0,70.0,27.82,0.52,5,GHRSST L4 / INSAT-3DR MOSDAC / Sentinel-3 SLSTR,0.5
890,2026-08-25,18.0,84.5,28.11,0.81,5,GHRSST L4 / INSAT-3DR MOSDAC / Sentinel-3 SLSTR,0.5
891,2026-08-25,18.0,85.0,28.34,1.04,5,GHRSST L4 / INSAT-3DR MOSDAC / Sentinel-3 SLSTR,0.5
892,2026-08-25,18.0,85.5,28.29,0.99,5,GHRSST L4 / INSAT-3DR MOSDAC / Sentinel-3 SLSTR,0.5
893,2026-08-25,18.0,86.0,28.33,1.03,5,GHRSST L4 / INSAT-3DR MOSDAC / Sentinel-3 SLSTR,0.5
894,2026-08-25,18.0,86.5,28.35,1.05,5,GHRSST L4 / INSAT-3DR MOSDAC / Sentinel-3 SLSTR,0.5
895,2026-08-25,18.0,87.0,27.84,0.54,5,GHRSST L4 / INSAT-3DR MOSDAC / Sentinel-3 SLSTR,0.5
896,2026-08-25,18.0,87.5,28.21,0.91,5,GHRSST L4 / INSAT-3DR MOSDAC / Sentinel-3 SLSTR,0.5
897,2026-08-25,18.0,88.0,28.16,0.86,5,GHRSST L4 / INSAT-3DR MOSDAC / Sentinel-3 SLSTR,0.5
898,2026-08-25,18.0,88.5,27.73,0.43,5,GHRSST L4 / INSAT-3DR MOSDAC / Sentinel-3 SLSTR,0.5
899,2026-08-25,18.0,89.0,28.25,0.95,5,GHRSST L4 / INSAT-3DR MOSDAC / Sentinel-3 SLSTR,0.5
900,2026-08-25,18.0,89.5,27.86,0.56,5,GHRSST L4 / INSAT-3DR MOSDAC / Sentinel-3 SLSTR,0.5
901,2026-08-25,18.0,90.0,28.35,1.05,5,GHRSST L4 / INSAT-3DR MOSDAC / Sentinel-3 SLSTR,0.5
902,2026-08-25,18.0,90.5,28.29,0.99,5,GHRSST L4 / INSAT-3DR MOSDAC / Sentinel-3 SLSTR,0.5
903,2026-08-25,18.0,91.0,28.25,0.95,5,GHRSST L4 / INSAT-3DR MOSDAC / Sentinel-3 SLSTR,0.5
904,2026-08-25,18.0,91.5,28.2,0.9,5,GHRSST L4 / INSAT-3DR MOSDAC / Sentinel-3 SLSTR,0.5
905,2026-08-25,18.0,92.0,28.04,0.74,5,GHRSST L4 / INSAT-3DR MOSDAC / Sentinel-3 SLSTR,0.5
906,2026-08-25,18.0,92.5,28.27,0.97,5,GHRSST L4 / INSAT-3DR MOSDAC / Sentinel-3 SLSTR,0.5
907,2026-08-25,18.0,93.0,28.28,0.98,5,GHRSST L4 / INSAT-3DR MOSDAC / Sentinel-3 SLSTR,0.5
908,2026-08-25,18.0,93.5,27.78,0.48,5,GHRSST L4 / INSAT-3DR MOSDAC / Sentinel-3 SLSTR,0.5
909,2026-08-25,18.0,94.0,27.94,0.64,5,GHRSST L4 / INSAT-3DR MOSDAC / Sentinel-3 SLSTR,0.5
910,2026-08-25,18.5,68.0,27.87,0.62,5,GHRSST L4 / INSAT-3DR MOSDAC / Sentinel-3 SLSTR,0.5
911,2026-08-25,18.5,68.5,27.74,0.49,5,GHRSST L4 / INSAT-3DR MOSDAC / Sentinel-3 SLSTR,0.5
912,2026-08-25,18.5,69.0,28.33,1.08,5,GHRSST L4 / INSAT-3DR MOSDAC / Sentinel-3 SLSTR,0.5
913,2026-08-25,18.5,69.5,28.06,0.81,5,GHRSST L4 / INSAT-3DR MOSDAC / Sentinel-3 SLSTR,0.5
914,2026-08-25,18.5,70.0,28.06,0.81,5,GHRSST L4 / INSAT-3DR MOSDAC / Sentinel-3 SLSTR,0.5
915,2026-08-25,18.5,84.5,27.92,0.67,5,GHRSST L4 / INSAT-3DR MOSDAC / Sentinel-3 SLSTR,0.5
916,2026-08-25,18.5,85.0,28.19,0.94,5,GHRSST L4 / INSAT-3DR MOSDAC / Sentinel-3 SLSTR,0.5
917,2026-08-25,18.5,85.5,27.98,0.73,5,GHRSST L4 / INSAT-3DR MOSDAC / Sentinel-3 SLSTR,0.5
918,2026-08-25,18.5,86.0,28.17,0.92,5,GHRSST L4 / INSAT-3DR MOSDAC / Sentinel-3 SLSTR,0.5
919,2026-08-25,18.5,86.5,28.26,1.01,5,GHRSST L4 / INSAT-3DR MOSDAC / Sentinel-3 SLSTR,0.5
920,2026-08-25,18.5,87.0,28.11,0.86,5,GHRSST L4 / INSAT-3DR MOSDAC / Sentinel-3 SLSTR,0.5
921,2026-08-25,18.5,87.5,28.09,0.84,5,GHRSST L4 / INSAT-3DR MOSDAC / Sentinel-3 SLSTR,0.5
922,2026-08-25,18.5,88.0,28.2,0.95,5,GHRSST L4 / INSAT-3DR MOSDAC / Sentinel-3 SLSTR,0.5
923,2026-08-25,18.5,88.5,28.0,0.75,5,GHRSST L4 / INSAT-3DR MOSDAC / Sentinel-3 SLSTR,0.5
924,2026-08-25,18.5,89.0,28.22,0.97,5,GHRSST L4 / INSAT-3DR MOSDAC / Sentinel-3 SLSTR,0.5
925,2026-08-25,18.5,89.5,27.71,0.46,5,GHRSST L4 / INSAT-3DR MOSDAC / Sentinel-3 SLSTR,0.5
926,2026-08-25,18.5,90.0,27.82,0.57,5,GHRSST L4 / INSAT-3DR MOSDAC / Sentinel-3 SLSTR,0.5
927,2026-08-25,18.5,90.5,28.3,1.05,5,GHRSST L4 / INSAT-3DR MOSDAC / Sentinel-3 SLSTR,0.5
928,2026-08-25,18.5,91.0,27.77,0.52,5,GHRSST L4 / INSAT-3DR MOSDAC / Sentinel-3 SLSTR,0.5
929,2026-08-25,18.5,91.5,27.97,0.72,5,GHRSST L4 / INSAT-3DR MOSDAC / Sentinel-3 SLSTR,0.5
930,2026-08-25,18.5,92.0,27.99,0.74,5,GHRSST L4 / INSAT-3DR MOSDAC / Sentinel-3 SLSTR,0.5
931,2026-08-25,18.5,92.5,27.94,0.69,5,GHRSST L4 / INSAT-3DR MOSDAC / Sentinel-3 SLSTR,0.5
932,2026-08-25,18.5,93.0,28.26,1.01,5,GHRSST L4 / INSAT-3DR MOSDAC / Sentinel-3 SLSTR,0.5
933,2026-08-25,18.5,93.5,28.17,0.92,5,GHRSST L4 / INSAT-3DR MOSDAC / Sentinel-3 SLSTR,0.5
934,2026-08-25,18.5,94.0,28.22,0.97,5,GHRSST L4 / INSAT-3DR MOSDAC / Sentinel-3 SLSTR,0.5
935,2026-08-25,19.0,68.0,28.28,1.08,5,GHRSST L4 / INSAT-3DR MOSDAC / Sentinel-3 SLSTR,0.5
936,2026-08-25,19.0,68.5,28.27,1.07,5,GHRSST L4 / INSAT-3DR MOSDAC / Sentinel-3 SLSTR,0.5
937,2026-08-25,19.0,69.0,28.21,1.01,5,GHRSST L4 / INSAT-3DR MOSDAC / Sentinel-3 SLSTR,0.5
938,2026-08-25,19.0,69.5,27.99,0.79,5,GHRSST L4 / INSAT-3DR MOSDAC / Sentinel-3 SLSTR,0.5
939,2026-08-25,19.0,85.0,27.8,0.6,5,GHRSST L4 / INSAT-3DR MOSDAC / Sentinel-3 SLSTR,0.5
940,2026-08-25,19.0,85.5,28.1,0.9,5,GHRSST L4 / INSAT-3DR MOSDAC / Sentinel-3 SLSTR,0.5
941,2026-08-25,19.0,86.0,28.25,1.05,5,GHRSST L4 / INSAT-3DR MOSDAC / Sentinel-3 SLSTR,0.5
942,2026-08-25,19.0,86.5,28.28,1.08,5,GHRSST L4 / INSAT-3DR MOSDAC / Sentinel-3 SLSTR,0.5
943,2026-08-25,19.0,87.0,28.02,0.82,5,GHRSST L4 / INSAT-3DR MOSDAC / Sentinel-3 SLSTR,0.5
944,2026-08-25,19.0,87.5,28.08,0.88,5,GHRSST L4 / INSAT-3DR MOSDAC / Sentinel-3 SLSTR,0.5
945,2026-08-25,19.0,88.0,27.79,0.59,5,GHRSST L4 / INSAT-3DR MOSDAC / Sentinel-3 SLSTR,0.5
946,2026-08-25,19.0,88.5,27.73,0.53,5,GHRSST L4 / INSAT-3DR MOSDAC / Sentinel-3 SLSTR,0.5
947,2026-08-25,19.0,89.0,28.04,0.84,5,GHRSST L4 / INSAT-3DR MOSDAC / Sentinel-3 SLSTR,0.5
948,2026-08-25,19.0,89.5,27.75,0.55,5,GHRSST L4 / INSAT-3DR MOSDAC / Sentinel-3 SLSTR,0.5
949,2026-08-25,19.0,90.0,27.87,0.67,5,GHRSST L4 / INSAT-3DR MOSDAC / Sentinel-3 SLSTR,0.5
950,2026-08-25,19.0,90.5,27.93,0.73,5,GHRSST L4 / INSAT-3DR MOSDAC / Sentinel-3 SLSTR,0.5
951,2026-08-25,19.0,91.0,28.24,1.04,5,GHRSST L4 / INSAT-3DR MOSDAC / Sentinel-3 SLSTR,0.5
952,2026-08-25,19.0,91.5,28.27,1.07,5,GHRSST L4 / INSAT-3DR MOSDAC / Sentinel-3 SLSTR,0.5
953,2026-08-25,19.0,92.0,27.76,0.56,5,GHRSST L4 / INSAT-3DR MOSDAC / Sentinel-3 SLSTR,0.5
954,2026-08-25,19.0,92.5,27.68,0.48,5,GHRSST L4 / INSAT-3DR MOSDAC / Sentinel-3 SLSTR,0.5
955,2026-08-25,19.0,93.0,27.75,0.55,5,GHRSST L4 / INSAT-3DR MOSDAC / Sentinel-3 SLSTR,0.5
956,2026-08-25,19.0,93.5,27.95,0.75,5,GHRSST L4 / INSAT-3DR MOSDAC / Sentinel-3 SLSTR,0.5
957,2026-08-25,19.0,94.0,28.14,0.94,5,GHRSST L4 / INSAT-3DR MOSDAC / Sentinel-3 SLSTR,0.5
958,2026-08-25,19.5,68.0,27.9,0.75,5,GHRSST L4 / INSAT-3DR MOSDAC / Sentinel-3 SLSTR,0.5
959,2026-08-25,19.5,68.5,28.18,1.03,5,GHRSST L4 / INSAT-3DR MOSDAC / Sentinel-3 SLSTR,0.5
960,2026-08-25,19.5,69.0,27.98,0.83,5,GHRSST L4 / INSAT-3DR MOSDAC / Sentinel-3 SLSTR,0.5
961,2026-08-25,19.5,69.5,27.87,0.72,5,GHRSST L4 / INSAT-3DR MOSDAC / Sentinel-3 SLSTR,0.5
962,2026-08-25,19.5,85.0,28.07,0.92,5,GHRSST L4 / INSAT-3DR MOSDAC / Sentinel-3 SLSTR,0.5
963,2026-08-25,19.5,85.5,28.2,1.05,5,GHRSST L4 / INSAT-3DR MOSDAC / Sentinel-3 SLSTR,0.5
964,2026-08-25,19.5,86.0,27.76,0.61,5,GHRSST L4 / INSAT-3DR MOSDAC / Sentinel-3 SLSTR,0.5
965,2026-08-25,19.5,86.5,27.72,0.57,5,GHRSST L4 / INSAT-3DR MOSDAC / Sentinel-3 SLSTR,0.5
966,2026-08-25,19.5,87.0,27.68,0.53,5,GHRSST L4 / INSAT-3DR MOSDAC / Sentinel-3 SLSTR,0.5
967,2026-08-25,19.5,87.5,27.9,0.75,5,GHRSST L4 / INSAT-3DR MOSDAC / Sentinel-3 SLSTR,0.5
968,2026-08-25,19.5,88.0,27.86,0.71,5,GHRSST L4 / INSAT-3DR MOSDAC / Sentinel-3 SLSTR,0.5
969,2026-08-25,19.5,88.5,27.7,0.55,5,GHRSST L4 / INSAT-3DR MOSDAC / Sentinel-3 SLSTR,0.5
970,2026-08-25,19.5,89.0,28.04,0.89,5,GHRSST L4 / INSAT-3DR MOSDAC / Sentinel-3 SLSTR,0.5
971,2026-08-25,19.5,89.5,27.74,0.59,5,GHRSST L4 / INSAT-3DR MOSDAC / Sentinel-3 SLSTR,0.5
972,2026-08-25,19.5,90.0,28.06,0.91,5,GHRSST L4 / INSAT-3DR MOSDAC / Sentinel-3 SLSTR,0.5
973,2026-08-25,19.5,90.5,28.12,0.97,5,GHRSST L4 / INSAT-3DR MOSDAC / Sentinel-3 SLSTR,0.5
974,2026-08-25,19.5,91.0,28.14,0.99,5,GHRSST L4 / INSAT-3DR MOSDAC / Sentinel-3 SLSTR,0.5
975,2026-08-25,19.5,91.5,27.63,0.48,5,GHRSST L4 / INSAT-3DR MOSDAC / Sentinel-3 SLSTR,0.5
976,2026-08-25,19.5,92.0,27.74,0.59,5,GHRSST L4 / INSAT-3DR MOSDAC / Sentinel-3 SLSTR,0.5
977,2026-08-25,19.5,92.5,27.9,0.75,5,GHRSST L4 / INSAT-3DR MOSDAC / Sentinel-3 SLSTR,0.5
978,2026-08-25,19.5,93.0,28.12,0.97,5,GHRSST L4 / INSAT-3DR MOSDAC / Sentinel-3 SLSTR,0.5
979,2026-08-25,19.5,93.5,27.81,0.66,5,GHRSST L4 / INSAT-3DR MOSDAC / Sentinel-3 SLSTR,0.5
980,2026-08-25,19.5,94.0,27.99,0.84,5,GHRSST L4 / INSAT-3DR MOSDAC / Sentinel-3 SLSTR,0.5
981,2026-08-25,20.0,68.0,27.79,0.69,5,GHRSST L4 / INSAT-3DR MOSDAC / Sentinel-3 SLSTR,0.5
982,2026-08-25,20.0,68.5,27.49,0.39,5,GHRSST L4 / INSAT-3DR MOSDAC / Sentinel-3 SLSTR,0.5
983,2026-08-25,20.0,69.0,27.69,0.59,5,GHRSST L4 / INSAT-3DR MOSDAC / Sentinel-3 SLSTR,0.5
984,2026-08-25,20.0,69.5,28.0,0.9,5,GHRSST L4 / INSAT-3DR MOSDAC / Sentinel-3 SLSTR,0.5
985,2026-08-25,20.0,70.0,27.98,0.88,5,GHRSST L4 / INSAT-3DR MOSDAC / Sentinel-3 SLSTR,0.5
986,2026-08-25,20.0,70.5,28.09,0.99,5,GHRSST L4 / INSAT-3DR MOSDAC / Sentinel-3 SLSTR,0.5
987,2026-08-25,20.0,71.0,27.89,0.79,5,GHRSST L4 / INSAT-3DR MOSDAC / Sentinel-3 SLSTR,0.5
988,2026-08-25,20.0,71.5,28.01,0.91,5,GHRSST L4 / INSAT-3DR MOSDAC / Sentinel-3 SLSTR,0.5
989,2026-08-25,20.0,72.0,27.76,0.66,5,GHRSST L4 / INSAT-3DR MOSDAC / Sentinel-3 SLSTR,0.5
990,2026-08-25,20.0,72.5,27.71,0.61,5,GHRSST L4 / INSAT-3DR MOSDAC / Sentinel-3 SLSTR,0.5
991,2026-08-25,20.0,73.0,27.71,0.61,5,GHRSST L4 / INSAT-3DR MOSDAC / Sentinel-3 SLSTR,0.5
992,2026-08-25,20.0,73.5,27.58,0.48,5,GHRSST L4 / INSAT-3DR MOSDAC / Sentinel-3 SLSTR,0.5
993,2026-08-25,20.0,74.0,27.78,0.68,5,GHRSST L4 / INSAT-3DR MOSDAC / Sentinel-3 SLSTR,0.5
994,2026-08-25,20.0,74.5,28.04,0.94,5,GHRSST L4 / INSAT-3DR MOSDAC / Sentinel-3 SLSTR,0.5
995,2026-08-25,20.0,75.0,27.48,0.38,5,GHRSST L4 / INSAT-3DR MOSDAC / Sentinel-3 SLSTR,0.5
996,2026-08-25,20.0,75.5,27.87,0.77,5,GHRSST L4 / INSAT-3DR MOSDAC / Sentinel-3 SLSTR,0.5
997,2026-08-25,20.0,76.0,27.59,0.49,5,GHRSST L4 / INSAT-3DR MOSDAC / Sentinel-3 SLSTR,0.5
998,2026-08-25,20.0,76.5,27.99,0.89,5,GHRSST L4 / INSAT-3DR MOSDAC / Sentinel-3 SLSTR,0.5
999,2026-08-25,20.0,77.0,27.57,0.47,5,GHRSST L4 / INSAT-3DR MOSDAC / Sentinel-3 SLSTR,0.5
1000,2026-08-25,20.0,77.5,27.58,0.48,5,GHRSST L4 / INSAT-3DR MOSDAC / Sentinel-3 SLSTR,0.5
1001,2026-08-25,20.0,78.0,27.5,0.4,5,GHRSST L4 / INSAT-3DR MOSDAC / Sentinel-3 SLSTR,0.5
1002,2026-08-25,20.0,78.5,27.78,0.68,5,GHRSST L4 / INSAT-3DR MOSDAC / Sentinel-3 SLSTR,0.5
1003,2026-08-25,20.0,79.0,27.92,0.82,5,GHRSST L4 / INSAT-3DR MOSDAC / Sentinel-3 SLSTR,0.5
1004,2026-08-25,20.0,79.5,27.67,0.57,5,GHRSST L4 / INSAT-3DR MOSDAC / Sentinel-3 SLSTR,0.5
1005,2026-08-25,20.0,80.0,27.5,0.4,5,GHRSST L4 / INSAT-3DR MOSDAC / Sentinel-3 SLSTR,0.5
1006,2026-08-25,20.0,80.5,28.12,1.02,5,GHRSST L4 / INSAT-3DR MOSDAC / Sentinel-3 SLSTR,0.5
1007,2026-08-25,20.0,81.0,28.07,0.97,5,GHRSST L4 / INSAT-3DR MOSDAC / Sentinel-3 SLSTR,0.5
1008,2026-08-25,20.0,81.5,27.79,0.69,5,GHRSST L4 / INSAT-3DR MOSDAC / Sentinel-3 SLSTR,0.5
1009,2026-08-25,20.0,82.0,28.05,0.95,5,GHRSST L4 / INSAT-3DR MOSDAC / Sentinel-3 SLSTR,0.5
1010,2026-08-25,20.0,82.5,28.03,0.93,5,GHRSST L4 / INSAT-3DR MOSDAC / Sentinel-3 SLSTR,0.5
1011,2026-08-25,20.0,83.0,27.86,0.76,5,GHRSST L4 / INSAT-3DR MOSDAC / Sentinel-3 SLSTR,0.5
1012,2026-08-25,20.0,83.5,27.84,0.74,5,GHRSST L4 / INSAT-3DR MOSDAC / Sentinel-3 SLSTR,0.5
1013,2026-08-25,20.0,84.0,27.93,0.83,5,GHRSST L4 / INSAT-3DR MOSDAC / Sentinel-3 SLSTR,0.5
1014,2026-08-25,20.0,84.5,27.98,0.88,5,GHRSST L4 / INSAT-3DR MOSDAC / Sentinel-3 SLSTR,0.5
1015,2026-08-25,20.0,85.0,28.04,0.94,5,GHRSST L4 / INSAT-3DR MOSDAC / Sentinel-3 SLSTR,0.5
1016,2026-08-25,20.0,85.5,27.87,0.77,5,GHRSST L4 / INSAT-3DR MOSDAC / Sentinel-3 SLSTR,0.5
1017,2026-08-25,20.0,86.0,27.99,0.89,5,GHRSST L4 / INSAT-3DR MOSDAC / Sentinel-3 SLSTR,0.5
1018,2026-08-25,20.0,86.5,27.6,0.5,5,GHRSST L4 / INSAT-3DR MOSDAC / Sentinel-3 SLSTR,0.5
1019,2026-08-25,20.0,87.0,27.99,0.89,5,GHRSST L4 / INSAT-3DR MOSDAC / Sentinel-3 SLSTR,0.5
1020,2026-08-25,20.0,87.5,27.51,0.41,5,GHRSST L4 / INSAT-3DR MOSDAC / Sentinel-3 SLSTR,0.5
1021,2026-08-25,20.0,88.0,27.93,0.83,5,GHRSST L4 / INSAT-3DR MOSDAC / Sentinel-3 SLSTR,0.5
1022,2026-08-25,20.0,88.5,27.97,0.87,5,GHRSST L4 / INSAT-3DR MOSDAC / Sentinel-3 SLSTR,0.5
1023,2026-08-25,20.0,89.0,28.15,1.05,5,GHRSST L4 / INSAT-3DR MOSDAC / Sentinel-3 SLSTR,0.5
1024,2026-08-25,20.0,89.5,27.77,0.67,5,GHRSST L4 / INSAT-3DR MOSDAC / Sentinel-3 SLSTR,0.5
1025,2026-08-25,20.0,90.0,27.55,0.45,5,GHRSST L4 / INSAT-3DR MOSDAC / Sentinel-3 SLSTR,0.5
1026,2026-08-25,20.0,90.5,27.7,0.6,5,GHRSST L4 / INSAT-3DR MOSDAC / Sentinel-3 SLSTR,0.5
1027,2026-08-25,20.0,91.0,27.76,0.66,5,GHRSST L4 / INSAT-3DR MOSDAC / Sentinel-3 SLSTR,0.5
1028,2026-08-25,20.0,91.5,28.01,0.91,5,GHRSST L4 / INSAT-3DR MOSDAC / Sentinel-3 SLSTR,0.5
1029,2026-08-25,20.0,92.0,27.6,0.5,5,GHRSST L4 / INSAT-3DR MOSDAC / Sentinel-3 SLSTR,0.5
1030,2026-08-25,20.0,92.5,27.59,0.49,5,GHRSST L4 / INSAT-3DR MOSDAC / Sentinel-3 SLSTR,0.5
1031,2026-08-25,20.0,93.0,27.62,0.52,5,GHRSST L4 / INSAT-3DR MOSDAC / Sentinel-3 SLSTR,0.5
1032,2026-08-25,20.0,93.5,27.63,0.53,5,GHRSST L4 / INSAT-3DR MOSDAC / Sentinel-3 SLSTR,0.5
1033,2026-08-25,20.0,94.0,28.12,1.02,5,GHRSST L4 / INSAT-3DR MOSDAC / Sentinel-3 SLSTR,0.5
1034,2026-08-25,20.5,68.0,27.52,0.47,5,GHRSST L4 / INSAT-3DR MOSDAC / Sentinel-3 SLSTR,0.5
1035,2026-08-25,20.5,68.5,27.7,0.65,5,GHRSST L4 / INSAT-3DR MOSDAC / Sentinel-3 SLSTR,0.5
1036,2026-08-25,20.5,69.0,27.69,0.64,5,GHRSST L4 / INSAT-3DR MOSDAC / Sentinel-3 SLSTR,0.5
1037,2026-08-25,20.5,69.5,27.5,0.45,5,GHRSST L4 / INSAT-3DR MOSDAC / Sentinel-3 SLSTR,0.5
1038,2026-08-25,20.5,70.0,27.49,0.44,5,GHRSST L4 / INSAT-3DR MOSDAC / Sentinel-3 SLSTR,0.5
1039,2026-08-25,20.5,70.5,28.05,1.0,5,GHRSST L4 / INSAT-3DR MOSDAC / Sentinel-3 SLSTR,0.5
1040,2026-08-25,20.5,71.0,28.0,0.95,5,GHRSST L4 / INSAT-3DR MOSDAC / Sentinel-3 SLSTR,0.5
1041,2026-08-25,20.5,71.5,28.06,1.01,5,GHRSST L4 / INSAT-3DR MOSDAC / Sentinel-3 SLSTR,0.5
1042,2026-08-25,20.5,72.0,27.63,0.58,5,GHRSST L4 / INSAT-3DR MOSDAC / Sentinel-3 SLSTR,0.5
1043,2026-08-25,20.5,72.5,27.78,0.73,5,GHRSST L4 / INSAT-3DR MOSDAC / Sentinel-3 SLSTR,0.5
1044,2026-08-25,20.5,73.0,27.59,0.54,5,GHRSST L4 / INSAT-3DR MOSDAC / Sentinel-3 SLSTR,0.5
1045,2026-08-25,20.5,73.5,27.68,0.63,5,GHRSST L4 / INSAT-3DR MOSDAC / Sentinel-3 SLSTR,0.5
1046,2026-08-25,20.5,74.0,27.97,0.92,5,GHRSST L4 / INSAT-3DR MOSDAC / Sentinel-3 SLSTR,0.5
1047,2026-08-25,20.5,74.5,27.74,0.69,5,GHRSST L4 / INSAT-3DR MOSDAC / Sentinel-3 SLSTR,0.5
1048,2026-08-25,20.5,75.0,27.49,0.44,5,GHRSST L4 / INSAT-3DR MOSDAC / Sentinel-3 SLSTR,0.5
1049,2026-08-25,20.5,75.5,27.41,0.36,5,GHRSST L4 / INSAT-3DR MOSDAC / Sentinel-3 SLSTR,0.5
1050,2026-08-25,20.5,76.0,27.58,0.53,5,GHRSST L4 / INSAT-3DR MOSDAC / Sentinel-3 SLSTR,0.5
1051,2026-08-25,20.5,76.5,27.54,0.49,5,GHRSST L4 / INSAT-3DR MOSDAC / Sentinel-3 SLSTR,0.5
1052,2026-08-25,20.5,77.0,27.97,0.92,5,GHRSST L4 / INSAT-3DR MOSDAC / Sentinel-3 SLSTR,0.5
1053,2026-08-25,20.5,77.5,27.88,0.83,5,GHRSST L4 / INSAT-3DR MOSDAC / Sentinel-3 SLSTR,0.5
1054,2026-08-25,20.5,78.0,28.0,0.95,5,GHRSST L4 / INSAT-3DR MOSDAC / Sentinel-3 SLSTR,0.5
1055,2026-08-25,20.5,78.5,27.7,0.65,5,GHRSST L4 / INSAT-3DR MOSDAC / Sentinel-3 SLSTR,0.5
1056,2026-08-25,20.5,79.0,27.82,0.77,5,GHRSST L4 / INSAT-3DR MOSDAC / Sentinel-3 SLSTR,0.5
1057,2026-08-25,20.5,79.5,27.7,0.65,5,GHRSST L4 / INSAT-3DR MOSDAC / Sentinel-3 SLSTR,0.5
1058,2026-08-25,20.5,80.0,27.56,0.51,5,GHRSST L4 / INSAT-3DR MOSDAC / Sentinel-3 SLSTR,0.5
1059,2026-08-25,20.5,80.5,27.85,0.8,5,GHRSST L4 / INSAT-3DR MOSDAC / Sentinel-3 SLSTR,0.5
1060,2026-08-25,20.5,81.0,27.68,0.63,5,GHRSST L4 / INSAT-3DR MOSDAC / Sentinel-3 SLSTR,0.5
1061,2026-08-25,20.5,81.5,27.58,0.53,5,GHRSST L4 / INSAT-3DR MOSDAC / Sentinel-3 SLSTR,0.5
1062,2026-08-25,20.5,82.0,28.07,1.02,5,GHRSST L4 / INSAT-3DR MOSDAC / Sentinel-3 SLSTR,0.5
1063,2026-08-25,20.5,82.5,27.49,0.44,5,GHRSST L4 / INSAT-3DR MOSDAC / Sentinel-3 SLSTR,0.5
1064,2026-08-25,20.5,83.0,27.95,0.9,5,GHRSST L4 / INSAT-3DR MOSDAC / Sentinel-3 SLSTR,0.5
1065,2026-08-25,20.5,83.5,27.79,0.74,5,GHRSST L4 / INSAT-3DR MOSDAC / Sentinel-3 SLSTR,0.5
1066,2026-08-25,20.5,84.0,27.94,0.89,5,GHRSST L4 / INSAT-3DR MOSDAC / Sentinel-3 SLSTR,0.5
1067,2026-08-25,20.5,84.5,27.47,0.42,5,GHRSST L4 / INSAT-3DR MOSDAC / Sentinel-3 SLSTR,0.5
1068,2026-08-25,20.5,85.0,27.68,0.63,5,GHRSST L4 / INSAT-3DR MOSDAC / Sentinel-3 SLSTR,0.5
1069,2026-08-25,20.5,85.5,27.97,0.92,5,GHRSST L4 / INSAT-3DR MOSDAC / Sentinel-3 SLSTR,0.5
1070,2026-08-25,20.5,86.0,27.98,0.93,5,GHRSST L4 / INSAT-3DR MOSDAC / Sentinel-3 SLSTR,0.5
1071,2026-08-25,20.5,86.5,27.96,0.91,5,GHRSST L4 / INSAT-3DR MOSDAC / Sentinel-3 SLSTR,0.5
1072,2026-08-25,20.5,87.0,27.93,0.88,5,GHRSST L4 / INSAT-3DR MOSDAC / Sentinel-3 SLSTR,0.5
1073,2026-08-25,20.5,87.5,27.67,0.62,5,GHRSST L4 / INSAT-3DR MOSDAC / Sentinel-3 SLSTR,0.5
1074,2026-08-25,20.5,88.0,27.91,0.86,5,GHRSST L4 / INSAT-3DR MOSDAC / Sentinel-3 SLSTR,0.5
1075,2026-08-25,20.5,88.5,27.49,0.44,5,GHRSST L4 / INSAT-3DR MOSDAC / Sentinel-3 SLSTR,0.5
1076,2026-08-25,20.5,89.0,27.52,0.47,5,GHRSST L4 / INSAT-3DR MOSDAC / Sentinel-3 SLSTR,0.5
1077,2026-08-25,20.5,89.5,27.79,0.74,5,GHRSST L4 / INSAT-3DR MOSDAC / Sentinel-3 SLSTR,0.5
1078,2026-08-25,20.5,90.0,27.79,0.74,5,GHRSST L4 / INSAT-3DR MOSDAC / Sentinel-3 SLSTR,0.5
1079,2026-08-25,20.5,90.5,27.74,0.69,5,GHRSST L4 / INSAT-3DR MOSDAC / Sentinel-3 SLSTR,0.5
1080,2026-08-25,20.5,91.0,27.92,0.87,5,GHRSST L4 / INSAT-3DR MOSDAC / Sentinel-3 SLSTR,0.5
1081,2026-08-25,20.5,91.5,27.8,0.75,5,GHRSST L4 / INSAT-3DR MOSDAC / Sentinel-3 SLSTR,0.5
1082,2026-08-25,20.5,92.0,27.46,0.41,5,GHRSST L4 / INSAT-3DR MOSDAC / Sentinel-3 SLSTR,0.5
1083,2026-08-25,20.5,92.5,28.03,0.98,5,GHRSST L4 / INSAT-3DR MOSDAC / Sentinel-3 SLSTR,0.5
1084,2026-08-25,20.5,93.0,27.85,0.8,5,GHRSST L4 / INSAT-3DR MOSDAC / Sentinel-3 SLSTR,0.5
1085,2026-08-25,20.5,93.5,28.04,0.99,5,GHRSST L4 / INSAT-3DR MOSDAC / Sentinel-3 SLSTR,0.5
1086,2026-08-25,20.5,94.0,27.71,0.66,5,GHRSST L4 / INSAT-3DR MOSDAC / Sentinel-3 SLSTR,0.5
1087,2026-08-25,21.0,68.0,27.35,0.35,5,GHRSST L4 / INSAT-3DR MOSDAC / Sentinel-3 SLSTR,0.5
1088,2026-08-25,21.0,68.5,27.88,0.88,5,GHRSST L4 / INSAT-3DR MOSDAC / Sentinel-3 SLSTR,0.5
1089,2026-08-25,21.0,69.0,27.75,0.75,5,GHRSST L4 / INSAT-3DR MOSDAC / Sentinel-3 SLSTR,0.5
1090,2026-08-25,21.0,69.5,27.36,0.36,5,GHRSST L4 / INSAT-3DR MOSDAC / Sentinel-3 SLSTR,0.5
1091,2026-08-25,21.0,70.0,27.75,0.75,5,GHRSST L4 / INSAT-3DR MOSDAC / Sentinel-3 SLSTR,0.5
1092,2026-08-25,21.0,70.5,28.0,1.0,5,GHRSST L4 / INSAT-3DR MOSDAC / Sentinel-3 SLSTR,0.5
1093,2026-08-25,21.0,71.0,27.5,0.5,5,GHRSST L4 / INSAT-3DR MOSDAC / Sentinel-3 SLSTR,0.5
1094,2026-08-25,21.0,71.5,27.55,0.55,5,GHRSST L4 / INSAT-3DR MOSDAC / Sentinel-3 SLSTR,0.5
1095,2026-08-25,21.0,72.0,27.8,0.8,5,GHRSST L4 / INSAT-3DR MOSDAC / Sentinel-3 SLSTR,0.5
1096,2026-08-25,21.0,72.5,27.92,0.92,5,GHRSST L4 / INSAT-3DR MOSDAC / Sentinel-3 SLSTR,0.5
1097,2026-08-25,21.0,73.0,27.8,0.8,5,GHRSST L4 / INSAT-3DR MOSDAC / Sentinel-3 SLSTR,0.5
1098,2026-08-25,21.0,73.5,27.82,0.82,5,GHRSST L4 / INSAT-3DR MOSDAC / Sentinel-3 SLSTR,0.5
1099,2026-08-25,21.0,74.0,27.58,0.58,5,GHRSST L4 / INSAT-3DR MOSDAC / Sentinel-3 SLSTR,0.5
1100,2026-08-25,21.0,74.5,27.36,0.36,5,GHRSST L4 / INSAT-3DR MOSDAC / Sentinel-3 SLSTR,0.5
1101,2026-08-25,21.0,75.0,27.94,0.94,5,GHRSST L4 / INSAT-3DR MOSDAC / Sentinel-3 SLSTR,0.5
1102,2026-08-25,21.0,75.5,28.05,1.05,5,GHRSST L4 / INSAT-3DR MOSDAC / Sentinel-3 SLSTR,0.5
1103,2026-08-25,21.0,76.0,27.96,0.96,5,GHRSST L4 / INSAT-3DR MOSDAC / Sentinel-3 SLSTR,0.5
1104,2026-08-25,21.0,76.5,27.63,0.63,5,GHRSST L4 / INSAT-3DR MOSDAC / Sentinel-3 SLSTR,0.5
1105,2026-08-25,21.0,77.0,27.6,0.6,5,GHRSST L4 / INSAT-3DR MOSDAC / Sentinel-3 SLSTR,0.5
1106,2026-08-25,21.0,77.5,28.02,1.02,5,GHRSST L4 / INSAT-3DR MOSDAC / Sentinel-3 SLSTR,0.5
1107,2026-08-25,21.0,78.0,28.04,1.04,5,GHRSST L4 / INSAT-3DR MOSDAC / Sentinel-3 SLSTR,0.5
1108,2026-08-25,21.0,78.5,27.78,0.78,5,GHRSST L4 / INSAT-3DR MOSDAC / Sentinel-3 SLSTR,0.5
1109,2026-08-25,21.0,79.0,27.71,0.71,5,GHRSST L4 / INSAT-3DR MOSDAC / Sentinel-3 SLSTR,0.5
1110,2026-08-25,21.0,79.5,27.71,0.71,5,GHRSST L4 / INSAT-3DR MOSDAC / Sentinel-3 SLSTR,0.5
1111,2026-08-25,21.0,80.0,27.49,0.49,5,GHRSST L4 / INSAT-3DR MOSDAC / Sentinel-3 SLSTR,0.5
1112,2026-08-25,21.0,80.5,27.86,0.86,5,GHRSST L4 / INSAT-3DR MOSDAC / Sentinel-3 SLSTR,0.5
1113,2026-08-25,21.0,81.0,27.47,0.47,5,GHRSST L4 / INSAT-3DR MOSDAC / Sentinel-3 SLSTR,0.5
1114,2026-08-25,21.0,81.5,27.5,0.5,5,GHRSST L4 / INSAT-3DR MOSDAC / Sentinel-3 SLSTR,0.5
1115,2026-08-25,21.0,82.0,27.82,0.82,5,GHRSST L4 / INSAT-3DR MOSDAC / Sentinel-3 SLSTR,0.5
1116,2026-08-25,21.0,82.5,27.96,0.96,5,GHRSST L4 / INSAT-3DR MOSDAC / Sentinel-3 SLSTR,0.5
1117,2026-08-25,21.0,83.0,27.82,0.82,5,GHRSST L4 / INSAT-3DR MOSDAC / Sentinel-3 SLSTR,0.5
1118,2026-08-25,21.0,83.5,27.68,0.68,5,GHRSST L4 / INSAT-3DR MOSDAC / Sentinel-3 SLSTR,0.5
1119,2026-08-25,21.0,84.0,27.84,0.84,5,GHRSST L4 / INSAT-3DR MOSDAC / Sentinel-3 SLSTR,0.5
1120,2026-08-25,21.0,84.5,27.67,0.67,5,GHRSST L4 / INSAT-3DR MOSDAC / Sentinel-3 SLSTR,0.5
1121,2026-08-25,21.0,85.0,27.81,0.81,5,GHRSST L4 / INSAT-3DR MOSDAC / Sentinel-3 SLSTR,0.5
1122,2026-08-25,21.0,85.5,27.9,0.9,5,GHRSST L4 / INSAT-3DR MOSDAC / Sentinel-3 SLSTR,0.5
1123,2026-08-25,21.0,86.0,27.36,0.36,5,GHRSST L4 / INSAT-3DR MOSDAC / Sentinel-3 SLSTR,0.5
1124,2026-08-25,21.0,86.5,27.5,0.5,5,GHRSST L4 / INSAT-3DR MOSDAC / Sentinel-3 SLSTR,0.5
1125,2026-08-25,21.0,87.0,27.84,0.84,5,GHRSST L4 / INSAT-3DR MOSDAC / Sentinel-3 SLSTR,0.5
1126,2026-08-25,21.0,87.5,27.63,0.63,5,GHRSST L4 / INSAT-3DR MOSDAC / Sentinel-3 SLSTR,0.5
1127,2026-08-25,21.0,88.0,27.72,0.72,5,GHRSST L4 / INSAT-3DR MOSDAC / Sentinel-3 SLSTR,0.5
1128,2026-08-25,21.0,88.5,27.83,0.83,5,GHRSST L4 / INSAT-3DR MOSDAC / Sentinel-3 SLSTR,0.5
1129,2026-08-25,21.0,89.0,27.72,0.72,5,GHRSST L4 / INSAT-3DR MOSDAC / Sentinel-3 SLSTR,0.5
1130,2026-08-25,21.0,89.5,27.94,0.94,5,GHRSST L4 / INSAT-3DR MOSDAC / Sentinel-3 SLSTR,0.5
1131,2026-08-25,21.0,90.0,27.62,0.62,5,GHRSST L4 / INSAT-3DR MOSDAC / Sentinel-3 SLSTR,0.5
1132,2026-08-25,21.0,90.5,27.83,0.83,5,GHRSST L4 / INSAT-3DR MOSDAC / Sentinel-3 SLSTR,0.5
1133,2026-08-25,21.0,91.0,27.65,0.65,5,GHRSST L4 / INSAT-3DR MOSDAC / Sentinel-3 SLSTR,0.5
1134,2026-08-25,21.0,91.5,27.72,0.72,5,GHRSST L4 / INSAT-3DR MOSDAC / Sentinel-3 SLSTR,0.5
1135,2026-08-25,21.0,92.0,27.43,0.43,5,GHRSST L4 / INSAT-3DR MOSDAC / Sentinel-3 SLSTR,0.5
1136,2026-08-25,21.0,92.5,27.93,0.93,5,GHRSST L4 / INSAT-3DR MOSDAC / Sentinel-3 SLSTR,0.5
1137,2026-08-25,21.0,93.0,27.57,0.57,5,GHRSST L4 / INSAT-3DR MOSDAC / Sentinel-3 SLSTR,0.5
1138,2026-08-25,21.0,93.5,27.56,0.56,5,GHRSST L4 / INSAT-3DR MOSDAC / Sentinel-3 SLSTR,0.5
1139,2026-08-25,21.0,94.0,27.41,0.41,5,GHRSST L4 / INSAT-3DR MOSDAC / Sentinel-3 SLSTR,0.5
1140,2026-08-25,21.5,68.0,27.64,0.69,5,GHRSST L4 / INSAT-3DR MOSDAC / Sentinel-3 SLSTR,0.5
1141,2026-08-25,21.5,68.5,27.58,0.63,5,GHRSST L4 / INSAT-3DR MOSDAC / Sentinel-3 SLSTR,0.5
1142,2026-08-25,21.5,69.0,27.36,0.41,5,GHRSST L4 / INSAT-3DR MOSDAC / Sentinel-3 SLSTR,0.5
1143,2026-08-25,21.5,69.5,27.82,0.87,5,GHRSST L4 / INSAT-3DR MOSDAC / Sentinel-3 SLSTR,0.5
1144,2026-08-25,21.5,70.0,27.34,0.39,5,GHRSST L4 / INSAT-3DR MOSDAC / Sentinel-3 SLSTR,0.5
1145,2026-08-25,21.5,70.5,27.39,0.44,5,GHRSST L4 / INSAT-3DR MOSDAC / Sentinel-3 SLSTR,0.5
1146,2026-08-25,21.5,71.0,27.61,0.66,5,GHRSST L4 / INSAT-3DR MOSDAC / Sentinel-3 SLSTR,0.5
1147,2026-08-25,21.5,71.5,27.54,0.59,5,GHRSST L4 / INSAT-3DR MOSDAC / Sentinel-3 SLSTR,0.5
1148,2026-08-25,21.5,72.0,27.48,0.53,5,GHRSST L4 / INSAT-3DR MOSDAC / Sentinel-3 SLSTR,0.5
1149,2026-08-25,21.5,72.5,27.68,0.73,5,GHRSST L4 / INSAT-3DR MOSDAC / Sentinel-3 SLSTR,0.5
1150,2026-08-25,21.5,73.0,27.66,0.71,5,GHRSST L4 / INSAT-3DR MOSDAC / Sentinel-3 SLSTR,0.5
1151,2026-08-25,21.5,73.5,27.59,0.64,5,GHRSST L4 / INSAT-3DR MOSDAC / Sentinel-3 SLSTR,0.5
1152,2026-08-25,21.5,74.0,27.83,0.88,5,GHRSST L4 / INSAT-3DR MOSDAC / Sentinel-3 SLSTR,0.5
1153,2026-08-25,21.5,74.5,27.64,0.69,5,GHRSST L4 / INSAT-3DR MOSDAC / Sentinel-3 SLSTR,0.5
1154,2026-08-25,21.5,75.0,27.98,1.03,5,GHRSST L4 / INSAT-3DR MOSDAC / Sentinel-3 SLSTR,0.5
1155,2026-08-25,21.5,75.5,27.85,0.9,5,GHRSST L4 / INSAT-3DR MOSDAC / Sentinel-3 SLSTR,0.5
1156,2026-08-25,21.5,76.0,27.36,0.41,5,GHRSST L4 / INSAT-3DR MOSDAC / Sentinel-3 SLSTR,0.5
1157,2026-08-25,21.5,76.5,27.48,0.53,5,GHRSST L4 / INSAT-3DR MOSDAC / Sentinel-3 SLSTR,0.5
1158,2026-08-25,21.5,77.0,27.67,0.72,5,GHRSST L4 / INSAT-3DR MOSDAC / Sentinel-3 SLSTR,0.5
1159,2026-08-25,21.5,77.5,27.62,0.67,5,GHRSST L4 / INSAT-3DR MOSDAC / Sentinel-3 SLSTR,0.5
1160,2026-08-25,21.5,78.0,27.32,0.37,5,GHRSST L4 / INSAT-3DR MOSDAC / Sentinel-3 SLSTR,0.5
1161,2026-08-25,21.5,78.5,27.66,0.71,5,GHRSST L4 / INSAT-3DR MOSDAC / Sentinel-3 SLSTR,0.5
1162,2026-08-25,21.5,79.0,27.71,0.76,5,GHRSST L4 / INSAT-3DR MOSDAC / Sentinel-3 SLSTR,0.5
1163,2026-08-25,21.5,79.5,27.61,0.66,5,GHRSST L4 / INSAT-3DR MOSDAC / Sentinel-3 SLSTR,0.5
1164,2026-08-25,21.5,80.0,27.9,0.95,5,GHRSST L4 / INSAT-3DR MOSDAC / Sentinel-3 SLSTR,0.5
1165,2026-08-25,21.5,80.5,27.68,0.73,5,GHRSST L4 / INSAT-3DR MOSDAC / Sentinel-3 SLSTR,0.5
1166,2026-08-25,21.5,81.0,27.84,0.89,5,GHRSST L4 / INSAT-3DR MOSDAC / Sentinel-3 SLSTR,0.5
1167,2026-08-25,21.5,81.5,27.7,0.75,5,GHRSST L4 / INSAT-3DR MOSDAC / Sentinel-3 SLSTR,0.5
1168,2026-08-25,21.5,82.0,27.93,0.98,5,GHRSST L4 / INSAT-3DR MOSDAC / Sentinel-3 SLSTR,0.5
1169,2026-08-25,21.5,82.5,27.44,0.49,5,GHRSST L4 / INSAT-3DR MOSDAC / Sentinel-3 SLSTR,0.5
1170,2026-08-25,21.5,83.0,27.87,0.92,5,GHRSST L4 / INSAT-3DR MOSDAC / Sentinel-3 SLSTR,0.5
1171,2026-08-25,21.5,83.5,27.6,0.65,5,GHRSST L4 / INSAT-3DR MOSDAC / Sentinel-3 SLSTR,0.5
1172,2026-08-25,21.5,84.0,27.78,0.83,5,GHRSST L4 / INSAT-3DR MOSDAC / Sentinel-3 SLSTR,0.5
1173,2026-08-25,21.5,84.5,27.69,0.74,5,GHRSST L4 / INSAT-3DR MOSDAC / Sentinel-3 SLSTR,0.5
1174,2026-08-25,21.5,85.0,27.37,0.42,5,GHRSST L4 / INSAT-3DR MOSDAC / Sentinel-3 SLSTR,0.5
1175,2026-08-25,21.5,85.5,27.6,0.65,5,GHRSST L4 / INSAT-3DR MOSDAC / Sentinel-3 SLSTR,0.5
1176,2026-08-25,21.5,86.0,27.76,0.81,5,GHRSST L4 / INSAT-3DR MOSDAC / Sentinel-3 SLSTR,0.5
1177,2026-08-25,21.5,86.5,27.92,0.97,5,GHRSST L4 / INSAT-3DR MOSDAC / Sentinel-3 SLSTR,0.5
1178,2026-08-25,21.5,87.0,27.44,0.49,5,GHRSST L4 / INSAT-3DR MOSDAC / Sentinel-3 SLSTR,0.5
1179,2026-08-25,21.5,87.5,27.54,0.59,5,GHRSST L4 / INSAT-3DR MOSDAC / Sentinel-3 SLSTR,0.5
1180,2026-08-25,21.5,88.0,27.54,0.59,5,GHRSST L4 / INSAT-3DR MOSDAC / Sentinel-3 SLSTR,0.5
1181,2026-08-25,21.5,88.5,27.66,0.71,5,GHRSST L4 / INSAT-3DR MOSDAC / Sentinel-3 SLSTR,0.5
1182,2026-08-25,21.5,89.0,27.89,0.94,5,GHRSST L4 / INSAT-3DR MOSDAC / Sentinel-3 SLSTR,0.5
1183,2026-08-25,21.5,89.5,27.57,0.62,5,GHRSST L4 / INSAT-3DR MOSDAC / Sentinel-3 SLSTR,0.5
1184,2026-08-25,21.5,90.0,27.39,0.44,5,GHRSST L4 / INSAT-3DR MOSDAC / Sentinel-3 SLSTR,0.5
1185,2026-08-25,21.5,90.5,27.64,0.69,5,GHRSST L4 / INSAT-3DR MOSDAC / Sentinel-3 SLSTR,0.5
1186,2026-08-25,21.5,91.0,27.32,0.37,5,GHRSST L4 / INSAT-3DR MOSDAC / Sentinel-3 SLSTR,0.5
1187,2026-08-25,21.5,91.5,27.53,0.58,5,GHRSST L4 / INSAT-3DR MOSDAC / Sentinel-3 SLSTR,0.5
1188,2026-08-25,21.5,92.0,27.65,0.7,5,GHRSST L4 / INSAT-3DR MOSDAC / Sentinel-3 SLSTR,0.5
1189,2026-08-25,21.5,92.5,27.65,0.7,5,GHRSST L4 / INSAT-3DR MOSDAC / Sentinel-3 SLSTR,0.5
1190,2026-08-25,21.5,93.0,27.86,0.91,5,GHRSST L4 / INSAT-3DR MOSDAC / Sentinel-3 SLSTR,0.5
1191,2026-08-25,21.5,93.5,27.85,0.9,5,GHRSST L4 / INSAT-3DR MOSDAC / Sentinel-3 SLSTR,0.5
1192,2026-08-25,21.5,94.0,27.49,0.54,5,GHRSST L4 / INSAT-3DR MOSDAC / Sentinel-3 SLSTR,0.5
1193,2026-08-25,22.0,68.0,27.44,0.54,5,GHRSST L4 / INSAT-3DR MOSDAC / Sentinel-3 SLSTR,0.5
1194,2026-08-25,22.0,68.5,27.92,1.02,5,GHRSST L4 / INSAT-3DR MOSDAC / Sentinel-3 SLSTR,0.5
1195,2026-08-25,22.0,69.0,27.5,0.6,5,GHRSST L4 / INSAT-3DR MOSDAC / Sentinel-3 SLSTR,0.5
1196,2026-08-25,22.0,69.5,27.33,0.43,5,GHRSST L4 / INSAT-3DR MOSDAC / Sentinel-3 SLSTR,0.5
1197,2026-08-25,22.0,70.0,27.69,0.79,5,GHRSST L4 / INSAT-3DR MOSDAC / Sentinel-3 SLSTR,0.5
1198,2026-08-25,22.0,70.5,27.4,0.5,5,GHRSST L4 / INSAT-3DR MOSDAC / Sentinel-3 SLSTR,0.5
1199,2026-08-25,22.0,71.0,27.65,0.75,5,GHRSST L4 / INSAT-3DR MOSDAC / Sentinel-3 SLSTR,0.5
1200,2026-08-25,22.0,71.5,27.8,0.9,5,GHRSST L4 / INSAT-3DR MOSDAC / Sentinel-3 SLSTR,0.5
1201,2026-08-25,22.0,72.0,27.35,0.45,5,GHRSST L4 / INSAT-3DR MOSDAC / Sentinel-3 SLSTR,0.5
1202,2026-08-25,22.0,72.5,27.55,0.65,5,GHRSST L4 / INSAT-3DR MOSDAC / Sentinel-3 SLSTR,0.5
1203,2026-08-25,22.0,73.0,27.5,0.6,5,GHRSST L4 / INSAT-3DR MOSDAC / Sentinel-3 SLSTR,0.5
1204,2026-08-25,22.0,73.5,27.93,1.03,5,GHRSST L4 / INSAT-3DR MOSDAC / Sentinel-3 SLSTR,0.5
1205,2026-08-25,22.0,74.0,27.73,0.83,5,GHRSST L4 / INSAT-3DR MOSDAC / Sentinel-3 SLSTR,0.5
1206,2026-08-25,22.0,74.5,27.29,0.39,5,GHRSST L4 / INSAT-3DR MOSDAC / Sentinel-3 SLSTR,0.5
1207,2026-08-25,22.0,75.0,27.39,0.49,5,GHRSST L4 / INSAT-3DR MOSDAC / Sentinel-3 SLSTR,0.5
1208,2026-08-25,22.0,75.5,27.34,0.44,5,GHRSST L4 / INSAT-3DR MOSDAC / Sentinel-3 SLSTR,0.5
1209,2026-08-25,22.0,76.0,27.24,0.34,5,GHRSST L4 / INSAT-3DR MOSDAC / Sentinel-3 SLSTR,0.5
1210,2026-08-25,22.0,76.5,27.45,0.55,5,GHRSST L4 / INSAT-3DR MOSDAC / Sentinel-3 SLSTR,0.5
1211,2026-08-25,22.0,77.0,27.46,0.56,5,GHRSST L4 / INSAT-3DR MOSDAC / Sentinel-3 SLSTR,0.5
1212,2026-08-25,22.0,77.5,27.39,0.49,5,GHRSST L4 / INSAT-3DR MOSDAC / Sentinel-3 SLSTR,0.5
1213,2026-08-25,22.0,78.0,27.62,0.72,5,GHRSST L4 / INSAT-3DR MOSDAC / Sentinel-3 SLSTR,0.5
1214,2026-08-25,22.0,78.5,27.38,0.48,5,GHRSST L4 / INSAT-3DR MOSDAC / Sentinel-3 SLSTR,0.5
1215,2026-08-25,22.0,79.0,27.89,0.99,5,GHRSST L4 / INSAT-3DR MOSDAC / Sentinel-3 SLSTR,0.5
1216,2026-08-25,22.0,79.5,27.74,0.84,5,GHRSST L4 / INSAT-3DR MOSDAC / Sentinel-3 SLSTR,0.5
1217,2026-08-25,22.0,80.0,27.31,0.41,5,GHRSST L4 / INSAT-3DR MOSDAC / Sentinel-3 SLSTR,0.5
1218,2026-08-25,22.0,80.5,27.42,0.52,5,GHRSST L4 / INSAT-3DR MOSDAC / Sentinel-3 SLSTR,0.5
1219,2026-08-25,22.0,81.0,27.92,1.02,5,GHRSST L4 / INSAT-3DR MOSDAC / Sentinel-3 SLSTR,0.5
1220,2026-08-25,22.0,81.5,27.37,0.47,5,GHRSST L4 / INSAT-3DR MOSDAC / Sentinel-3 SLSTR,0.5
1221,2026-08-25,22.0,82.0,27.31,0.41,5,GHRSST L4 / INSAT-3DR MOSDAC / Sentinel-3 SLSTR,0.5
1222,2026-08-25,22.0,82.5,27.39,0.49,5,GHRSST L4 / INSAT-3DR MOSDAC / Sentinel-3 SLSTR,0.5
1223,2026-08-25,22.0,83.0,27.73,0.83,5,GHRSST L4 / INSAT-3DR MOSDAC / Sentinel-3 SLSTR,0.5
1224,2026-08-25,22.0,83.5,27.59,0.69,5,GHRSST L4 / INSAT-3DR MOSDAC / Sentinel-3 SLSTR,0.5
1225,2026-08-25,22.0,84.0,27.28,0.38,5,GHRSST L4 / INSAT-3DR MOSDAC / Sentinel-3 SLSTR,0.5
1226,2026-08-25,22.0,84.5,27.48,0.58,5,GHRSST L4 / INSAT-3DR MOSDAC / Sentinel-3 SLSTR,0.5
1227,2026-08-25,22.0,85.0,27.29,0.39,5,GHRSST L4 / INSAT-3DR MOSDAC / Sentinel-3 SLSTR,0.5
1228,2026-08-25,22.0,85.5,27.43,0.53,5,GHRSST L4 / INSAT-3DR MOSDAC / Sentinel-3 SLSTR,0.5
1229,2026-08-25,22.0,86.0,27.35,0.45,5,GHRSST L4 / INSAT-3DR MOSDAC / Sentinel-3 SLSTR,0.5
1230,2026-08-25,22.0,86.5,27.38,0.48,5,GHRSST L4 / INSAT-3DR MOSDAC / Sentinel-3 SLSTR,0.5
1231,2026-08-25,22.0,87.0,27.77,0.87,5,GHRSST L4 / INSAT-3DR MOSDAC / Sentinel-3 SLSTR,0.5
1232,2026-08-25,22.0,87.5,27.78,0.88,5,GHRSST L4 / INSAT-3DR MOSDAC / Sentinel-3 SLSTR,0.5
1233,2026-08-25,22.0,88.0,27.74,0.84,5,GHRSST L4 / INSAT-3DR MOSDAC / Sentinel-3 SLSTR,0.5
1234,2026-08-25,22.0,88.5,27.71,0.81,5,GHRSST L4 / INSAT-3DR MOSDAC / Sentinel-3 SLSTR,0.5
1235,2026-08-25,22.0,89.0,27.4,0.5,5,GHRSST L4 / INSAT-3DR MOSDAC / Sentinel-3 SLSTR,0.5
1236,2026-08-25,22.0,89.5,27.54,0.64,5,GHRSST L4 / INSAT-3DR MOSDAC / Sentinel-3 SLSTR,0.5
1237,2026-08-25,22.0,90.0,27.55,0.65,5,GHRSST L4 / INSAT-3DR MOSDAC / Sentinel-3 SLSTR,0.5
1238,2026-08-25,22.0,90.5,27.6,0.7,5,GHRSST L4 / INSAT-3DR MOSDAC / Sentinel-3 SLSTR,0.5
1239,2026-08-25,22.0,91.0,27.83,0.93,5,GHRSST L4 / INSAT-3DR MOSDAC / Sentinel-3 SLSTR,0.5
1240,2026-08-25,22.0,91.5,27.85,0.95,5,GHRSST L4 / INSAT-3DR MOSDAC / Sentinel-3 SLSTR,0.5
1241,2026-08-25,22.0,92.0,27.38,0.48,5,GHRSST L4 / INSAT-3DR MOSDAC / Sentinel-3 SLSTR,0.5
1242,2026-08-25,22.0,92.5,27.53,0.63,5,GHRSST L4 / INSAT-3DR MOSDAC / Sentinel-3 SLSTR,0.5
1243,2026-08-25,22.0,93.0,27.33,0.43,5,GHRSST L4 / INSAT-3DR MOSDAC / Sentinel-3 SLSTR,0.5
1244,2026-08-25,22.0,93.5,27.68,0.78,5,GHRSST L4 / INSAT-3DR MOSDAC / Sentinel-3 SLSTR,0.5
1245,2026-08-25,22.0,94.0,27.63,0.73,5,GHRSST L4 / INSAT-3DR MOSDAC / Sentinel-3 SLSTR,0.5
1246,2026-08-25,22.5,68.0,27.77,0.92,5,GHRSST L4 / INSAT-3DR MOSDAC / Sentinel-3 SLSTR,0.5
1247,2026-08-25,22.5,68.5,27.53,0.68,5,GHRSST L4 / INSAT-3DR MOSDAC / Sentinel-3 SLSTR,0.5
1248,2026-08-25,22.5,69.0,27.72,0.87,5,GHRSST L4 / INSAT-3DR MOSDAC / Sentinel-3 SLSTR,0.5
1249,2026-08-25,22.5,69.5,27.39,0.54,5,GHRSST L4 / INSAT-3DR MOSDAC / Sentinel-3 SLSTR,0.5
1250,2026-08-25,22.5,70.0,27.66,0.81,5,GHRSST L4 / INSAT-3DR MOSDAC / Sentinel-3 SLSTR,0.5
1251,2026-08-25,22.5,70.5,27.2,0.35,5,GHRSST L4 / INSAT-3DR MOSDAC / Sentinel-3 SLSTR,0.5
1252,2026-08-25,22.5,71.0,27.28,0.43,5,GHRSST L4 / INSAT-3DR MOSDAC / Sentinel-3 SLSTR,0.5
1253,2026-08-25,22.5,71.5,27.48,0.63,5,GHRSST L4 / INSAT-3DR MOSDAC / Sentinel-3 SLSTR,0.5
1254,2026-08-25,22.5,72.0,27.79,0.94,5,GHRSST L4 / INSAT-3DR MOSDAC / Sentinel-3 SLSTR,0.5
1255,2026-08-25,22.5,72.5,27.79,0.94,5,GHRSST L4 / INSAT-3DR MOSDAC / Sentinel-3 SLSTR,0.5
1256,2026-08-25,22.5,73.0,27.59,0.74,5,GHRSST L4 / INSAT-3DR MOSDAC / Sentinel-3 SLSTR,0.5
1257,2026-08-25,22.5,73.5,27.26,0.41,5,GHRSST L4 / INSAT-3DR MOSDAC / Sentinel-3 SLSTR,0.5
1258,2026-08-25,22.5,74.0,27.65,0.8,5,GHRSST L4 / INSAT-3DR MOSDAC / Sentinel-3 SLSTR,0.5
1259,2026-08-25,22.5,74.5,27.29,0.44,5,GHRSST L4 / INSAT-3DR MOSDAC / Sentinel-3 SLSTR,0.5
1260,2026-08-25,22.5,75.0,27.42,0.57,5,GHRSST L4 / INSAT-3DR MOSDAC / Sentinel-3 SLSTR,0.5
1261,2026-08-25,22.5,75.5,27.39,0.54,5,GHRSST L4 / INSAT-3DR MOSDAC / Sentinel-3 SLSTR,0.5
1262,2026-08-25,22.5,76.0,27.79,0.94,5,GHRSST L4 / INSAT-3DR MOSDAC / Sentinel-3 SLSTR,0.5
1263,2026-08-25,22.5,76.5,27.66,0.81,5,GHRSST L4 / INSAT-3DR MOSDAC / Sentinel-3 SLSTR,0.5
1264,2026-08-25,22.5,77.0,27.22,0.37,5,GHRSST L4 / INSAT-3DR MOSDAC / Sentinel-3 SLSTR,0.5
1265,2026-08-25,22.5,77.5,27.76,0.91,5,GHRSST L4 / INSAT-3DR MOSDAC / Sentinel-3 SLSTR,0.5
1266,2026-08-25,22.5,78.0,27.47,0.62,5,GHRSST L4 / INSAT-3DR MOSDAC / Sentinel-3 SLSTR,0.5
1267,2026-08-25,22.5,78.5,27.7,0.85,5,GHRSST L4 / INSAT-3DR MOSDAC / Sentinel-3 SLSTR,0.5
1268,2026-08-25,22.5,79.0,27.71,0.86,5,GHRSST L4 / INSAT-3DR MOSDAC / Sentinel-3 SLSTR,0.5
1269,2026-08-25,22.5,79.5,27.87,1.02,5,GHRSST L4 / INSAT-3DR MOSDAC / Sentinel-3 SLSTR,0.5
1270,2026-08-25,22.5,80.0,27.41,0.56,5,GHRSST L4 / INSAT-3DR MOSDAC / Sentinel-3 SLSTR,0.5
1271,2026-08-25,22.5,80.5,27.78,0.93,5,GHRSST L4 / INSAT-3DR MOSDAC / Sentinel-3 SLSTR,0.5
1272,2026-08-25,22.5,81.0,27.37,0.52,5,GHRSST L4 / INSAT-3DR MOSDAC / Sentinel-3 SLSTR,0.5
1273,2026-08-25,22.5,81.5,27.87,1.02,5,GHRSST L4 / INSAT-3DR MOSDAC / Sentinel-3 SLSTR,0.5
1274,2026-08-25,22.5,82.0,27.46,0.61,5,GHRSST L4 / INSAT-3DR MOSDAC / Sentinel-3 SLSTR,0.5
1275,2026-08-25,22.5,82.5,27.63,0.78,5,GHRSST L4 / INSAT-3DR MOSDAC / Sentinel-3 SLSTR,0.5
1276,2026-08-25,22.5,83.0,27.87,1.02,5,GHRSST L4 / INSAT-3DR MOSDAC / Sentinel-3 SLSTR,0.5
1277,2026-08-25,22.5,83.5,27.31,0.46,5,GHRSST L4 / INSAT-3DR MOSDAC / Sentinel-3 SLSTR,0.5
1278,2026-08-25,22.5,84.0,27.61,0.76,5,GHRSST L4 / INSAT-3DR MOSDAC / Sentinel-3 SLSTR,0.5
1279,2026-08-25,22.5,84.5,27.87,1.02,5,GHRSST L4 / INSAT-3DR MOSDAC / Sentinel-3 SLSTR,0.5
1280,2026-08-25,22.5,85.0,27.83,0.98,5,GHRSST L4 / INSAT-3DR MOSDAC / Sentinel-3 SLSTR,0.5
1281,2026-08-25,22.5,85.5,27.32,0.47,5,GHRSST L4 / INSAT-3DR MOSDAC / Sentinel-3 SLSTR,0.5
1282,2026-08-25,22.5,86.0,27.24,0.39,5,GHRSST L4 / INSAT-3DR MOSDAC / Sentinel-3 SLSTR,0.5
1283,2026-08-25,22.5,86.5,27.47,0.62,5,GHRSST L4 / INSAT-3DR MOSDAC / Sentinel-3 SLSTR,0.5
1284,2026-08-25,22.5,87.0,27.7,0.85,5,GHRSST L4 / INSAT-3DR MOSDAC / Sentinel-3 SLSTR,0.5
1285,2026-08-25,22.5,87.5,27.72,0.87,5,GHRSST L4 / INSAT-3DR MOSDAC / Sentinel-3 SLSTR,0.5
1286,2026-08-25,22.5,88.0,27.6,0.75,5,GHRSST L4 / INSAT-3DR MOSDAC / Sentinel-3 SLSTR,0.5
1287,2026-08-25,22.5,88.5,27.6,0.75,5,GHRSST L4 / INSAT-3DR MOSDAC / Sentinel-3 SLSTR,0.5
1288,2026-08-25,22.5,89.0,27.25,0.4,5,GHRSST L4 / INSAT-3DR MOSDAC / Sentinel-3 SLSTR,0.5
1289,2026-08-25,22.5,89.5,27.48,0.63,5,GHRSST L4 / INSAT-3DR MOSDAC / Sentinel-3 SLSTR,0.5
1290,2026-08-25,22.5,90.0,27.57,0.72,5,GHRSST L4 / INSAT-3DR MOSDAC / Sentinel-3 SLSTR,0.5
1291,2026-08-25,22.5,90.5,27.65,0.8,5,GHRSST L4 / INSAT-3DR MOSDAC / Sentinel-3 SLSTR,0.5
1292,2026-08-25,22.5,91.0,27.23,0.38,5,GHRSST L4 / INSAT-3DR MOSDAC / Sentinel-3 SLSTR,0.5
1293,2026-08-25,22.5,91.5,27.65,0.8,5,GHRSST L4 / INSAT-3DR MOSDAC / Sentinel-3 SLSTR,0.5
1294,2026-08-25,22.5,92.0,27.83,0.98,5,GHRSST L4 / INSAT-3DR MOSDAC / Sentinel-3 SLSTR,0.5
1295,2026-08-25,22.5,92.5,27.72,0.87,5,GHRSST L4 / INSAT-3DR MOSDAC / Sentinel-3 SLSTR,0.5
1296,2026-08-25,22.5,93.0,27.61,0.76,5,GHRSST L4 / INSAT-3DR MOSDAC / Sentinel-3 SLSTR,0.5
1297,2026-08-25,22.5,93.5,27.24,0.39,5,GHRSST L4 / INSAT-3DR MOSDAC / Sentinel-3 SLSTR,0.5
1298,2026-08-25,22.5,94.0,27.73,0.88,5,GHRSST L4 / INSAT-3DR MOSDAC / Sentinel-3 SLSTR,0.5
1299,2026-08-25,23.0,68.0,27.57,0.77,5,GHRSST L4 / INSAT-3DR MOSDAC / Sentinel-3 SLSTR,0.5
1300,2026-08-25,23.0,68.5,27.49,0.69,5,GHRSST L4 / INSAT-3DR MOSDAC / Sentinel-3 SLSTR,0.5
1301,2026-08-25,23.0,69.0,27.67,0.87,5,GHRSST L4 / INSAT-3DR MOSDAC / Sentinel-3 SLSTR,0.5
1302,2026-08-25,23.0,69.5,27.58,0.78,5,GHRSST L4 / INSAT-3DR MOSDAC / Sentinel-3 SLSTR,0.5
1303,2026-08-25,23.0,70.0,27.44,0.64,5,GHRSST L4 / INSAT-3DR MOSDAC / Sentinel-3 SLSTR,0.5
1304,2026-08-25,23.0,70.5,27.27,0.47,5,GHRSST L4 / INSAT-3DR MOSDAC / Sentinel-3 SLSTR,0.5
1305,2026-08-25,23.0,71.0,27.46,0.66,5,GHRSST L4 / INSAT-3DR MOSDAC / Sentinel-3 SLSTR,0.5
1306,2026-08-25,23.0,71.5,27.22,0.42,5,GHRSST L4 / INSAT-3DR MOSDAC / Sentinel-3 SLSTR,0.5
1307,2026-08-25,23.0,72.0,27.15,0.35,5,GHRSST L4 / INSAT-3DR MOSDAC / Sentinel-3 SLSTR,0.5
1308,2026-08-25,23.0,72.5,27.27,0.47,5,GHRSST L4 / INSAT-3DR MOSDAC / Sentinel-3 SLSTR,0.5
1309,2026-08-25,23.0,73.0,27.37,0.57,5,GHRSST L4 / INSAT-3DR MOSDAC / Sentinel-3 SLSTR,0.5
1310,2026-08-25,23.0,73.5,27.56,0.76,5,GHRSST L4 / INSAT-3DR MOSDAC / Sentinel-3 SLSTR,0.5
1311,2026-08-25,23.0,74.0,27.46,0.66,5,GHRSST L4 / INSAT-3DR MOSDAC / Sentinel-3 SLSTR,0.5
1312,2026-08-25,23.0,74.5,27.62,0.82,5,GHRSST L4 / INSAT-3DR MOSDAC / Sentinel-3 SLSTR,0.5
1313,2026-08-25,23.0,75.0,27.63,0.83,5,GHRSST L4 / INSAT-3DR MOSDAC / Sentinel-3 SLSTR,0.5
1314,2026-08-25,23.0,75.5,27.6,0.8,5,GHRSST L4 / INSAT-3DR MOSDAC / Sentinel-3 SLSTR,0.5
1315,2026-08-25,23.0,76.0,27.49,0.69,5,GHRSST L4 / INSAT-3DR MOSDAC / Sentinel-3 SLSTR,0.5
1316,2026-08-25,23.0,76.5,27.57,0.77,5,GHRSST L4 / INSAT-3DR MOSDAC / Sentinel-3 SLSTR,0.5
1317,2026-08-25,23.0,77.0,27.79,0.99,5,GHRSST L4 / INSAT-3DR MOSDAC / Sentinel-3 SLSTR,0.5
1318,2026-08-25,23.0,77.5,27.6,0.8,5,GHRSST L4 / INSAT-3DR MOSDAC / Sentinel-3 SLSTR,0.5
1319,2026-08-25,23.0,78.0,27.63,0.83,5,GHRSST L4 / INSAT-3DR MOSDAC / Sentinel-3 SLSTR,0.5
1320,2026-08-25,23.0,78.5,27.31,0.51,5,GHRSST L4 / INSAT-3DR MOSDAC / Sentinel-3 SLSTR,0.5
1321,2026-08-25,23.0,79.0,27.44,0.64,5,GHRSST L4 / INSAT-3DR MOSDAC / Sentinel-3 SLSTR,0.5
1322,2026-08-25,23.0,79.5,27.41,0.61,5,GHRSST L4 / INSAT-3DR MOSDAC / Sentinel-3 SLSTR,0.5
1323,2026-08-25,23.0,80.0,27.36,0.56,5,GHRSST L4 / INSAT-3DR MOSDAC / Sentinel-3 SLSTR,0.5
1324,2026-08-25,23.0,80.5,27.43,0.63,5,GHRSST L4 / INSAT-3DR MOSDAC / Sentinel-3 SLSTR,0.5
1325,2026-08-25,23.0,81.0,27.53,0.73,5,GHRSST L4 / INSAT-3DR MOSDAC / Sentinel-3 SLSTR,0.5
1326,2026-08-25,23.0,81.5,27.55,0.75,5,GHRSST L4 / INSAT-3DR MOSDAC / Sentinel-3 SLSTR,0.5
1327,2026-08-25,23.0,82.0,27.7,0.9,5,GHRSST L4 / INSAT-3DR MOSDAC / Sentinel-3 SLSTR,0.5
1328,2026-08-25,23.0,82.5,27.57,0.77,5,GHRSST L4 / INSAT-3DR MOSDAC / Sentinel-3 SLSTR,0.5
1329,2026-08-25,23.0,83.0,27.72,0.92,5,GHRSST L4 / INSAT-3DR MOSDAC / Sentinel-3 SLSTR,0.5
1330,2026-08-25,23.0,83.5,27.57,0.77,5,GHRSST L4 / INSAT-3DR MOSDAC / Sentinel-3 SLSTR,0.5
1331,2026-08-25,23.0,84.0,27.36,0.56,5,GHRSST L4 / INSAT-3DR MOSDAC / Sentinel-3 SLSTR,0.5
1332,2026-08-25,23.0,84.5,27.55,0.75,5,GHRSST L4 / INSAT-3DR MOSDAC / Sentinel-3 SLSTR,0.5
1333,2026-08-25,23.0,85.0,27.62,0.82,5,GHRSST L4 / INSAT-3DR MOSDAC / Sentinel-3 SLSTR,0.5
1334,2026-08-25,23.0,85.5,27.59,0.79,5,GHRSST L4 / INSAT-3DR MOSDAC / Sentinel-3 SLSTR,0.5
1335,2026-08-25,23.0,86.0,27.7,0.9,5,GHRSST L4 / INSAT-3DR MOSDAC / Sentinel-3 SLSTR,0.5
1336,2026-08-25,23.0,86.5,27.74,0.94,5,GHRSST L4 / INSAT-3DR MOSDAC / Sentinel-3 SLSTR,0.5
1337,2026-08-25,23.0,87.0,27.34,0.54,5,GHRSST L4 / INSAT-3DR MOSDAC / Sentinel-3 SLSTR,0.5
1338,2026-08-25,23.0,87.5,27.17,0.37,5,GHRSST L4 / INSAT-3DR MOSDAC / Sentinel-3 SLSTR,0.5
1339,2026-08-25,23.0,88.0,27.57,0.77,5,GHRSST L4 / INSAT-3DR MOSDAC / Sentinel-3 SLSTR,0.5
1340,2026-08-25,23.0,88.5,27.19,0.39,5,GHRSST L4 / INSAT-3DR MOSDAC / Sentinel-3 SLSTR,0.5
1341,2026-08-25,23.0,89.0,27.73,0.93,5,GHRSST L4 / INSAT-3DR MOSDAC / Sentinel-3 SLSTR,0.5
1342,2026-08-25,23.0,89.5,27.69,0.89,5,GHRSST L4 / INSAT-3DR MOSDAC / Sentinel-3 SLSTR,0.5
1343,2026-08-25,23.0,90.0,27.61,0.81,5,GHRSST L4 / INSAT-3DR MOSDAC / Sentinel-3 SLSTR,0.5
1344,2026-08-25,23.0,90.5,27.76,0.96,5,GHRSST L4 / INSAT-3DR MOSDAC / Sentinel-3 SLSTR,0.5
1345,2026-08-25,23.0,91.0,27.73,0.93,5,GHRSST L4 / INSAT-3DR MOSDAC / Sentinel-3 SLSTR,0.5
1346,2026-08-25,23.0,91.5,27.76,0.96,5,GHRSST L4 / INSAT-3DR MOSDAC / Sentinel-3 SLSTR,0.5
1347,2026-08-25,23.0,92.0,27.62,0.82,5,GHRSST L4 / INSAT-3DR MOSDAC / Sentinel-3 SLSTR,0.5
1348,2026-08-25,23.0,92.5,27.37,0.57,5,GHRSST L4 / INSAT-3DR MOSDAC / Sentinel-3 SLSTR,0.5
1349,2026-08-25,23.0,93.0,27.14,0.34,5,GHRSST L4 / INSAT-3DR MOSDAC / Sentinel-3 SLSTR,0.5
1350,2026-08-25,23.0,93.5,27.15,0.35,5,GHRSST L4 / INSAT-3DR MOSDAC / Sentinel-3 SLSTR,0.5
1351,2026-08-25,23.0,94.0,27.67,0.87,5,GHRSST L4 / INSAT-3DR MOSDAC / Sentinel-3 SLSTR,0.5
1352,2026-08-25,23.5,68.0,27.18,0.43,5,GHRSST L4 / INSAT-3DR MOSDAC / Sentinel-3 SLSTR,0.5
1353,2026-08-25,23.5,68.5,27.27,0.52,5,GHRSST L4 / INSAT-3DR MOSDAC / Sentinel-3 SLSTR,0.5
1354,2026-08-25,23.5,69.0,27.46,0.71,5,GHRSST L4 / INSAT-3DR MOSDAC / Sentinel-3 SLSTR,0.5
1355,2026-08-25,23.5,69.5,27.14,0.39,5,GHRSST L4 / INSAT-3DR MOSDAC / Sentinel-3 SLSTR,0.5
1356,2026-08-25,23.5,70.0,27.74,0.99,5,GHRSST L4 / INSAT-3DR MOSDAC / Sentinel-3 SLSTR,0.5
1357,2026-08-25,23.5,70.5,27.62,0.87,5,GHRSST L4 / INSAT-3DR MOSDAC / Sentinel-3 SLSTR,0.5
1358,2026-08-25,23.5,71.0,27.46,0.71,5,GHRSST L4 / INSAT-3DR MOSDAC / Sentinel-3 SLSTR,0.5
1359,2026-08-25,23.5,71.5,27.69,0.94,5,GHRSST L4 / INSAT-3DR MOSDAC / Sentinel-3 SLSTR,0.5
1360,2026-08-25,23.5,72.0,27.4,0.65,5,GHRSST L4 / INSAT-3DR MOSDAC / Sentinel-3 SLSTR,0.5
1361,2026-08-25,23.5,72.5,27.68,0.93,5,GHRSST L4 / INSAT-3DR MOSDAC / Sentinel-3 SLSTR,0.5
1362,2026-08-25,23.5,73.0,27.63,0.88,5,GHRSST L4 / INSAT-3DR MOSDAC / Sentinel-3 SLSTR,0.5
1363,2026-08-25,23.5,73.5,27.06,0.31,5,GHRSST L4 / INSAT-3DR MOSDAC / Sentinel-3 SLSTR,0.5
1364,2026-08-25,23.5,74.0,27.61,0.86,5,GHRSST L4 / INSAT-3DR MOSDAC / Sentinel-3 SLSTR,0.5
1365,2026-08-25,23.5,74.5,27.6,0.85,5,GHRSST L4 / INSAT-3DR MOSDAC / Sentinel-3 SLSTR,0.5
1366,2026-08-25,23.5,75.0,27.27,0.52,5,GHRSST L4 / INSAT-3DR MOSDAC / Sentinel-3 SLSTR,0.5
1367,2026-08-25,23.5,75.5,27.4,0.65,5,GHRSST L4 / INSAT-3DR MOSDAC / Sentinel-3 SLSTR,0.5
1368,2026-08-25,23.5,76.0,27.15,0.4,5,GHRSST L4 / INSAT-3DR MOSDAC / Sentinel-3 SLSTR,0.5
1369,2026-08-25,23.5,76.5,27.52,0.77,5,GHRSST L4 / INSAT-3DR MOSDAC / Sentinel-3 SLSTR,0.5
1370,2026-08-25,23.5,77.0,27.52,0.77,5,GHRSST L4 / INSAT-3DR MOSDAC / Sentinel-3 SLSTR,0.5
1371,2026-08-25,23.5,77.5,27.74,0.99,5,GHRSST L4 / INSAT-3DR MOSDAC / Sentinel-3 SLSTR,0.5
1372,2026-08-25,23.5,78.0,27.56,0.81,5,GHRSST L4 / INSAT-3DR MOSDAC / Sentinel-3 SLSTR,0.5
1373,2026-08-25,23.5,78.5,27.36,0.61,5,GHRSST L4 / INSAT-3DR MOSDAC / Sentinel-3 SLSTR,0.5
1374,2026-08-25,23.5,79.0,27.18,0.43,5,GHRSST L4 / INSAT-3DR MOSDAC / Sentinel-3 SLSTR,0.5
1375,2026-08-25,23.5,79.5,27.6,0.85,5,GHRSST L4 / INSAT-3DR MOSDAC / Sentinel-3 SLSTR,0.5
1376,2026-08-25,23.5,80.0,27.3,0.55,5,GHRSST L4 / INSAT-3DR MOSDAC / Sentinel-3 SLSTR,0.5
1377,2026-08-25,23.5,80.5,27.71,0.96,5,GHRSST L4 / INSAT-3DR MOSDAC / Sentinel-3 SLSTR,0.5
1378,2026-08-25,23.5,81.0,27.24,0.49,5,GHRSST L4 / INSAT-3DR MOSDAC / Sentinel-3 SLSTR,0.5
1379,2026-08-25,23.5,81.5,27.19,0.44,5,GHRSST L4 / INSAT-3DR MOSDAC / Sentinel-3 SLSTR,0.5
1380,2026-08-25,23.5,82.0,27.48,0.73,5,GHRSST L4 / INSAT-3DR MOSDAC / Sentinel-3 SLSTR,0.5
1381,2026-08-25,23.5,82.5,27.69,0.94,5,GHRSST L4 / INSAT-3DR MOSDAC / Sentinel-3 SLSTR,0.5
1382,2026-08-25,23.5,83.0,27.15,0.4,5,GHRSST L4 / INSAT-3DR MOSDAC / Sentinel-3 SLSTR,0.5
1383,2026-08-25,23.5,83.5,27.08,0.33,5,GHRSST L4 / INSAT-3DR MOSDAC / Sentinel-3 SLSTR,0.5
1384,2026-08-25,23.5,84.0,27.73,0.98,5,GHRSST L4 / INSAT-3DR MOSDAC / Sentinel-3 SLSTR,0.5
1385,2026-08-25,23.5,84.5,27.15,0.4,5,GHRSST L4 / INSAT-3DR MOSDAC / Sentinel-3 SLSTR,0.5
1386,2026-08-25,23.5,85.0,27.48,0.73,5,GHRSST L4 / INSAT-3DR MOSDAC / Sentinel-3 SLSTR,0.5
1387,2026-08-25,23.5,85.5,27.19,0.44,5,GHRSST L4 / INSAT-3DR MOSDAC / Sentinel-3 SLSTR,0.5
1388,2026-08-25,23.5,86.0,27.17,0.42,5,GHRSST L4 / INSAT-3DR MOSDAC / Sentinel-3 SLSTR,0.5
1389,2026-08-25,23.5,86.5,27.16,0.41,5,GHRSST L4 / INSAT-3DR MOSDAC / Sentinel-3 SLSTR,0.5
1390,2026-08-25,23.5,87.0,27.55,0.8,5,GHRSST L4 / INSAT-3DR MOSDAC / Sentinel-3 SLSTR,0.5
1391,2026-08-25,23.5,87.5,27.58,0.83,5,GHRSST L4 / INSAT-3DR MOSDAC / Sentinel-3 SLSTR,0.5
1392,2026-08-25,23.5,88.0,27.13,0.38,5,GHRSST L4 / INSAT-3DR MOSDAC / Sentinel-3 SLSTR,0.5
1393,2026-08-25,23.5,88.5,27.15,0.4,5,GHRSST L4 / INSAT-3DR MOSDAC / Sentinel-3 SLSTR,0.5
1394,2026-08-25,23.5,89.0,27.7,0.95,5,GHRSST L4 / INSAT-3DR MOSDAC / Sentinel-3 SLSTR,0.5
1395,2026-08-25,23.5,89.5,27.46,0.71,5,GHRSST L4 / INSAT-3DR MOSDAC / Sentinel-3 SLSTR,0.5
1396,2026-08-25,23.5,90.0,27.6,0.85,5,GHRSST L4 / INSAT-3DR MOSDAC / Sentinel-3 SLSTR,0.5
1397,2026-08-25,23.5,90.5,27.11,0.36,5,GHRSST L4 / INSAT-3DR MOSDAC / Sentinel-3 SLSTR,0.5
1398,2026-08-25,23.5,91.0,27.09,0.34,5,GHRSST L4 / INSAT-3DR MOSDAC / Sentinel-3 SLSTR,0.5
1399,2026-08-25,23.5,91.5,27.33,0.58,5,GHRSST L4 / INSAT-3DR MOSDAC / Sentinel-3 SLSTR,0.5
1400,2026-08-25,23.5,92.0,27.44,0.69,5,GHRSST L4 / INSAT-3DR MOSDAC / Sentinel-3 SLSTR,0.5
1401,2026-08-25,23.5,92.5,27.31,0.56,5,GHRSST L4 / INSAT-3DR MOSDAC / Sentinel-3 SLSTR,0.5
1402,2026-08-25,23.5,93.0,27.55,0.8,5,GHRSST L4 / INSAT-3DR MOSDAC / Sentinel-3 SLSTR,0.5
1403,2026-08-25,23.5,93.5,27.52,0.77,5,GHRSST L4 / INSAT-3DR MOSDAC / Sentinel-3 SLSTR,0.5
1404,2026-08-25,23.5,94.0,27.36,0.61,5,GHRSST L4 / INSAT-3DR MOSDAC / Sentinel-3 SLSTR,0.5
1405,2026-08-25,24.0,68.0,27.05,0.35,5,GHRSST L4 / INSAT-3DR MOSDAC / Sentinel-3 SLSTR,0.5
1406,2026-08-25,24.0,68.5,27.41,0.71,5,GHRSST L4 / INSAT-3DR MOSDAC / Sentinel-3 SLSTR,0.5
1407,2026-08-25,24.0,69.0,27.16,0.46,5,GHRSST L4 / INSAT-3DR MOSDAC / Sentinel-3 SLSTR,0.5
1408,2026-08-25,24.0,69.5,27.26,0.56,5,GHRSST L4 / INSAT-3DR MOSDAC / Sentinel-3 SLSTR,0.5
1409,2026-08-25,24.0,70.0,27.0,0.3,5,GHRSST L4 / INSAT-3DR MOSDAC / Sentinel-3 SLSTR,0.5
1410,2026-08-25,24.0,70.5,27.35,0.65,5,GHRSST L4 / INSAT-3DR MOSDAC / Sentinel-3 SLSTR,0.5
1411,2026-08-25,24.0,71.0,27.48,0.78,5,GHRSST L4 / INSAT-3DR MOSDAC / Sentinel-3 SLSTR,0.5
1412,2026-08-25,24.0,71.5,27.39,0.69,5,GHRSST L4 / INSAT-3DR MOSDAC / Sentinel-3 SLSTR,0.5
1413,2026-08-25,24.0,72.0,27.52,0.82,5,GHRSST L4 / INSAT-3DR MOSDAC / Sentinel-3 SLSTR,0.5
1414,2026-08-25,24.0,72.5,27.69,0.99,5,GHRSST L4 / INSAT-3DR MOSDAC / Sentinel-3 SLSTR,0.5
1415,2026-08-25,24.0,73.0,27.43,0.73,5,GHRSST L4 / INSAT-3DR MOSDAC / Sentinel-3 SLSTR,0.5
1416,2026-08-25,24.0,73.5,27.14,0.44,5,GHRSST L4 / INSAT-3DR MOSDAC / Sentinel-3 SLSTR,0.5
1417,2026-08-25,24.0,74.0,27.39,0.69,5,GHRSST L4 / INSAT-3DR MOSDAC / Sentinel-3 SLSTR,0.5
1418,2026-08-25,24.0,74.5,27.16,0.46,5,GHRSST L4 / INSAT-3DR MOSDAC / Sentinel-3 SLSTR,0.5
1419,2026-08-25,24.0,75.0,27.22,0.52,5,GHRSST L4 / INSAT-3DR MOSDAC / Sentinel-3 SLSTR,0.5
1420,2026-08-25,24.0,75.5,27.24,0.54,5,GHRSST L4 / INSAT-3DR MOSDAC / Sentinel-3 SLSTR,0.5
1421,2026-08-25,24.0,76.0,27.35,0.65,5,GHRSST L4 / INSAT-3DR MOSDAC / Sentinel-3 SLSTR,0.5
1422,2026-08-25,24.0,76.5,27.36,0.66,5,GHRSST L4 / INSAT-3DR MOSDAC / Sentinel-3 SLSTR,0.5
1423,2026-08-25,24.0,77.0,27.46,0.76,5,GHRSST L4 / INSAT-3DR MOSDAC / Sentinel-3 SLSTR,0.5
1424,2026-08-25,24.0,77.5,27.3,0.6,5,GHRSST L4 / INSAT-3DR MOSDAC / Sentinel-3 SLSTR,0.5
1425,2026-08-25,24.0,78.0,27.12,0.42,5,GHRSST L4 / INSAT-3DR MOSDAC / Sentinel-3 SLSTR,0.5
1426,2026-08-25,24.0,78.5,27.33,0.63,5,GHRSST L4 / INSAT-3DR MOSDAC / Sentinel-3 SLSTR,0.5
1427,2026-08-25,24.0,79.0,27.55,0.85,5,GHRSST L4 / INSAT-3DR MOSDAC / Sentinel-3 SLSTR,0.5
1428,2026-08-25,24.0,79.5,27.48,0.78,5,GHRSST L4 / INSAT-3DR MOSDAC / Sentinel-3 SLSTR,0.5
1429,2026-08-25,24.0,80.0,27.07,0.37,5,GHRSST L4 / INSAT-3DR MOSDAC / Sentinel-3 SLSTR,0.5
1430,2026-08-25,24.0,80.5,27.65,0.95,5,GHRSST L4 / INSAT-3DR MOSDAC / Sentinel-3 SLSTR,0.5
1431,2026-08-25,24.0,81.0,27.2,0.5,5,GHRSST L4 / INSAT-3DR MOSDAC / Sentinel-3 SLSTR,0.5
1432,2026-08-25,24.0,81.5,27.4,0.7,5,GHRSST L4 / INSAT-3DR MOSDAC / Sentinel-3 SLSTR,0.5
1433,2026-08-25,24.0,82.0,27.01,0.31,5,GHRSST L4 / INSAT-3DR MOSDAC / Sentinel-3 SLSTR,0.5
1434,2026-08-25,24.0,82.5,27.63,0.93,5,GHRSST L4 / INSAT-3DR MOSDAC / Sentinel-3 SLSTR,0.5
1435,2026-08-25,24.0,83.0,27.47,0.77,5,GHRSST L4 / INSAT-3DR MOSDAC / Sentinel-3 SLSTR,0.5
1436,2026-08-25,24.0,83.5,27.18,0.48,5,GHRSST L4 / INSAT-3DR MOSDAC / Sentinel-3 SLSTR,0.5
1437,2026-08-25,24.0,84.0,27.47,0.77,5,GHRSST L4 / INSAT-3DR MOSDAC / Sentinel-3 SLSTR,0.5
1438,2026-08-25,24.0,84.5,27.19,0.49,5,GHRSST L4 / INSAT-3DR MOSDAC / Sentinel-3 SLSTR,0.5
1439,2026-08-25,24.0,85.0,27.17,0.47,5,GHRSST L4 / INSAT-3DR MOSDAC / Sentinel-3 SLSTR,0.5
1440,2026-08-25,24.0,85.5,27.3,0.6,5,GHRSST L4 / INSAT-3DR MOSDAC / Sentinel-3 SLSTR,0.5
1441,2026-08-25,24.0,86.0,27.41,0.71,5,GHRSST L4 / INSAT-3DR MOSDAC / Sentinel-3 SLSTR,0.5
1442,2026-08-25,24.0,86.5,27.14,0.44,5,GHRSST L4 / INSAT-3DR MOSDAC / Sentinel-3 SLSTR,0.5
1443,2026-08-25,24.0,87.0,27.51,0.81,5,GHRSST L4 / INSAT-3DR MOSDAC / Sentinel-3 SLSTR,0.5
1444,2026-08-25,24.0,87.5,27.39,0.69,5,GHRSST L4 / INSAT-3DR MOSDAC / Sentinel-3 SLSTR,0.5
1445,2026-08-25,24.0,88.0,27.0,0.3,5,GHRSST L4 / INSAT-3DR MOSDAC / Sentinel-3 SLSTR,0.5
1446,2026-08-25,24.0,88.5,27.37,0.67,5,GHRSST L4 / INSAT-3DR MOSDAC / Sentinel-3 SLSTR,0.5
1447,2026-08-25,24.0,89.0,27.28,0.58,5,GHRSST L4 / INSAT-3DR MOSDAC / Sentinel-3 SLSTR,0.5
1448,2026-08-25,24.0,89.5,27.46,0.76,5,GHRSST L4 / INSAT-3DR MOSDAC / Sentinel-3 SLSTR,0.5
1449,2026-08-25,24.0,90.0,27.62,0.92,5,GHRSST L4 / INSAT-3DR MOSDAC / Sentinel-3 SLSTR,0.5
1450,2026-08-25,24.0,90.5,27.17,0.47,5,GHRSST L4 / INSAT-3DR MOSDAC / Sentinel-3 SLSTR,0.5
1451,2026-08-25,24.0,91.0,27.46,0.76,5,GHRSST L4 / INSAT-3DR MOSDAC / Sentinel-3 SLSTR,0.5
1452,2026-08-25,24.0,91.5,27.1,0.4,5,GHRSST L4 / INSAT-3DR MOSDAC / Sentinel-3 SLSTR,0.5
1453,2026-08-25,24.0,92.0,27.05,0.35,5,GHRSST L4 / INSAT-3DR MOSDAC / Sentinel-3 SLSTR,0.5
1454,2026-08-25,24.0,92.5,27.64,0.94,5,GHRSST L4 / INSAT-3DR MOSDAC / Sentinel-3 SLSTR,0.5
1455,2026-08-25,24.0,93.0,27.59,0.89,5,GHRSST L4 / INSAT-3DR MOSDAC / Sentinel-3 SLSTR,0.5
1456,2026-08-25,24.0,93.5,27.34,0.64,5,GHRSST L4 / INSAT-3DR MOSDAC / Sentinel-3 SLSTR,0.5
1457,2026-08-25,24.0,94.0,27.09,0.39,5,GHRSST L4 / INSAT-3DR MOSDAC / Sentinel-3 SLSTR,0.5
1458,2026-08-24,6.0,68.0,29.33,0.83,5,GHRSST L4 / INSAT-3DR MOSDAC / Sentinel-3 SLSTR,0.5
1459,2026-08-24,6.0,68.5,29.55,1.05,5,GHRSST L4 / INSAT-3DR MOSDAC / Sentinel-3 SLSTR,0.5
1460,2026-08-24,6.0,69.0,29.61,1.11,5,GHRSST L4 / INSAT-3DR MOSDAC / Sentinel-3 SLSTR,0.5
1461,2026-08-24,6.0,69.5,29.63,1.13,5,GHRSST L4 / INSAT-3DR MOSDAC / Sentinel-3 SLSTR,0.5
1462,2026-08-24,6.0,70.0,29.67,1.17,5,GHRSST L4 / INSAT-3DR MOSDAC / Sentinel-3 SLSTR,0.5
1463,2026-08-24,6.0,70.5,29.3,0.8,5,GHRSST L4 / INSAT-3DR MOSDAC / Sentinel-3 SLSTR,0.5
1464,2026-08-24,6.0,71.0,29.36,0.86,5,GHRSST L4 / INSAT-3DR MOSDAC / Sentinel-3 SLSTR,0.5
1465,2026-08-24,6.0,71.5,29.16,0.66,5,GHRSST L4 / INSAT-3DR MOSDAC / Sentinel-3 SLSTR,0.5
1466,2026-08-24,6.0,72.0,29.2,0.7,5,GHRSST L4 / INSAT-3DR MOSDAC / Sentinel-3 SLSTR,0.5
1467,2026-08-24,6.0,72.5,29.37,0.87,5,GHRSST L4 / INSAT-3DR MOSDAC / Sentinel-3 SLSTR,0.5
1468,2026-08-24,6.0,73.0,29.28,0.78,5,GHRSST L4 / INSAT-3DR MOSDAC / Sentinel-3 SLSTR,0.5
1469,2026-08-24,6.0,73.5,29.49,0.99,5,GHRSST L4 / INSAT-3DR MOSDAC / Sentinel-3 SLSTR,0.5
1470,2026-08-24,6.0,74.0,29.74,1.24,5,GHRSST L4 / INSAT-3DR MOSDAC / Sentinel-3 SLSTR,0.5
1471,2026-08-24,6.0,74.5,29.66,1.16,5,GHRSST L4 / INSAT-3DR MOSDAC / Sentinel-3 SLSTR,0.5
1472,2026-08-24,6.0,75.0,29.68,1.18,5,GHRSST L4 / INSAT-3DR MOSDAC / Sentinel-3 SLSTR,0.5
1473,2026-08-24,6.0,75.5,29.57,1.07,5,GHRSST L4 / INSAT-3DR MOSDAC / Sentinel-3 SLSTR,0.5
1474,2026-08-24,6.0,76.0,29.64,1.14,5,GHRSST L4 / INSAT-3DR MOSDAC / Sentinel-3 SLSTR,0.5
1475,2026-08-24,6.0,76.5,29.28,0.78,5,GHRSST L4 / INSAT-3DR MOSDAC / Sentinel-3 SLSTR,0.5
1476,2026-08-24,6.0,77.0,29.54,1.04,5,GHRSST L4 / INSAT-3DR MOSDAC / Sentinel-3 SLSTR,0.5
1477,2026-08-24,6.0,77.5,29.55,1.05,5,GHRSST L4 / INSAT-3DR MOSDAC / Sentinel-3 SLSTR,0.5
1478,2026-08-24,6.0,78.0,29.59,1.09,5,GHRSST L4 / INSAT-3DR MOSDAC / Sentinel-3 SLSTR,0.5
1479,2026-08-24,6.0,78.5,29.7,1.2,5,GHRSST L4 / INSAT-3DR MOSDAC / Sentinel-3 SLSTR,0.5
1480,2026-08-24,6.0,79.0,29.81,1.31,5,GHRSST L4 / INSAT-3DR MOSDAC / Sentinel-3 SLSTR,0.5
1481,2026-08-24,6.0,79.5,29.65,1.15,5,GHRSST L4 / INSAT-3DR MOSDAC / Sentinel-3 SLSTR,0.5
1482,2026-08-24,6.0,80.0,29.8,1.3,5,GHRSST L4 / INSAT-3DR MOSDAC / Sentinel-3 SLSTR,0.5
1483,2026-08-24,6.0,80.5,29.53,1.03,5,GHRSST L4 / INSAT-3DR MOSDAC / Sentinel-3 SLSTR,0.5
1484,2026-08-24,6.0,81.0,29.35,0.85,5,GHRSST L4 / INSAT-3DR MOSDAC / Sentinel-3 SLSTR,0.5
1485,2026-08-24,6.0,81.5,29.61,1.11,5,GHRSST L4 / INSAT-3DR MOSDAC / Sentinel-3 SLSTR,0.5
1486,2026-08-24,6.0,82.0,29.84,1.34,5,GHRSST L4 / INSAT-3DR MOSDAC / Sentinel-3 SLSTR,0.5
1487,2026-08-24,6.0,82.5,29.65,1.15,5,GHRSST L4 / INSAT-3DR MOSDAC / Sentinel-3 SLSTR,0.5
1488,2026-08-24,6.0,83.0,29.83,1.33,5,GHRSST L4 / INSAT-3DR MOSDAC / Sentinel-3 SLSTR,0.5
1489,2026-08-24,6.0,83.5,29.17,0.67,5,GHRSST L4 / INSAT-3DR MOSDAC / Sentinel-3 SLSTR,0.5
1490,2026-08-24,6.0,84.0,29.33,0.83,5,GHRSST L4 / INSAT-3DR MOSDAC / Sentinel-3 SLSTR,0.5
1491,2026-08-24,6.0,84.5,29.34,0.84,5,GHRSST L4 / INSAT-3DR MOSDAC / Sentinel-3 SLSTR,0.5
1492,2026-08-24,6.0,85.0,29.45,0.95,5,GHRSST L4 / INSAT-3DR MOSDAC / Sentinel-3 SLSTR,0.5
1493,2026-08-24,6.0,85.5,29.17,0.67,5,GHRSST L4 / INSAT-3DR MOSDAC / Sentinel-3 SLSTR,0.5
1494,2026-08-24,6.0,86.0,29.79,1.29,5,GHRSST L4 / INSAT-3DR MOSDAC / Sentinel-3 SLSTR,0.5
1495,2026-08-24,6.0,86.5,29.64,1.14,5,GHRSST L4 / INSAT-3DR MOSDAC / Sentinel-3 SLSTR,0.5
1496,2026-08-24,6.0,87.0,29.21,0.71,5,GHRSST L4 / INSAT-3DR MOSDAC / Sentinel-3 SLSTR,0.5
1497,2026-08-24,6.0,87.5,29.27,0.77,5,GHRSST L4 / INSAT-3DR MOSDAC / Sentinel-3 SLSTR,0.5
1498,2026-08-24,6.0,88.0,29.57,1.07,5,GHRSST L4 / INSAT-3DR MOSDAC / Sentinel-3 SLSTR,0.5
1499,2026-08-24,6.0,88.5,29.79,1.29,5,GHRSST L4 / INSAT-3DR MOSDAC / Sentinel-3 SLSTR,0.5
1500,2026-08-24,6.0,89.0,29.21,0.71,5,GHRSST L4 / INSAT-3DR MOSDAC / Sentinel-3 SLSTR,0.5
1501,2026-08-24,6.0,89.5,29.45,0.95,5,GHRSST L4 / INSAT-3DR MOSDAC / Sentinel-3 SLSTR,0.5
1502,2026-08-24,6.0,90.0,29.29,0.79,5,GHRSST L4 / INSAT-3DR MOSDAC / Sentinel-3 SLSTR,0.5
1503,2026-08-24,6.0,90.5,29.28,0.78,5,GHRSST L4 / INSAT-3DR MOSDAC / Sentinel-3 SLSTR,0.5
1504,2026-08-24,6.0,91.0,29.66,1.16,5,GHRSST L4 / INSAT-3DR MOSDAC / Sentinel-3 SLSTR,0.5
1505,2026-08-24,6.0,91.5,29.73,1.23,5,GHRSST L4 / INSAT-3DR MOSDAC / Sentinel-3 SLSTR,0.5
1506,2026-08-24,6.0,92.0,29.79,1.29,5,GHRSST L4 / INSAT-3DR MOSDAC / Sentinel-3 SLSTR,0.5
1507,2026-08-24,6.0,92.5,29.63,1.13,5,GHRSST L4 / INSAT-3DR MOSDAC / Sentinel-3 SLSTR,0.5
1508,2026-08-24,6.0,93.0,29.2,0.7,5,GHRSST L4 / INSAT-3DR MOSDAC / Sentinel-3 SLSTR,0.5
1509,2026-08-24,6.0,93.5,29.4,0.9,5,GHRSST L4 / INSAT-3DR MOSDAC / Sentinel-3 SLSTR,0.5
1510,2026-08-24,6.0,94.0,29.46,0.96,5,GHRSST L4 / INSAT-3DR MOSDAC / Sentinel-3 SLSTR,0.5
1511,2026-08-24,6.5,68.0,29.28,0.83,5,GHRSST L4 / INSAT-3DR MOSDAC / Sentinel-3 SLSTR,0.5
1512,2026-08-24,6.5,68.5,29.47,1.02,5,GHRSST L4 / INSAT-3DR MOSDAC / Sentinel-3 SLSTR,0.5
1513,2026-08-24,6.5,69.0,29.25,0.8,5,GHRSST L4 / INSAT-3DR MOSDAC / Sentinel-3 SLSTR,0.5
1514,2026-08-24,6.5,69.5,29.72,1.27,5,GHRSST L4 / INSAT-3DR MOSDAC / Sentinel-3 SLSTR,0.5
1515,2026-08-24,6.5,70.0,29.19,0.74,5,GHRSST L4 / INSAT-3DR MOSDAC / Sentinel-3 SLSTR,0.5
1516,2026-08-24,6.5,70.5,29.39,0.94,5,GHRSST L4 / INSAT-3DR MOSDAC / Sentinel-3 SLSTR,0.5
1517,2026-08-24,6.5,71.0,29.18,0.73,5,GHRSST L4 / INSAT-3DR MOSDAC / Sentinel-3 SLSTR,0.5
1518,2026-08-24,6.5,71.5,29.34,0.89,5,GHRSST L4 / INSAT-3DR MOSDAC / Sentinel-3 SLSTR,0.5
1519,2026-08-24,6.5,72.0,29.43,0.98,5,GHRSST L4 / INSAT-3DR MOSDAC / Sentinel-3 SLSTR,0.5
1520,2026-08-24,6.5,72.5,29.48,1.03,5,GHRSST L4 / INSAT-3DR MOSDAC / Sentinel-3 SLSTR,0.5
1521,2026-08-24,6.5,73.0,29.32,0.87,5,GHRSST L4 / INSAT-3DR MOSDAC / Sentinel-3 SLSTR,0.5
1522,2026-08-24,6.5,73.5,29.66,1.21,5,GHRSST L4 / INSAT-3DR MOSDAC / Sentinel-3 SLSTR,0.5
1523,2026-08-24,6.5,74.0,29.45,1.0,5,GHRSST L4 / INSAT-3DR MOSDAC / Sentinel-3 SLSTR,0.5
1524,2026-08-24,6.5,74.5,29.78,1.33,5,GHRSST L4 / INSAT-3DR MOSDAC / Sentinel-3 SLSTR,0.5
1525,2026-08-24,6.5,75.0,29.18,0.73,5,GHRSST L4 / INSAT-3DR MOSDAC / Sentinel-3 SLSTR,0.5
1526,2026-08-24,6.5,75.5,29.22,0.77,5,GHRSST L4 / INSAT-3DR MOSDAC / Sentinel-3 SLSTR,0.5
1527,2026-08-24,6.5,76.0,29.65,1.2,5,GHRSST L4 / INSAT-3DR MOSDAC / Sentinel-3 SLSTR,0.5
1528,2026-08-24,6.5,76.5,29.48,1.03,5,GHRSST L4 / INSAT-3DR MOSDAC / Sentinel-3 SLSTR,0.5
1529,2026-08-24,6.5,77.0,29.34,0.89,5,GHRSST L4 / INSAT-3DR MOSDAC / Sentinel-3 SLSTR,0.5
1530,2026-08-24,6.5,77.5,29.38,0.93,5,GHRSST L4 / INSAT-3DR MOSDAC / Sentinel-3 SLSTR,0.5
1531,2026-08-24,6.5,78.0,29.48,1.03,5,GHRSST L4 / INSAT-3DR MOSDAC / Sentinel-3 SLSTR,0.5
1532,2026-08-24,6.5,78.5,29.15,0.7,5,GHRSST L4 / INSAT-3DR MOSDAC / Sentinel-3 SLSTR,0.5
1533,2026-08-24,6.5,79.0,29.63,1.18,5,GHRSST L4 / INSAT-3DR MOSDAC / Sentinel-3 SLSTR,0.5
1534,2026-08-24,6.5,79.5,29.4,0.95,5,GHRSST L4 / INSAT-3DR MOSDAC / Sentinel-3 SLSTR,0.5
1535,2026-08-24,6.5,80.0,29.38,0.93,5,GHRSST L4 / INSAT-3DR MOSDAC / Sentinel-3 SLSTR,0.5
1536,2026-08-24,6.5,80.5,29.63,1.18,5,GHRSST L4 / INSAT-3DR MOSDAC / Sentinel-3 SLSTR,0.5
1537,2026-08-24,6.5,81.0,29.49,1.04,5,GHRSST L4 / INSAT-3DR MOSDAC / Sentinel-3 SLSTR,0.5
1538,2026-08-24,6.5,81.5,29.62,1.17,5,GHRSST L4 / INSAT-3DR MOSDAC / Sentinel-3 SLSTR,0.5
1539,2026-08-24,6.5,82.0,29.74,1.29,5,GHRSST L4 / INSAT-3DR MOSDAC / Sentinel-3 SLSTR,0.5
1540,2026-08-24,6.5,82.5,29.75,1.3,5,GHRSST L4 / INSAT-3DR MOSDAC / Sentinel-3 SLSTR,0.5
1541,2026-08-24,6.5,83.0,29.39,0.94,5,GHRSST L4 / INSAT-3DR MOSDAC / Sentinel-3 SLSTR,0.5
1542,2026-08-24,6.5,83.5,29.14,0.69,5,GHRSST L4 / INSAT-3DR MOSDAC / Sentinel-3 SLSTR,0.5
1543,2026-08-24,6.5,84.0,29.1,0.65,5,GHRSST L4 / INSAT-3DR MOSDAC / Sentinel-3 SLSTR,0.5
1544,2026-08-24,6.5,84.5,29.58,1.13,5,GHRSST L4 / INSAT-3DR MOSDAC / Sentinel-3 SLSTR,0.5
1545,2026-08-24,6.5,85.0,29.15,0.7,5,GHRSST L4 / INSAT-3DR MOSDAC / Sentinel-3 SLSTR,0.5
1546,2026-08-24,6.5,85.5,29.36,0.91,5,GHRSST L4 / INSAT-3DR MOSDAC / Sentinel-3 SLSTR,0.5
1547,2026-08-24,6.5,86.0,29.55,1.1,5,GHRSST L4 / INSAT-3DR MOSDAC / Sentinel-3 SLSTR,0.5
1548,2026-08-24,6.5,86.5,29.79,1.34,5,GHRSST L4 / INSAT-3DR MOSDAC / Sentinel-3 SLSTR,0.5
1549,2026-08-24,6.5,87.0,29.25,0.8,5,GHRSST L4 / INSAT-3DR MOSDAC / Sentinel-3 SLSTR,0.5
1550,2026-08-24,6.5,87.5,29.1,0.65,5,GHRSST L4 / INSAT-3DR MOSDAC / Sentinel-3 SLSTR,0.5
1551,2026-08-24,6.5,88.0,29.12,0.67,5,GHRSST L4 / INSAT-3DR MOSDAC / Sentinel-3 SLSTR,0.5
1552,2026-08-24,6.5,88.5,29.25,0.8,5,GHRSST L4 / INSAT-3DR MOSDAC / Sentinel-3 SLSTR,0.5
1553,2026-08-24,6.5,89.0,29.79,1.34,5,GHRSST L4 / INSAT-3DR MOSDAC / Sentinel-3 SLSTR,0.5
1554,2026-08-24,6.5,89.5,29.14,0.69,5,GHRSST L4 / INSAT-3DR MOSDAC / Sentinel-3 SLSTR,0.5
1555,2026-08-24,6.5,90.0,29.61,1.16,5,GHRSST L4 / INSAT-3DR MOSDAC / Sentinel-3 SLSTR,0.5
1556,2026-08-24,6.5,90.5,29.19,0.74,5,GHRSST L4 / INSAT-3DR MOSDAC / Sentinel-3 SLSTR,0.5
1557,2026-08-24,6.5,91.0,29.23,0.78,5,GHRSST L4 / INSAT-3DR MOSDAC / Sentinel-3 SLSTR,0.5
1558,2026-08-24,6.5,91.5,29.15,0.7,5,GHRSST L4 / INSAT-3DR MOSDAC / Sentinel-3 SLSTR,0.5
1559,2026-08-24,6.5,92.0,29.25,0.8,5,GHRSST L4 / INSAT-3DR MOSDAC / Sentinel-3 SLSTR,0.5
1560,2026-08-24,6.5,92.5,29.17,0.72,5,GHRSST L4 / INSAT-3DR MOSDAC / Sentinel-3 SLSTR,0.5
1561,2026-08-24,6.5,93.0,29.1,0.65,5,GHRSST L4 / INSAT-3DR MOSDAC / Sentinel-3 SLSTR,0.5
1562,2026-08-24,6.5,93.5,29.65,1.2,5,GHRSST L4 / INSAT-3DR MOSDAC / Sentinel-3 SLSTR,0.5
1563,2026-08-24,6.5,94.0,29.22,0.77,5,GHRSST L4 / INSAT-3DR MOSDAC / Sentinel-3 SLSTR,0.5
1564,2026-08-24,7.0,68.0,29.11,0.71,5,GHRSST L4 / INSAT-3DR MOSDAC / Sentinel-3 SLSTR,0.5
1565,2026-08-24,7.0,68.5,29.22,0.82,5,GHRSST L4 / INSAT-3DR MOSDAC / Sentinel-3 SLSTR,0.5
1566,2026-08-24,7.0,69.0,29.56,1.16,5,GHRSST L4 / INSAT-3DR MOSDAC / Sentinel-3 SLSTR,0.5
1567,2026-08-24,7.0,69.5,29.19,0.79,5,GHRSST L4 / INSAT-3DR MOSDAC / Sentinel-3 SLSTR,0.5
1568,2026-08-24,7.0,70.0,29.41,1.01,5,GHRSST L4 / INSAT-3DR MOSDAC / Sentinel-3 SLSTR,0.5
1569,2026-08-24,7.0,70.5,29.18,0.78,5,GHRSST L4 / INSAT-3DR MOSDAC / Sentinel-3 SLSTR,0.5
1570,2026-08-24,7.0,71.0,29.3,0.9,5,GHRSST L4 / INSAT-3DR MOSDAC / Sentinel-3 SLSTR,0.5
1571,2026-08-24,7.0,71.5,29.39,0.99,5,GHRSST L4 / INSAT-3DR MOSDAC / Sentinel-3 SLSTR,0.5
1572,2026-08-24,7.0,72.0,29.56,1.16,5,GHRSST L4 / INSAT-3DR MOSDAC / Sentinel-3 SLSTR,0.5
1573,2026-08-24,7.0,72.5,29.23,0.83,5,GHRSST L4 / INSAT-3DR MOSDAC / Sentinel-3 SLSTR,0.5
1574,2026-08-24,7.0,73.0,29.34,0.94,5,GHRSST L4 / INSAT-3DR MOSDAC / Sentinel-3 SLSTR,0.5
1575,2026-08-24,7.0,73.5,29.48,1.08,5,GHRSST L4 / INSAT-3DR MOSDAC / Sentinel-3 SLSTR,0.5
1576,2026-08-24,7.0,74.0,29.22,0.82,5,GHRSST L4 / INSAT-3DR MOSDAC / Sentinel-3 SLSTR,0.5
1577,2026-08-24,7.0,74.5,29.18,0.78,5,GHRSST L4 / INSAT-3DR MOSDAC / Sentinel-3 SLSTR,0.5
1578,2026-08-24,7.0,75.0,29.43,1.03,5,GHRSST L4 / INSAT-3DR MOSDAC / Sentinel-3 SLSTR,0.5
1579,2026-08-24,7.0,75.5,29.7,1.3,5,GHRSST L4 / INSAT-3DR MOSDAC / Sentinel-3 SLSTR,0.5
1580,2026-08-24,7.0,76.0,29.67,1.27,5,GHRSST L4 / INSAT-3DR MOSDAC / Sentinel-3 SLSTR,0.5
1581,2026-08-24,7.0,76.5,29.45,1.05,5,GHRSST L4 / INSAT-3DR MOSDAC / Sentinel-3 SLSTR,0.5
1582,2026-08-24,7.0,77.0,29.33,0.93,5,GHRSST L4 / INSAT-3DR MOSDAC / Sentinel-3 SLSTR,0.5
1583,2026-08-24,7.0,77.5,29.43,1.03,5,GHRSST L4 / INSAT-3DR MOSDAC / Sentinel-3 SLSTR,0.5
1584,2026-08-24,7.0,78.0,29.59,1.19,5,GHRSST L4 / INSAT-3DR MOSDAC / Sentinel-3 SLSTR,0.5
1585,2026-08-24,7.0,78.5,29.09,0.69,5,GHRSST L4 / INSAT-3DR MOSDAC / Sentinel-3 SLSTR,0.5
1586,2026-08-24,7.0,79.0,29.58,1.18,5,GHRSST L4 / INSAT-3DR MOSDAC / Sentinel-3 SLSTR,0.5
1587,2026-08-24,7.0,79.5,29.49,1.09,5,GHRSST L4 / INSAT-3DR MOSDAC / Sentinel-3 SLSTR,0.5
1588,2026-08-24,7.0,80.0,29.22,0.82,5,GHRSST L4 / INSAT-3DR MOSDAC / Sentinel-3 SLSTR,0.5
1589,2026-08-24,7.0,80.5,29.64,1.24,5,GHRSST L4 / INSAT-3DR MOSDAC / Sentinel-3 SLSTR,0.5
1590,2026-08-24,7.0,81.0,29.09,0.69,5,GHRSST L4 / INSAT-3DR MOSDAC / Sentinel-3 SLSTR,0.5
1591,2026-08-24,7.0,81.5,29.67,1.27,5,GHRSST L4 / INSAT-3DR MOSDAC / Sentinel-3 SLSTR,0.5
1592,2026-08-24,7.0,82.0,29.3,0.9,5,GHRSST L4 / INSAT-3DR MOSDAC / Sentinel-3 SLSTR,0.5
1593,2026-08-24,7.0,82.5,29.6,1.2,5,GHRSST L4 / INSAT-3DR MOSDAC / Sentinel-3 SLSTR,0.5
1594,2026-08-24,7.0,83.0,29.14,0.74,5,GHRSST L4 / INSAT-3DR MOSDAC / Sentinel-3 SLSTR,0.5
1595,2026-08-24,7.0,83.5,29.43,1.03,5,GHRSST L4 / INSAT-3DR MOSDAC / Sentinel-3 SLSTR,0.5
1596,2026-08-24,7.0,84.0,29.05,0.65,5,GHRSST L4 / INSAT-3DR MOSDAC / Sentinel-3 SLSTR,0.5
1597,2026-08-24,7.0,84.5,29.23,0.83,5,GHRSST L4 / INSAT-3DR MOSDAC / Sentinel-3 SLSTR,0.5
1598,2026-08-24,7.0,85.0,29.61,1.21,5,GHRSST L4 / INSAT-3DR MOSDAC / Sentinel-3 SLSTR,0.5
1599,2026-08-24,7.0,85.5,29.35,0.95,5,GHRSST L4 / INSAT-3DR MOSDAC / Sentinel-3 SLSTR,0.5
1600,2026-08-24,7.0,86.0,29.49,1.09,5,GHRSST L4 / INSAT-3DR MOSDAC / Sentinel-3 SLSTR,0.5
1601,2026-08-24,7.0,86.5,29.6,1.2,5,GHRSST L4 / INSAT-3DR MOSDAC / Sentinel-3 SLSTR,0.5
1602,2026-08-24,7.0,87.0,29.4,1.0,5,GHRSST L4 / INSAT-3DR MOSDAC / Sentinel-3 SLSTR,0.5
1603,2026-08-24,7.0,87.5,29.44,1.04,5,GHRSST L4 / INSAT-3DR MOSDAC / Sentinel-3 SLSTR,0.5
1604,2026-08-24,7.0,88.0,29.57,1.17,5,GHRSST L4 / INSAT-3DR MOSDAC / Sentinel-3 SLSTR,0.5
1605,2026-08-24,7.0,88.5,29.11,0.71,5,GHRSST L4 / INSAT-3DR MOSDAC / Sentinel-3 SLSTR,0.5
1606,2026-08-24,7.0,89.0,29.08,0.68,5,GHRSST L4 / INSAT-3DR MOSDAC / Sentinel-3 SLSTR,0.5
1607,2026-08-24,7.0,89.5,29.47,1.07,5,GHRSST L4 / INSAT-3DR MOSDAC / Sentinel-3 SLSTR,0.5
1608,2026-08-24,7.0,90.0,29.71,1.31,5,GHRSST L4 / INSAT-3DR MOSDAC / Sentinel-3 SLSTR,0.5
1609,2026-08-24,7.0,90.5,29.48,1.08,5,GHRSST L4 / INSAT-3DR MOSDAC / Sentinel-3 SLSTR,0.5
1610,2026-08-24,7.0,91.0,29.52,1.12,5,GHRSST L4 / INSAT-3DR MOSDAC / Sentinel-3 SLSTR,0.5
1611,2026-08-24,7.0,91.5,29.49,1.09,5,GHRSST L4 / INSAT-3DR MOSDAC / Sentinel-3 SLSTR,0.5
1612,2026-08-24,7.0,92.0,29.45,1.05,5,GHRSST L4 / INSAT-3DR MOSDAC / Sentinel-3 SLSTR,0.5
1613,2026-08-24,7.0,92.5,29.17,0.77,5,GHRSST L4 / INSAT-3DR MOSDAC / Sentinel-3 SLSTR,0.5
1614,2026-08-24,7.0,93.0,29.62,1.22,5,GHRSST L4 / INSAT-3DR MOSDAC / Sentinel-3 SLSTR,0.5
1615,2026-08-24,7.0,93.5,29.43,1.03,5,GHRSST L4 / INSAT-3DR MOSDAC / Sentinel-3 SLSTR,0.5
1616,2026-08-24,7.0,94.0,29.71,1.31,5,GHRSST L4 / INSAT-3DR MOSDAC / Sentinel-3 SLSTR,0.5
1617,2026-08-24,7.5,68.0,29.02,0.67,5,GHRSST L4 / INSAT-3DR MOSDAC / Sentinel-3 SLSTR,0.5
1618,2026-08-24,7.5,68.5,29.18,0.83,5,GHRSST L4 / INSAT-3DR MOSDAC / Sentinel-3 SLSTR,0.5
1619,2026-08-24,7.5,69.0,29.04,0.69,5,GHRSST L4 / INSAT-3DR MOSDAC / Sentinel-3 SLSTR,0.5
1620,2026-08-24,7.5,69.5,29.57,1.22,5,GHRSST L4 / INSAT-3DR MOSDAC / Sentinel-3 SLSTR,0.5
1621,2026-08-24,7.5,70.0,29.54,1.19,5,GHRSST L4 / INSAT-3DR MOSDAC / Sentinel-3 SLSTR,0.5
1622,2026-08-24,7.5,70.5,29.51,1.16,5,GHRSST L4 / INSAT-3DR MOSDAC / Sentinel-3 SLSTR,0.5
1623,2026-08-24,7.5,71.0,29.45,1.1,5,GHRSST L4 / INSAT-3DR MOSDAC / Sentinel-3 SLSTR,0.5
1624,2026-08-24,7.5,71.5,29.04,0.69,5,GHRSST L4 / INSAT-3DR MOSDAC / Sentinel-3 SLSTR,0.5
1625,2026-08-24,7.5,72.0,29.25,0.9,5,GHRSST L4 / INSAT-3DR MOSDAC / Sentinel-3 SLSTR,0.5
1626,2026-08-24,7.5,72.5,29.46,1.11,5,GHRSST L4 / INSAT-3DR MOSDAC / Sentinel-3 SLSTR,0.5
1627,2026-08-24,7.5,73.0,29.22,0.87,5,GHRSST L4 / INSAT-3DR MOSDAC / Sentinel-3 SLSTR,0.5
1628,2026-08-24,7.5,73.5,29.47,1.12,5,GHRSST L4 / INSAT-3DR MOSDAC / Sentinel-3 SLSTR,0.5
1629,2026-08-24,7.5,74.0,29.17,0.82,5,GHRSST L4 / INSAT-3DR MOSDAC / Sentinel-3 SLSTR,0.5
1630,2026-08-24,7.5,74.5,29.35,1.0,5,GHRSST L4 / INSAT-3DR MOSDAC / Sentinel-3 SLSTR,0.5
1631,2026-08-24,7.5,75.0,29.22,0.87,5,GHRSST L4 / INSAT-3DR MOSDAC / Sentinel-3 SLSTR,0.5
1632,2026-08-24,7.5,75.5,29.62,1.27,5,GHRSST L4 / INSAT-3DR MOSDAC / Sentinel-3 SLSTR,0.5
1633,2026-08-24,7.5,76.0,29.28,0.93,5,GHRSST L4 / INSAT-3DR MOSDAC / Sentinel-3 SLSTR,0.5
1634,2026-08-24,7.5,76.5,29.17,0.82,5,GHRSST L4 / INSAT-3DR MOSDAC / Sentinel-3 SLSTR,0.5
1635,2026-08-24,7.5,77.0,29.01,0.66,5,GHRSST L4 / INSAT-3DR MOSDAC / Sentinel-3 SLSTR,0.5
1636,2026-08-24,7.5,77.5,29.07,0.72,5,GHRSST L4 / INSAT-3DR MOSDAC / Sentinel-3 SLSTR,0.5
1637,2026-08-24,7.5,78.0,29.37,1.02,5,GHRSST L4 / INSAT-3DR MOSDAC / Sentinel-3 SLSTR,0.5
1638,2026-08-24,7.5,78.5,29.46,1.11,5,GHRSST L4 / INSAT-3DR MOSDAC / Sentinel-3 SLSTR,0.5
1639,2026-08-24,7.5,79.0,29.64,1.29,5,GHRSST L4 / INSAT-3DR MOSDAC / Sentinel-3 SLSTR,0.5
1640,2026-08-24,7.5,79.5,29.39,1.04,5,GHRSST L4 / INSAT-3DR MOSDAC / Sentinel-3 SLSTR,0.5
1641,2026-08-24,7.5,80.0,29.45,1.1,5,GHRSST L4 / INSAT-3DR MOSDAC / Sentinel-3 SLSTR,0.5
1642,2026-08-24,7.5,80.5,29.4,1.05,5,GHRSST L4 / INSAT-3DR MOSDAC / Sentinel-3 SLSTR,0.5
1643,2026-08-24,7.5,81.0,29.6,1.25,5,GHRSST L4 / INSAT-3DR MOSDAC / Sentinel-3 SLSTR,0.5
1644,2026-08-24,7.5,81.5,29.18,0.83,5,GHRSST L4 / INSAT-3DR MOSDAC / Sentinel-3 SLSTR,0.5
1645,2026-08-24,7.5,82.0,29.39,1.04,5,GHRSST L4 / INSAT-3DR MOSDAC / Sentinel-3 SLSTR,0.5
1646,2026-08-24,7.5,82.5,29.64,1.29,5,GHRSST L4 / INSAT-3DR MOSDAC / Sentinel-3 SLSTR,0.5
1647,2026-08-24,7.5,83.0,28.97,0.62,5,GHRSST L4 / INSAT-3DR MOSDAC / Sentinel-3 SLSTR,0.5
1648,2026-08-24,7.5,83.5,29.16,0.81,5,GHRSST L4 / INSAT-3DR MOSDAC / Sentinel-3 SLSTR,0.5
1649,2026-08-24,7.5,84.0,29.5,1.15,5,GHRSST L4 / INSAT-3DR MOSDAC / Sentinel-3 SLSTR,0.5
1650,2026-08-24,7.5,84.5,29.3,0.95,5,GHRSST L4 / INSAT-3DR MOSDAC / Sentinel-3 SLSTR,0.5
1651,2026-08-24,7.5,85.0,29.09,0.74,5,GHRSST L4 / INSAT-3DR MOSDAC / Sentinel-3 SLSTR,0.5
1652,2026-08-24,7.5,85.5,29.37,1.02,5,GHRSST L4 / INSAT-3DR MOSDAC / Sentinel-3 SLSTR,0.5
1653,2026-08-24,7.5,86.0,29.33,0.98,5,GHRSST L4 / INSAT-3DR MOSDAC / Sentinel-3 SLSTR,0.5
1654,2026-08-24,7.5,86.5,29.29,0.94,5,GHRSST L4 / INSAT-3DR MOSDAC / Sentinel-3 SLSTR,0.5
1655,2026-08-24,7.5,87.0,29.21,0.86,5,GHRSST L4 / INSAT-3DR MOSDAC / Sentinel-3 SLSTR,0.5
1656,2026-08-24,7.5,87.5,29.01,0.66,5,GHRSST L4 / INSAT-3DR MOSDAC / Sentinel-3 SLSTR,0.5
1657,2026-08-24,7.5,88.0,29.39,1.04,5,GHRSST L4 / INSAT-3DR MOSDAC / Sentinel-3 SLSTR,0.5
1658,2026-08-24,7.5,88.5,29.33,0.98,5,GHRSST L4 / INSAT-3DR MOSDAC / Sentinel-3 SLSTR,0.5
1659,2026-08-24,7.5,89.0,29.38,1.03,5,GHRSST L4 / INSAT-3DR MOSDAC / Sentinel-3 SLSTR,0.5
1660,2026-08-24,7.5,89.5,28.97,0.62,5,GHRSST L4 / INSAT-3DR MOSDAC / Sentinel-3 SLSTR,0.5
1661,2026-08-24,7.5,90.0,29.03,0.68,5,GHRSST L4 / INSAT-3DR MOSDAC / Sentinel-3 SLSTR,0.5
1662,2026-08-24,7.5,90.5,29.09,0.74,5,GHRSST L4 / INSAT-3DR MOSDAC / Sentinel-3 SLSTR,0.5
1663,2026-08-24,7.5,91.0,29.28,0.93,5,GHRSST L4 / INSAT-3DR MOSDAC / Sentinel-3 SLSTR,0.5
1664,2026-08-24,7.5,91.5,29.54,1.19,5,GHRSST L4 / INSAT-3DR MOSDAC / Sentinel-3 SLSTR,0.5
1665,2026-08-24,7.5,92.0,29.14,0.79,5,GHRSST L4 / INSAT-3DR MOSDAC / Sentinel-3 SLSTR,0.5
1666,2026-08-24,7.5,92.5,29.54,1.19,5,GHRSST L4 / INSAT-3DR MOSDAC / Sentinel-3 SLSTR,0.5
1667,2026-08-24,7.5,93.0,29.13,0.78,5,GHRSST L4 / INSAT-3DR MOSDAC / Sentinel-3 SLSTR,0.5
1668,2026-08-24,7.5,93.5,29.49,1.14,5,GHRSST L4 / INSAT-3DR MOSDAC / Sentinel-3 SLSTR,0.5
1669,2026-08-24,7.5,94.0,29.58,1.23,5,GHRSST L4 / INSAT-3DR MOSDAC / Sentinel-3 SLSTR,0.5
1670,2026-08-24,8.0,68.0,29.48,1.18,5,GHRSST L4 / INSAT-3DR MOSDAC / Sentinel-3 SLSTR,0.5
1671,2026-08-24,8.0,68.5,29.43,1.13,5,GHRSST L4 / INSAT-3DR MOSDAC / Sentinel-3 SLSTR,0.5
1672,2026-08-24,8.0,69.0,28.94,0.64,5,GHRSST L4 / INSAT-3DR MOSDAC / Sentinel-3 SLSTR,0.5
1673,2026-08-24,8.0,69.5,29.14,0.84,5,GHRSST L4 / INSAT-3DR MOSDAC / Sentinel-3 SLSTR,0.5
1674,2026-08-24,8.0,70.0,29.05,0.75,5,GHRSST L4 / INSAT-3DR MOSDAC / Sentinel-3 SLSTR,0.5
1675,2026-08-24,8.0,70.5,29.24,0.94,5,GHRSST L4 / INSAT-3DR MOSDAC / Sentinel-3 SLSTR,0.5
1676,2026-08-24,8.0,71.0,29.16,0.86,5,GHRSST L4 / INSAT-3DR MOSDAC / Sentinel-3 SLSTR,0.5
1677,2026-08-24,8.0,71.5,29.34,1.04,5,GHRSST L4 / INSAT-3DR MOSDAC / Sentinel-3 SLSTR,0.5
1678,2026-08-24,8.0,72.0,29.31,1.01,5,GHRSST L4 / INSAT-3DR MOSDAC / Sentinel-3 SLSTR,0.5
1679,2026-08-24,8.0,72.5,29.21,0.91,5,GHRSST L4 / INSAT-3DR MOSDAC / Sentinel-3 SLSTR,0.5
1680,2026-08-24,8.0,73.0,29.45,1.15,5,GHRSST L4 / INSAT-3DR MOSDAC / Sentinel-3 SLSTR,0.5
1681,2026-08-24,8.0,73.5,28.92,0.62,5,GHRSST L4 / INSAT-3DR MOSDAC / Sentinel-3 SLSTR,0.5
1682,2026-08-24,8.0,74.0,28.12,-0.18,5,GHRSST L4 / INSAT-3DR MOSDAC / Sentinel-3 SLSTR,0.5
1683,2026-08-24,8.0,74.5,27.51,-0.79,5,GHRSST L4 / INSAT-3DR MOSDAC / Sentinel-3 SLSTR,0.5
1684,2026-08-24,8.0,75.0,27.83,-0.47,5,GHRSST L4 / INSAT-3DR MOSDAC / Sentinel-3 SLSTR,0.5
1685,2026-08-24,8.0,75.5,28.13,-0.17,5,GHRSST L4 / INSAT-3DR MOSDAC / Sentinel-3 SLSTR,0.5
1686,2026-08-24,8.0,76.0,27.8,-0.5,5,GHRSST L4 / INSAT-3DR MOSDAC / Sentinel-3 SLSTR,0.5
1687,2026-08-24,8.0,76.5,28.04,-0.26,5,GHRSST L4 / INSAT-3DR MOSDAC / Sentinel-3 SLSTR,0.5
1688,2026-08-24,8.0,77.0,27.79,-0.51,5,GHRSST L4 / INSAT-3DR MOSDAC / Sentinel-3 SLSTR,0.5
1689,2026-08-24,8.0,77.5,29.51,1.21,5,GHRSST L4 / INSAT-3DR MOSDAC / Sentinel-3 SLSTR,0.5
1690,2026-08-24,8.0,78.0,29.61,1.31,5,GHRSST L4 / INSAT-3DR MOSDAC / Sentinel-3 SLSTR,0.5
1691,2026-08-24,8.0,78.5,29.54,1.24,5,GHRSST L4 / INSAT-3DR MOSDAC / Sentinel-3 SLSTR,0.5
1692,2026-08-24,8.0,79.0,28.95,0.65,5,GHRSST L4 / INSAT-3DR MOSDAC / Sentinel-3 SLSTR,0.5
1693,2026-08-24,8.0,79.5,29.01,0.71,5,GHRSST L4 / INSAT-3DR MOSDAC / Sentinel-3 SLSTR,0.5
1694,2026-08-24,8.0,80.0,29.29,0.99,5,GHRSST L4 / INSAT-3DR MOSDAC / Sentinel-3 SLSTR,0.5
1695,2026-08-24,8.0,80.5,29.58,1.28,5,GHRSST L4 / INSAT-3DR MOSDAC / Sentinel-3 SLSTR,0.5
1696,2026-08-24,8.0,81.0,29.19,0.89,5,GHRSST L4 / INSAT-3DR MOSDAC / Sentinel-3 SLSTR,0.5
1697,2026-08-24,8.0,81.5,29.1,0.8,5,GHRSST L4 / INSAT-3DR MOSDAC / Sentinel-3 SLSTR,0.5
1698,2026-08-24,8.0,82.0,29.59,1.29,5,GHRSST L4 / INSAT-3DR MOSDAC / Sentinel-3 SLSTR,0.5
1699,2026-08-24,8.0,82.5,29.41,1.11,5,GHRSST L4 / INSAT-3DR MOSDAC / Sentinel-3 SLSTR,0.5
1700,2026-08-24,8.0,83.0,29.45,1.15,5,GHRSST L4 / INSAT-3DR MOSDAC / Sentinel-3 SLSTR,0.5
1701,2026-08-24,8.0,83.5,28.99,0.69,5,GHRSST L4 / INSAT-3DR MOSDAC / Sentinel-3 SLSTR,0.5
1702,2026-08-24,8.0,84.0,29.09,0.79,5,GHRSST L4 / INSAT-3DR MOSDAC / Sentinel-3 SLSTR,0.5
1703,2026-08-24,8.0,84.5,29.26,0.96,5,GHRSST L4 / INSAT-3DR MOSDAC / Sentinel-3 SLSTR,0.5
1704,2026-08-24,8.0,85.0,29.43,1.13,5,GHRSST L4 / INSAT-3DR MOSDAC / Sentinel-3 SLSTR,0.5
1705,2026-08-24,8.0,85.5,29.15,0.85,5,GHRSST L4 / INSAT-3DR MOSDAC / Sentinel-3 SLSTR,0.5
1706,2026-08-24,8.0,86.0,29.05,0.75,5,GHRSST L4 / INSAT-3DR MOSDAC / Sentinel-3 SLSTR,0.5
1707,2026-08-24,8.0,86.5,29.22,0.92,5,GHRSST L4 / INSAT-3DR MOSDAC / Sentinel-3 SLSTR,0.5
1708,2026-08-24,8.0,87.0,29.21,0.91,5,GHRSST L4 / INSAT-3DR MOSDAC / Sentinel-3 SLSTR,0.5
1709,2026-08-24,8.0,87.5,29.52,1.22,5,GHRSST L4 / INSAT-3DR MOSDAC / Sentinel-3 SLSTR,0.5
1710,2026-08-24,8.0,88.0,29.56,1.26,5,GHRSST L4 / INSAT-3DR MOSDAC / Sentinel-3 SLSTR,0.5
1711,2026-08-24,8.0,88.5,29.03,0.73,5,GHRSST L4 / INSAT-3DR MOSDAC / Sentinel-3 SLSTR,0.5
1712,2026-08-24,8.0,89.0,29.11,0.81,5,GHRSST L4 / INSAT-3DR MOSDAC / Sentinel-3 SLSTR,0.5
1713,2026-08-24,8.0,89.5,29.46,1.16,5,GHRSST L4 / INSAT-3DR MOSDAC / Sentinel-3 SLSTR,0.5
1714,2026-08-24,8.0,90.0,29.08,0.78,5,GHRSST L4 / INSAT-3DR MOSDAC / Sentinel-3 SLSTR,0.5
1715,2026-08-24,8.0,90.5,29.1,0.8,5,GHRSST L4 / INSAT-3DR MOSDAC / Sentinel-3 SLSTR,0.5
1716,2026-08-24,8.0,91.0,29.38,1.08,5,GHRSST L4 / INSAT-3DR MOSDAC / Sentinel-3 SLSTR,0.5
1717,2026-08-24,8.0,91.5,29.27,0.97,5,GHRSST L4 / INSAT-3DR MOSDAC / Sentinel-3 SLSTR,0.5
1718,2026-08-24,8.0,92.0,29.4,1.1,5,GHRSST L4 / INSAT-3DR MOSDAC / Sentinel-3 SLSTR,0.5
1719,2026-08-24,8.0,92.5,28.96,0.66,5,GHRSST L4 / INSAT-3DR MOSDAC / Sentinel-3 SLSTR,0.5
1720,2026-08-24,8.0,93.0,29.26,0.96,5,GHRSST L4 / INSAT-3DR MOSDAC / Sentinel-3 SLSTR,0.5
1721,2026-08-24,8.0,93.5,29.38,1.08,5,GHRSST L4 / INSAT-3DR MOSDAC / Sentinel-3 SLSTR,0.5
1722,2026-08-24,8.0,94.0,29.24,0.94,5,GHRSST L4 / INSAT-3DR MOSDAC / Sentinel-3 SLSTR,0.5
1723,2026-08-24,8.5,68.0,28.94,0.69,5,GHRSST L4 / INSAT-3DR MOSDAC / Sentinel-3 SLSTR,0.5
1724,2026-08-24,8.5,68.5,28.94,0.69,5,GHRSST L4 / INSAT-3DR MOSDAC / Sentinel-3 SLSTR,0.5
1725,2026-08-24,8.5,69.0,29.26,1.01,5,GHRSST L4 / INSAT-3DR MOSDAC / Sentinel-3 SLSTR,0.5
1726,2026-08-24,8.5,69.5,28.95,0.7,5,GHRSST L4 / INSAT-3DR MOSDAC / Sentinel-3 SLSTR,0.5
1727,2026-08-24,8.5,70.0,29.06,0.81,5,GHRSST L4 / INSAT-3DR MOSDAC / Sentinel-3 SLSTR,0.5
1728,2026-08-24,8.5,70.5,29.16,0.91,5,GHRSST L4 / INSAT-3DR MOSDAC / Sentinel-3 SLSTR,0.5
1729,2026-08-24,8.5,71.0,29.27,1.02,5,GHRSST L4 / INSAT-3DR MOSDAC / Sentinel-3 SLSTR,0.5
1730,2026-08-24,8.5,71.5,29.04,0.79,5,GHRSST L4 / INSAT-3DR MOSDAC / Sentinel-3 SLSTR,0.5
1731,2026-08-24,8.5,72.0,29.13,0.88,5,GHRSST L4 / INSAT-3DR MOSDAC / Sentinel-3 SLSTR,0.5
1732,2026-08-24,8.5,72.5,29.11,0.86,5,GHRSST L4 / INSAT-3DR MOSDAC / Sentinel-3 SLSTR,0.5
1733,2026-08-24,8.5,73.0,28.92,0.67,5,GHRSST L4 / INSAT-3DR MOSDAC / Sentinel-3 SLSTR,0.5
1734,2026-08-24,8.5,73.5,29.41,1.16,5,GHRSST L4 / INSAT-3DR MOSDAC / Sentinel-3 SLSTR,0.5
1735,2026-08-24,8.5,74.0,27.97,-0.28,5,GHRSST L4 / INSAT-3DR MOSDAC / Sentinel-3 SLSTR,0.5
1736,2026-08-24,8.5,74.5,28.0,-0.25,5,GHRSST L4 / INSAT-3DR MOSDAC / Sentinel-3 SLSTR,0.5
1737,2026-08-24,8.5,75.0,27.55,-0.7,5,GHRSST L4 / INSAT-3DR MOSDAC / Sentinel-3 SLSTR,0.5
1738,2026-08-24,8.5,75.5,27.81,-0.44,5,GHRSST L4 / INSAT-3DR MOSDAC / Sentinel-3 SLSTR,0.5
1739,2026-08-24,8.5,76.0,27.68,-0.57,5,GHRSST L4 / INSAT-3DR MOSDAC / Sentinel-3 SLSTR,0.5
1740,2026-08-24,8.5,76.5,27.69,-0.56,5,GHRSST L4 / INSAT-3DR MOSDAC / Sentinel-3 SLSTR,0.5
1741,2026-08-24,8.5,77.0,27.5,-0.75,5,GHRSST L4 / INSAT-3DR MOSDAC / Sentinel-3 SLSTR,0.5
1742,2026-08-24,8.5,77.5,29.51,1.26,5,GHRSST L4 / INSAT-3DR MOSDAC / Sentinel-3 SLSTR,0.5
1743,2026-08-24,8.5,78.0,29.51,1.26,5,GHRSST L4 / INSAT-3DR MOSDAC / Sentinel-3 SLSTR,0.5
1744,2026-08-24,8.5,78.5,29.14,0.89,5,GHRSST L4 / INSAT-3DR MOSDAC / Sentinel-3 SLSTR,0.5
1745,2026-08-24,8.5,79.0,29.45,1.2,5,GHRSST L4 / INSAT-3DR MOSDAC / Sentinel-3 SLSTR,0.5
1746,2026-08-24,8.5,79.5,29.08,0.83,5,GHRSST L4 / INSAT-3DR MOSDAC / Sentinel-3 SLSTR,0.5
1747,2026-08-24,8.5,80.0,29.24,0.99,5,GHRSST L4 / INSAT-3DR MOSDAC / Sentinel-3 SLSTR,0.5
1748,2026-08-24,8.5,80.5,29.37,1.12,5,GHRSST L4 / INSAT-3DR MOSDAC / Sentinel-3 SLSTR,0.5
1749,2026-08-24,8.5,81.0,29.22,0.97,5,GHRSST L4 / INSAT-3DR MOSDAC / Sentinel-3 SLSTR,0.5
1750,2026-08-24,8.5,81.5,28.96,0.71,5,GHRSST L4 / INSAT-3DR MOSDAC / Sentinel-3 SLSTR,0.5
1751,2026-08-24,8.5,82.0,29.12,0.87,5,GHRSST L4 / INSAT-3DR MOSDAC / Sentinel-3 SLSTR,0.5
1752,2026-08-24,8.5,82.5,29.38,1.13,5,GHRSST L4 / INSAT-3DR MOSDAC / Sentinel-3 SLSTR,0.5
1753,2026-08-24,8.5,83.0,29.4,1.15,5,GHRSST L4 / INSAT-3DR MOSDAC / Sentinel-3 SLSTR,0.5
1754,2026-08-24,8.5,83.5,29.09,0.84,5,GHRSST L4 / INSAT-3DR MOSDAC / Sentinel-3 SLSTR,0.5
1755,2026-08-24,8.5,84.0,29.23,0.98,5,GHRSST L4 / INSAT-3DR MOSDAC / Sentinel-3 SLSTR,0.5
1756,2026-08-24,8.5,84.5,28.99,0.74,5,GHRSST L4 / INSAT-3DR MOSDAC / Sentinel-3 SLSTR,0.5
1757,2026-08-24,8.5,85.0,29.03,0.78,5,GHRSST L4 / INSAT-3DR MOSDAC / Sentinel-3 SLSTR,0.5
1758,2026-08-24,8.5,85.5,28.95,0.7,5,GHRSST L4 / INSAT-3DR MOSDAC / Sentinel-3 SLSTR,0.5
1759,2026-08-24,8.5,86.0,29.16,0.91,5,GHRSST L4 / INSAT-3DR MOSDAC / Sentinel-3 SLSTR,0.5
1760,2026-08-24,8.5,86.5,29.35,1.1,5,GHRSST L4 / INSAT-3DR MOSDAC / Sentinel-3 SLSTR,0.5
1761,2026-08-24,8.5,87.0,29.47,1.22,5,GHRSST L4 / INSAT-3DR MOSDAC / Sentinel-3 SLSTR,0.5
1762,2026-08-24,8.5,87.5,29.23,0.98,5,GHRSST L4 / INSAT-3DR MOSDAC / Sentinel-3 SLSTR,0.5
1763,2026-08-24,8.5,88.0,29.31,1.06,5,GHRSST L4 / INSAT-3DR MOSDAC / Sentinel-3 SLSTR,0.5
1764,2026-08-24,8.5,88.5,29.04,0.79,5,GHRSST L4 / INSAT-3DR MOSDAC / Sentinel-3 SLSTR,0.5
1765,2026-08-24,8.5,89.0,28.99,0.74,5,GHRSST L4 / INSAT-3DR MOSDAC / Sentinel-3 SLSTR,0.5
1766,2026-08-24,8.5,89.5,29.13,0.88,5,GHRSST L4 / INSAT-3DR MOSDAC / Sentinel-3 SLSTR,0.5
1767,2026-08-24,8.5,90.0,29.24,0.99,5,GHRSST L4 / INSAT-3DR MOSDAC / Sentinel-3 SLSTR,0.5
1768,2026-08-24,8.5,90.5,28.87,0.62,5,GHRSST L4 / INSAT-3DR MOSDAC / Sentinel-3 SLSTR,0.5
1769,2026-08-24,8.5,91.0,28.91,0.66,5,GHRSST L4 / INSAT-3DR MOSDAC / Sentinel-3 SLSTR,0.5
1770,2026-08-24,8.5,91.5,29.29,1.04,5,GHRSST L4 / INSAT-3DR MOSDAC / Sentinel-3 SLSTR,0.5
1771,2026-08-24,8.5,92.0,28.99,0.74,5,GHRSST L4 / INSAT-3DR MOSDAC / Sentinel-3 SLSTR,0.5
1772,2026-08-24,8.5,92.5,29.17,0.92,5,GHRSST L4 / INSAT-3DR MOSDAC / Sentinel-3 SLSTR,0.5
1773,2026-08-24,8.5,93.0,29.51,1.26,5,GHRSST L4 / INSAT-3DR MOSDAC / Sentinel-3 SLSTR,0.5
1774,2026-08-24,8.5,93.5,29.45,1.2,5,GHRSST L4 / INSAT-3DR MOSDAC / Sentinel-3 SLSTR,0.5
1775,2026-08-24,8.5,94.0,28.89,0.64,5,GHRSST L4 / INSAT-3DR MOSDAC / Sentinel-3 SLSTR,0.5
1776,2026-08-24,9.0,68.0,28.83,0.63,5,GHRSST L4 / INSAT-3DR MOSDAC / Sentinel-3 SLSTR,0.5
1777,2026-08-24,9.0,68.5,28.89,0.69,5,GHRSST L4 / INSAT-3DR MOSDAC / Sentinel-3 SLSTR,0.5
1778,2026-08-24,9.0,69.0,28.87,0.67,5,GHRSST L4 / INSAT-3DR MOSDAC / Sentinel-3 SLSTR,0.5
1779,2026-08-24,9.0,69.5,28.97,0.77,5,GHRSST L4 / INSAT-3DR MOSDAC / Sentinel-3 SLSTR,0.5
1780,2026-08-24,9.0,70.0,29.05,0.85,5,GHRSST L4 / INSAT-3DR MOSDAC / Sentinel-3 SLSTR,0.5
1781,2026-08-24,9.0,70.5,28.85,0.65,5,GHRSST L4 / INSAT-3DR MOSDAC / Sentinel-3 SLSTR,0.5
1782,2026-08-24,9.0,71.0,29.11,0.91,5,GHRSST L4 / INSAT-3DR MOSDAC / Sentinel-3 SLSTR,0.5
1783,2026-08-24,9.0,71.5,29.16,0.96,5,GHRSST L4 / INSAT-3DR MOSDAC / Sentinel-3 SLSTR,0.5
1784,2026-08-24,9.0,72.0,29.25,1.05,5,GHRSST L4 / INSAT-3DR MOSDAC / Sentinel-3 SLSTR,0.5
1785,2026-08-24,9.0,80.5,29.07,0.87,5,GHRSST L4 / INSAT-3DR MOSDAC / Sentinel-3 SLSTR,0.5
1786,2026-08-24,9.0,81.0,29.0,0.8,5,GHRSST L4 / INSAT-3DR MOSDAC / Sentinel-3 SLSTR,0.5
1787,2026-08-24,9.0,81.5,29.24,1.04,5,GHRSST L4 / INSAT-3DR MOSDAC / Sentinel-3 SLSTR,0.5
1788,2026-08-24,9.0,82.0,29.43,1.23,5,GHRSST L4 / INSAT-3DR MOSDAC / Sentinel-3 SLSTR,0.5
1789,2026-08-24,9.0,82.5,29.07,0.87,5,GHRSST L4 / INSAT-3DR MOSDAC / Sentinel-3 SLSTR,0.5
1790,2026-08-24,9.0,83.0,29.0,0.8,5,GHRSST L4 / INSAT-3DR MOSDAC / Sentinel-3 SLSTR,0.5
1791,2026-08-24,9.0,83.5,29.29,1.09,5,GHRSST L4 / INSAT-3DR MOSDAC / Sentinel-3 SLSTR,0.5
1792,2026-08-24,9.0,84.0,29.4,1.2,5,GHRSST L4 / INSAT-3DR MOSDAC / Sentinel-3 SLSTR,0.5
1793,2026-08-24,9.0,84.5,29.46,1.26,5,GHRSST L4 / INSAT-3DR MOSDAC / Sentinel-3 SLSTR,0.5
1794,2026-08-24,9.0,85.0,28.94,0.74,5,GHRSST L4 / INSAT-3DR MOSDAC / Sentinel-3 SLSTR,0.5
1795,2026-08-24,9.0,85.5,29.0,0.8,5,GHRSST L4 / INSAT-3DR MOSDAC / Sentinel-3 SLSTR,0.5
1796,2026-08-24,9.0,86.0,29.42,1.22,5,GHRSST L4 / INSAT-3DR MOSDAC / Sentinel-3 SLSTR,0.5
1797,2026-08-24,9.0,86.5,28.98,0.78,5,GHRSST L4 / INSAT-3DR MOSDAC / Sentinel-3 SLSTR,0.5
1798,2026-08-24,9.0,87.0,29.03,0.83,5,GHRSST L4 / INSAT-3DR MOSDAC / Sentinel-3 SLSTR,0.5
1799,2026-08-24,9.0,87.5,29.24,1.04,5,GHRSST L4 / INSAT-3DR MOSDAC / Sentinel-3 SLSTR,0.5
1800,2026-08-24,9.0,88.0,29.19,0.99,5,GHRSST L4 / INSAT-3DR MOSDAC / Sentinel-3 SLSTR,0.5
1801,2026-08-24,9.0,88.5,29.4,1.2,5,GHRSST L4 / INSAT-3DR MOSDAC / Sentinel-3 SLSTR,0.5
1802,2026-08-24,9.0,89.0,29.22,1.02,5,GHRSST L4 / INSAT-3DR MOSDAC / Sentinel-3 SLSTR,0.5
1803,2026-08-24,9.0,89.5,29.13,0.93,5,GHRSST L4 / INSAT-3DR MOSDAC / Sentinel-3 SLSTR,0.5
1804,2026-08-24,9.0,90.0,28.84,0.64,5,GHRSST L4 / INSAT-3DR MOSDAC / Sentinel-3 SLSTR,0.5
1805,2026-08-24,9.0,90.5,29.47,1.27,5,GHRSST L4 / INSAT-3DR MOSDAC / Sentinel-3 SLSTR,0.5
1806,2026-08-24,9.0,91.0,29.09,0.89,5,GHRSST L4 / INSAT-3DR MOSDAC / Sentinel-3 SLSTR,0.5
1807,2026-08-24,9.0,91.5,29.19,0.99,5,GHRSST L4 / INSAT-3DR MOSDAC / Sentinel-3 SLSTR,0.5
1808,2026-08-24,9.0,92.0,29.14,0.94,5,GHRSST L4 / INSAT-3DR MOSDAC / Sentinel-3 SLSTR,0.5
1809,2026-08-24,9.0,92.5,29.31,1.11,5,GHRSST L4 / INSAT-3DR MOSDAC / Sentinel-3 SLSTR,0.5
1810,2026-08-24,9.0,93.0,29.24,1.04,5,GHRSST L4 / INSAT-3DR MOSDAC / Sentinel-3 SLSTR,0.5
1811,2026-08-24,9.0,93.5,29.03,0.83,5,GHRSST L4 / INSAT-3DR MOSDAC / Sentinel-3 SLSTR,0.5
1812,2026-08-24,9.0,94.0,29.15,0.95,5,GHRSST L4 / INSAT-3DR MOSDAC / Sentinel-3 SLSTR,0.5
1813,2026-08-24,9.5,68.0,29.31,1.16,5,GHRSST L4 / INSAT-3DR MOSDAC / Sentinel-3 SLSTR,0.5
1814,2026-08-24,9.5,68.5,29.17,1.02,5,GHRSST L4 / INSAT-3DR MOSDAC / Sentinel-3 SLSTR,0.5
1815,2026-08-24,9.5,69.0,29.4,1.25,5,GHRSST L4 / INSAT-3DR MOSDAC / Sentinel-3 SLSTR,0.5
1816,2026-08-24,9.5,69.5,29.26,1.11,5,GHRSST L4 / INSAT-3DR MOSDAC / Sentinel-3 SLSTR,0.5
1817,2026-08-24,9.5,70.0,29.07,0.92,5,GHRSST L4 / INSAT-3DR MOSDAC / Sentinel-3 SLSTR,0.5
1818,2026-08-24,9.5,70.5,29.29,1.14,5,GHRSST L4 / INSAT-3DR MOSDAC / Sentinel-3 SLSTR,0.5
1819,2026-08-24,9.5,71.0,29.04,0.89,5,GHRSST L4 / INSAT-3DR MOSDAC / Sentinel-3 SLSTR,0.5
1820,2026-08-24,9.5,71.5,28.88,0.73,5,GHRSST L4 / INSAT-3DR MOSDAC / Sentinel-3 SLSTR,0.5
1821,2026-08-24,9.5,72.0,29.17,1.02,5,GHRSST L4 / INSAT-3DR MOSDAC / Sentinel-3 SLSTR,0.5
1822,2026-08-24,9.5,80.5,28.98,0.83,5,GHRSST L4 / INSAT-3DR MOSDAC / Sentinel-3 SLSTR,0.5
1823,2026-08-24,9.5,81.0,28.75,0.6,5,GHRSST L4 / INSAT-3DR MOSDAC / Sentinel-3 SLSTR,0.5
1824,2026-08-24,9.5,81.5,28.88,0.73,5,GHRSST L4 / INSAT-3DR MOSDAC / Sentinel-3 SLSTR,0.5
1825,2026-08-24,9.5,82.0,28.85,0.7,5,GHRSST L4 / INSAT-3DR MOSDAC / Sentinel-3 SLSTR,0.5
1826,2026-08-24,9.5,82.5,29.29,1.14,5,GHRSST L4 / INSAT-3DR MOSDAC / Sentinel-3 SLSTR,0.5
1827,2026-08-24,9.5,83.0,29.24,1.09,5,GHRSST L4 / INSAT-3DR MOSDAC / Sentinel-3 SLSTR,0.5
1828,2026-08-24,9.5,83.5,29.16,1.01,5,GHRSST L4 / INSAT-3DR MOSDAC / Sentinel-3 SLSTR,0.5
1829,2026-08-24,9.5,84.0,29.38,1.23,5,GHRSST L4 / INSAT-3DR MOSDAC / Sentinel-3 SLSTR,0.5
1830,2026-08-24,9.5,84.5,28.85,0.7,5,GHRSST L4 / INSAT-3DR MOSDAC / Sentinel-3 SLSTR,0.5
1831,2026-08-24,9.5,85.0,28.84,0.69,5,GHRSST L4 / INSAT-3DR MOSDAC / Sentinel-3 SLSTR,0.5
1832,2026-08-24,9.5,85.5,29.37,1.22,5,GHRSST L4 / INSAT-3DR MOSDAC / Sentinel-3 SLSTR,0.5
1833,2026-08-24,9.5,86.0,29.18,1.03,5,GHRSST L4 / INSAT-3DR MOSDAC / Sentinel-3 SLSTR,0.5
1834,2026-08-24,9.5,86.5,29.12,0.97,5,GHRSST L4 / INSAT-3DR MOSDAC / Sentinel-3 SLSTR,0.5
1835,2026-08-24,9.5,87.0,29.25,1.1,5,GHRSST L4 / INSAT-3DR MOSDAC / Sentinel-3 SLSTR,0.5
1836,2026-08-24,9.5,87.5,28.93,0.78,5,GHRSST L4 / INSAT-3DR MOSDAC / Sentinel-3 SLSTR,0.5
1837,2026-08-24,9.5,88.0,29.15,1.0,5,GHRSST L4 / INSAT-3DR MOSDAC / Sentinel-3 SLSTR,0.5
1838,2026-08-24,9.5,88.5,29.03,0.88,5,GHRSST L4 / INSAT-3DR MOSDAC / Sentinel-3 SLSTR,0.5
1839,2026-08-24,9.5,89.0,28.94,0.79,5,GHRSST L4 / INSAT-3DR MOSDAC / Sentinel-3 SLSTR,0.5
1840,2026-08-24,9.5,89.5,29.34,1.19,5,GHRSST L4 / INSAT-3DR MOSDAC / Sentinel-3 SLSTR,0.5
1841,2026-08-24,9.5,90.0,28.84,0.69,5,GHRSST L4 / INSAT-3DR MOSDAC / Sentinel-3 SLSTR,0.5
1842,2026-08-24,9.5,90.5,28.74,0.59,5,GHRSST L4 / INSAT-3DR MOSDAC / Sentinel-3 SLSTR,0.5
1843,2026-08-24,9.5,91.0,28.98,0.83,5,GHRSST L4 / INSAT-3DR MOSDAC / Sentinel-3 SLSTR,0.5
1844,2026-08-24,9.5,91.5,28.87,0.72,5,GHRSST L4 / INSAT-3DR MOSDAC / Sentinel-3 SLSTR,0.5
1845,2026-08-24,9.5,92.0,29.3,1.15,5,GHRSST L4 / INSAT-3DR MOSDAC / Sentinel-3 SLSTR,0.5
1846,2026-08-24,9.5,92.5,28.82,0.67,5,GHRSST L4 / INSAT-3DR MOSDAC / Sentinel-3 SLSTR,0.5
1847,2026-08-24,9.5,93.0,29.39,1.24,5,GHRSST L4 / INSAT-3DR MOSDAC / Sentinel-3 SLSTR,0.5
1848,2026-08-24,9.5,93.5,28.85,0.7,5,GHRSST L4 / INSAT-3DR MOSDAC / Sentinel-3 SLSTR,0.5
1849,2026-08-24,9.5,94.0,29.35,1.2,5,GHRSST L4 / INSAT-3DR MOSDAC / Sentinel-3 SLSTR,0.5
1850,2026-08-24,10.0,68.0,28.79,0.69,5,GHRSST L4 / INSAT-3DR MOSDAC / Sentinel-3 SLSTR,0.5
1851,2026-08-24,10.0,68.5,28.7,0.6,5,GHRSST L4 / INSAT-3DR MOSDAC / Sentinel-3 SLSTR,0.5
1852,2026-08-24,10.0,69.0,29.01,0.91,5,GHRSST L4 / INSAT-3DR MOSDAC / Sentinel-3 SLSTR,0.5
1853,2026-08-24,10.0,69.5,28.92,0.82,5,GHRSST L4 / INSAT-3DR MOSDAC / Sentinel-3 SLSTR,0.5
1854,2026-08-24,10.0,70.0,29.09,0.99,5,GHRSST L4 / INSAT-3DR MOSDAC / Sentinel-3 SLSTR,0.5
1855,2026-08-24,10.0,70.5,29.12,1.02,5,GHRSST L4 / INSAT-3DR MOSDAC / Sentinel-3 SLSTR,0.5
1856,2026-08-24,10.0,71.0,29.32,1.22,5,GHRSST L4 / INSAT-3DR MOSDAC / Sentinel-3 SLSTR,0.5
1857,2026-08-24,10.0,71.5,29.34,1.24,5,GHRSST L4 / INSAT-3DR MOSDAC / Sentinel-3 SLSTR,0.5
1858,2026-08-24,10.0,72.0,29.02,0.92,5,GHRSST L4 / INSAT-3DR MOSDAC / Sentinel-3 SLSTR,0.5
1859,2026-08-24,10.0,81.0,28.82,0.72,5,GHRSST L4 / INSAT-3DR MOSDAC / Sentinel-3 SLSTR,0.5
1860,2026-08-24,10.0,81.5,28.84,0.74,5,GHRSST L4 / INSAT-3DR MOSDAC / Sentinel-3 SLSTR,0.5
1861,2026-08-24,10.0,82.0,28.74,0.64,5,GHRSST L4 / INSAT-3DR MOSDAC / Sentinel-3 SLSTR,0.5
1862,2026-08-24,10.0,82.5,28.87,0.77,5,GHRSST L4 / INSAT-3DR MOSDAC / Sentinel-3 SLSTR,0.5
1863,2026-08-24,10.0,83.0,29.31,1.21,5,GHRSST L4 / INSAT-3DR MOSDAC / Sentinel-3 SLSTR,0.5
1864,2026-08-24,10.0,83.5,28.93,0.83,5,GHRSST L4 / INSAT-3DR MOSDAC / Sentinel-3 SLSTR,0.5
1865,2026-08-24,10.0,84.0,29.11,1.01,5,GHRSST L4 / INSAT-3DR MOSDAC / Sentinel-3 SLSTR,0.5
1866,2026-08-24,10.0,84.5,29.36,1.26,5,GHRSST L4 / INSAT-3DR MOSDAC / Sentinel-3 SLSTR,0.5
1867,2026-08-24,10.0,85.0,28.74,0.64,5,GHRSST L4 / INSAT-3DR MOSDAC / Sentinel-3 SLSTR,0.5
1868,2026-08-24,10.0,85.5,29.21,1.11,5,GHRSST L4 / INSAT-3DR MOSDAC / Sentinel-3 SLSTR,0.5
1869,2026-08-24,10.0,86.0,29.16,1.06,5,GHRSST L4 / INSAT-3DR MOSDAC / Sentinel-3 SLSTR,0.5
1870,2026-08-24,10.0,86.5,29.24,1.14,5,GHRSST L4 / INSAT-3DR MOSDAC / Sentinel-3 SLSTR,0.5
1871,2026-08-24,10.0,87.0,28.77,0.67,5,GHRSST L4 / INSAT-3DR MOSDAC / Sentinel-3 SLSTR,0.5
1872,2026-08-24,10.0,87.5,29.02,0.92,5,GHRSST L4 / INSAT-3DR MOSDAC / Sentinel-3 SLSTR,0.5
1873,2026-08-24,10.0,88.0,29.11,1.01,5,GHRSST L4 / INSAT-3DR MOSDAC / Sentinel-3 SLSTR,0.5
1874,2026-08-24,10.0,88.5,29.2,1.1,5,GHRSST L4 / INSAT-3DR MOSDAC / Sentinel-3 SLSTR,0.5
1875,2026-08-24,10.0,89.0,29.17,1.07,5,GHRSST L4 / INSAT-3DR MOSDAC / Sentinel-3 SLSTR,0.5
1876,2026-08-24,10.0,89.5,29.07,0.97,5,GHRSST L4 / INSAT-3DR MOSDAC / Sentinel-3 SLSTR,0.5
1877,2026-08-24,10.0,90.0,29.0,0.9,5,GHRSST L4 / INSAT-3DR MOSDAC / Sentinel-3 SLSTR,0.5
1878,2026-08-24,10.0,90.5,29.33,1.23,5,GHRSST L4 / INSAT-3DR MOSDAC / Sentinel-3 SLSTR,0.5
1879,2026-08-24,10.0,91.0,28.8,0.7,5,GHRSST L4 / INSAT-3DR MOSDAC / Sentinel-3 SLSTR,0.5
1880,2026-08-24,10.0,91.5,28.81,0.71,5,GHRSST L4 / INSAT-3DR MOSDAC / Sentinel-3 SLSTR,0.5
1881,2026-08-24,10.0,92.0,28.75,0.65,5,GHRSST L4 / INSAT-3DR MOSDAC / Sentinel-3 SLSTR,0.5
1882,2026-08-24,10.0,92.5,28.75,0.65,5,GHRSST L4 / INSAT-3DR MOSDAC / Sentinel-3 SLSTR,0.5
1883,2026-08-24,10.0,93.0,29.28,1.18,5,GHRSST L4 / INSAT-3DR MOSDAC / Sentinel-3 SLSTR,0.5
1884,2026-08-24,10.0,93.5,29.09,0.99,5,GHRSST L4 / INSAT-3DR MOSDAC / Sentinel-3 SLSTR,0.5
1885,2026-08-24,10.0,94.0,29.32,1.22,5,GHRSST L4 / INSAT-3DR MOSDAC / Sentinel-3 SLSTR,0.5
1886,2026-08-24,10.5,68.0,29.23,1.18,5,GHRSST L4 / INSAT-3DR MOSDAC / Sentinel-3 SLSTR,0.5
1887,2026-08-24,10.5,68.5,28.82,0.77,5,GHRSST L4 / INSAT-3DR MOSDAC / Sentinel-3 SLSTR,0.5
1888,2026-08-24,10.5,69.0,29.06,1.01,5,GHRSST L4 / INSAT-3DR MOSDAC / Sentinel-3 SLSTR,0.5
1889,2026-08-24,10.5,69.5,28.88,0.83,5,GHRSST L4 / INSAT-3DR MOSDAC / Sentinel-3 SLSTR,0.5
1890,2026-08-24,10.5,70.0,29.22,1.17,5,GHRSST L4 / INSAT-3DR MOSDAC / Sentinel-3 SLSTR,0.5
1891,2026-08-24,10.5,70.5,29.12,1.07,5,GHRSST L4 / INSAT-3DR MOSDAC / Sentinel-3 SLSTR,0.5
1892,2026-08-24,10.5,71.0,28.7,0.65,5,GHRSST L4 / INSAT-3DR MOSDAC / Sentinel-3 SLSTR,0.5
1893,2026-08-24,10.5,71.5,28.79,0.74,5,GHRSST L4 / INSAT-3DR MOSDAC / Sentinel-3 SLSTR,0.5
1894,2026-08-24,10.5,72.0,29.07,1.02,5,GHRSST L4 / INSAT-3DR MOSDAC / Sentinel-3 SLSTR,0.5
1895,2026-08-24,10.5,81.0,28.78,0.73,5,GHRSST L4 / INSAT-3DR MOSDAC / Sentinel-3 SLSTR,0.5
1896,2026-08-24,10.5,81.5,28.98,0.93,5,GHRSST L4 / INSAT-3DR MOSDAC / Sentinel-3 SLSTR,0.5
1897,2026-08-24,10.5,82.0,28.78,0.73,5,GHRSST L4 / INSAT-3DR MOSDAC / Sentinel-3 SLSTR,0.5
1898,2026-08-24,10.5,82.5,29.09,1.04,5,GHRSST L4 / INSAT-3DR MOSDAC / Sentinel-3 SLSTR,0.5
1899,2026-08-24,10.5,83.0,28.66,0.61,5,GHRSST L4 / INSAT-3DR MOSDAC / Sentinel-3 SLSTR,0.5
1900,2026-08-24,10.5,83.5,29.11,1.06,5,GHRSST L4 / INSAT-3DR MOSDAC / Sentinel-3 SLSTR,0.5
1901,2026-08-24,10.5,84.0,28.85,0.8,5,GHRSST L4 / INSAT-3DR MOSDAC / Sentinel-3 SLSTR,0.5
1902,2026-08-24,10.5,84.5,28.93,0.88,5,GHRSST L4 / INSAT-3DR MOSDAC / Sentinel-3 SLSTR,0.5
1903,2026-08-24,10.5,85.0,28.95,0.9,5,GHRSST L4 / INSAT-3DR MOSDAC / Sentinel-3 SLSTR,0.5
1904,2026-08-24,10.5,85.5,28.75,0.7,5,GHRSST L4 / INSAT-3DR MOSDAC / Sentinel-3 SLSTR,0.5
1905,2026-08-24,10.5,86.0,29.27,1.22,5,GHRSST L4 / INSAT-3DR MOSDAC / Sentinel-3 SLSTR,0.5
1906,2026-08-24,10.5,86.5,28.61,0.56,5,GHRSST L4 / INSAT-3DR MOSDAC / Sentinel-3 SLSTR,0.5
1907,2026-08-24,10.5,87.0,28.87,0.82,5,GHRSST L4 / INSAT-3DR MOSDAC / Sentinel-3 SLSTR,0.5
1908,2026-08-24,10.5,87.5,28.7,0.65,5,GHRSST L4 / INSAT-3DR MOSDAC / Sentinel-3 SLSTR,0.5
1909,2026-08-24,10.5,88.0,28.86,0.81,5,GHRSST L4 / INSAT-3DR MOSDAC / Sentinel-3 SLSTR,0.5
1910,2026-08-24,10.5,88.5,28.68,0.63,5,GHRSST L4 / INSAT-3DR MOSDAC / Sentinel-3 SLSTR,0.5
1911,2026-08-24,10.5,89.0,28.88,0.83,5,GHRSST L4 / INSAT-3DR MOSDAC / Sentinel-3 SLSTR,0.5
1912,2026-08-24,10.5,89.5,28.75,0.7,5,GHRSST L4 / INSAT-3DR MOSDAC / Sentinel-3 SLSTR,0.5
1913,2026-08-24,10.5,90.0,29.0,0.95,5,GHRSST L4 / INSAT-3DR MOSDAC / Sentinel-3 SLSTR,0.5
1914,2026-08-24,10.5,90.5,28.62,0.57,5,GHRSST L4 / INSAT-3DR MOSDAC / Sentinel-3 SLSTR,0.5
1915,2026-08-24,10.5,91.0,28.96,0.91,5,GHRSST L4 / INSAT-3DR MOSDAC / Sentinel-3 SLSTR,0.5
1916,2026-08-24,10.5,91.5,28.81,0.76,5,GHRSST L4 / INSAT-3DR MOSDAC / Sentinel-3 SLSTR,0.5
1917,2026-08-24,10.5,92.0,28.84,0.79,5,GHRSST L4 / INSAT-3DR MOSDAC / Sentinel-3 SLSTR,0.5
1918,2026-08-24,10.5,92.5,28.86,0.81,5,GHRSST L4 / INSAT-3DR MOSDAC / Sentinel-3 SLSTR,0.5
1919,2026-08-24,10.5,93.0,29.07,1.02,5,GHRSST L4 / INSAT-3DR MOSDAC / Sentinel-3 SLSTR,0.5
1920,2026-08-24,10.5,93.5,29.14,1.09,5,GHRSST L4 / INSAT-3DR MOSDAC / Sentinel-3 SLSTR,0.5
1921,2026-08-24,10.5,94.0,28.84,0.79,5,GHRSST L4 / INSAT-3DR MOSDAC / Sentinel-3 SLSTR,0.5
1922,2026-08-24,11.0,68.0,29.2,1.2,5,GHRSST L4 / INSAT-3DR MOSDAC / Sentinel-3 SLSTR,0.5
1923,2026-08-24,11.0,68.5,29.07,1.07,5,GHRSST L4 / INSAT-3DR MOSDAC / Sentinel-3 SLSTR,0.5
1924,2026-08-24,11.0,69.0,28.83,0.83,5,GHRSST L4 / INSAT-3DR MOSDAC / Sentinel-3 SLSTR,0.5
1925,2026-08-24,11.0,69.5,28.62,0.62,5,GHRSST L4 / INSAT-3DR MOSDAC / Sentinel-3 SLSTR,0.5
1926,2026-08-24,11.0,70.0,28.94,0.94,5,GHRSST L4 / INSAT-3DR MOSDAC / Sentinel-3 SLSTR,0.5
1927,2026-08-24,11.0,70.5,28.98,0.98,5,GHRSST L4 / INSAT-3DR MOSDAC / Sentinel-3 SLSTR,0.5
1928,2026-08-24,11.0,71.0,28.65,0.65,5,GHRSST L4 / INSAT-3DR MOSDAC / Sentinel-3 SLSTR,0.5
1929,2026-08-24,11.0,71.5,29.15,1.15,5,GHRSST L4 / INSAT-3DR MOSDAC / Sentinel-3 SLSTR,0.5
1930,2026-08-24,11.0,81.5,28.82,0.82,5,GHRSST L4 / INSAT-3DR MOSDAC / Sentinel-3 SLSTR,0.5
1931,2026-08-24,11.0,82.0,28.66,0.66,5,GHRSST L4 / INSAT-3DR MOSDAC / Sentinel-3 SLSTR,0.5
1932,2026-08-24,11.0,82.5,28.91,0.91,5,GHRSST L4 / INSAT-3DR MOSDAC / Sentinel-3 SLSTR,0.5
1933,2026-08-24,11.0,83.0,28.85,0.85,5,GHRSST L4 / INSAT-3DR MOSDAC / Sentinel-3 SLSTR,0.5
1934,2026-08-24,11.0,83.5,29.0,1.0,5,GHRSST L4 / INSAT-3DR MOSDAC / Sentinel-3 SLSTR,0.5
1935,2026-08-24,11.0,84.0,28.67,0.67,5,GHRSST L4 / INSAT-3DR MOSDAC / Sentinel-3 SLSTR,0.5
1936,2026-08-24,11.0,84.5,28.56,0.56,5,GHRSST L4 / INSAT-3DR MOSDAC / Sentinel-3 SLSTR,0.5
1937,2026-08-24,11.0,85.0,28.88,0.88,5,GHRSST L4 / INSAT-3DR MOSDAC / Sentinel-3 SLSTR,0.5
1938,2026-08-24,11.0,85.5,28.66,0.66,5,GHRSST L4 / INSAT-3DR MOSDAC / Sentinel-3 SLSTR,0.5
1939,2026-08-24,11.0,86.0,28.66,0.66,5,GHRSST L4 / INSAT-3DR MOSDAC / Sentinel-3 SLSTR,0.5
1940,2026-08-24,11.0,86.5,29.02,1.02,5,GHRSST L4 / INSAT-3DR MOSDAC / Sentinel-3 SLSTR,0.5
1941,2026-08-24,11.0,87.0,28.73,0.73,5,GHRSST L4 / INSAT-3DR MOSDAC / Sentinel-3 SLSTR,0.5
1942,2026-08-24,11.0,87.5,29.14,1.14,5,GHRSST L4 / INSAT-3DR MOSDAC / Sentinel-3 SLSTR,0.5
1943,2026-08-24,11.0,88.0,28.91,0.91,5,GHRSST L4 / INSAT-3DR MOSDAC / Sentinel-3 SLSTR,0.5
1944,2026-08-24,11.0,88.5,28.98,0.98,5,GHRSST L4 / INSAT-3DR MOSDAC / Sentinel-3 SLSTR,0.5
1945,2026-08-24,11.0,89.0,28.77,0.77,5,GHRSST L4 / INSAT-3DR MOSDAC / Sentinel-3 SLSTR,0.5
1946,2026-08-24,11.0,89.5,28.71,0.71,5,GHRSST L4 / INSAT-3DR MOSDAC / Sentinel-3 SLSTR,0.5
1947,2026-08-24,11.0,90.0,28.66,0.66,5,GHRSST L4 / INSAT-3DR MOSDAC / Sentinel-3 SLSTR,0.5
1948,2026-08-24,11.0,90.5,29.04,1.04,5,GHRSST L4 / INSAT-3DR MOSDAC / Sentinel-3 SLSTR,0.5
1949,2026-08-24,11.0,91.0,29.03,1.03,5,GHRSST L4 / INSAT-3DR MOSDAC / Sentinel-3 SLSTR,0.5
1950,2026-08-24,11.0,91.5,28.89,0.89,5,GHRSST L4 / INSAT-3DR MOSDAC / Sentinel-3 SLSTR,0.5
1951,2026-08-24,11.0,92.0,29.1,1.1,5,GHRSST L4 / INSAT-3DR MOSDAC / Sentinel-3 SLSTR,0.5
1952,2026-08-24,11.0,92.5,29.11,1.11,5,GHRSST L4 / INSAT-3DR MOSDAC / Sentinel-3 SLSTR,0.5
1953,2026-08-24,11.0,93.0,28.86,0.86,5,GHRSST L4 / INSAT-3DR MOSDAC / Sentinel-3 SLSTR,0.5
1954,2026-08-24,11.0,93.5,29.01,1.01,5,GHRSST L4 / INSAT-3DR MOSDAC / Sentinel-3 SLSTR,0.5
1955,2026-08-24,11.0,94.0,29.19,1.19,5,GHRSST L4 / INSAT-3DR MOSDAC / Sentinel-3 SLSTR,0.5
1956,2026-08-24,11.5,68.0,28.55,0.6,5,GHRSST L4 / INSAT-3DR MOSDAC / Sentinel-3 SLSTR,0.5
1957,2026-08-24,11.5,68.5,28.5,0.55,5,GHRSST L4 / INSAT-3DR MOSDAC / Sentinel-3 SLSTR,0.5
1958,2026-08-24,11.5,69.0,28.82,0.87,5,GHRSST L4 / INSAT-3DR MOSDAC / Sentinel-3 SLSTR,0.5
1959,2026-08-24,11.5,69.5,28.72,0.77,5,GHRSST L4 / INSAT-3DR MOSDAC / Sentinel-3 SLSTR,0.5
1960,2026-08-24,11.5,70.0,28.55,0.6,5,GHRSST L4 / INSAT-3DR MOSDAC / Sentinel-3 SLSTR,0.5
1961,2026-08-24,11.5,70.5,28.59,0.64,5,GHRSST L4 / INSAT-3DR MOSDAC / Sentinel-3 SLSTR,0.5
1962,2026-08-24,11.5,71.0,28.67,0.72,5,GHRSST L4 / INSAT-3DR MOSDAC / Sentinel-3 SLSTR,0.5
1963,2026-08-24,11.5,71.5,28.56,0.61,5,GHRSST L4 / INSAT-3DR MOSDAC / Sentinel-3 SLSTR,0.5
1964,2026-08-24,11.5,81.5,28.71,0.76,5,GHRSST L4 / INSAT-3DR MOSDAC / Sentinel-3 SLSTR,0.5
1965,2026-08-24,11.5,82.0,28.58,0.63,5,GHRSST L4 / INSAT-3DR MOSDAC / Sentinel-3 SLSTR,0.5
1966,2026-08-24,11.5,82.5,28.93,0.98,5,GHRSST L4 / INSAT-3DR MOSDAC / Sentinel-3 SLSTR,0.5
1967,2026-08-24,11.5,83.0,28.98,1.03,5,GHRSST L4 / INSAT-3DR MOSDAC / Sentinel-3 SLSTR,0.5
1968,2026-08-24,11.5,83.5,29.03,1.08,5,GHRSST L4 / INSAT-3DR MOSDAC / Sentinel-3 SLSTR,0.5
1969,2026-08-24,11.5,84.0,29.1,1.15,5,GHRSST L4 / INSAT-3DR MOSDAC / Sentinel-3 SLSTR,0.5
1970,2026-08-24,11.5,84.5,28.49,0.54,5,GHRSST L4 / INSAT-3DR MOSDAC / Sentinel-3 SLSTR,0.5
1971,2026-08-24,11.5,85.0,28.61,0.66,5,GHRSST L4 / INSAT-3DR MOSDAC / Sentinel-3 SLSTR,0.5
1972,2026-08-24,11.5,85.5,29.06,1.11,5,GHRSST L4 / INSAT-3DR MOSDAC / Sentinel-3 SLSTR,0.5
1973,2026-08-24,11.5,86.0,28.51,0.56,5,GHRSST L4 / INSAT-3DR MOSDAC / Sentinel-3 SLSTR,0.5
1974,2026-08-24,11.5,86.5,28.96,1.01,5,GHRSST L4 / INSAT-3DR MOSDAC / Sentinel-3 SLSTR,0.5
1975,2026-08-24,11.5,87.0,28.62,0.67,5,GHRSST L4 / INSAT-3DR MOSDAC / Sentinel-3 SLSTR,0.5
1976,2026-08-24,11.5,87.5,28.84,0.89,5,GHRSST L4 / INSAT-3DR MOSDAC / Sentinel-3 SLSTR,0.5
1977,2026-08-24,11.5,88.0,29.16,1.21,5,GHRSST L4 / INSAT-3DR MOSDAC / Sentinel-3 SLSTR,0.5
1978,2026-08-24,11.5,88.5,28.94,0.99,5,GHRSST L4 / INSAT-3DR MOSDAC / Sentinel-3 SLSTR,0.5
1979,2026-08-24,11.5,89.0,28.75,0.8,5,GHRSST L4 / INSAT-3DR MOSDAC / Sentinel-3 SLSTR,0.5
1980,2026-08-24,11.5,89.5,28.97,1.02,5,GHRSST L4 / INSAT-3DR MOSDAC / Sentinel-3 SLSTR,0.5
1981,2026-08-24,11.5,90.0,28.49,0.54,5,GHRSST L4 / INSAT-3DR MOSDAC / Sentinel-3 SLSTR,0.5
1982,2026-08-24,11.5,90.5,29.16,1.21,5,GHRSST L4 / INSAT-3DR MOSDAC / Sentinel-3 SLSTR,0.5
1983,2026-08-24,11.5,91.0,28.73,0.78,5,GHRSST L4 / INSAT-3DR MOSDAC / Sentinel-3 SLSTR,0.5
1984,2026-08-24,11.5,91.5,29.18,1.23,5,GHRSST L4 / INSAT-3DR MOSDAC / Sentinel-3 SLSTR,0.5
1985,2026-08-24,11.5,92.0,28.96,1.01,5,GHRSST L4 / INSAT-3DR MOSDAC / Sentinel-3 SLSTR,0.5
1986,2026-08-24,11.5,92.5,28.69,0.74,5,GHRSST L4 / INSAT-3DR MOSDAC / Sentinel-3 SLSTR,0.5
1987,2026-08-24,11.5,93.0,28.92,0.97,5,GHRSST L4 / INSAT-3DR MOSDAC / Sentinel-3 SLSTR,0.5
1988,2026-08-24,11.5,93.5,28.76,0.81,5,GHRSST L4 / INSAT-3DR MOSDAC / Sentinel-3 SLSTR,0.5
1989,2026-08-24,11.5,94.0,28.94,0.99,5,GHRSST L4 / INSAT-3DR MOSDAC / Sentinel-3 SLSTR,0.5
1990,2026-08-24,12.0,68.0,28.98,1.08,5,GHRSST L4 / INSAT-3DR MOSDAC / Sentinel-3 SLSTR,0.5
1991,2026-08-24,12.0,68.5,28.76,0.86,5,GHRSST L4 / INSAT-3DR MOSDAC / Sentinel-3 SLSTR,0.5
1992,2026-08-24,12.0,69.0,28.59,0.69,5,GHRSST L4 / INSAT-3DR MOSDAC / Sentinel-3 SLSTR,0.5
1993,2026-08-24,12.0,69.5,29.12,1.22,5,GHRSST L4 / INSAT-3DR MOSDAC / Sentinel-3 SLSTR,0.5
1994,2026-08-24,12.0,70.0,28.72,0.82,5,GHRSST L4 / INSAT-3DR MOSDAC / Sentinel-3 SLSTR,0.5
1995,2026-08-24,12.0,70.5,28.55,0.65,5,GHRSST L4 / INSAT-3DR MOSDAC / Sentinel-3 SLSTR,0.5
1996,2026-08-24,12.0,71.0,28.95,1.05,5,GHRSST L4 / INSAT-3DR MOSDAC / Sentinel-3 SLSTR,0.5
1997,2026-08-24,12.0,71.5,28.89,0.99,5,GHRSST L4 / INSAT-3DR MOSDAC / Sentinel-3 SLSTR,0.5
1998,2026-08-24,12.0,82.0,29.0,1.1,5,GHRSST L4 / INSAT-3DR MOSDAC / Sentinel-3 SLSTR,0.5
1999,2026-08-24,12.0,82.5,28.43,0.53,5,GHRSST L4 / INSAT-3DR MOSDAC / Sentinel-3 SLSTR,0.5
2000,2026-08-24,12.0,83.0,28.67,0.77,5,GHRSST L4 / INSAT-3DR MOSDAC / Sentinel-3 SLSTR,0.5
2001,2026-08-24,12.0,83.5,28.65,0.75,5,GHRSST L4 / INSAT-3DR MOSDAC / Sentinel-3 SLSTR,0.5
2002,2026-08-24,12.0,84.0,29.08,1.18,5,GHRSST L4 / INSAT-3DR MOSDAC / Sentinel-3 SLSTR,0.5
2003,2026-08-24,12.0,84.5,28.67,0.77,5,GHRSST L4 / INSAT-3DR MOSDAC / Sentinel-3 SLSTR,0.5
2004,2026-08-24,12.0,85.0,28.8,0.9,5,GHRSST L4 / INSAT-3DR MOSDAC / Sentinel-3 SLSTR,0.5
2005,2026-08-24,12.0,85.5,28.43,0.53,5,GHRSST L4 / INSAT-3DR MOSDAC / Sentinel-3 SLSTR,0.5
2006,2026-08-24,12.0,86.0,29.0,1.1,5,GHRSST L4 / INSAT-3DR MOSDAC / Sentinel-3 SLSTR,0.5
2007,2026-08-24,12.0,86.5,28.51,0.61,5,GHRSST L4 / INSAT-3DR MOSDAC / Sentinel-3 SLSTR,0.5
2008,2026-08-24,12.0,87.0,29.05,1.15,5,GHRSST L4 / INSAT-3DR MOSDAC / Sentinel-3 SLSTR,0.5
2009,2026-08-24,12.0,87.5,28.94,1.04,5,GHRSST L4 / INSAT-3DR MOSDAC / Sentinel-3 SLSTR,0.5
2010,2026-08-24,12.0,88.0,28.82,0.92,5,GHRSST L4 / INSAT-3DR MOSDAC / Sentinel-3 SLSTR,0.5
2011,2026-08-24,12.0,88.5,28.95,1.05,5,GHRSST L4 / INSAT-3DR MOSDAC / Sentinel-3 SLSTR,0.5
2012,2026-08-24,12.0,89.0,28.99,1.09,5,GHRSST L4 / INSAT-3DR MOSDAC / Sentinel-3 SLSTR,0.5
2013,2026-08-24,12.0,89.5,28.96,1.06,5,GHRSST L4 / INSAT-3DR MOSDAC / Sentinel-3 SLSTR,0.5
2014,2026-08-24,12.0,90.0,28.89,0.99,5,GHRSST L4 / INSAT-3DR MOSDAC / Sentinel-3 SLSTR,0.5
2015,2026-08-24,12.0,90.5,29.05,1.15,5,GHRSST L4 / INSAT-3DR MOSDAC / Sentinel-3 SLSTR,0.5
2016,2026-08-24,12.0,91.0,28.73,0.83,5,GHRSST L4 / INSAT-3DR MOSDAC / Sentinel-3 SLSTR,0.5
2017,2026-08-24,12.0,91.5,28.83,0.93,5,GHRSST L4 / INSAT-3DR MOSDAC / Sentinel-3 SLSTR,0.5
2018,2026-08-24,12.0,92.0,29.11,1.21,5,GHRSST L4 / INSAT-3DR MOSDAC / Sentinel-3 SLSTR,0.5
2019,2026-08-24,12.0,92.5,28.69,0.79,5,GHRSST L4 / INSAT-3DR MOSDAC / Sentinel-3 SLSTR,0.5
2020,2026-08-24,12.0,93.0,28.96,1.06,5,GHRSST L4 / INSAT-3DR MOSDAC / Sentinel-3 SLSTR,0.5
2021,2026-08-24,12.0,93.5,28.7,0.8,5,GHRSST L4 / INSAT-3DR MOSDAC / Sentinel-3 SLSTR,0.5
2022,2026-08-24,12.0,94.0,28.76,0.86,5,GHRSST L4 / INSAT-3DR MOSDAC / Sentinel-3 SLSTR,0.5
2023,2026-08-24,12.5,68.0,28.6,0.75,5,GHRSST L4 / INSAT-3DR MOSDAC / Sentinel-3 SLSTR,0.5
2024,2026-08-24,12.5,68.5,28.48,0.63,5,GHRSST L4 / INSAT-3DR MOSDAC / Sentinel-3 SLSTR,0.5
2025,2026-08-24,12.5,69.0,29.05,1.2,5,GHRSST L4 / INSAT-3DR MOSDAC / Sentinel-3 SLSTR,0.5
2026,2026-08-24,12.5,69.5,28.68,0.83,5,GHRSST L4 / INSAT-3DR MOSDAC / Sentinel-3 SLSTR,0.5
2027,2026-08-24,12.5,70.0,28.57,0.72,5,GHRSST L4 / INSAT-3DR MOSDAC / Sentinel-3 SLSTR,0.5
2028,2026-08-24,12.5,70.5,28.82,0.97,5,GHRSST L4 / INSAT-3DR MOSDAC / Sentinel-3 SLSTR,0.5
2029,2026-08-24,12.5,71.0,28.45,0.6,5,GHRSST L4 / INSAT-3DR MOSDAC / Sentinel-3 SLSTR,0.5
2030,2026-08-24,12.5,71.5,28.75,0.9,5,GHRSST L4 / INSAT-3DR MOSDAC / Sentinel-3 SLSTR,0.5
2031,2026-08-24,12.5,82.0,28.77,0.92,5,GHRSST L4 / INSAT-3DR MOSDAC / Sentinel-3 SLSTR,0.5
2032,2026-08-24,12.5,82.5,28.51,0.66,5,GHRSST L4 / INSAT-3DR MOSDAC / Sentinel-3 SLSTR,0.5
2033,2026-08-24,12.5,83.0,29.04,1.19,5,GHRSST L4 / INSAT-3DR MOSDAC / Sentinel-3 SLSTR,0.5
2034,2026-08-24,12.5,83.5,28.79,0.94,5,GHRSST L4 / INSAT-3DR MOSDAC / Sentinel-3 SLSTR,0.5
2035,2026-08-24,12.5,84.0,28.53,0.68,5,GHRSST L4 / INSAT-3DR MOSDAC / Sentinel-3 SLSTR,0.5
2036,2026-08-24,12.5,84.5,28.95,1.1,5,GHRSST L4 / INSAT-3DR MOSDAC / Sentinel-3 SLSTR,0.5
2037,2026-08-24,12.5,85.0,28.58,0.73,5,GHRSST L4 / INSAT-3DR MOSDAC / Sentinel-3 SLSTR,0.5
2038,2026-08-24,12.5,85.5,28.88,1.03,5,GHRSST L4 / INSAT-3DR MOSDAC / Sentinel-3 SLSTR,0.5
2039,2026-08-24,12.5,86.0,28.81,0.96,5,GHRSST L4 / INSAT-3DR MOSDAC / Sentinel-3 SLSTR,0.5
2040,2026-08-24,12.5,86.5,28.48,0.63,5,GHRSST L4 / INSAT-3DR MOSDAC / Sentinel-3 SLSTR,0.5
2041,2026-08-24,12.5,87.0,28.44,0.59,5,GHRSST L4 / INSAT-3DR MOSDAC / Sentinel-3 SLSTR,0.5
2042,2026-08-24,12.5,87.5,28.8,0.95,5,GHRSST L4 / INSAT-3DR MOSDAC / Sentinel-3 SLSTR,0.5
2043,2026-08-24,12.5,88.0,28.84,0.99,5,GHRSST L4 / INSAT-3DR MOSDAC / Sentinel-3 SLSTR,0.5
2044,2026-08-24,12.5,88.5,28.46,0.61,5,GHRSST L4 / INSAT-3DR MOSDAC / Sentinel-3 SLSTR,0.5
2045,2026-08-24,12.5,89.0,28.49,0.64,5,GHRSST L4 / INSAT-3DR MOSDAC / Sentinel-3 SLSTR,0.5
2046,2026-08-24,12.5,89.5,28.41,0.56,5,GHRSST L4 / INSAT-3DR MOSDAC / Sentinel-3 SLSTR,0.5
2047,2026-08-24,12.5,90.0,28.46,0.61,5,GHRSST L4 / INSAT-3DR MOSDAC / Sentinel-3 SLSTR,0.5
2048,2026-08-24,12.5,90.5,28.78,0.93,5,GHRSST L4 / INSAT-3DR MOSDAC / Sentinel-3 SLSTR,0.5
2049,2026-08-24,12.5,91.0,28.51,0.66,5,GHRSST L4 / INSAT-3DR MOSDAC / Sentinel-3 SLSTR,0.5
2050,2026-08-24,12.5,91.5,28.57,0.72,5,GHRSST L4 / INSAT-3DR MOSDAC / Sentinel-3 SLSTR,0.5
2051,2026-08-24,12.5,92.0,28.76,0.91,5,GHRSST L4 / INSAT-3DR MOSDAC / Sentinel-3 SLSTR,0.5
2052,2026-08-24,12.5,92.5,28.66,0.81,5,GHRSST L4 / INSAT-3DR MOSDAC / Sentinel-3 SLSTR,0.5
2053,2026-08-24,12.5,93.0,28.96,1.11,5,GHRSST L4 / INSAT-3DR MOSDAC / Sentinel-3 SLSTR,0.5
2054,2026-08-24,12.5,93.5,28.77,0.92,5,GHRSST L4 / INSAT-3DR MOSDAC / Sentinel-3 SLSTR,0.5
2055,2026-08-24,12.5,94.0,28.46,0.61,5,GHRSST L4 / INSAT-3DR MOSDAC / Sentinel-3 SLSTR,0.5
2056,2026-08-24,13.0,68.0,28.58,0.78,5,GHRSST L4 / INSAT-3DR MOSDAC / Sentinel-3 SLSTR,0.5
2057,2026-08-24,13.0,68.5,28.49,0.69,5,GHRSST L4 / INSAT-3DR MOSDAC / Sentinel-3 SLSTR,0.5
2058,2026-08-24,13.0,69.0,28.49,0.69,5,GHRSST L4 / INSAT-3DR MOSDAC / Sentinel-3 SLSTR,0.5
2059,2026-08-24,13.0,69.5,28.49,0.69,5,GHRSST L4 / INSAT-3DR MOSDAC / Sentinel-3 SLSTR,0.5
2060,2026-08-24,13.0,70.0,28.6,0.8,5,GHRSST L4 / INSAT-3DR MOSDAC / Sentinel-3 SLSTR,0.5
2061,2026-08-24,13.0,70.5,28.4,0.6,5,GHRSST L4 / INSAT-3DR MOSDAC / Sentinel-3 SLSTR,0.5
2062,2026-08-24,13.0,71.0,28.49,0.69,5,GHRSST L4 / INSAT-3DR MOSDAC / Sentinel-3 SLSTR,0.5
2063,2026-08-24,13.0,82.5,28.8,1.0,5,GHRSST L4 / INSAT-3DR MOSDAC / Sentinel-3 SLSTR,0.5
2064,2026-08-24,13.0,83.0,28.89,1.09,5,GHRSST L4 / INSAT-3DR MOSDAC / Sentinel-3 SLSTR,0.5
2065,2026-08-24,13.0,83.5,28.32,0.52,5,GHRSST L4 / INSAT-3DR MOSDAC / Sentinel-3 SLSTR,0.5
2066,2026-08-24,13.0,84.0,28.37,0.57,5,GHRSST L4 / INSAT-3DR MOSDAC / Sentinel-3 SLSTR,0.5
2067,2026-08-24,13.0,84.5,28.91,1.11,5,GHRSST L4 / INSAT-3DR MOSDAC / Sentinel-3 SLSTR,0.5
2068,2026-08-24,13.0,85.0,28.46,0.66,5,GHRSST L4 / INSAT-3DR MOSDAC / Sentinel-3 SLSTR,0.5
2069,2026-08-24,13.0,85.5,28.53,0.73,5,GHRSST L4 / INSAT-3DR MOSDAC / Sentinel-3 SLSTR,0.5
2070,2026-08-24,13.0,86.0,28.55,0.75,5,GHRSST L4 / INSAT-3DR MOSDAC / Sentinel-3 SLSTR,0.5
2071,2026-08-24,13.0,86.5,28.92,1.12,5,GHRSST L4 / INSAT-3DR MOSDAC / Sentinel-3 SLSTR,0.5
2072,2026-08-24,13.0,87.0,28.42,0.62,5,GHRSST L4 / INSAT-3DR MOSDAC / Sentinel-3 SLSTR,0.5
2073,2026-08-24,13.0,87.5,28.88,1.08,5,GHRSST L4 / INSAT-3DR MOSDAC / Sentinel-3 SLSTR,0.5
2074,2026-08-24,13.0,88.0,28.64,0.84,5,GHRSST L4 / INSAT-3DR MOSDAC / Sentinel-3 SLSTR,0.5
2075,2026-08-24,13.0,88.5,28.86,1.06,5,GHRSST L4 / INSAT-3DR MOSDAC / Sentinel-3 SLSTR,0.5
2076,2026-08-24,13.0,89.0,28.79,0.99,5,GHRSST L4 / INSAT-3DR MOSDAC / Sentinel-3 SLSTR,0.5
2077,2026-08-24,13.0,89.5,28.82,1.02,5,GHRSST L4 / INSAT-3DR MOSDAC / Sentinel-3 SLSTR,0.5
2078,2026-08-24,13.0,90.0,28.39,0.59,5,GHRSST L4 / INSAT-3DR MOSDAC / Sentinel-3 SLSTR,0.5
2079,2026-08-24,13.0,90.5,28.53,0.73,5,GHRSST L4 / INSAT-3DR MOSDAC / Sentinel-3 SLSTR,0.5
2080,2026-08-24,13.0,91.0,28.47,0.67,5,GHRSST L4 / INSAT-3DR MOSDAC / Sentinel-3 SLSTR,0.5
2081,2026-08-24,13.0,91.5,28.4,0.6,5,GHRSST L4 / INSAT-3DR MOSDAC / Sentinel-3 SLSTR,0.5
2082,2026-08-24,13.0,92.0,28.76,0.96,5,GHRSST L4 / INSAT-3DR MOSDAC / Sentinel-3 SLSTR,0.5
2083,2026-08-24,13.0,92.5,28.8,1.0,5,GHRSST L4 / INSAT-3DR MOSDAC / Sentinel-3 SLSTR,0.5
2084,2026-08-24,13.0,93.0,28.41,0.61,5,GHRSST L4 / INSAT-3DR MOSDAC / Sentinel-3 SLSTR,0.5
2085,2026-08-24,13.0,93.5,28.85,1.05,5,GHRSST L4 / INSAT-3DR MOSDAC / Sentinel-3 SLSTR,0.5
2086,2026-08-24,13.0,94.0,28.51,0.71,5,GHRSST L4 / INSAT-3DR MOSDAC / Sentinel-3 SLSTR,0.5
2087,2026-08-24,13.5,68.0,28.51,0.76,5,GHRSST L4 / INSAT-3DR MOSDAC / Sentinel-3 SLSTR,0.5
2088,2026-08-24,13.5,68.5,28.95,1.2,5,GHRSST L4 / INSAT-3DR MOSDAC / Sentinel-3 SLSTR,0.5
2089,2026-08-24,13.5,69.0,28.38,0.63,5,GHRSST L4 / INSAT-3DR MOSDAC / Sentinel-3 SLSTR,0.5
2090,2026-08-24,13.5,69.5,28.33,0.58,5,GHRSST L4 / INSAT-3DR MOSDAC / Sentinel-3 SLSTR,0.5
2091,2026-08-24,13.5,70.0,28.44,0.69,5,GHRSST L4 / INSAT-3DR MOSDAC / Sentinel-3 SLSTR,0.5
2092,2026-08-24,13.5,70.5,28.9,1.15,5,GHRSST L4 / INSAT-3DR MOSDAC / Sentinel-3 SLSTR,0.5
2093,2026-08-24,13.5,71.0,28.33,0.58,5,GHRSST L4 / INSAT-3DR MOSDAC / Sentinel-3 SLSTR,0.5
2094,2026-08-24,13.5,82.5,28.68,0.93,5,GHRSST L4 / INSAT-3DR MOSDAC / Sentinel-3 SLSTR,0.5
2095,2026-08-24,13.5,83.0,28.81,1.06,5,GHRSST L4 / INSAT-3DR MOSDAC / Sentinel-3 SLSTR,0.5
2096,2026-08-24,13.5,83.5,28.9,1.15,5,GHRSST L4 / INSAT-3DR MOSDAC / Sentinel-3 SLSTR,0.5
2097,2026-08-24,13.5,84.0,28.58,0.83,5,GHRSST L4 / INSAT-3DR MOSDAC / Sentinel-3 SLSTR,0.5
2098,2026-08-24,13.5,84.5,28.57,0.82,5,GHRSST L4 / INSAT-3DR MOSDAC / Sentinel-3 SLSTR,0.5
2099,2026-08-24,13.5,85.0,28.83,1.08,5,GHRSST L4 / INSAT-3DR MOSDAC / Sentinel-3 SLSTR,0.5
2100,2026-08-24,13.5,85.5,28.39,0.64,5,GHRSST L4 / INSAT-3DR MOSDAC / Sentinel-3 SLSTR,0.5
2101,2026-08-24,13.5,86.0,28.57,0.82,5,GHRSST L4 / INSAT-3DR MOSDAC / Sentinel-3 SLSTR,0.5
2102,2026-08-24,13.5,86.5,28.7,0.95,5,GHRSST L4 / INSAT-3DR MOSDAC / Sentinel-3 SLSTR,0.5
2103,2026-08-24,13.5,87.0,28.74,0.99,5,GHRSST L4 / INSAT-3DR MOSDAC / Sentinel-3 SLSTR,0.5
2104,2026-08-24,13.5,87.5,28.33,0.58,5,GHRSST L4 / INSAT-3DR MOSDAC / Sentinel-3 SLSTR,0.5
2105,2026-08-24,13.5,88.0,28.86,1.11,5,GHRSST L4 / INSAT-3DR MOSDAC / Sentinel-3 SLSTR,0.5
2106,2026-08-24,13.5,88.5,28.82,1.07,5,GHRSST L4 / INSAT-3DR MOSDAC / Sentinel-3 SLSTR,0.5
2107,2026-08-24,13.5,89.0,28.47,0.72,5,GHRSST L4 / INSAT-3DR MOSDAC / Sentinel-3 SLSTR,0.5
2108,2026-08-24,13.5,89.5,28.58,0.83,5,GHRSST L4 / INSAT-3DR MOSDAC / Sentinel-3 SLSTR,0.5
2109,2026-08-24,13.5,90.0,28.52,0.77,5,GHRSST L4 / INSAT-3DR MOSDAC / Sentinel-3 SLSTR,0.5
2110,2026-08-24,13.5,90.5,28.94,1.19,5,GHRSST L4 / INSAT-3DR MOSDAC / Sentinel-3 SLSTR,0.5
2111,2026-08-24,13.5,91.0,28.66,0.91,5,GHRSST L4 / INSAT-3DR MOSDAC / Sentinel-3 SLSTR,0.5
2112,2026-08-24,13.5,91.5,28.44,0.69,5,GHRSST L4 / INSAT-3DR MOSDAC / Sentinel-3 SLSTR,0.5
2113,2026-08-24,13.5,92.0,28.77,1.02,5,GHRSST L4 / INSAT-3DR MOSDAC / Sentinel-3 SLSTR,0.5
2114,2026-08-24,13.5,92.5,28.83,1.08,5,GHRSST L4 / INSAT-3DR MOSDAC / Sentinel-3 SLSTR,0.5
2115,2026-08-24,13.5,93.0,28.76,1.01,5,GHRSST L4 / INSAT-3DR MOSDAC / Sentinel-3 SLSTR,0.5
2116,2026-08-24,13.5,93.5,28.31,0.56,5,GHRSST L4 / INSAT-3DR MOSDAC / Sentinel-3 SLSTR,0.5
2117,2026-08-24,13.5,94.0,28.45,0.7,5,GHRSST L4 / INSAT-3DR MOSDAC / Sentinel-3 SLSTR,0.5
2118,2026-08-24,14.0,68.0,28.44,0.74,5,GHRSST L4 / INSAT-3DR MOSDAC / Sentinel-3 SLSTR,0.5
2119,2026-08-24,14.0,68.5,28.34,0.64,5,GHRSST L4 / INSAT-3DR MOSDAC / Sentinel-3 SLSTR,0.5
2120,2026-08-24,14.0,69.0,28.53,0.83,5,GHRSST L4 / INSAT-3DR MOSDAC / Sentinel-3 SLSTR,0.5
2121,2026-08-24,14.0,69.5,28.41,0.71,5,GHRSST L4 / INSAT-3DR MOSDAC / Sentinel-3 SLSTR,0.5
2122,2026-08-24,14.0,70.0,28.22,0.52,5,GHRSST L4 / INSAT-3DR MOSDAC / Sentinel-3 SLSTR,0.5
2123,2026-08-24,14.0,70.5,28.65,0.95,5,GHRSST L4 / INSAT-3DR MOSDAC / Sentinel-3 SLSTR,0.5
2124,2026-08-24,14.0,71.0,28.5,0.8,5,GHRSST L4 / INSAT-3DR MOSDAC / Sentinel-3 SLSTR,0.5
2125,2026-08-24,14.0,82.5,28.21,0.51,5,GHRSST L4 / INSAT-3DR MOSDAC / Sentinel-3 SLSTR,0.5
2126,2026-08-24,14.0,83.0,28.84,1.14,5,GHRSST L4 / INSAT-3DR MOSDAC / Sentinel-3 SLSTR,0.5
2127,2026-08-24,14.0,83.5,28.65,0.95,5,GHRSST L4 / INSAT-3DR MOSDAC / Sentinel-3 SLSTR,0.5
2128,2026-08-24,14.0,84.0,28.24,0.54,5,GHRSST L4 / INSAT-3DR MOSDAC / Sentinel-3 SLSTR,0.5
2129,2026-08-24,14.0,84.5,28.81,1.11,5,GHRSST L4 / INSAT-3DR MOSDAC / Sentinel-3 SLSTR,0.5
2130,2026-08-24,14.0,85.0,28.48,0.78,5,GHRSST L4 / INSAT-3DR MOSDAC / Sentinel-3 SLSTR,0.5
2131,2026-08-24,14.0,85.5,28.36,0.66,5,GHRSST L4 / INSAT-3DR MOSDAC / Sentinel-3 SLSTR,0.5
2132,2026-08-24,14.0,86.0,28.22,0.52,5,GHRSST L4 / INSAT-3DR MOSDAC / Sentinel-3 SLSTR,0.5
2133,2026-08-24,14.0,86.5,28.71,1.01,5,GHRSST L4 / INSAT-3DR MOSDAC / Sentinel-3 SLSTR,0.5
2134,2026-08-24,14.0,87.0,28.87,1.17,5,GHRSST L4 / INSAT-3DR MOSDAC / Sentinel-3 SLSTR,0.5
2135,2026-08-24,14.0,87.5,28.32,0.62,5,GHRSST L4 / INSAT-3DR MOSDAC / Sentinel-3 SLSTR,0.5
2136,2026-08-24,14.0,88.0,28.48,0.78,5,GHRSST L4 / INSAT-3DR MOSDAC / Sentinel-3 SLSTR,0.5
2137,2026-08-24,14.0,88.5,28.36,0.66,5,GHRSST L4 / INSAT-3DR MOSDAC / Sentinel-3 SLSTR,0.5
2138,2026-08-24,14.0,89.0,28.59,0.89,5,GHRSST L4 / INSAT-3DR MOSDAC / Sentinel-3 SLSTR,0.5
2139,2026-08-24,14.0,89.5,28.8,1.1,5,GHRSST L4 / INSAT-3DR MOSDAC / Sentinel-3 SLSTR,0.5
2140,2026-08-24,14.0,90.0,28.28,0.58,5,GHRSST L4 / INSAT-3DR MOSDAC / Sentinel-3 SLSTR,0.5
2141,2026-08-24,14.0,90.5,28.4,0.7,5,GHRSST L4 / INSAT-3DR MOSDAC / Sentinel-3 SLSTR,0.5
2142,2026-08-24,14.0,91.0,28.31,0.61,5,GHRSST L4 / INSAT-3DR MOSDAC / Sentinel-3 SLSTR,0.5
2143,2026-08-24,14.0,91.5,28.35,0.65,5,GHRSST L4 / INSAT-3DR MOSDAC / Sentinel-3 SLSTR,0.5
2144,2026-08-24,14.0,92.0,28.28,0.58,5,GHRSST L4 / INSAT-3DR MOSDAC / Sentinel-3 SLSTR,0.5
2145,2026-08-24,14.0,92.5,28.63,0.93,5,GHRSST L4 / INSAT-3DR MOSDAC / Sentinel-3 SLSTR,0.5
2146,2026-08-24,14.0,93.0,28.22,0.52,5,GHRSST L4 / INSAT-3DR MOSDAC / Sentinel-3 SLSTR,0.5
2147,2026-08-24,14.0,93.5,28.7,1.0,5,GHRSST L4 / INSAT-3DR MOSDAC / Sentinel-3 SLSTR,0.5
2148,2026-08-24,14.0,94.0,28.29,0.59,5,GHRSST L4 / INSAT-3DR MOSDAC / Sentinel-3 SLSTR,0.5
2149,2026-08-24,14.5,68.0,28.32,0.67,5,GHRSST L4 / INSAT-3DR MOSDAC / Sentinel-3 SLSTR,0.5
2150,2026-08-24,14.5,68.5,28.37,0.72,5,GHRSST L4 / INSAT-3DR MOSDAC / Sentinel-3 SLSTR,0.5
2151,2026-08-24,14.5,69.0,28.4,0.75,5,GHRSST L4 / INSAT-3DR MOSDAC / Sentinel-3 SLSTR,0.5
2152,2026-08-24,14.5,69.5,28.25,0.6,5,GHRSST L4 / INSAT-3DR MOSDAC / Sentinel-3 SLSTR,0.5
2153,2026-08-24,14.5,70.0,28.47,0.82,5,GHRSST L4 / INSAT-3DR MOSDAC / Sentinel-3 SLSTR,0.5
2154,2026-08-24,14.5,70.5,28.76,1.11,5,GHRSST L4 / INSAT-3DR MOSDAC / Sentinel-3 SLSTR,0.5
2155,2026-08-24,14.5,71.0,28.45,0.8,5,GHRSST L4 / INSAT-3DR MOSDAC / Sentinel-3 SLSTR,0.5
2156,2026-08-24,14.5,83.0,28.15,0.5,5,GHRSST L4 / INSAT-3DR MOSDAC / Sentinel-3 SLSTR,0.5
2157,2026-08-24,14.5,83.5,28.38,0.73,5,GHRSST L4 / INSAT-3DR MOSDAC / Sentinel-3 SLSTR,0.5
2158,2026-08-24,14.5,84.0,28.41,0.76,5,GHRSST L4 / INSAT-3DR MOSDAC / Sentinel-3 SLSTR,0.5
2159,2026-08-24,14.5,84.5,28.33,0.68,5,GHRSST L4 / INSAT-3DR MOSDAC / Sentinel-3 SLSTR,0.5
2160,2026-08-24,14.5,85.0,28.34,0.69,5,GHRSST L4 / INSAT-3DR MOSDAC / Sentinel-3 SLSTR,0.5
2161,2026-08-24,14.5,85.5,28.27,0.62,5,GHRSST L4 / INSAT-3DR MOSDAC / Sentinel-3 SLSTR,0.5
2162,2026-08-24,14.5,86.0,28.8,1.15,5,GHRSST L4 / INSAT-3DR MOSDAC / Sentinel-3 SLSTR,0.5
2163,2026-08-24,14.5,86.5,28.5,0.85,5,GHRSST L4 / INSAT-3DR MOSDAC / Sentinel-3 SLSTR,0.5
2164,2026-08-24,14.5,87.0,28.51,0.86,5,GHRSST L4 / INSAT-3DR MOSDAC / Sentinel-3 SLSTR,0.5
2165,2026-08-24,14.5,87.5,28.43,0.78,5,GHRSST L4 / INSAT-3DR MOSDAC / Sentinel-3 SLSTR,0.5
2166,2026-08-24,14.5,88.0,28.56,0.91,5,GHRSST L4 / INSAT-3DR MOSDAC / Sentinel-3 SLSTR,0.5
2167,2026-08-24,14.5,88.5,28.43,0.78,5,GHRSST L4 / INSAT-3DR MOSDAC / Sentinel-3 SLSTR,0.5
2168,2026-08-24,14.5,89.0,28.61,0.96,5,GHRSST L4 / INSAT-3DR MOSDAC / Sentinel-3 SLSTR,0.5
2169,2026-08-24,14.5,89.5,28.19,0.54,5,GHRSST L4 / INSAT-3DR MOSDAC / Sentinel-3 SLSTR,0.5
2170,2026-08-24,14.5,90.0,28.15,0.5,5,GHRSST L4 / INSAT-3DR MOSDAC / Sentinel-3 SLSTR,0.5
2171,2026-08-24,14.5,90.5,28.52,0.87,5,GHRSST L4 / INSAT-3DR MOSDAC / Sentinel-3 SLSTR,0.5
2172,2026-08-24,14.5,91.0,28.64,0.99,5,GHRSST L4 / INSAT-3DR MOSDAC / Sentinel-3 SLSTR,0.5
2173,2026-08-24,14.5,91.5,28.6,0.95,5,GHRSST L4 / INSAT-3DR MOSDAC / Sentinel-3 SLSTR,0.5
2174,2026-08-24,14.5,92.0,28.41,0.76,5,GHRSST L4 / INSAT-3DR MOSDAC / Sentinel-3 SLSTR,0.5
2175,2026-08-24,14.5,92.5,28.13,0.48,5,GHRSST L4 / INSAT-3DR MOSDAC / Sentinel-3 SLSTR,0.5
2176,2026-08-24,14.5,93.0,28.21,0.56,5,GHRSST L4 / INSAT-3DR MOSDAC / Sentinel-3 SLSTR,0.5
2177,2026-08-24,14.5,93.5,28.4,0.75,5,GHRSST L4 / INSAT-3DR MOSDAC / Sentinel-3 SLSTR,0.5
2178,2026-08-24,14.5,94.0,28.6,0.95,5,GHRSST L4 / INSAT-3DR MOSDAC / Sentinel-3 SLSTR,0.5
2179,2026-08-24,15.0,68.0,28.29,0.69,5,GHRSST L4 / INSAT-3DR MOSDAC / Sentinel-3 SLSTR,0.5
2180,2026-08-24,15.0,68.5,28.44,0.84,5,GHRSST L4 / INSAT-3DR MOSDAC / Sentinel-3 SLSTR,0.5
2181,2026-08-24,15.0,69.0,28.19,0.59,5,GHRSST L4 / INSAT-3DR MOSDAC / Sentinel-3 SLSTR,0.5
2182,2026-08-24,15.0,69.5,28.19,0.59,5,GHRSST L4 / INSAT-3DR MOSDAC / Sentinel-3 SLSTR,0.5
2183,2026-08-24,15.0,70.0,28.59,0.99,5,GHRSST L4 / INSAT-3DR MOSDAC / Sentinel-3 SLSTR,0.5
2184,2026-08-24,15.0,70.5,28.38,0.78,5,GHRSST L4 / INSAT-3DR MOSDAC / Sentinel-3 SLSTR,0.5
2185,2026-08-24,15.0,83.0,28.73,1.13,5,GHRSST L4 / INSAT-3DR MOSDAC / Sentinel-3 SLSTR,0.5
2186,2026-08-24,15.0,83.5,28.22,0.62,5,GHRSST L4 / INSAT-3DR MOSDAC / Sentinel-3 SLSTR,0.5
2187,2026-08-24,15.0,84.0,28.38,0.78,5,GHRSST L4 / INSAT-3DR MOSDAC / Sentinel-3 SLSTR,0.5
2188,2026-08-24,15.0,84.5,28.2,0.6,5,GHRSST L4 / INSAT-3DR MOSDAC / Sentinel-3 SLSTR,0.5
2189,2026-08-24,15.0,85.0,28.25,0.65,5,GHRSST L4 / INSAT-3DR MOSDAC / Sentinel-3 SLSTR,0.5
2190,2026-08-24,15.0,85.5,28.52,0.92,5,GHRSST L4 / INSAT-3DR MOSDAC / Sentinel-3 SLSTR,0.5
2191,2026-08-24,15.0,86.0,28.71,1.11,5,GHRSST L4 / INSAT-3DR MOSDAC / Sentinel-3 SLSTR,0.5
2192,2026-08-24,15.0,86.5,28.16,0.56,5,GHRSST L4 / INSAT-3DR MOSDAC / Sentinel-3 SLSTR,0.5
2193,2026-08-24,15.0,87.0,28.16,0.56,5,GHRSST L4 / INSAT-3DR MOSDAC / Sentinel-3 SLSTR,0.5
2194,2026-08-24,15.0,87.5,28.74,1.14,5,GHRSST L4 / INSAT-3DR MOSDAC / Sentinel-3 SLSTR,0.5
2195,2026-08-24,15.0,88.0,28.59,0.99,5,GHRSST L4 / INSAT-3DR MOSDAC / Sentinel-3 SLSTR,0.5
2196,2026-08-24,15.0,88.5,28.29,0.69,5,GHRSST L4 / INSAT-3DR MOSDAC / Sentinel-3 SLSTR,0.5
2197,2026-08-24,15.0,89.0,28.35,0.75,5,GHRSST L4 / INSAT-3DR MOSDAC / Sentinel-3 SLSTR,0.5
2198,2026-08-24,15.0,89.5,28.62,1.02,5,GHRSST L4 / INSAT-3DR MOSDAC / Sentinel-3 SLSTR,0.5
2199,2026-08-24,15.0,90.0,28.56,0.96,5,GHRSST L4 / INSAT-3DR MOSDAC / Sentinel-3 SLSTR,0.5
2200,2026-08-24,15.0,90.5,28.5,0.9,5,GHRSST L4 / INSAT-3DR MOSDAC / Sentinel-3 SLSTR,0.5
2201,2026-08-24,15.0,91.0,28.68,1.08,5,GHRSST L4 / INSAT-3DR MOSDAC / Sentinel-3 SLSTR,0.5
2202,2026-08-24,15.0,91.5,28.29,0.69,5,GHRSST L4 / INSAT-3DR MOSDAC / Sentinel-3 SLSTR,0.5
2203,2026-08-24,15.0,92.0,28.22,0.62,5,GHRSST L4 / INSAT-3DR MOSDAC / Sentinel-3 SLSTR,0.5
2204,2026-08-24,15.0,92.5,28.36,0.76,5,GHRSST L4 / INSAT-3DR MOSDAC / Sentinel-3 SLSTR,0.5
2205,2026-08-24,15.0,93.0,28.08,0.48,5,GHRSST L4 / INSAT-3DR MOSDAC / Sentinel-3 SLSTR,0.5
2206,2026-08-24,15.0,93.5,28.43,0.83,5,GHRSST L4 / INSAT-3DR MOSDAC / Sentinel-3 SLSTR,0.5
2207,2026-08-24,15.0,94.0,28.33,0.73,5,GHRSST L4 / INSAT-3DR MOSDAC / Sentinel-3 SLSTR,0.5
2208,2026-08-24,15.5,68.0,28.1,0.55,5,GHRSST L4 / INSAT-3DR MOSDAC / Sentinel-3 SLSTR,0.5
2209,2026-08-24,15.5,68.5,28.62,1.07,5,GHRSST L4 / INSAT-3DR MOSDAC / Sentinel-3 SLSTR,0.5
2210,2026-08-24,15.5,69.0,28.15,0.6,5,GHRSST L4 / INSAT-3DR MOSDAC / Sentinel-3 SLSTR,0.5
2211,2026-08-24,15.5,69.5,28.5,0.95,5,GHRSST L4 / INSAT-3DR MOSDAC / Sentinel-3 SLSTR,0.5
2212,2026-08-24,15.5,70.0,28.5,0.95,5,GHRSST L4 / INSAT-3DR MOSDAC / Sentinel-3 SLSTR,0.5
2213,2026-08-24,15.5,70.5,28.04,0.49,5,GHRSST L4 / INSAT-3DR MOSDAC / Sentinel-3 SLSTR,0.5
2214,2026-08-24,15.5,83.5,28.31,0.76,5,GHRSST L4 / INSAT-3DR MOSDAC / Sentinel-3 SLSTR,0.5
2215,2026-08-24,15.5,84.0,28.34,0.79,5,GHRSST L4 / INSAT-3DR MOSDAC / Sentinel-3 SLSTR,0.5
2216,2026-08-24,15.5,84.5,28.58,1.03,5,GHRSST L4 / INSAT-3DR MOSDAC / Sentinel-3 SLSTR,0.5
2217,2026-08-24,15.5,85.0,28.45,0.9,5,GHRSST L4 / INSAT-3DR MOSDAC / Sentinel-3 SLSTR,0.5
2218,2026-08-24,15.5,85.5,28.05,0.5,5,GHRSST L4 / INSAT-3DR MOSDAC / Sentinel-3 SLSTR,0.5
2219,2026-08-24,15.5,86.0,28.32,0.77,5,GHRSST L4 / INSAT-3DR MOSDAC / Sentinel-3 SLSTR,0.5
2220,2026-08-24,15.5,86.5,28.22,0.67,5,GHRSST L4 / INSAT-3DR MOSDAC / Sentinel-3 SLSTR,0.5
2221,2026-08-24,15.5,87.0,28.13,0.58,5,GHRSST L4 / INSAT-3DR MOSDAC / Sentinel-3 SLSTR,0.5
2222,2026-08-24,15.5,87.5,28.2,0.65,5,GHRSST L4 / INSAT-3DR MOSDAC / Sentinel-3 SLSTR,0.5
2223,2026-08-24,15.5,88.0,28.6,1.05,5,GHRSST L4 / INSAT-3DR MOSDAC / Sentinel-3 SLSTR,0.5
2224,2026-08-24,15.5,88.5,28.44,0.89,5,GHRSST L4 / INSAT-3DR MOSDAC / Sentinel-3 SLSTR,0.5
2225,2026-08-24,15.5,89.0,28.31,0.76,5,GHRSST L4 / INSAT-3DR MOSDAC / Sentinel-3 SLSTR,0.5
2226,2026-08-24,15.5,89.5,28.51,0.96,5,GHRSST L4 / INSAT-3DR MOSDAC / Sentinel-3 SLSTR,0.5
2227,2026-08-24,15.5,90.0,28.69,1.14,5,GHRSST L4 / INSAT-3DR MOSDAC / Sentinel-3 SLSTR,0.5
2228,2026-08-24,15.5,90.5,28.66,1.11,5,GHRSST L4 / INSAT-3DR MOSDAC / Sentinel-3 SLSTR,0.5
2229,2026-08-24,15.5,91.0,28.08,0.53,5,GHRSST L4 / INSAT-3DR MOSDAC / Sentinel-3 SLSTR,0.5
2230,2026-08-24,15.5,91.5,28.24,0.69,5,GHRSST L4 / INSAT-3DR MOSDAC / Sentinel-3 SLSTR,0.5
2231,2026-08-24,15.5,92.0,28.23,0.68,5,GHRSST L4 / INSAT-3DR MOSDAC / Sentinel-3 SLSTR,0.5
2232,2026-08-24,15.5,92.5,28.4,0.85,5,GHRSST L4 / INSAT-3DR MOSDAC / Sentinel-3 SLSTR,0.5
2233,2026-08-24,15.5,93.0,28.07,0.52,5,GHRSST L4 / INSAT-3DR MOSDAC / Sentinel-3 SLSTR,0.5
2234,2026-08-24,15.5,93.5,28.66,1.11,5,GHRSST L4 / INSAT-3DR MOSDAC / Sentinel-3 SLSTR,0.5
2235,2026-08-24,15.5,94.0,28.56,1.01,5,GHRSST L4 / INSAT-3DR MOSDAC / Sentinel-3 SLSTR,0.5
2236,2026-08-24,16.0,68.0,28.04,0.54,5,GHRSST L4 / INSAT-3DR MOSDAC / Sentinel-3 SLSTR,0.5
2237,2026-08-24,16.0,68.5,28.13,0.63,5,GHRSST L4 / INSAT-3DR MOSDAC / Sentinel-3 SLSTR,0.5
2238,2026-08-24,16.0,69.0,28.05,0.55,5,GHRSST L4 / INSAT-3DR MOSDAC / Sentinel-3 SLSTR,0.5
2239,2026-08-24,16.0,69.5,28.28,0.78,5,GHRSST L4 / INSAT-3DR MOSDAC / Sentinel-3 SLSTR,0.5
2240,2026-08-24,16.0,70.0,28.57,1.07,5,GHRSST L4 / INSAT-3DR MOSDAC / Sentinel-3 SLSTR,0.5
2241,2026-08-24,16.0,70.5,28.4,0.9,5,GHRSST L4 / INSAT-3DR MOSDAC / Sentinel-3 SLSTR,0.5
2242,2026-08-24,16.0,83.5,28.37,0.87,5,GHRSST L4 / INSAT-3DR MOSDAC / Sentinel-3 SLSTR,0.5
2243,2026-08-24,16.0,84.0,28.0,0.5,5,GHRSST L4 / INSAT-3DR MOSDAC / Sentinel-3 SLSTR,0.5
2244,2026-08-24,16.0,84.5,28.58,1.08,5,GHRSST L4 / INSAT-3DR MOSDAC / Sentinel-3 SLSTR,0.5
2245,2026-08-24,16.0,85.0,28.15,0.65,5,GHRSST L4 / INSAT-3DR MOSDAC / Sentinel-3 SLSTR,0.5
2246,2026-08-24,16.0,85.5,28.58,1.08,5,GHRSST L4 / INSAT-3DR MOSDAC / Sentinel-3 SLSTR,0.5
2247,2026-08-24,16.0,86.0,28.27,0.77,5,GHRSST L4 / INSAT-3DR MOSDAC / Sentinel-3 SLSTR,0.5
2248,2026-08-24,16.0,86.5,28.32,0.82,5,GHRSST L4 / INSAT-3DR MOSDAC / Sentinel-3 SLSTR,0.5
2249,2026-08-24,16.0,87.0,28.37,0.87,5,GHRSST L4 / INSAT-3DR MOSDAC / Sentinel-3 SLSTR,0.5
2250,2026-08-24,16.0,87.5,28.15,0.65,5,GHRSST L4 / INSAT-3DR MOSDAC / Sentinel-3 SLSTR,0.5
2251,2026-08-24,16.0,88.0,28.53,1.03,5,GHRSST L4 / INSAT-3DR MOSDAC / Sentinel-3 SLSTR,0.5
2252,2026-08-24,16.0,88.5,28.62,1.12,5,GHRSST L4 / INSAT-3DR MOSDAC / Sentinel-3 SLSTR,0.5
2253,2026-08-24,16.0,89.0,28.15,0.65,5,GHRSST L4 / INSAT-3DR MOSDAC / Sentinel-3 SLSTR,0.5
2254,2026-08-24,16.0,89.5,27.95,0.45,5,GHRSST L4 / INSAT-3DR MOSDAC / Sentinel-3 SLSTR,0.5
2255,2026-08-24,16.0,90.0,28.32,0.82,5,GHRSST L4 / INSAT-3DR MOSDAC / Sentinel-3 SLSTR,0.5
2256,2026-08-24,16.0,90.5,28.36,0.86,5,GHRSST L4 / INSAT-3DR MOSDAC / Sentinel-3 SLSTR,0.5
2257,2026-08-24,16.0,91.0,27.99,0.49,5,GHRSST L4 / INSAT-3DR MOSDAC / Sentinel-3 SLSTR,0.5
2258,2026-08-24,16.0,91.5,28.42,0.92,5,GHRSST L4 / INSAT-3DR MOSDAC / Sentinel-3 SLSTR,0.5
2259,2026-08-24,16.0,92.0,28.15,0.65,5,GHRSST L4 / INSAT-3DR MOSDAC / Sentinel-3 SLSTR,0.5
2260,2026-08-24,16.0,92.5,28.62,1.12,5,GHRSST L4 / INSAT-3DR MOSDAC / Sentinel-3 SLSTR,0.5
2261,2026-08-24,16.0,93.0,28.5,1.0,5,GHRSST L4 / INSAT-3DR MOSDAC / Sentinel-3 SLSTR,0.5
2262,2026-08-24,16.0,93.5,28.0,0.5,5,GHRSST L4 / INSAT-3DR MOSDAC / Sentinel-3 SLSTR,0.5
2263,2026-08-24,16.0,94.0,28.62,1.12,5,GHRSST L4 / INSAT-3DR MOSDAC / Sentinel-3 SLSTR,0.5
2264,2026-08-24,16.5,68.0,28.05,0.6,5,GHRSST L4 / INSAT-3DR MOSDAC / Sentinel-3 SLSTR,0.5
2265,2026-08-24,16.5,68.5,28.45,1.0,5,GHRSST L4 / INSAT-3DR MOSDAC / Sentinel-3 SLSTR,0.5
2266,2026-08-24,16.5,69.0,28.34,0.89,5,GHRSST L4 / INSAT-3DR MOSDAC / Sentinel-3 SLSTR,0.5
2267,2026-08-24,16.5,69.5,28.27,0.82,5,GHRSST L4 / INSAT-3DR MOSDAC / Sentinel-3 SLSTR,0.5
2268,2026-08-24,16.5,70.0,28.54,1.09,5,GHRSST L4 / INSAT-3DR MOSDAC / Sentinel-3 SLSTR,0.5
2269,2026-08-24,16.5,70.5,28.31,0.86,5,GHRSST L4 / INSAT-3DR MOSDAC / Sentinel-3 SLSTR,0.5
2270,2026-08-24,16.5,84.0,28.49,1.04,5,GHRSST L4 / INSAT-3DR MOSDAC / Sentinel-3 SLSTR,0.5
2271,2026-08-24,16.5,84.5,28.47,1.02,5,GHRSST L4 / INSAT-3DR MOSDAC / Sentinel-3 SLSTR,0.5
2272,2026-08-24,16.5,85.0,28.36,0.91,5,GHRSST L4 / INSAT-3DR MOSDAC / Sentinel-3 SLSTR,0.5
2273,2026-08-24,16.5,85.5,28.23,0.78,5,GHRSST L4 / INSAT-3DR MOSDAC / Sentinel-3 SLSTR,0.5
2274,2026-08-24,16.5,86.0,27.96,0.51,5,GHRSST L4 / INSAT-3DR MOSDAC / Sentinel-3 SLSTR,0.5
2275,2026-08-24,16.5,86.5,28.0,0.55,5,GHRSST L4 / INSAT-3DR MOSDAC / Sentinel-3 SLSTR,0.5
2276,2026-08-24,16.5,87.0,28.26,0.81,5,GHRSST L4 / INSAT-3DR MOSDAC / Sentinel-3 SLSTR,0.5
2277,2026-08-24,16.5,87.5,28.12,0.67,5,GHRSST L4 / INSAT-3DR MOSDAC / Sentinel-3 SLSTR,0.5
2278,2026-08-24,16.5,88.0,28.04,0.59,5,GHRSST L4 / INSAT-3DR MOSDAC / Sentinel-3 SLSTR,0.5
2279,2026-08-24,16.5,88.5,28.57,1.12,5,GHRSST L4 / INSAT-3DR MOSDAC / Sentinel-3 SLSTR,0.5
2280,2026-08-24,16.5,89.0,28.49,1.04,5,GHRSST L4 / INSAT-3DR MOSDAC / Sentinel-3 SLSTR,0.5
2281,2026-08-24,16.5,89.5,28.19,0.74,5,GHRSST L4 / INSAT-3DR MOSDAC / Sentinel-3 SLSTR,0.5
2282,2026-08-24,16.5,90.0,28.5,1.05,5,GHRSST L4 / INSAT-3DR MOSDAC / Sentinel-3 SLSTR,0.5
2283,2026-08-24,16.5,90.5,27.93,0.48,5,GHRSST L4 / INSAT-3DR MOSDAC / Sentinel-3 SLSTR,0.5
2284,2026-08-24,16.5,91.0,27.96,0.51,5,GHRSST L4 / INSAT-3DR MOSDAC / Sentinel-3 SLSTR,0.5
2285,2026-08-24,16.5,91.5,28.55,1.1,5,GHRSST L4 / INSAT-3DR MOSDAC / Sentinel-3 SLSTR,0.5
2286,2026-08-24,16.5,92.0,28.37,0.92,5,GHRSST L4 / INSAT-3DR MOSDAC / Sentinel-3 SLSTR,0.5
2287,2026-08-24,16.5,92.5,28.43,0.98,5,GHRSST L4 / INSAT-3DR MOSDAC / Sentinel-3 SLSTR,0.5
2288,2026-08-24,16.5,93.0,28.47,1.02,5,GHRSST L4 / INSAT-3DR MOSDAC / Sentinel-3 SLSTR,0.5
2289,2026-08-24,16.5,93.5,27.93,0.48,5,GHRSST L4 / INSAT-3DR MOSDAC / Sentinel-3 SLSTR,0.5
2290,2026-08-24,16.5,94.0,28.39,0.94,5,GHRSST L4 / INSAT-3DR MOSDAC / Sentinel-3 SLSTR,0.5
2291,2026-08-24,17.0,68.0,28.08,0.68,5,GHRSST L4 / INSAT-3DR MOSDAC / Sentinel-3 SLSTR,0.5
2292,2026-08-24,17.0,68.5,28.4,1.0,5,GHRSST L4 / INSAT-3DR MOSDAC / Sentinel-3 SLSTR,0.5
2293,2026-08-24,17.0,69.0,28.1,0.7,5,GHRSST L4 / INSAT-3DR MOSDAC / Sentinel-3 SLSTR,0.5
2294,2026-08-24,17.0,69.5,28.37,0.97,5,GHRSST L4 / INSAT-3DR MOSDAC / Sentinel-3 SLSTR,0.5
2295,2026-08-24,17.0,70.0,28.46,1.06,5,GHRSST L4 / INSAT-3DR MOSDAC / Sentinel-3 SLSTR,0.5
2296,2026-08-24,17.0,84.0,28.07,0.67,5,GHRSST L4 / INSAT-3DR MOSDAC / Sentinel-3 SLSTR,0.5
2297,2026-08-24,17.0,84.5,28.16,0.76,5,GHRSST L4 / INSAT-3DR MOSDAC / Sentinel-3 SLSTR,0.5
2298,2026-08-24,17.0,85.0,28.21,0.81,5,GHRSST L4 / INSAT-3DR MOSDAC / Sentinel-3 SLSTR,0.5
2299,2026-08-24,17.0,85.5,28.31,0.91,5,GHRSST L4 / INSAT-3DR MOSDAC / Sentinel-3 SLSTR,0.5
2300,2026-08-24,17.0,86.0,28.42,1.02,5,GHRSST L4 / INSAT-3DR MOSDAC / Sentinel-3 SLSTR,0.5
2301,2026-08-24,17.0,86.5,27.98,0.58,5,GHRSST L4 / INSAT-3DR MOSDAC / Sentinel-3 SLSTR,0.5
2302,2026-08-24,17.0,87.0,28.49,1.09,5,GHRSST L4 / INSAT-3DR MOSDAC / Sentinel-3 SLSTR,0.5
2303,2026-08-24,17.0,87.5,28.38,0.98,5,GHRSST L4 / INSAT-3DR MOSDAC / Sentinel-3 SLSTR,0.5
2304,2026-08-24,17.0,88.0,27.93,0.53,5,GHRSST L4 / INSAT-3DR MOSDAC / Sentinel-3 SLSTR,0.5
2305,2026-08-24,17.0,88.5,28.07,0.67,5,GHRSST L4 / INSAT-3DR MOSDAC / Sentinel-3 SLSTR,0.5
2306,2026-08-24,17.0,89.0,28.01,0.61,5,GHRSST L4 / INSAT-3DR MOSDAC / Sentinel-3 SLSTR,0.5
2307,2026-08-24,17.0,89.5,27.94,0.54,5,GHRSST L4 / INSAT-3DR MOSDAC / Sentinel-3 SLSTR,0.5
2308,2026-08-24,17.0,90.0,28.28,0.88,5,GHRSST L4 / INSAT-3DR MOSDAC / Sentinel-3 SLSTR,0.5
2309,2026-08-24,17.0,90.5,27.88,0.48,5,GHRSST L4 / INSAT-3DR MOSDAC / Sentinel-3 SLSTR,0.5
2310,2026-08-24,17.0,91.0,28.25,0.85,5,GHRSST L4 / INSAT-3DR MOSDAC / Sentinel-3 SLSTR,0.5
2311,2026-08-24,17.0,91.5,28.41,1.01,5,GHRSST L4 / INSAT-3DR MOSDAC / Sentinel-3 SLSTR,0.5
2312,2026-08-24,17.0,92.0,28.08,0.68,5,GHRSST L4 / INSAT-3DR MOSDAC / Sentinel-3 SLSTR,0.5
2313,2026-08-24,17.0,92.5,28.17,0.77,5,GHRSST L4 / INSAT-3DR MOSDAC / Sentinel-3 SLSTR,0.5
2314,2026-08-24,17.0,93.0,27.93,0.53,5,GHRSST L4 / INSAT-3DR MOSDAC / Sentinel-3 SLSTR,0.5
2315,2026-08-24,17.0,93.5,28.33,0.93,5,GHRSST L4 / INSAT-3DR MOSDAC / Sentinel-3 SLSTR,0.5
2316,2026-08-24,17.0,94.0,28.47,1.07,5,GHRSST L4 / INSAT-3DR MOSDAC / Sentinel-3 SLSTR,0.5
2317,2026-08-24,17.5,68.0,28.28,0.93,5,GHRSST L4 / INSAT-3DR MOSDAC / Sentinel-3 SLSTR,0.5
2318,2026-08-24,17.5,68.5,27.86,0.51,5,GHRSST L4 / INSAT-3DR MOSDAC / Sentinel-3 SLSTR,0.5
2319,2026-08-24,17.5,69.0,28.01,0.66,5,GHRSST L4 / INSAT-3DR MOSDAC / Sentinel-3 SLSTR,0.5
2320,2026-08-24,17.5,69.5,27.89,0.54,5,GHRSST L4 / INSAT-3DR MOSDAC / Sentinel-3 SLSTR,0.5
2321,2026-08-24,17.5,70.0,28.18,0.83,5,GHRSST L4 / INSAT-3DR MOSDAC / Sentinel-3 SLSTR,0.5
2322,2026-08-24,17.5,84.5,28.28,0.93,5,GHRSST L4 / INSAT-3DR MOSDAC / Sentinel-3 SLSTR,0.5
2323,2026-08-24,17.5,85.0,28.45,1.1,5,GHRSST L4 / INSAT-3DR MOSDAC / Sentinel-3 SLSTR,0.5
2324,2026-08-24,17.5,85.5,28.12,0.77,5,GHRSST L4 / INSAT-3DR MOSDAC / Sentinel-3 SLSTR,0.5
2325,2026-08-24,17.5,86.0,28.22,0.87,5,GHRSST L4 / INSAT-3DR MOSDAC / Sentinel-3 SLSTR,0.5
2326,2026-08-24,17.5,86.5,27.84,0.49,5,GHRSST L4 / INSAT-3DR MOSDAC / Sentinel-3 SLSTR,0.5
2327,2026-08-24,17.5,87.0,27.88,0.53,5,GHRSST L4 / INSAT-3DR MOSDAC / Sentinel-3 SLSTR,0.5
2328,2026-08-24,17.5,87.5,27.93,0.58,5,GHRSST L4 / INSAT-3DR MOSDAC / Sentinel-3 SLSTR,0.5
2329,2026-08-24,17.5,88.0,27.81,0.46,5,GHRSST L4 / INSAT-3DR MOSDAC / Sentinel-3 SLSTR,0.5
2330,2026-08-24,17.5,88.5,28.06,0.71,5,GHRSST L4 / INSAT-3DR MOSDAC / Sentinel-3 SLSTR,0.5
2331,2026-08-24,17.5,89.0,28.44,1.09,5,GHRSST L4 / INSAT-3DR MOSDAC / Sentinel-3 SLSTR,0.5
2332,2026-08-24,17.5,89.5,28.23,0.88,5,GHRSST L4 / INSAT-3DR MOSDAC / Sentinel-3 SLSTR,0.5
2333,2026-08-24,17.5,90.0,28.08,0.73,5,GHRSST L4 / INSAT-3DR MOSDAC / Sentinel-3 SLSTR,0.5
2334,2026-08-24,17.5,90.5,28.12,0.77,5,GHRSST L4 / INSAT-3DR MOSDAC / Sentinel-3 SLSTR,0.5
2335,2026-08-24,17.5,91.0,27.87,0.52,5,GHRSST L4 / INSAT-3DR MOSDAC / Sentinel-3 SLSTR,0.5
2336,2026-08-24,17.5,91.5,27.84,0.49,5,GHRSST L4 / INSAT-3DR MOSDAC / Sentinel-3 SLSTR,0.5
2337,2026-08-24,17.5,92.0,27.95,0.6,5,GHRSST L4 / INSAT-3DR MOSDAC / Sentinel-3 SLSTR,0.5
2338,2026-08-24,17.5,92.5,27.98,0.63,5,GHRSST L4 / INSAT-3DR MOSDAC / Sentinel-3 SLSTR,0.5
2339,2026-08-24,17.5,93.0,27.86,0.51,5,GHRSST L4 / INSAT-3DR MOSDAC / Sentinel-3 SLSTR,0.5
2340,2026-08-24,17.5,93.5,28.25,0.9,5,GHRSST L4 / INSAT-3DR MOSDAC / Sentinel-3 SLSTR,0.5
2341,2026-08-24,17.5,94.0,28.42,1.07,5,GHRSST L4 / INSAT-3DR MOSDAC / Sentinel-3 SLSTR,0.5
2342,2026-08-24,18.0,68.0,27.83,0.53,5,GHRSST L4 / INSAT-3DR MOSDAC / Sentinel-3 SLSTR,0.5
2343,2026-08-24,18.0,68.5,28.3,1.0,5,GHRSST L4 / INSAT-3DR MOSDAC / Sentinel-3 SLSTR,0.5
2344,2026-08-24,18.0,69.0,27.92,0.62,5,GHRSST L4 / INSAT-3DR MOSDAC / Sentinel-3 SLSTR,0.5
2345,2026-08-24,18.0,69.5,28.13,0.83,5,GHRSST L4 / INSAT-3DR MOSDAC / Sentinel-3 SLSTR,0.5
2346,2026-08-24,18.0,70.0,27.77,0.47,5,GHRSST L4 / INSAT-3DR MOSDAC / Sentinel-3 SLSTR,0.5
2347,2026-08-24,18.0,84.5,27.88,0.58,5,GHRSST L4 / INSAT-3DR MOSDAC / Sentinel-3 SLSTR,0.5
2348,2026-08-24,18.0,85.0,27.82,0.52,5,GHRSST L4 / INSAT-3DR MOSDAC / Sentinel-3 SLSTR,0.5
2349,2026-08-24,18.0,85.5,27.82,0.52,5,GHRSST L4 / INSAT-3DR MOSDAC / Sentinel-3 SLSTR,0.5
2350,2026-08-24,18.0,86.0,28.36,1.06,5,GHRSST L4 / INSAT-3DR MOSDAC / Sentinel-3 SLSTR,0.5
2351,2026-08-24,18.0,86.5,27.96,0.66,5,GHRSST L4 / INSAT-3DR MOSDAC / Sentinel-3 SLSTR,0.5
2352,2026-08-24,18.0,87.0,27.85,0.55,5,GHRSST L4 / INSAT-3DR MOSDAC / Sentinel-3 SLSTR,0.5
2353,2026-08-24,18.0,87.5,27.83,0.53,5,GHRSST L4 / INSAT-3DR MOSDAC / Sentinel-3 SLSTR,0.5
2354,2026-08-24,18.0,88.0,28.18,0.88,5,GHRSST L4 / INSAT-3DR MOSDAC / Sentinel-3 SLSTR,0.5
2355,2026-08-24,18.0,88.5,28.21,0.91,5,GHRSST L4 / INSAT-3DR MOSDAC / Sentinel-3 SLSTR,0.5
2356,2026-08-24,18.0,89.0,28.4,1.1,5,GHRSST L4 / INSAT-3DR MOSDAC / Sentinel-3 SLSTR,0.5
2357,2026-08-24,18.0,89.5,28.15,0.85,5,GHRSST L4 / INSAT-3DR MOSDAC / Sentinel-3 SLSTR,0.5
2358,2026-08-24,18.0,90.0,28.03,0.73,5,GHRSST L4 / INSAT-3DR MOSDAC / Sentinel-3 SLSTR,0.5
2359,2026-08-24,18.0,90.5,27.87,0.57,5,GHRSST L4 / INSAT-3DR MOSDAC / Sentinel-3 SLSTR,0.5
2360,2026-08-24,18.0,91.0,27.74,0.44,5,GHRSST L4 / INSAT-3DR MOSDAC / Sentinel-3 SLSTR,0.5
2361,2026-08-24,18.0,91.5,28.33,1.03,5,GHRSST L4 / INSAT-3DR MOSDAC / Sentinel-3 SLSTR,0.5
2362,2026-08-24,18.0,92.0,28.26,0.96,5,GHRSST L4 / INSAT-3DR MOSDAC / Sentinel-3 SLSTR,0.5
2363,2026-08-24,18.0,92.5,28.27,0.97,5,GHRSST L4 / INSAT-3DR MOSDAC / Sentinel-3 SLSTR,0.5
2364,2026-08-24,18.0,93.0,27.94,0.64,5,GHRSST L4 / INSAT-3DR MOSDAC / Sentinel-3 SLSTR,0.5
2365,2026-08-24,18.0,93.5,27.96,0.66,5,GHRSST L4 / INSAT-3DR MOSDAC / Sentinel-3 SLSTR,0.5
2366,2026-08-24,18.0,94.0,28.26,0.96,5,GHRSST L4 / INSAT-3DR MOSDAC / Sentinel-3 SLSTR,0.5
2367,2026-08-24,18.5,68.0,28.13,0.88,5,GHRSST L4 / INSAT-3DR MOSDAC / Sentinel-3 SLSTR,0.5
2368,2026-08-24,18.5,68.5,28.1,0.85,5,GHRSST L4 / INSAT-3DR MOSDAC / Sentinel-3 SLSTR,0.5
2369,2026-08-24,18.5,69.0,28.04,0.79,5,GHRSST L4 / INSAT-3DR MOSDAC / Sentinel-3 SLSTR,0.5
2370,2026-08-24,18.5,69.5,27.91,0.66,5,GHRSST L4 / INSAT-3DR MOSDAC / Sentinel-3 SLSTR,0.5
2371,2026-08-24,18.5,70.0,28.17,0.92,5,GHRSST L4 / INSAT-3DR MOSDAC / Sentinel-3 SLSTR,0.5
2372,2026-08-24,18.5,84.5,27.9,0.65,5,GHRSST L4 / INSAT-3DR MOSDAC / Sentinel-3 SLSTR,0.5
2373,2026-08-24,18.5,85.0,28.16,0.91,5,GHRSST L4 / INSAT-3DR MOSDAC / Sentinel-3 SLSTR,0.5
2374,2026-08-24,18.5,85.5,27.78,0.53,5,GHRSST L4 / INSAT-3DR MOSDAC / Sentinel-3 SLSTR,0.5
2375,2026-08-24,18.5,86.0,28.06,0.81,5,GHRSST L4 / INSAT-3DR MOSDAC / Sentinel-3 SLSTR,0.5
2376,2026-08-24,18.5,86.5,27.9,0.65,5,GHRSST L4 / INSAT-3DR MOSDAC / Sentinel-3 SLSTR,0.5
2377,2026-08-24,18.5,87.0,28.23,0.98,5,GHRSST L4 / INSAT-3DR MOSDAC / Sentinel-3 SLSTR,0.5
2378,2026-08-24,18.5,87.5,28.01,0.76,5,GHRSST L4 / INSAT-3DR MOSDAC / Sentinel-3 SLSTR,0.5
2379,2026-08-24,18.5,88.0,28.09,0.84,5,GHRSST L4 / INSAT-3DR MOSDAC / Sentinel-3 SLSTR,0.5
2380,2026-08-24,18.5,88.5,27.71,0.46,5,GHRSST L4 / INSAT-3DR MOSDAC / Sentinel-3 SLSTR,0.5
2381,2026-08-24,18.5,89.0,28.0,0.75,5,GHRSST L4 / INSAT-3DR MOSDAC / Sentinel-3 SLSTR,0.5
2382,2026-08-24,18.5,89.5,28.2,0.95,5,GHRSST L4 / INSAT-3DR MOSDAC / Sentinel-3 SLSTR,0.5
2383,2026-08-24,18.5,90.0,28.25,1.0,5,GHRSST L4 / INSAT-3DR MOSDAC / Sentinel-3 SLSTR,0.5
2384,2026-08-24,18.5,90.5,28.15,0.9,5,GHRSST L4 / INSAT-3DR MOSDAC / Sentinel-3 SLSTR,0.5
2385,2026-08-24,18.5,91.0,27.94,0.69,5,GHRSST L4 / INSAT-3DR MOSDAC / Sentinel-3 SLSTR,0.5
2386,2026-08-24,18.5,91.5,27.83,0.58,5,GHRSST L4 / INSAT-3DR MOSDAC / Sentinel-3 SLSTR,0.5
2387,2026-08-24,18.5,92.0,27.92,0.67,5,GHRSST L4 / INSAT-3DR MOSDAC / Sentinel-3 SLSTR,0.5
2388,2026-08-24,18.5,92.5,28.04,0.79,5,GHRSST L4 / INSAT-3DR MOSDAC / Sentinel-3 SLSTR,0.5
2389,2026-08-24,18.5,93.0,27.65,0.4,5,GHRSST L4 / INSAT-3DR MOSDAC / Sentinel-3 SLSTR,0.5
2390,2026-08-24,18.5,93.5,28.29,1.04,5,GHRSST L4 / INSAT-3DR MOSDAC / Sentinel-3 SLSTR,0.5
2391,2026-08-24,18.5,94.0,27.89,0.64,5,GHRSST L4 / INSAT-3DR MOSDAC / Sentinel-3 SLSTR,0.5
2392,2026-08-24,19.0,68.0,28.15,0.95,5,GHRSST L4 / INSAT-3DR MOSDAC / Sentinel-3 SLSTR,0.5
2393,2026-08-24,19.0,68.5,27.96,0.76,5,GHRSST L4 / INSAT-3DR MOSDAC / Sentinel-3 SLSTR,0.5
2394,2026-08-24,19.0,69.0,28.05,0.85,5,GHRSST L4 / INSAT-3DR MOSDAC / Sentinel-3 SLSTR,0.5
2395,2026-08-24,19.0,69.5,28.12,0.92,5,GHRSST L4 / INSAT-3DR MOSDAC / Sentinel-3 SLSTR,0.5
2396,2026-08-24,19.0,85.0,27.79,0.59,5,GHRSST L4 / INSAT-3DR MOSDAC / Sentinel-3 SLSTR,0.5
2397,2026-08-24,19.0,85.5,28.01,0.81,5,GHRSST L4 / INSAT-3DR MOSDAC / Sentinel-3 SLSTR,0.5
2398,2026-08-24,19.0,86.0,28.12,0.92,5,GHRSST L4 / INSAT-3DR MOSDAC / Sentinel-3 SLSTR,0.5
2399,2026-08-24,19.0,86.5,28.13,0.93,5,GHRSST L4 / INSAT-3DR MOSDAC / Sentinel-3 SLSTR,0.5
2400,2026-08-24,19.0,87.0,27.88,0.68,5,GHRSST L4 / INSAT-3DR MOSDAC / Sentinel-3 SLSTR,0.5
2401,2026-08-24,19.0,87.5,28.1,0.9,5,GHRSST L4 / INSAT-3DR MOSDAC / Sentinel-3 SLSTR,0.5
2402,2026-08-24,19.0,88.0,27.8,0.6,5,GHRSST L4 / INSAT-3DR MOSDAC / Sentinel-3 SLSTR,0.5
2403,2026-08-24,19.0,88.5,27.68,0.48,5,GHRSST L4 / INSAT-3DR MOSDAC / Sentinel-3 SLSTR,0.5
2404,2026-08-24,19.0,89.0,27.67,0.47,5,GHRSST L4 / INSAT-3DR MOSDAC / Sentinel-3 SLSTR,0.5
2405,2026-08-24,19.0,89.5,27.94,0.74,5,GHRSST L4 / INSAT-3DR MOSDAC / Sentinel-3 SLSTR,0.5
2406,2026-08-24,19.0,90.0,27.86,0.66,5,GHRSST L4 / INSAT-3DR MOSDAC / Sentinel-3 SLSTR,0.5
2407,2026-08-24,19.0,90.5,27.75,0.55,5,GHRSST L4 / INSAT-3DR MOSDAC / Sentinel-3 SLSTR,0.5
2408,2026-08-24,19.0,91.0,27.86,0.66,5,GHRSST L4 / INSAT-3DR MOSDAC / Sentinel-3 SLSTR,0.5
2409,2026-08-24,19.0,91.5,27.88,0.68,5,GHRSST L4 / INSAT-3DR MOSDAC / Sentinel-3 SLSTR,0.5
2410,2026-08-24,19.0,92.0,27.98,0.78,5,GHRSST L4 / INSAT-3DR MOSDAC / Sentinel-3 SLSTR,0.5
2411,2026-08-24,19.0,92.5,27.63,0.43,5,GHRSST L4 / INSAT-3DR MOSDAC / Sentinel-3 SLSTR,0.5
2412,2026-08-24,19.0,93.0,28.23,1.03,5,GHRSST L4 / INSAT-3DR MOSDAC / Sentinel-3 SLSTR,0.5
2413,2026-08-24,19.0,93.5,27.85,0.65,5,GHRSST L4 / INSAT-3DR MOSDAC / Sentinel-3 SLSTR,0.5
2414,2026-08-24,19.0,94.0,28.02,0.82,5,GHRSST L4 / INSAT-3DR MOSDAC / Sentinel-3 SLSTR,0.5
2415,2026-08-24,19.5,68.0,27.74,0.59,5,GHRSST L4 / INSAT-3DR MOSDAC / Sentinel-3 SLSTR,0.5
2416,2026-08-24,19.5,68.5,28.06,0.91,5,GHRSST L4 / INSAT-3DR MOSDAC / Sentinel-3 SLSTR,0.5
2417,2026-08-24,19.5,69.0,27.85,0.7,5,GHRSST L4 / INSAT-3DR MOSDAC / Sentinel-3 SLSTR,0.5
2418,2026-08-24,19.5,69.5,27.76,0.61,5,GHRSST L4 / INSAT-3DR MOSDAC / Sentinel-3 SLSTR,0.5
2419,2026-08-24,19.5,85.0,28.2,1.05,5,GHRSST L4 / INSAT-3DR MOSDAC / Sentinel-3 SLSTR,0.5
2420,2026-08-24,19.5,85.5,28.14,0.99,5,GHRSST L4 / INSAT-3DR MOSDAC / Sentinel-3 SLSTR,0.5
2421,2026-08-24,19.5,86.0,27.66,0.51,5,GHRSST L4 / INSAT-3DR MOSDAC / Sentinel-3 SLSTR,0.5
2422,2026-08-24,19.5,86.5,28.02,0.87,5,GHRSST L4 / INSAT-3DR MOSDAC / Sentinel-3 SLSTR,0.5
2423,2026-08-24,19.5,87.0,28.06,0.91,5,GHRSST L4 / INSAT-3DR MOSDAC / Sentinel-3 SLSTR,0.5
2424,2026-08-24,19.5,87.5,27.55,0.4,5,GHRSST L4 / INSAT-3DR MOSDAC / Sentinel-3 SLSTR,0.5
2425,2026-08-24,19.5,88.0,28.2,1.05,5,GHRSST L4 / INSAT-3DR MOSDAC / Sentinel-3 SLSTR,0.5
2426,2026-08-24,19.5,88.5,27.69,0.54,5,GHRSST L4 / INSAT-3DR MOSDAC / Sentinel-3 SLSTR,0.5
2427,2026-08-24,19.5,89.0,28.17,1.02,5,GHRSST L4 / INSAT-3DR MOSDAC / Sentinel-3 SLSTR,0.5
2428,2026-08-24,19.5,89.5,27.99,0.84,5,GHRSST L4 / INSAT-3DR MOSDAC / Sentinel-3 SLSTR,0.5
2429,2026-08-24,19.5,90.0,27.89,0.74,5,GHRSST L4 / INSAT-3DR MOSDAC / Sentinel-3 SLSTR,0.5
2430,2026-08-24,19.5,90.5,28.08,0.93,5,GHRSST L4 / INSAT-3DR MOSDAC / Sentinel-3 SLSTR,0.5
2431,2026-08-24,19.5,91.0,28.0,0.85,5,GHRSST L4 / INSAT-3DR MOSDAC / Sentinel-3 SLSTR,0.5
2432,2026-08-24,19.5,91.5,28.05,0.9,5,GHRSST L4 / INSAT-3DR MOSDAC / Sentinel-3 SLSTR,0.5
2433,2026-08-24,19.5,92.0,28.13,0.98,5,GHRSST L4 / INSAT-3DR MOSDAC / Sentinel-3 SLSTR,0.5
2434,2026-08-24,19.5,92.5,27.86,0.71,5,GHRSST L4 / INSAT-3DR MOSDAC / Sentinel-3 SLSTR,0.5
2435,2026-08-24,19.5,93.0,27.83,0.68,5,GHRSST L4 / INSAT-3DR MOSDAC / Sentinel-3 SLSTR,0.5
2436,2026-08-24,19.5,93.5,28.16,1.01,5,GHRSST L4 / INSAT-3DR MOSDAC / Sentinel-3 SLSTR,0.5
2437,2026-08-24,19.5,94.0,28.09,0.94,5,GHRSST L4 / INSAT-3DR MOSDAC / Sentinel-3 SLSTR,0.5
2438,2026-08-24,20.0,68.0,27.48,0.38,5,GHRSST L4 / INSAT-3DR MOSDAC / Sentinel-3 SLSTR,0.5
2439,2026-08-24,20.0,68.5,27.93,0.83,5,GHRSST L4 / INSAT-3DR MOSDAC / Sentinel-3 SLSTR,0.5
2440,2026-08-24,20.0,69.0,28.1,1.0,5,GHRSST L4 / INSAT-3DR MOSDAC / Sentinel-3 SLSTR,0.5
2441,2026-08-24,20.0,69.5,27.95,0.85,5,GHRSST L4 / INSAT-3DR MOSDAC / Sentinel-3 SLSTR,0.5
2442,2026-08-24,20.0,70.0,27.86,0.76,5,GHRSST L4 / INSAT-3DR MOSDAC / Sentinel-3 SLSTR,0.5
2443,2026-08-24,20.0,70.5,27.59,0.49,5,GHRSST L4 / INSAT-3DR MOSDAC / Sentinel-3 SLSTR,0.5
2444,2026-08-24,20.0,71.0,28.14,1.04,5,GHRSST L4 / INSAT-3DR MOSDAC / Sentinel-3 SLSTR,0.5
2445,2026-08-24,20.0,71.5,27.91,0.81,5,GHRSST L4 / INSAT-3DR MOSDAC / Sentinel-3 SLSTR,0.5
2446,2026-08-24,20.0,72.0,27.54,0.44,5,GHRSST L4 / INSAT-3DR MOSDAC / Sentinel-3 SLSTR,0.5
2447,2026-08-24,20.0,72.5,28.12,1.02,5,GHRSST L4 / INSAT-3DR MOSDAC / Sentinel-3 SLSTR,0.5
2448,2026-08-24,20.0,73.0,27.83,0.73,5,GHRSST L4 / INSAT-3DR MOSDAC / Sentinel-3 SLSTR,0.5
2449,2026-08-24,20.0,73.5,27.58,0.48,5,GHRSST L4 / INSAT-3DR MOSDAC / Sentinel-3 SLSTR,0.5
2450,2026-08-24,20.0,74.0,27.63,0.53,5,GHRSST L4 / INSAT-3DR MOSDAC / Sentinel-3 SLSTR,0.5
2451,2026-08-24,20.0,74.5,28.15,1.05,5,GHRSST L4 / INSAT-3DR MOSDAC / Sentinel-3 SLSTR,0.5
2452,2026-08-24,20.0,75.0,27.78,0.68,5,GHRSST L4 / INSAT-3DR MOSDAC / Sentinel-3 SLSTR,0.5
2453,2026-08-24,20.0,75.5,27.76,0.66,5,GHRSST L4 / INSAT-3DR MOSDAC / Sentinel-3 SLSTR,0.5
2454,2026-08-24,20.0,76.0,27.81,0.71,5,GHRSST L4 / INSAT-3DR MOSDAC / Sentinel-3 SLSTR,0.5
2455,2026-08-24,20.0,76.5,27.96,0.86,5,GHRSST L4 / INSAT-3DR MOSDAC / Sentinel-3 SLSTR,0.5
2456,2026-08-24,20.0,77.0,27.73,0.63,5,GHRSST L4 / INSAT-3DR MOSDAC / Sentinel-3 SLSTR,0.5
2457,2026-08-24,20.0,77.5,27.76,0.66,5,GHRSST L4 / INSAT-3DR MOSDAC / Sentinel-3 SLSTR,0.5
2458,2026-08-24,20.0,78.0,27.99,0.89,5,GHRSST L4 / INSAT-3DR MOSDAC / Sentinel-3 SLSTR,0.5
2459,2026-08-24,20.0,78.5,27.79,0.69,5,GHRSST L4 / INSAT-3DR MOSDAC / Sentinel-3 SLSTR,0.5
2460,2026-08-24,20.0,79.0,27.97,0.87,5,GHRSST L4 / INSAT-3DR MOSDAC / Sentinel-3 SLSTR,0.5
2461,2026-08-24,20.0,79.5,28.14,1.04,5,GHRSST L4 / INSAT-3DR MOSDAC / Sentinel-3 SLSTR,0.5
2462,2026-08-24,20.0,80.0,28.14,1.04,5,GHRSST L4 / INSAT-3DR MOSDAC / Sentinel-3 SLSTR,0.5
2463,2026-08-24,20.0,80.5,27.78,0.68,5,GHRSST L4 / INSAT-3DR MOSDAC / Sentinel-3 SLSTR,0.5
2464,2026-08-24,20.0,81.0,27.63,0.53,5,GHRSST L4 / INSAT-3DR MOSDAC / Sentinel-3 SLSTR,0.5
2465,2026-08-24,20.0,81.5,27.65,0.55,5,GHRSST L4 / INSAT-3DR MOSDAC / Sentinel-3 SLSTR,0.5
2466,2026-08-24,20.0,82.0,28.04,0.94,5,GHRSST L4 / INSAT-3DR MOSDAC / Sentinel-3 SLSTR,0.5
2467,2026-08-24,20.0,82.5,27.53,0.43,5,GHRSST L4 / INSAT-3DR MOSDAC / Sentinel-3 SLSTR,0.5
2468,2026-08-24,20.0,83.0,27.5,0.4,5,GHRSST L4 / INSAT-3DR MOSDAC / Sentinel-3 SLSTR,0.5
2469,2026-08-24,20.0,83.5,27.95,0.85,5,GHRSST L4 / INSAT-3DR MOSDAC / Sentinel-3 SLSTR,0.5
2470,2026-08-24,20.0,84.0,28.11,1.01,5,GHRSST L4 / INSAT-3DR MOSDAC / Sentinel-3 SLSTR,0.5
2471,2026-08-24,20.0,84.5,27.63,0.53,5,GHRSST L4 / INSAT-3DR MOSDAC / Sentinel-3 SLSTR,0.5
2472,2026-08-24,20.0,85.0,27.51,0.41,5,GHRSST L4 / INSAT-3DR MOSDAC / Sentinel-3 SLSTR,0.5
2473,2026-08-24,20.0,85.5,28.1,1.0,5,GHRSST L4 / INSAT-3DR MOSDAC / Sentinel-3 SLSTR,0.5
2474,2026-08-24,20.0,86.0,27.72,0.62,5,GHRSST L4 / INSAT-3DR MOSDAC / Sentinel-3 SLSTR,0.5
2475,2026-08-24,20.0,86.5,27.85,0.75,5,GHRSST L4 / INSAT-3DR MOSDAC / Sentinel-3 SLSTR,0.5
2476,2026-08-24,20.0,87.0,28.06,0.96,5,GHRSST L4 / INSAT-3DR MOSDAC / Sentinel-3 SLSTR,0.5
2477,2026-08-24,20.0,87.5,27.65,0.55,5,GHRSST L4 / INSAT-3DR MOSDAC / Sentinel-3 SLSTR,0.5
2478,2026-08-24,20.0,88.0,27.89,0.79,5,GHRSST L4 / INSAT-3DR MOSDAC / Sentinel-3 SLSTR,0.5
2479,2026-08-24,20.0,88.5,28.16,1.06,5,GHRSST L4 / INSAT-3DR MOSDAC / Sentinel-3 SLSTR,0.5
2480,2026-08-24,20.0,89.0,27.99,0.89,5,GHRSST L4 / INSAT-3DR MOSDAC / Sentinel-3 SLSTR,0.5
2481,2026-08-24,20.0,89.5,27.75,0.65,5,GHRSST L4 / INSAT-3DR MOSDAC / Sentinel-3 SLSTR,0.5
2482,2026-08-24,20.0,90.0,28.01,0.91,5,GHRSST L4 / INSAT-3DR MOSDAC / Sentinel-3 SLSTR,0.5
2483,2026-08-24,20.0,90.5,27.49,0.39,5,GHRSST L4 / INSAT-3DR MOSDAC / Sentinel-3 SLSTR,0.5
2484,2026-08-24,20.0,91.0,27.62,0.52,5,GHRSST L4 / INSAT-3DR MOSDAC / Sentinel-3 SLSTR,0.5
2485,2026-08-24,20.0,91.5,27.99,0.89,5,GHRSST L4 / INSAT-3DR MOSDAC / Sentinel-3 SLSTR,0.5
2486,2026-08-24,20.0,92.0,27.65,0.55,5,GHRSST L4 / INSAT-3DR MOSDAC / Sentinel-3 SLSTR,0.5
2487,2026-08-24,20.0,92.5,27.56,0.46,5,GHRSST L4 / INSAT-3DR MOSDAC / Sentinel-3 SLSTR,0.5
2488,2026-08-24,20.0,93.0,27.68,0.58,5,GHRSST L4 / INSAT-3DR MOSDAC / Sentinel-3 SLSTR,0.5
2489,2026-08-24,20.0,93.5,27.59,0.49,5,GHRSST L4 / INSAT-3DR MOSDAC / Sentinel-3 SLSTR,0.5
2490,2026-08-24,20.0,94.0,27.76,0.66,5,GHRSST L4 / INSAT-3DR MOSDAC / Sentinel-3 SLSTR,0.5
2491,2026-08-24,20.5,68.0,27.5,0.45,5,GHRSST L4 / INSAT-3DR MOSDAC / Sentinel-3 SLSTR,0.5
2492,2026-08-24,20.5,68.5,28.0,0.95,5,GHRSST L4 / INSAT-3DR MOSDAC / Sentinel-3 SLSTR,0.5
2493,2026-08-24,20.5,69.0,27.96,0.91,5,GHRSST L4 / INSAT-3DR MOSDAC / Sentinel-3 SLSTR,0.5
2494,2026-08-24,20.5,69.5,27.62,0.57,5,GHRSST L4 / INSAT-3DR MOSDAC / Sentinel-3 SLSTR,0.5
2495,2026-08-24,20.5,70.0,27.77,0.72,5,GHRSST L4 / INSAT-3DR MOSDAC / Sentinel-3 SLSTR,0.5
2496,2026-08-24,20.5,70.5,28.01,0.96,5,GHRSST L4 / INSAT-3DR MOSDAC / Sentinel-3 SLSTR,0.5
2497,2026-08-24,20.5,71.0,28.06,1.01,5,GHRSST L4 / INSAT-3DR MOSDAC / Sentinel-3 SLSTR,0.5
2498,2026-08-24,20.5,71.5,27.47,0.42,5,GHRSST L4 / INSAT-3DR MOSDAC / Sentinel-3 SLSTR,0.5
2499,2026-08-24,20.5,72.0,27.92,0.87,5,GHRSST L4 / INSAT-3DR MOSDAC / Sentinel-3 SLSTR,0.5
2500,2026-08-24,20.5,72.5,27.5,0.45,5,GHRSST L4 / INSAT-3DR MOSDAC / Sentinel-3 SLSTR,0.5
2501,2026-08-24,20.5,73.0,27.42,0.37,5,GHRSST L4 / INSAT-3DR MOSDAC / Sentinel-3 SLSTR,0.5
2502,2026-08-24,20.5,73.5,27.47,0.42,5,GHRSST L4 / INSAT-3DR MOSDAC / Sentinel-3 SLSTR,0.5
2503,2026-08-24,20.5,74.0,27.81,0.76,5,GHRSST L4 / INSAT-3DR MOSDAC / Sentinel-3 SLSTR,0.5
2504,2026-08-24,20.5,74.5,27.67,0.62,5,GHRSST L4 / INSAT-3DR MOSDAC / Sentinel-3 SLSTR,0.5
2505,2026-08-24,20.5,75.0,27.49,0.44,5,GHRSST L4 / INSAT-3DR MOSDAC / Sentinel-3 SLSTR,0.5
2506,2026-08-24,20.5,75.5,27.74,0.69,5,GHRSST L4 / INSAT-3DR MOSDAC / Sentinel-3 SLSTR,0.5
2507,2026-08-24,20.5,76.0,27.77,0.72,5,GHRSST L4 / INSAT-3DR MOSDAC / Sentinel-3 SLSTR,0.5
2508,2026-08-24,20.5,76.5,27.96,0.91,5,GHRSST L4 / INSAT-3DR MOSDAC / Sentinel-3 SLSTR,0.5
2509,2026-08-24,20.5,77.0,27.87,0.82,5,GHRSST L4 / INSAT-3DR MOSDAC / Sentinel-3 SLSTR,0.5
2510,2026-08-24,20.5,77.5,27.74,0.69,5,GHRSST L4 / INSAT-3DR MOSDAC / Sentinel-3 SLSTR,0.5
2511,2026-08-24,20.5,78.0,27.64,0.59,5,GHRSST L4 / INSAT-3DR MOSDAC / Sentinel-3 SLSTR,0.5
2512,2026-08-24,20.5,78.5,27.41,0.36,5,GHRSST L4 / INSAT-3DR MOSDAC / Sentinel-3 SLSTR,0.5
2513,2026-08-24,20.5,79.0,27.99,0.94,5,GHRSST L4 / INSAT-3DR MOSDAC / Sentinel-3 SLSTR,0.5
2514,2026-08-24,20.5,79.5,27.6,0.55,5,GHRSST L4 / INSAT-3DR MOSDAC / Sentinel-3 SLSTR,0.5
2515,2026-08-24,20.5,80.0,27.56,0.51,5,GHRSST L4 / INSAT-3DR MOSDAC / Sentinel-3 SLSTR,0.5
2516,2026-08-24,20.5,80.5,27.92,0.87,5,GHRSST L4 / INSAT-3DR MOSDAC / Sentinel-3 SLSTR,0.5
2517,2026-08-24,20.5,81.0,27.46,0.41,5,GHRSST L4 / INSAT-3DR MOSDAC / Sentinel-3 SLSTR,0.5
2518,2026-08-24,20.5,81.5,27.59,0.54,5,GHRSST L4 / INSAT-3DR MOSDAC / Sentinel-3 SLSTR,0.5
2519,2026-08-24,20.5,82.0,27.71,0.66,5,GHRSST L4 / INSAT-3DR MOSDAC / Sentinel-3 SLSTR,0.5
2520,2026-08-24,20.5,82.5,27.72,0.67,5,GHRSST L4 / INSAT-3DR MOSDAC / Sentinel-3 SLSTR,0.5
2521,2026-08-24,20.5,83.0,27.52,0.47,5,GHRSST L4 / INSAT-3DR MOSDAC / Sentinel-3 SLSTR,0.5
2522,2026-08-24,20.5,83.5,27.44,0.39,5,GHRSST L4 / INSAT-3DR MOSDAC / Sentinel-3 SLSTR,0.5
2523,2026-08-24,20.5,84.0,27.74,0.69,5,GHRSST L4 / INSAT-3DR MOSDAC / Sentinel-3 SLSTR,0.5
2524,2026-08-24,20.5,84.5,27.66,0.61,5,GHRSST L4 / INSAT-3DR MOSDAC / Sentinel-3 SLSTR,0.5
2525,2026-08-24,20.5,85.0,27.61,0.56,5,GHRSST L4 / INSAT-3DR MOSDAC / Sentinel-3 SLSTR,0.5
2526,2026-08-24,20.5,85.5,27.6,0.55,5,GHRSST L4 / INSAT-3DR MOSDAC / Sentinel-3 SLSTR,0.5
2527,2026-08-24,20.5,86.0,27.76,0.71,5,GHRSST L4 / INSAT-3DR MOSDAC / Sentinel-3 SLSTR,0.5
2528,2026-08-24,20.5,86.5,27.43,0.38,5,GHRSST L4 / INSAT-3DR MOSDAC / Sentinel-3 SLSTR,0.5
2529,2026-08-24,20.5,87.0,27.48,0.43,5,GHRSST L4 / INSAT-3DR MOSDAC / Sentinel-3 SLSTR,0.5
2530,2026-08-24,20.5,87.5,27.64,0.59,5,GHRSST L4 / INSAT-3DR MOSDAC / Sentinel-3 SLSTR,0.5
2531,2026-08-24,20.5,88.0,27.75,0.7,5,GHRSST L4 / INSAT-3DR MOSDAC / Sentinel-3 SLSTR,0.5
2532,2026-08-24,20.5,88.5,27.9,0.85,5,GHRSST L4 / INSAT-3DR MOSDAC / Sentinel-3 SLSTR,0.5
2533,2026-08-24,20.5,89.0,27.62,0.57,5,GHRSST L4 / INSAT-3DR MOSDAC / Sentinel-3 SLSTR,0.5
2534,2026-08-24,20.5,89.5,27.88,0.83,5,GHRSST L4 / INSAT-3DR MOSDAC / Sentinel-3 SLSTR,0.5
2535,2026-08-24,20.5,90.0,27.68,0.63,5,GHRSST L4 / INSAT-3DR MOSDAC / Sentinel-3 SLSTR,0.5
2536,2026-08-24,20.5,90.5,27.95,0.9,5,GHRSST L4 / INSAT-3DR MOSDAC / Sentinel-3 SLSTR,0.5
2537,2026-08-24,20.5,91.0,27.75,0.7,5,GHRSST L4 / INSAT-3DR MOSDAC / Sentinel-3 SLSTR,0.5
2538,2026-08-24,20.5,91.5,27.79,0.74,5,GHRSST L4 / INSAT-3DR MOSDAC / Sentinel-3 SLSTR,0.5
2539,2026-08-24,20.5,92.0,27.71,0.66,5,GHRSST L4 / INSAT-3DR MOSDAC / Sentinel-3 SLSTR,0.5
2540,2026-08-24,20.5,92.5,27.5,0.45,5,GHRSST L4 / INSAT-3DR MOSDAC / Sentinel-3 SLSTR,0.5
2541,2026-08-24,20.5,93.0,27.53,0.48,5,GHRSST L4 / INSAT-3DR MOSDAC / Sentinel-3 SLSTR,0.5
2542,2026-08-24,20.5,93.5,27.69,0.64,5,GHRSST L4 / INSAT-3DR MOSDAC / Sentinel-3 SLSTR,0.5
2543,2026-08-24,20.5,94.0,27.48,0.43,5,GHRSST L4 / INSAT-3DR MOSDAC / Sentinel-3 SLSTR,0.5
2544,2026-08-24,21.0,68.0,27.45,0.45,5,GHRSST L4 / INSAT-3DR MOSDAC / Sentinel-3 SLSTR,0.5
2545,2026-08-24,21.0,68.5,27.79,0.79,5,GHRSST L4 / INSAT-3DR MOSDAC / Sentinel-3 SLSTR,0.5
2546,2026-08-24,21.0,69.0,27.79,0.79,5,GHRSST L4 / INSAT-3DR MOSDAC / Sentinel-3 SLSTR,0.5
2547,2026-08-24,21.0,69.5,27.44,0.44,5,GHRSST L4 / INSAT-3DR MOSDAC / Sentinel-3 SLSTR,0.5
2548,2026-08-24,21.0,70.0,27.95,0.95,5,GHRSST L4 / INSAT-3DR MOSDAC / Sentinel-3 SLSTR,0.5
2549,2026-08-24,21.0,70.5,27.95,0.95,5,GHRSST L4 / INSAT-3DR MOSDAC / Sentinel-3 SLSTR,0.5
2550,2026-08-24,21.0,71.0,27.62,0.62,5,GHRSST L4 / INSAT-3DR MOSDAC / Sentinel-3 SLSTR,0.5
2551,2026-08-24,21.0,71.5,27.7,0.7,5,GHRSST L4 / INSAT-3DR MOSDAC / Sentinel-3 SLSTR,0.5
2552,2026-08-24,21.0,72.0,27.91,0.91,5,GHRSST L4 / INSAT-3DR MOSDAC / Sentinel-3 SLSTR,0.5
2553,2026-08-24,21.0,72.5,27.88,0.88,5,GHRSST L4 / INSAT-3DR MOSDAC / Sentinel-3 SLSTR,0.5
2554,2026-08-24,21.0,73.0,27.6,0.6,5,GHRSST L4 / INSAT-3DR MOSDAC / Sentinel-3 SLSTR,0.5
2555,2026-08-24,21.0,73.5,27.57,0.57,5,GHRSST L4 / INSAT-3DR MOSDAC / Sentinel-3 SLSTR,0.5
2556,2026-08-24,21.0,74.0,27.82,0.82,5,GHRSST L4 / INSAT-3DR MOSDAC / Sentinel-3 SLSTR,0.5
2557,2026-08-24,21.0,74.5,27.6,0.6,5,GHRSST L4 / INSAT-3DR MOSDAC / Sentinel-3 SLSTR,0.5
2558,2026-08-24,21.0,75.0,27.83,0.83,5,GHRSST L4 / INSAT-3DR MOSDAC / Sentinel-3 SLSTR,0.5
2559,2026-08-24,21.0,75.5,27.44,0.44,5,GHRSST L4 / INSAT-3DR MOSDAC / Sentinel-3 SLSTR,0.5
2560,2026-08-24,21.0,76.0,27.82,0.82,5,GHRSST L4 / INSAT-3DR MOSDAC / Sentinel-3 SLSTR,0.5
2561,2026-08-24,21.0,76.5,27.9,0.9,5,GHRSST L4 / INSAT-3DR MOSDAC / Sentinel-3 SLSTR,0.5
2562,2026-08-24,21.0,77.0,27.98,0.98,5,GHRSST L4 / INSAT-3DR MOSDAC / Sentinel-3 SLSTR,0.5
2563,2026-08-24,21.0,77.5,27.67,0.67,5,GHRSST L4 / INSAT-3DR MOSDAC / Sentinel-3 SLSTR,0.5
2564,2026-08-24,21.0,78.0,27.74,0.74,5,GHRSST L4 / INSAT-3DR MOSDAC / Sentinel-3 SLSTR,0.5
2565,2026-08-24,21.0,78.5,27.55,0.55,5,GHRSST L4 / INSAT-3DR MOSDAC / Sentinel-3 SLSTR,0.5
2566,2026-08-24,21.0,79.0,27.46,0.46,5,GHRSST L4 / INSAT-3DR MOSDAC / Sentinel-3 SLSTR,0.5
2567,2026-08-24,21.0,79.5,27.47,0.47,5,GHRSST L4 / INSAT-3DR MOSDAC / Sentinel-3 SLSTR,0.5
2568,2026-08-24,21.0,80.0,27.94,0.94,5,GHRSST L4 / INSAT-3DR MOSDAC / Sentinel-3 SLSTR,0.5
2569,2026-08-24,21.0,80.5,27.73,0.73,5,GHRSST L4 / INSAT-3DR MOSDAC / Sentinel-3 SLSTR,0.5
2570,2026-08-24,21.0,81.0,27.61,0.61,5,GHRSST L4 / INSAT-3DR MOSDAC / Sentinel-3 SLSTR,0.5
2571,2026-08-24,21.0,81.5,27.95,0.95,5,GHRSST L4 / INSAT-3DR MOSDAC / Sentinel-3 SLSTR,0.5
2572,2026-08-24,21.0,82.0,27.43,0.43,5,GHRSST L4 / INSAT-3DR MOSDAC / Sentinel-3 SLSTR,0.5
2573,2026-08-24,21.0,82.5,27.77,0.77,5,GHRSST L4 / INSAT-3DR MOSDAC / Sentinel-3 SLSTR,0.5
2574,2026-08-24,21.0,83.0,27.9,0.9,5,GHRSST L4 / INSAT-3DR MOSDAC / Sentinel-3 SLSTR,0.5
2575,2026-08-24,21.0,83.5,27.44,0.44,5,GHRSST L4 / INSAT-3DR MOSDAC / Sentinel-3 SLSTR,0.5
2576,2026-08-24,21.0,84.0,27.43,0.43,5,GHRSST L4 / INSAT-3DR MOSDAC / Sentinel-3 SLSTR,0.5
2577,2026-08-24,21.0,84.5,27.37,0.37,5,GHRSST L4 / INSAT-3DR MOSDAC / Sentinel-3 SLSTR,0.5
2578,2026-08-24,21.0,85.0,28.01,1.01,5,GHRSST L4 / INSAT-3DR MOSDAC / Sentinel-3 SLSTR,0.5
2579,2026-08-24,21.0,85.5,27.83,0.83,5,GHRSST L4 / INSAT-3DR MOSDAC / Sentinel-3 SLSTR,0.5
2580,2026-08-24,21.0,86.0,27.4,0.4,5,GHRSST L4 / INSAT-3DR MOSDAC / Sentinel-3 SLSTR,0.5
2581,2026-08-24,21.0,86.5,27.82,0.82,5,GHRSST L4 / INSAT-3DR MOSDAC / Sentinel-3 SLSTR,0.5
2582,2026-08-24,21.0,87.0,27.56,0.56,5,GHRSST L4 / INSAT-3DR MOSDAC / Sentinel-3 SLSTR,0.5
2583,2026-08-24,21.0,87.5,27.43,0.43,5,GHRSST L4 / INSAT-3DR MOSDAC / Sentinel-3 SLSTR,0.5
2584,2026-08-24,21.0,88.0,28.04,1.04,5,GHRSST L4 / INSAT-3DR MOSDAC / Sentinel-3 SLSTR,0.5
2585,2026-08-24,21.0,88.5,27.48,0.48,5,GHRSST L4 / INSAT-3DR MOSDAC / Sentinel-3 SLSTR,0.5
2586,2026-08-24,21.0,89.0,27.91,0.91,5,GHRSST L4 / INSAT-3DR MOSDAC / Sentinel-3 SLSTR,0.5
2587,2026-08-24,21.0,89.5,27.97,0.97,5,GHRSST L4 / INSAT-3DR MOSDAC / Sentinel-3 SLSTR,0.5
2588,2026-08-24,21.0,90.0,27.72,0.72,5,GHRSST L4 / INSAT-3DR MOSDAC / Sentinel-3 SLSTR,0.5
2589,2026-08-24,21.0,90.5,28.03,1.03,5,GHRSST L4 / INSAT-3DR MOSDAC / Sentinel-3 SLSTR,0.5
2590,2026-08-24,21.0,91.0,27.43,0.43,5,GHRSST L4 / INSAT-3DR MOSDAC / Sentinel-3 SLSTR,0.5
2591,2026-08-24,21.0,91.5,28.02,1.02,5,GHRSST L4 / INSAT-3DR MOSDAC / Sentinel-3 SLSTR,0.5
2592,2026-08-24,21.0,92.0,27.4,0.4,5,GHRSST L4 / INSAT-3DR MOSDAC / Sentinel-3 SLSTR,0.5
2593,2026-08-24,21.0,92.5,27.68,0.68,5,GHRSST L4 / INSAT-3DR MOSDAC / Sentinel-3 SLSTR,0.5
2594,2026-08-24,21.0,93.0,27.95,0.95,5,GHRSST L4 / INSAT-3DR MOSDAC / Sentinel-3 SLSTR,0.5
2595,2026-08-24,21.0,93.5,27.74,0.74,5,GHRSST L4 / INSAT-3DR MOSDAC / Sentinel-3 SLSTR,0.5
2596,2026-08-24,21.0,94.0,27.76,0.76,5,GHRSST L4 / INSAT-3DR MOSDAC / Sentinel-3 SLSTR,0.5
2597,2026-08-24,21.5,68.0,27.4,0.45,5,GHRSST L4 / INSAT-3DR MOSDAC / Sentinel-3 SLSTR,0.5
2598,2026-08-24,21.5,68.5,27.98,1.03,5,GHRSST L4 / INSAT-3DR MOSDAC / Sentinel-3 SLSTR,0.5
2599,2026-08-24,21.5,69.0,27.45,0.5,5,GHRSST L4 / INSAT-3DR MOSDAC / Sentinel-3 SLSTR,0.5
2600,2026-08-24,21.5,69.5,27.89,0.94,5,GHRSST L4 / INSAT-3DR MOSDAC / Sentinel-3 SLSTR,0.5
2601,2026-08-24,21.5,70.0,27.96,1.01,5,GHRSST L4 / INSAT-3DR MOSDAC / Sentinel-3 SLSTR,0.5
2602,2026-08-24,21.5,70.5,27.49,0.54,5,GHRSST L4 / INSAT-3DR MOSDAC / Sentinel-3 SLSTR,0.5
2603,2026-08-24,21.5,71.0,27.8,0.85,5,GHRSST L4 / INSAT-3DR MOSDAC / Sentinel-3 SLSTR,0.5
2604,2026-08-24,21.5,71.5,27.35,0.4,5,GHRSST L4 / INSAT-3DR MOSDAC / Sentinel-3 SLSTR,0.5
2605,2026-08-24,21.5,72.0,27.81,0.86,5,GHRSST L4 / INSAT-3DR MOSDAC / Sentinel-3 SLSTR,0.5
2606,2026-08-24,21.5,72.5,27.63,0.68,5,GHRSST L4 / INSAT-3DR MOSDAC / Sentinel-3 SLSTR,0.5
2607,2026-08-24,21.5,73.0,27.37,0.42,5,GHRSST L4 / INSAT-3DR MOSDAC / Sentinel-3 SLSTR,0.5
2608,2026-08-24,21.5,73.5,27.92,0.97,5,GHRSST L4 / INSAT-3DR MOSDAC / Sentinel-3 SLSTR,0.5
2609,2026-08-24,21.5,74.0,27.77,0.82,5,GHRSST L4 / INSAT-3DR MOSDAC / Sentinel-3 SLSTR,0.5
2610,2026-08-24,21.5,74.5,27.41,0.46,5,GHRSST L4 / INSAT-3DR MOSDAC / Sentinel-3 SLSTR,0.5
2611,2026-08-24,21.5,75.0,27.66,0.71,5,GHRSST L4 / INSAT-3DR MOSDAC / Sentinel-3 SLSTR,0.5
2612,2026-08-24,21.5,75.5,27.52,0.57,5,GHRSST L4 / INSAT-3DR MOSDAC / Sentinel-3 SLSTR,0.5
2613,2026-08-24,21.5,76.0,27.79,0.84,5,GHRSST L4 / INSAT-3DR MOSDAC / Sentinel-3 SLSTR,0.5
2614,2026-08-24,21.5,76.5,27.73,0.78,5,GHRSST L4 / INSAT-3DR MOSDAC / Sentinel-3 SLSTR,0.5
2615,2026-08-24,21.5,77.0,27.42,0.47,5,GHRSST L4 / INSAT-3DR MOSDAC / Sentinel-3 SLSTR,0.5
2616,2026-08-24,21.5,77.5,27.46,0.51,5,GHRSST L4 / INSAT-3DR MOSDAC / Sentinel-3 SLSTR,0.5
2617,2026-08-24,21.5,78.0,27.78,0.83,5,GHRSST L4 / INSAT-3DR MOSDAC / Sentinel-3 SLSTR,0.5
2618,2026-08-24,21.5,78.5,27.76,0.81,5,GHRSST L4 / INSAT-3DR MOSDAC / Sentinel-3 SLSTR,0.5
2619,2026-08-24,21.5,79.0,27.51,0.56,5,GHRSST L4 / INSAT-3DR MOSDAC / Sentinel-3 SLSTR,0.5
2620,2026-08-24,21.5,79.5,27.62,0.67,5,GHRSST L4 / INSAT-3DR MOSDAC / Sentinel-3 SLSTR,0.5
2621,2026-08-24,21.5,80.0,27.62,0.67,5,GHRSST L4 / INSAT-3DR MOSDAC / Sentinel-3 SLSTR,0.5
2622,2026-08-24,21.5,80.5,27.38,0.43,5,GHRSST L4 / INSAT-3DR MOSDAC / Sentinel-3 SLSTR,0.5
2623,2026-08-24,21.5,81.0,27.72,0.77,5,GHRSST L4 / INSAT-3DR MOSDAC / Sentinel-3 SLSTR,0.5
2624,2026-08-24,21.5,81.5,27.48,0.53,5,GHRSST L4 / INSAT-3DR MOSDAC / Sentinel-3 SLSTR,0.5
2625,2026-08-24,21.5,82.0,27.61,0.66,5,GHRSST L4 / INSAT-3DR MOSDAC / Sentinel-3 SLSTR,0.5
2626,2026-08-24,21.5,82.5,27.34,0.39,5,GHRSST L4 / INSAT-3DR MOSDAC / Sentinel-3 SLSTR,0.5
2627,2026-08-24,21.5,83.0,27.72,0.77,5,GHRSST L4 / INSAT-3DR MOSDAC / Sentinel-3 SLSTR,0.5
2628,2026-08-24,21.5,83.5,27.88,0.93,5,GHRSST L4 / INSAT-3DR MOSDAC / Sentinel-3 SLSTR,0.5
2629,2026-08-24,21.5,84.0,27.69,0.74,5,GHRSST L4 / INSAT-3DR MOSDAC / Sentinel-3 SLSTR,0.5
2630,2026-08-24,21.5,84.5,27.71,0.76,5,GHRSST L4 / INSAT-3DR MOSDAC / Sentinel-3 SLSTR,0.5
2631,2026-08-24,21.5,85.0,27.76,0.81,5,GHRSST L4 / INSAT-3DR MOSDAC / Sentinel-3 SLSTR,0.5
2632,2026-08-24,21.5,85.5,27.43,0.48,5,GHRSST L4 / INSAT-3DR MOSDAC / Sentinel-3 SLSTR,0.5
2633,2026-08-24,21.5,86.0,27.34,0.39,5,GHRSST L4 / INSAT-3DR MOSDAC / Sentinel-3 SLSTR,0.5
2634,2026-08-24,21.5,86.5,27.89,0.94,5,GHRSST L4 / INSAT-3DR MOSDAC / Sentinel-3 SLSTR,0.5
2635,2026-08-24,21.5,87.0,27.88,0.93,5,GHRSST L4 / INSAT-3DR MOSDAC / Sentinel-3 SLSTR,0.5
2636,2026-08-24,21.5,87.5,27.67,0.72,5,GHRSST L4 / INSAT-3DR MOSDAC / Sentinel-3 SLSTR,0.5
2637,2026-08-24,21.5,88.0,27.43,0.48,5,GHRSST L4 / INSAT-3DR MOSDAC / Sentinel-3 SLSTR,0.5
2638,2026-08-24,21.5,88.5,27.86,0.91,5,GHRSST L4 / INSAT-3DR MOSDAC / Sentinel-3 SLSTR,0.5
2639,2026-08-24,21.5,89.0,27.44,0.49,5,GHRSST L4 / INSAT-3DR MOSDAC / Sentinel-3 SLSTR,0.5
2640,2026-08-24,21.5,89.5,27.89,0.94,5,GHRSST L4 / INSAT-3DR MOSDAC / Sentinel-3 SLSTR,0.5
2641,2026-08-24,21.5,90.0,27.59,0.64,5,GHRSST L4 / INSAT-3DR MOSDAC / Sentinel-3 SLSTR,0.5
2642,2026-08-24,21.5,90.5,27.33,0.38,5,GHRSST L4 / INSAT-3DR MOSDAC / Sentinel-3 SLSTR,0.5
2643,2026-08-24,21.5,91.0,27.86,0.91,5,GHRSST L4 / INSAT-3DR MOSDAC / Sentinel-3 SLSTR,0.5
2644,2026-08-24,21.5,91.5,27.68,0.73,5,GHRSST L4 / INSAT-3DR MOSDAC / Sentinel-3 SLSTR,0.5
2645,2026-08-24,21.5,92.0,27.51,0.56,5,GHRSST L4 / INSAT-3DR MOSDAC / Sentinel-3 SLSTR,0.5
2646,2026-08-24,21.5,92.5,27.61,0.66,5,GHRSST L4 / INSAT-3DR MOSDAC / Sentinel-3 SLSTR,0.5
2647,2026-08-24,21.5,93.0,27.91,0.96,5,GHRSST L4 / INSAT-3DR MOSDAC / Sentinel-3 SLSTR,0.5
2648,2026-08-24,21.5,93.5,27.43,0.48,5,GHRSST L4 / INSAT-3DR MOSDAC / Sentinel-3 SLSTR,0.5
2649,2026-08-24,21.5,94.0,27.36,0.41,5,GHRSST L4 / INSAT-3DR MOSDAC / Sentinel-3 SLSTR,0.5
2650,2026-08-24,22.0,68.0,27.78,0.88,5,GHRSST L4 / INSAT-3DR MOSDAC / Sentinel-3 SLSTR,0.5
2651,2026-08-24,22.0,68.5,27.67,0.77,5,GHRSST L4 / INSAT-3DR MOSDAC / Sentinel-3 SLSTR,0.5
2652,2026-08-24,22.0,69.0,27.84,0.94,5,GHRSST L4 / INSAT-3DR MOSDAC / Sentinel-3 SLSTR,0.5
2653,2026-08-24,22.0,69.5,27.45,0.55,5,GHRSST L4 / INSAT-3DR MOSDAC / Sentinel-3 SLSTR,0.5
2654,2026-08-24,22.0,70.0,27.62,0.72,5,GHRSST L4 / INSAT-3DR MOSDAC / Sentinel-3 SLSTR,0.5
2655,2026-08-24,22.0,70.5,27.26,0.36,5,GHRSST L4 / INSAT-3DR MOSDAC / Sentinel-3 SLSTR,0.5
2656,2026-08-24,22.0,71.0,27.82,0.92,5,GHRSST L4 / INSAT-3DR MOSDAC / Sentinel-3 SLSTR,0.5
2657,2026-08-24,22.0,71.5,27.36,0.46,5,GHRSST L4 / INSAT-3DR MOSDAC / Sentinel-3 SLSTR,0.5
2658,2026-08-24,22.0,72.0,27.31,0.41,5,GHRSST L4 / INSAT-3DR MOSDAC / Sentinel-3 SLSTR,0.5
2659,2026-08-24,22.0,72.5,27.57,0.67,5,GHRSST L4 / INSAT-3DR MOSDAC / Sentinel-3 SLSTR,0.5
2660,2026-08-24,22.0,73.0,27.75,0.85,5,GHRSST L4 / INSAT-3DR MOSDAC / Sentinel-3 SLSTR,0.5
2661,2026-08-24,22.0,73.5,27.38,0.48,5,GHRSST L4 / INSAT-3DR MOSDAC / Sentinel-3 SLSTR,0.5
2662,2026-08-24,22.0,74.0,27.39,0.49,5,GHRSST L4 / INSAT-3DR MOSDAC / Sentinel-3 SLSTR,0.5
2663,2026-08-24,22.0,74.5,27.45,0.55,5,GHRSST L4 / INSAT-3DR MOSDAC / Sentinel-3 SLSTR,0.5
2664,2026-08-24,22.0,75.0,27.8,0.9,5,GHRSST L4 / INSAT-3DR MOSDAC / Sentinel-3 SLSTR,0.5
2665,2026-08-24,22.0,75.5,27.75,0.85,5,GHRSST L4 / INSAT-3DR MOSDAC / Sentinel-3 SLSTR,0.5
2666,2026-08-24,22.0,76.0,27.42,0.52,5,GHRSST L4 / INSAT-3DR MOSDAC / Sentinel-3 SLSTR,0.5
2667,2026-08-24,22.0,76.5,27.41,0.51,5,GHRSST L4 / INSAT-3DR MOSDAC / Sentinel-3 SLSTR,0.5
2668,2026-08-24,22.0,77.0,27.86,0.96,5,GHRSST L4 / INSAT-3DR MOSDAC / Sentinel-3 SLSTR,0.5
2669,2026-08-24,22.0,77.5,27.66,0.76,5,GHRSST L4 / INSAT-3DR MOSDAC / Sentinel-3 SLSTR,0.5
2670,2026-08-24,22.0,78.0,27.39,0.49,5,GHRSST L4 / INSAT-3DR MOSDAC / Sentinel-3 SLSTR,0.5
2671,2026-08-24,22.0,78.5,27.33,0.43,5,GHRSST L4 / INSAT-3DR MOSDAC / Sentinel-3 SLSTR,0.5
2672,2026-08-24,22.0,79.0,27.28,0.38,5,GHRSST L4 / INSAT-3DR MOSDAC / Sentinel-3 SLSTR,0.5
2673,2026-08-24,22.0,79.5,27.4,0.5,5,GHRSST L4 / INSAT-3DR MOSDAC / Sentinel-3 SLSTR,0.5
2674,2026-08-24,22.0,80.0,27.73,0.83,5,GHRSST L4 / INSAT-3DR MOSDAC / Sentinel-3 SLSTR,0.5
2675,2026-08-24,22.0,80.5,27.49,0.59,5,GHRSST L4 / INSAT-3DR MOSDAC / Sentinel-3 SLSTR,0.5
2676,2026-08-24,22.0,81.0,27.91,1.01,5,GHRSST L4 / INSAT-3DR MOSDAC / Sentinel-3 SLSTR,0.5
2677,2026-08-24,22.0,81.5,27.46,0.56,5,GHRSST L4 / INSAT-3DR MOSDAC / Sentinel-3 SLSTR,0.5
2678,2026-08-24,22.0,82.0,27.34,0.44,5,GHRSST L4 / INSAT-3DR MOSDAC / Sentinel-3 SLSTR,0.5
2679,2026-08-24,22.0,82.5,27.35,0.45,5,GHRSST L4 / INSAT-3DR MOSDAC / Sentinel-3 SLSTR,0.5
2680,2026-08-24,22.0,83.0,27.57,0.67,5,GHRSST L4 / INSAT-3DR MOSDAC / Sentinel-3 SLSTR,0.5
2681,2026-08-24,22.0,83.5,27.89,0.99,5,GHRSST L4 / INSAT-3DR MOSDAC / Sentinel-3 SLSTR,0.5
2682,2026-08-24,22.0,84.0,27.86,0.96,5,GHRSST L4 / INSAT-3DR MOSDAC / Sentinel-3 SLSTR,0.5
2683,2026-08-24,22.0,84.5,27.36,0.46,5,GHRSST L4 / INSAT-3DR MOSDAC / Sentinel-3 SLSTR,0.5
2684,2026-08-24,22.0,85.0,27.76,0.86,5,GHRSST L4 / INSAT-3DR MOSDAC / Sentinel-3 SLSTR,0.5
2685,2026-08-24,22.0,85.5,27.76,0.86,5,GHRSST L4 / INSAT-3DR MOSDAC / Sentinel-3 SLSTR,0.5
2686,2026-08-24,22.0,86.0,27.35,0.45,5,GHRSST L4 / INSAT-3DR MOSDAC / Sentinel-3 SLSTR,0.5
2687,2026-08-24,22.0,86.5,27.44,0.54,5,GHRSST L4 / INSAT-3DR MOSDAC / Sentinel-3 SLSTR,0.5
2688,2026-08-24,22.0,87.0,27.28,0.38,5,GHRSST L4 / INSAT-3DR MOSDAC / Sentinel-3 SLSTR,0.5
2689,2026-08-24,22.0,87.5,27.28,0.38,5,GHRSST L4 / INSAT-3DR MOSDAC / Sentinel-3 SLSTR,0.5
2690,2026-08-24,22.0,88.0,27.54,0.64,5,GHRSST L4 / INSAT-3DR MOSDAC / Sentinel-3 SLSTR,0.5
2691,2026-08-24,22.0,88.5,27.57,0.67,5,GHRSST L4 / INSAT-3DR MOSDAC / Sentinel-3 SLSTR,0.5
2692,2026-08-24,22.0,89.0,27.25,0.35,5,GHRSST L4 / INSAT-3DR MOSDAC / Sentinel-3 SLSTR,0.5
2693,2026-08-24,22.0,89.5,27.91,1.01,5,GHRSST L4 / INSAT-3DR MOSDAC / Sentinel-3 SLSTR,0.5
2694,2026-08-24,22.0,90.0,27.57,0.67,5,GHRSST L4 / INSAT-3DR MOSDAC / Sentinel-3 SLSTR,0.5
2695,2026-08-24,22.0,90.5,27.78,0.88,5,GHRSST L4 / INSAT-3DR MOSDAC / Sentinel-3 SLSTR,0.5
2696,2026-08-24,22.0,91.0,27.67,0.77,5,GHRSST L4 / INSAT-3DR MOSDAC / Sentinel-3 SLSTR,0.5
2697,2026-08-24,22.0,91.5,27.66,0.76,5,GHRSST L4 / INSAT-3DR MOSDAC / Sentinel-3 SLSTR,0.5
2698,2026-08-24,22.0,92.0,27.44,0.54,5,GHRSST L4 / INSAT-3DR MOSDAC / Sentinel-3 SLSTR,0.5
2699,2026-08-24,22.0,92.5,27.85,0.95,5,GHRSST L4 / INSAT-3DR MOSDAC / Sentinel-3 SLSTR,0.5
2700,2026-08-24,22.0,93.0,27.44,0.54,5,GHRSST L4 / INSAT-3DR MOSDAC / Sentinel-3 SLSTR,0.5
2701,2026-08-24,22.0,93.5,27.9,1.0,5,GHRSST L4 / INSAT-3DR MOSDAC / Sentinel-3 SLSTR,0.5
2702,2026-08-24,22.0,94.0,27.26,0.36,5,GHRSST L4 / INSAT-3DR MOSDAC / Sentinel-3 SLSTR,0.5
2703,2026-08-24,22.5,68.0,27.25,0.4,5,GHRSST L4 / INSAT-3DR MOSDAC / Sentinel-3 SLSTR,0.5
2704,2026-08-24,22.5,68.5,27.68,0.83,5,GHRSST L4 / INSAT-3DR MOSDAC / Sentinel-3 SLSTR,0.5
2705,2026-08-24,22.5,69.0,27.6,0.75,5,GHRSST L4 / INSAT-3DR MOSDAC / Sentinel-3 SLSTR,0.5
2706,2026-08-24,22.5,69.5,27.67,0.82,5,GHRSST L4 / INSAT-3DR MOSDAC / Sentinel-3 SLSTR,0.5
2707,2026-08-24,22.5,70.0,27.62,0.77,5,GHRSST L4 / INSAT-3DR MOSDAC / Sentinel-3 SLSTR,0.5
2708,2026-08-24,22.5,70.5,27.54,0.69,5,GHRSST L4 / INSAT-3DR MOSDAC / Sentinel-3 SLSTR,0.5
2709,2026-08-24,22.5,71.0,27.19,0.34,5,GHRSST L4 / INSAT-3DR MOSDAC / Sentinel-3 SLSTR,0.5
2710,2026-08-24,22.5,71.5,27.74,0.89,5,GHRSST L4 / INSAT-3DR MOSDAC / Sentinel-3 SLSTR,0.5
2711,2026-08-24,22.5,72.0,27.53,0.68,5,GHRSST L4 / INSAT-3DR MOSDAC / Sentinel-3 SLSTR,0.5
2712,2026-08-24,22.5,72.5,27.24,0.39,5,GHRSST L4 / INSAT-3DR MOSDAC / Sentinel-3 SLSTR,0.5
2713,2026-08-24,22.5,73.0,27.3,0.45,5,GHRSST L4 / INSAT-3DR MOSDAC / Sentinel-3 SLSTR,0.5
2714,2026-08-24,22.5,73.5,27.63,0.78,5,GHRSST L4 / INSAT-3DR MOSDAC / Sentinel-3 SLSTR,0.5
2715,2026-08-24,22.5,74.0,27.22,0.37,5,GHRSST L4 / INSAT-3DR MOSDAC / Sentinel-3 SLSTR,0.5
2716,2026-08-24,22.5,74.5,27.78,0.93,5,GHRSST L4 / INSAT-3DR MOSDAC / Sentinel-3 SLSTR,0.5
2717,2026-08-24,22.5,75.0,27.72,0.87,5,GHRSST L4 / INSAT-3DR MOSDAC / Sentinel-3 SLSTR,0.5
2718,2026-08-24,22.5,75.5,27.38,0.53,5,GHRSST L4 / INSAT-3DR MOSDAC / Sentinel-3 SLSTR,0.5
2719,2026-08-24,22.5,76.0,27.79,0.94,5,GHRSST L4 / INSAT-3DR MOSDAC / Sentinel-3 SLSTR,0.5
2720,2026-08-24,22.5,76.5,27.79,0.94,5,GHRSST L4 / INSAT-3DR MOSDAC / Sentinel-3 SLSTR,0.5
2721,2026-08-24,22.5,77.0,27.76,0.91,5,GHRSST L4 / INSAT-3DR MOSDAC / Sentinel-3 SLSTR,0.5
2722,2026-08-24,22.5,77.5,27.39,0.54,5,GHRSST L4 / INSAT-3DR MOSDAC / Sentinel-3 SLSTR,0.5
2723,2026-08-24,22.5,78.0,27.63,0.78,5,GHRSST L4 / INSAT-3DR MOSDAC / Sentinel-3 SLSTR,0.5
2724,2026-08-24,22.5,78.5,27.49,0.64,5,GHRSST L4 / INSAT-3DR MOSDAC / Sentinel-3 SLSTR,0.5
2725,2026-08-24,22.5,79.0,27.55,0.7,5,GHRSST L4 / INSAT-3DR MOSDAC / Sentinel-3 SLSTR,0.5
2726,2026-08-24,22.5,79.5,27.46,0.61,5,GHRSST L4 / INSAT-3DR MOSDAC / Sentinel-3 SLSTR,0.5
2727,2026-08-24,22.5,80.0,27.17,0.32,5,GHRSST L4 / INSAT-3DR MOSDAC / Sentinel-3 SLSTR,0.5
2728,2026-08-24,22.5,80.5,27.18,0.33,5,GHRSST L4 / INSAT-3DR MOSDAC / Sentinel-3 SLSTR,0.5
2729,2026-08-24,22.5,81.0,27.71,0.86,5,GHRSST L4 / INSAT-3DR MOSDAC / Sentinel-3 SLSTR,0.5
2730,2026-08-24,22.5,81.5,27.83,0.98,5,GHRSST L4 / INSAT-3DR MOSDAC / Sentinel-3 SLSTR,0.5
2731,2026-08-24,22.5,82.0,27.33,0.48,5,GHRSST L4 / INSAT-3DR MOSDAC / Sentinel-3 SLSTR,0.5
2732,2026-08-24,22.5,82.5,27.55,0.7,5,GHRSST L4 / INSAT-3DR MOSDAC / Sentinel-3 SLSTR,0.5
2733,2026-08-24,22.5,83.0,27.38,0.53,5,GHRSST L4 / INSAT-3DR MOSDAC / Sentinel-3 SLSTR,0.5
2734,2026-08-24,22.5,83.5,27.5,0.65,5,GHRSST L4 / INSAT-3DR MOSDAC / Sentinel-3 SLSTR,0.5
2735,2026-08-24,22.5,84.0,27.25,0.4,5,GHRSST L4 / INSAT-3DR MOSDAC / Sentinel-3 SLSTR,0.5
2736,2026-08-24,22.5,84.5,27.68,0.83,5,GHRSST L4 / INSAT-3DR MOSDAC / Sentinel-3 SLSTR,0.5
2737,2026-08-24,22.5,85.0,27.53,0.68,5,GHRSST L4 / INSAT-3DR MOSDAC / Sentinel-3 SLSTR,0.5
2738,2026-08-24,22.5,85.5,27.39,0.54,5,GHRSST L4 / INSAT-3DR MOSDAC / Sentinel-3 SLSTR,0.5
2739,2026-08-24,22.5,86.0,27.63,0.78,5,GHRSST L4 / INSAT-3DR MOSDAC / Sentinel-3 SLSTR,0.5
2740,2026-08-24,22.5,86.5,27.53,0.68,5,GHRSST L4 / INSAT-3DR MOSDAC / Sentinel-3 SLSTR,0.5
2741,2026-08-24,22.5,87.0,27.45,0.6,5,GHRSST L4 / INSAT-3DR MOSDAC / Sentinel-3 SLSTR,0.5
2742,2026-08-24,22.5,87.5,27.54,0.69,5,GHRSST L4 / INSAT-3DR MOSDAC / Sentinel-3 SLSTR,0.5
2743,2026-08-24,22.5,88.0,27.84,0.99,5,GHRSST L4 / INSAT-3DR MOSDAC / Sentinel-3 SLSTR,0.5
2744,2026-08-24,22.5,88.5,27.22,0.37,5,GHRSST L4 / INSAT-3DR MOSDAC / Sentinel-3 SLSTR,0.5
2745,2026-08-24,22.5,89.0,27.82,0.97,5,GHRSST L4 / INSAT-3DR MOSDAC / Sentinel-3 SLSTR,0.5
2746,2026-08-24,22.5,89.5,27.26,0.41,5,GHRSST L4 / INSAT-3DR MOSDAC / Sentinel-3 SLSTR,0.5
2747,2026-08-24,22.5,90.0,27.31,0.46,5,GHRSST L4 / INSAT-3DR MOSDAC / Sentinel-3 SLSTR,0.5
2748,2026-08-24,22.5,90.5,27.86,1.01,5,GHRSST L4 / INSAT-3DR MOSDAC / Sentinel-3 SLSTR,0.5
2749,2026-08-24,22.5,91.0,27.74,0.89,5,GHRSST L4 / INSAT-3DR MOSDAC / Sentinel-3 SLSTR,0.5
2750,2026-08-24,22.5,91.5,27.42,0.57,5,GHRSST L4 / INSAT-3DR MOSDAC / Sentinel-3 SLSTR,0.5
2751,2026-08-24,22.5,92.0,27.45,0.6,5,GHRSST L4 / INSAT-3DR MOSDAC / Sentinel-3 SLSTR,0.5
2752,2026-08-24,22.5,92.5,27.38,0.53,5,GHRSST L4 / INSAT-3DR MOSDAC / Sentinel-3 SLSTR,0.5
2753,2026-08-24,22.5,93.0,27.33,0.48,5,GHRSST L4 / INSAT-3DR MOSDAC / Sentinel-3 SLSTR,0.5
2754,2026-08-24,22.5,93.5,27.21,0.36,5,GHRSST L4 / INSAT-3DR MOSDAC / Sentinel-3 SLSTR,0.5
2755,2026-08-24,22.5,94.0,27.19,0.34,5,GHRSST L4 / INSAT-3DR MOSDAC / Sentinel-3 SLSTR,0.5
2756,2026-08-24,23.0,68.0,27.46,0.66,5,GHRSST L4 / INSAT-3DR MOSDAC / Sentinel-3 SLSTR,0.5
2757,2026-08-24,23.0,68.5,27.48,0.68,5,GHRSST L4 / INSAT-3DR MOSDAC / Sentinel-3 SLSTR,0.5
2758,2026-08-24,23.0,69.0,27.64,0.84,5,GHRSST L4 / INSAT-3DR MOSDAC / Sentinel-3 SLSTR,0.5
2759,2026-08-24,23.0,69.5,27.18,0.38,5,GHRSST L4 / INSAT-3DR MOSDAC / Sentinel-3 SLSTR,0.5
2760,2026-08-24,23.0,70.0,27.47,0.67,5,GHRSST L4 / INSAT-3DR MOSDAC / Sentinel-3 SLSTR,0.5
2761,2026-08-24,23.0,70.5,27.76,0.96,5,GHRSST L4 / INSAT-3DR MOSDAC / Sentinel-3 SLSTR,0.5
2762,2026-08-24,23.0,71.0,27.71,0.91,5,GHRSST L4 / INSAT-3DR MOSDAC / Sentinel-3 SLSTR,0.5
2763,2026-08-24,23.0,71.5,27.48,0.68,5,GHRSST L4 / INSAT-3DR MOSDAC / Sentinel-3 SLSTR,0.5
2764,2026-08-24,23.0,72.0,27.2,0.4,5,GHRSST L4 / INSAT-3DR MOSDAC / Sentinel-3 SLSTR,0.5
2765,2026-08-24,23.0,72.5,27.22,0.42,5,GHRSST L4 / INSAT-3DR MOSDAC / Sentinel-3 SLSTR,0.5
2766,2026-08-24,23.0,73.0,27.44,0.64,5,GHRSST L4 / INSAT-3DR MOSDAC / Sentinel-3 SLSTR,0.5
2767,2026-08-24,23.0,73.5,27.54,0.74,5,GHRSST L4 / INSAT-3DR MOSDAC / Sentinel-3 SLSTR,0.5
2768,2026-08-24,23.0,74.0,27.8,1.0,5,GHRSST L4 / INSAT-3DR MOSDAC / Sentinel-3 SLSTR,0.5
2769,2026-08-24,23.0,74.5,27.69,0.89,5,GHRSST L4 / INSAT-3DR MOSDAC / Sentinel-3 SLSTR,0.5
2770,2026-08-24,23.0,75.0,27.4,0.6,5,GHRSST L4 / INSAT-3DR MOSDAC / Sentinel-3 SLSTR,0.5
2771,2026-08-24,23.0,75.5,27.36,0.56,5,GHRSST L4 / INSAT-3DR MOSDAC / Sentinel-3 SLSTR,0.5
2772,2026-08-24,23.0,76.0,27.12,0.32,5,GHRSST L4 / INSAT-3DR MOSDAC / Sentinel-3 SLSTR,0.5
2773,2026-08-24,23.0,76.5,27.12,0.32,5,GHRSST L4 / INSAT-3DR MOSDAC / Sentinel-3 SLSTR,0.5
2774,2026-08-24,23.0,77.0,27.44,0.64,5,GHRSST L4 / INSAT-3DR MOSDAC / Sentinel-3 SLSTR,0.5
2775,2026-08-24,23.0,77.5,27.16,0.36,5,GHRSST L4 / INSAT-3DR MOSDAC / Sentinel-3 SLSTR,0.5
2776,2026-08-24,23.0,78.0,27.22,0.42,5,GHRSST L4 / INSAT-3DR MOSDAC / Sentinel-3 SLSTR,0.5
2777,2026-08-24,23.0,78.5,27.8,1.0,5,GHRSST L4 / INSAT-3DR MOSDAC / Sentinel-3 SLSTR,0.5
2778,2026-08-24,23.0,79.0,27.61,0.81,5,GHRSST L4 / INSAT-3DR MOSDAC / Sentinel-3 SLSTR,0.5
2779,2026-08-24,23.0,79.5,27.43,0.63,5,GHRSST L4 / INSAT-3DR MOSDAC / Sentinel-3 SLSTR,0.5
2780,2026-08-24,23.0,80.0,27.71,0.91,5,GHRSST L4 / INSAT-3DR MOSDAC / Sentinel-3 SLSTR,0.5
2781,2026-08-24,23.0,80.5,27.23,0.43,5,GHRSST L4 / INSAT-3DR MOSDAC / Sentinel-3 SLSTR,0.5
2782,2026-08-24,23.0,81.0,27.38,0.58,5,GHRSST L4 / INSAT-3DR MOSDAC / Sentinel-3 SLSTR,0.5
2783,2026-08-24,23.0,81.5,27.32,0.52,5,GHRSST L4 / INSAT-3DR MOSDAC / Sentinel-3 SLSTR,0.5
2784,2026-08-24,23.0,82.0,27.81,1.01,5,GHRSST L4 / INSAT-3DR MOSDAC / Sentinel-3 SLSTR,0.5
2785,2026-08-24,23.0,82.5,27.74,0.94,5,GHRSST L4 / INSAT-3DR MOSDAC / Sentinel-3 SLSTR,0.5
2786,2026-08-24,23.0,83.0,27.48,0.68,5,GHRSST L4 / INSAT-3DR MOSDAC / Sentinel-3 SLSTR,0.5
2787,2026-08-24,23.0,83.5,27.41,0.61,5,GHRSST L4 / INSAT-3DR MOSDAC / Sentinel-3 SLSTR,0.5
2788,2026-08-24,23.0,84.0,27.81,1.01,5,GHRSST L4 / INSAT-3DR MOSDAC / Sentinel-3 SLSTR,0.5
2789,2026-08-24,23.0,84.5,27.25,0.45,5,GHRSST L4 / INSAT-3DR MOSDAC / Sentinel-3 SLSTR,0.5
2790,2026-08-24,23.0,85.0,27.4,0.6,5,GHRSST L4 / INSAT-3DR MOSDAC / Sentinel-3 SLSTR,0.5
2791,2026-08-24,23.0,85.5,27.61,0.81,5,GHRSST L4 / INSAT-3DR MOSDAC / Sentinel-3 SLSTR,0.5
2792,2026-08-24,23.0,86.0,27.6,0.8,5,GHRSST L4 / INSAT-3DR MOSDAC / Sentinel-3 SLSTR,0.5
2793,2026-08-24,23.0,86.5,27.51,0.71,5,GHRSST L4 / INSAT-3DR MOSDAC / Sentinel-3 SLSTR,0.5
2794,2026-08-24,23.0,87.0,27.78,0.98,5,GHRSST L4 / INSAT-3DR MOSDAC / Sentinel-3 SLSTR,0.5
2795,2026-08-24,23.0,87.5,27.28,0.48,5,GHRSST L4 / INSAT-3DR MOSDAC / Sentinel-3 SLSTR,0.5
2796,2026-08-24,23.0,88.0,27.51,0.71,5,GHRSST L4 / INSAT-3DR MOSDAC / Sentinel-3 SLSTR,0.5
2797,2026-08-24,23.0,88.5,27.68,0.88,5,GHRSST L4 / INSAT-3DR MOSDAC / Sentinel-3 SLSTR,0.5
2798,2026-08-24,23.0,89.0,27.27,0.47,5,GHRSST L4 / INSAT-3DR MOSDAC / Sentinel-3 SLSTR,0.5
2799,2026-08-24,23.0,89.5,27.72,0.92,5,GHRSST L4 / INSAT-3DR MOSDAC / Sentinel-3 SLSTR,0.5
2800,2026-08-24,23.0,90.0,27.56,0.76,5,GHRSST L4 / INSAT-3DR MOSDAC / Sentinel-3 SLSTR,0.5
2801,2026-08-24,23.0,90.5,27.38,0.58,5,GHRSST L4 / INSAT-3DR MOSDAC / Sentinel-3 SLSTR,0.5
2802,2026-08-24,23.0,91.0,27.56,0.76,5,GHRSST L4 / INSAT-3DR MOSDAC / Sentinel-3 SLSTR,0.5
2803,2026-08-24,23.0,91.5,27.76,0.96,5,GHRSST L4 / INSAT-3DR MOSDAC / Sentinel-3 SLSTR,0.5
2804,2026-08-24,23.0,92.0,27.8,1.0,5,GHRSST L4 / INSAT-3DR MOSDAC / Sentinel-3 SLSTR,0.5
2805,2026-08-24,23.0,92.5,27.31,0.51,5,GHRSST L4 / INSAT-3DR MOSDAC / Sentinel-3 SLSTR,0.5
2806,2026-08-24,23.0,93.0,27.75,0.95,5,GHRSST L4 / INSAT-3DR MOSDAC / Sentinel-3 SLSTR,0.5
2807,2026-08-24,23.0,93.5,27.14,0.34,5,GHRSST L4 / INSAT-3DR MOSDAC / Sentinel-3 SLSTR,0.5
2808,2026-08-24,23.0,94.0,27.12,0.32,5,GHRSST L4 / INSAT-3DR MOSDAC / Sentinel-3 SLSTR,0.5
2809,2026-08-24,23.5,68.0,27.47,0.72,5,GHRSST L4 / INSAT-3DR MOSDAC / Sentinel-3 SLSTR,0.5
2810,2026-08-24,23.5,68.5,27.39,0.64,5,GHRSST L4 / INSAT-3DR MOSDAC / Sentinel-3 SLSTR,0.5
2811,2026-08-24,23.5,69.0,27.38,0.63,5,GHRSST L4 / INSAT-3DR MOSDAC / Sentinel-3 SLSTR,0.5
2812,2026-08-24,23.5,69.5,27.21,0.46,5,GHRSST L4 / INSAT-3DR MOSDAC / Sentinel-3 SLSTR,0.5
2813,2026-08-24,23.5,70.0,27.47,0.72,5,GHRSST L4 / INSAT-3DR MOSDAC / Sentinel-3 SLSTR,0.5
2814,2026-08-24,23.5,70.5,27.06,0.31,5,GHRSST L4 / INSAT-3DR MOSDAC / Sentinel-3 SLSTR,0.5
2815,2026-08-24,23.5,71.0,27.35,0.6,5,GHRSST L4 / INSAT-3DR MOSDAC / Sentinel-3 SLSTR,0.5
2816,2026-08-24,23.5,71.5,27.31,0.56,5,GHRSST L4 / INSAT-3DR MOSDAC / Sentinel-3 SLSTR,0.5
2817,2026-08-24,23.5,72.0,27.19,0.44,5,GHRSST L4 / INSAT-3DR MOSDAC / Sentinel-3 SLSTR,0.5
2818,2026-08-24,23.5,72.5,27.41,0.66,5,GHRSST L4 / INSAT-3DR MOSDAC / Sentinel-3 SLSTR,0.5
2819,2026-08-24,23.5,73.0,27.53,0.78,5,GHRSST L4 / INSAT-3DR MOSDAC / Sentinel-3 SLSTR,0.5
2820,2026-08-24,23.5,73.5,27.62,0.87,5,GHRSST L4 / INSAT-3DR MOSDAC / Sentinel-3 SLSTR,0.5
2821,2026-08-24,23.5,74.0,27.37,0.62,5,GHRSST L4 / INSAT-3DR MOSDAC / Sentinel-3 SLSTR,0.5
2822,2026-08-24,23.5,74.5,27.22,0.47,5,GHRSST L4 / INSAT-3DR MOSDAC / Sentinel-3 SLSTR,0.5
2823,2026-08-24,23.5,75.0,27.2,0.45,5,GHRSST L4 / INSAT-3DR MOSDAC / Sentinel-3 SLSTR,0.5
2824,2026-08-24,23.5,75.5,27.46,0.71,5,GHRSST L4 / INSAT-3DR MOSDAC / Sentinel-3 SLSTR,0.5
2825,2026-08-24,23.5,76.0,27.32,0.57,5,GHRSST L4 / INSAT-3DR MOSDAC / Sentinel-3 SLSTR,0.5
2826,2026-08-24,23.5,76.5,27.27,0.52,5,GHRSST L4 / INSAT-3DR MOSDAC / Sentinel-3 SLSTR,0.5
2827,2026-08-24,23.5,77.0,27.42,0.67,5,GHRSST L4 / INSAT-3DR MOSDAC / Sentinel-3 SLSTR,0.5
2828,2026-08-24,23.5,77.5,27.44,0.69,5,GHRSST L4 / INSAT-3DR MOSDAC / Sentinel-3 SLSTR,0.5
2829,2026-08-24,23.5,78.0,27.21,0.46,5,GHRSST L4 / INSAT-3DR MOSDAC / Sentinel-3 SLSTR,0.5
2830,2026-08-24,23.5,78.5,27.31,0.56,5,GHRSST L4 / INSAT-3DR MOSDAC / Sentinel-3 SLSTR,0.5
2831,2026-08-24,23.5,79.0,27.55,0.8,5,GHRSST L4 / INSAT-3DR MOSDAC / Sentinel-3 SLSTR,0.5
2832,2026-08-24,23.5,79.5,27.32,0.57,5,GHRSST L4 / INSAT-3DR MOSDAC / Sentinel-3 SLSTR,0.5
2833,2026-08-24,23.5,80.0,27.36,0.61,5,GHRSST L4 / INSAT-3DR MOSDAC / Sentinel-3 SLSTR,0.5
2834,2026-08-24,23.5,80.5,27.5,0.75,5,GHRSST L4 / INSAT-3DR MOSDAC / Sentinel-3 SLSTR,0.5
2835,2026-08-24,23.5,81.0,27.18,0.43,5,GHRSST L4 / INSAT-3DR MOSDAC / Sentinel-3 SLSTR,0.5
2836,2026-08-24,23.5,81.5,27.66,0.91,5,GHRSST L4 / INSAT-3DR MOSDAC / Sentinel-3 SLSTR,0.5
2837,2026-08-24,23.5,82.0,27.29,0.54,5,GHRSST L4 / INSAT-3DR MOSDAC / Sentinel-3 SLSTR,0.5
2838,2026-08-24,23.5,82.5,27.53,0.78,5,GHRSST L4 / INSAT-3DR MOSDAC / Sentinel-3 SLSTR,0.5
2839,2026-08-24,23.5,83.0,27.26,0.51,5,GHRSST L4 / INSAT-3DR MOSDAC / Sentinel-3 SLSTR,0.5
2840,2026-08-24,23.5,83.5,27.5,0.75,5,GHRSST L4 / INSAT-3DR MOSDAC / Sentinel-3 SLSTR,0.5
2841,2026-08-24,23.5,84.0,27.24,0.49,5,GHRSST L4 / INSAT-3DR MOSDAC / Sentinel-3 SLSTR,0.5
2842,2026-08-24,23.5,84.5,27.57,0.82,5,GHRSST L4 / INSAT-3DR MOSDAC / Sentinel-3 SLSTR,0.5
2843,2026-08-24,23.5,85.0,27.12,0.37,5,GHRSST L4 / INSAT-3DR MOSDAC / Sentinel-3 SLSTR,0.5
2844,2026-08-24,23.5,85.5,27.27,0.52,5,GHRSST L4 / INSAT-3DR MOSDAC / Sentinel-3 SLSTR,0.5
2845,2026-08-24,23.5,86.0,27.45,0.7,5,GHRSST L4 / INSAT-3DR MOSDAC / Sentinel-3 SLSTR,0.5
2846,2026-08-24,23.5,86.5,27.49,0.74,5,GHRSST L4 / INSAT-3DR MOSDAC / Sentinel-3 SLSTR,0.5
2847,2026-08-24,23.5,87.0,27.15,0.4,5,GHRSST L4 / INSAT-3DR MOSDAC / Sentinel-3 SLSTR,0.5
2848,2026-08-24,23.5,87.5,27.27,0.52,5,GHRSST L4 / INSAT-3DR MOSDAC / Sentinel-3 SLSTR,0.5
2849,2026-08-24,23.5,88.0,27.12,0.37,5,GHRSST L4 / INSAT-3DR MOSDAC / Sentinel-3 SLSTR,0.5
2850,2026-08-24,23.5,88.5,27.63,0.88,5,GHRSST L4 / INSAT-3DR MOSDAC / Sentinel-3 SLSTR,0.5
2851,2026-08-24,23.5,89.0,27.74,0.99,5,GHRSST L4 / INSAT-3DR MOSDAC / Sentinel-3 SLSTR,0.5
2852,2026-08-24,23.5,89.5,27.25,0.5,5,GHRSST L4 / INSAT-3DR MOSDAC / Sentinel-3 SLSTR,0.5
2853,2026-08-24,23.5,90.0,27.39,0.64,5,GHRSST L4 / INSAT-3DR MOSDAC / Sentinel-3 SLSTR,0.5
2854,2026-08-24,23.5,90.5,27.4,0.65,5,GHRSST L4 / INSAT-3DR MOSDAC / Sentinel-3 SLSTR,0.5
2855,2026-08-24,23.5,91.0,27.17,0.42,5,GHRSST L4 / INSAT-3DR MOSDAC / Sentinel-3 SLSTR,0.5
2856,2026-08-24,23.5,91.5,27.52,0.77,5,GHRSST L4 / INSAT-3DR MOSDAC / Sentinel-3 SLSTR,0.5
2857,2026-08-24,23.5,92.0,27.41,0.66,5,GHRSST L4 / INSAT-3DR MOSDAC / Sentinel-3 SLSTR,0.5
2858,2026-08-24,23.5,92.5,27.41,0.66,5,GHRSST L4 / INSAT-3DR MOSDAC / Sentinel-3 SLSTR,0.5
2859,2026-08-24,23.5,93.0,27.09,0.34,5,GHRSST L4 / INSAT-3DR MOSDAC / Sentinel-3 SLSTR,0.5
2860,2026-08-24,23.5,93.5,27.11,0.36,5,GHRSST L4 / INSAT-3DR MOSDAC / Sentinel-3 SLSTR,0.5
2861,2026-08-24,23.5,94.0,27.73,0.98,5,GHRSST L4 / INSAT-3DR MOSDAC / Sentinel-3 SLSTR,0.5
2862,2026-08-24,24.0,68.0,27.65,0.95,5,GHRSST L4 / INSAT-3DR MOSDAC / Sentinel-3 SLSTR,0.5
2863,2026-08-24,24.0,68.5,27.0,0.3,5,GHRSST L4 / INSAT-3DR MOSDAC / Sentinel-3 SLSTR,0.5
2864,2026-08-24,24.0,69.0,27.37,0.67,5,GHRSST L4 / INSAT-3DR MOSDAC / Sentinel-3 SLSTR,0.5
2865,2026-08-24,24.0,69.5,27.04,0.34,5,GHRSST L4 / INSAT-3DR MOSDAC / Sentinel-3 SLSTR,0.5
2866,2026-08-24,24.0,70.0,27.55,0.85,5,GHRSST L4 / INSAT-3DR MOSDAC / Sentinel-3 SLSTR,0.5
2867,2026-08-24,24.0,70.5,27.02,0.32,5,GHRSST L4 / INSAT-3DR MOSDAC / Sentinel-3 SLSTR,0.5
2868,2026-08-24,24.0,71.0,27.37,0.67,5,GHRSST L4 / INSAT-3DR MOSDAC / Sentinel-3 SLSTR,0.5
2869,2026-08-24,24.0,71.5,27.42,0.72,5,GHRSST L4 / INSAT-3DR MOSDAC / Sentinel-3 SLSTR,0.5
2870,2026-08-24,24.0,72.0,27.06,0.36,5,GHRSST L4 / INSAT-3DR MOSDAC / Sentinel-3 SLSTR,0.5
2871,2026-08-24,24.0,72.5,27.41,0.71,5,GHRSST L4 / INSAT-3DR MOSDAC / Sentinel-3 SLSTR,0.5
2872,2026-08-24,24.0,73.0,27.65,0.95,5,GHRSST L4 / INSAT-3DR MOSDAC / Sentinel-3 SLSTR,0.5
2873,2026-08-24,24.0,73.5,27.06,0.36,5,GHRSST L4 / INSAT-3DR MOSDAC / Sentinel-3 SLSTR,0.5
2874,2026-08-24,24.0,74.0,27.47,0.77,5,GHRSST L4 / INSAT-3DR MOSDAC / Sentinel-3 SLSTR,0.5
2875,2026-08-24,24.0,74.5,27.18,0.48,5,GHRSST L4 / INSAT-3DR MOSDAC / Sentinel-3 SLSTR,0.5
2876,2026-08-24,24.0,75.0,27.18,0.48,5,GHRSST L4 / INSAT-3DR MOSDAC / Sentinel-3 SLSTR,0.5
2877,2026-08-24,24.0,75.5,27.37,0.67,5,GHRSST L4 / INSAT-3DR MOSDAC / Sentinel-3 SLSTR,0.5
2878,2026-08-24,24.0,76.0,27.64,0.94,5,GHRSST L4 / INSAT-3DR MOSDAC / Sentinel-3 SLSTR,0.5
2879,2026-08-24,24.0,76.5,27.15,0.45,5,GHRSST L4 / INSAT-3DR MOSDAC / Sentinel-3 SLSTR,0.5
2880,2026-08-24,24.0,77.0,27.69,0.99,5,GHRSST L4 / INSAT-3DR MOSDAC / Sentinel-3 SLSTR,0.5
2881,2026-08-24,24.0,77.5,27.05,0.35,5,GHRSST L4 / INSAT-3DR MOSDAC / Sentinel-3 SLSTR,0.5
2882,2026-08-24,24.0,78.0,27.65,0.95,5,GHRSST L4 / INSAT-3DR MOSDAC / Sentinel-3 SLSTR,0.5
2883,2026-08-24,24.0,78.5,27.0,0.3,5,GHRSST L4 / INSAT-3DR MOSDAC / Sentinel-3 SLSTR,0.5
2884,2026-08-24,24.0,79.0,27.1,0.4,5,GHRSST L4 / INSAT-3DR MOSDAC / Sentinel-3 SLSTR,0.5
2885,2026-08-24,24.0,79.5,27.67,0.97,5,GHRSST L4 / INSAT-3DR MOSDAC / Sentinel-3 SLSTR,0.5
2886,2026-08-24,24.0,80.0,27.18,0.48,5,GHRSST L4 / INSAT-3DR MOSDAC / Sentinel-3 SLSTR,0.5
2887,2026-08-24,24.0,80.5,26.99,0.29,5,GHRSST L4 / INSAT-3DR MOSDAC / Sentinel-3 SLSTR,0.5
2888,2026-08-24,24.0,81.0,27.61,0.91,5,GHRSST L4 / INSAT-3DR MOSDAC / Sentinel-3 SLSTR,0.5
2889,2026-08-24,24.0,81.5,27.63,0.93,5,GHRSST L4 / INSAT-3DR MOSDAC / Sentinel-3 SLSTR,0.5
2890,2026-08-24,24.0,82.0,27.51,0.81,5,GHRSST L4 / INSAT-3DR MOSDAC / Sentinel-3 SLSTR,0.5
2891,2026-08-24,24.0,82.5,27.65,0.95,5,GHRSST L4 / INSAT-3DR MOSDAC / Sentinel-3 SLSTR,0.5
2892,2026-08-24,24.0,83.0,27.18,0.48,5,GHRSST L4 / INSAT-3DR MOSDAC / Sentinel-3 SLSTR,0.5
2893,2026-08-24,24.0,83.5,27.44,0.74,5,GHRSST L4 / INSAT-3DR MOSDAC / Sentinel-3 SLSTR,0.5
2894,2026-08-24,24.0,84.0,27.51,0.81,5,GHRSST L4 / INSAT-3DR MOSDAC / Sentinel-3 SLSTR,0.5
2895,2026-08-24,24.0,84.5,27.67,0.97,5,GHRSST L4 / INSAT-3DR MOSDAC / Sentinel-3 SLSTR,0.5
2896,2026-08-24,24.0,85.0,27.62,0.92,5,GHRSST L4 / INSAT-3DR MOSDAC / Sentinel-3 SLSTR,0.5
2897,2026-08-24,24.0,85.5,27.03,0.33,5,GHRSST L4 / INSAT-3DR MOSDAC / Sentinel-3 SLSTR,0.5
2898,2026-08-24,24.0,86.0,27.23,0.53,5,GHRSST L4 / INSAT-3DR MOSDAC / Sentinel-3 SLSTR,0.5
2899,2026-08-24,24.0,86.5,27.42,0.72,5,GHRSST L4 / INSAT-3DR MOSDAC / Sentinel-3 SLSTR,0.5
2900,2026-08-24,24.0,87.0,27.59,0.89,5,GHRSST L4 / INSAT-3DR MOSDAC / Sentinel-3 SLSTR,0.5
2901,2026-08-24,24.0,87.5,27.19,0.49,5,GHRSST L4 / INSAT-3DR MOSDAC / Sentinel-3 SLSTR,0.5
2902,2026-08-24,24.0,88.0,27.0,0.3,5,GHRSST L4 / INSAT-3DR MOSDAC / Sentinel-3 SLSTR,0.5
2903,2026-08-24,24.0,88.5,27.12,0.42,5,GHRSST L4 / INSAT-3DR MOSDAC / Sentinel-3 SLSTR,0.5
2904,2026-08-24,24.0,89.0,27.29,0.59,5,GHRSST L4 / INSAT-3DR MOSDAC / Sentinel-3 SLSTR,0.5
2905,2026-08-24,24.0,89.5,27.03,0.33,5,GHRSST L4 / INSAT-3DR MOSDAC / Sentinel-3 SLSTR,0.5
2906,2026-08-24,24.0,90.0,27.02,0.32,5,GHRSST L4 / INSAT-3DR MOSDAC / Sentinel-3 SLSTR,0.5
2907,2026-08-24,24.0,90.5,27.27,0.57,5,GHRSST L4 / INSAT-3DR MOSDAC / Sentinel-3 SLSTR,0.5
2908,2026-08-24,24.0,91.0,27.44,0.74,5,GHRSST L4 / INSAT-3DR MOSDAC / Sentinel-3 SLSTR,0.5
2909,2026-08-24,24.0,91.5,27.49,0.79,5,GHRSST L4 / INSAT-3DR MOSDAC / Sentinel-3 SLSTR,0.5
2910,2026-08-24,24.0,92.0,27.36,0.66,5,GHRSST L4 / INSAT-3DR MOSDAC / Sentinel-3 SLSTR,0.5
2911,2026-08-24,24.0,92.5,27.3,0.6,5,GHRSST L4 / INSAT-3DR MOSDAC / Sentinel-3 SLSTR,0.5
2912,2026-08-24,24.0,93.0,27.0,0.3,5,GHRSST L4 / INSAT-3DR MOSDAC / Sentinel-3 SLSTR,0.5
2913,2026-08-24,24.0,93.5,27.17,0.47,5,GHRSST L4 / INSAT-3DR MOSDAC / Sentinel-3 SLSTR,0.5
2914,2026-08-24,24.0,94.0,27.46,0.76,5,GHRSST L4 / INSAT-3DR MOSDAC / Sentinel-3 SLSTR,0.5
2915,2026-08-23,6.0,68.0,29.46,0.96,5,GHRSST L4 / INSAT-3DR MOSDAC / Sentinel-3 SLSTR,0.5
2916,2026-08-23,6.0,68.5,29.33,0.83,5,GHRSST L4 / INSAT-3DR MOSDAC / Sentinel-3 SLSTR,0.5
2917,2026-08-23,6.0,69.0,29.31,0.81,5,GHRSST L4 / INSAT-3DR MOSDAC / Sentinel-3 SLSTR,0.5
2918,2026-08-23,6.0,69.5,29.16,0.66,5,GHRSST L4 / INSAT-3DR MOSDAC / Sentinel-3 SLSTR,0.5
2919,2026-08-23,6.0,70.0,29.73,1.23,5,GHRSST L4 / INSAT-3DR MOSDAC / Sentinel-3 SLSTR,0.5
2920,2026-08-23,6.0,70.5,29.76,1.26,5,GHRSST L4 / INSAT-3DR MOSDAC / Sentinel-3 SLSTR,0.5
2921,2026-08-23,6.0,71.0,29.41,0.91,5,GHRSST L4 / INSAT-3DR MOSDAC / Sentinel-3 SLSTR,0.5
2922,2026-08-23,6.0,71.5,29.64,1.14,5,GHRSST L4 / INSAT-3DR MOSDAC / Sentinel-3 SLSTR,0.5
2923,2026-08-23,6.0,72.0,29.2,0.7,5,GHRSST L4 / INSAT-3DR MOSDAC / Sentinel-3 SLSTR,0.5
2924,2026-08-23,6.0,72.5,29.77,1.27,5,GHRSST L4 / INSAT-3DR MOSDAC / Sentinel-3 SLSTR,0.5
2925,2026-08-23,6.0,73.0,29.78,1.28,5,GHRSST L4 / INSAT-3DR MOSDAC / Sentinel-3 SLSTR,0.5
2926,2026-08-23,6.0,73.5,29.26,0.76,5,GHRSST L4 / INSAT-3DR MOSDAC / Sentinel-3 SLSTR,0.5
2927,2026-08-23,6.0,74.0,29.7,1.2,5,GHRSST L4 / INSAT-3DR MOSDAC / Sentinel-3 SLSTR,0.5
2928,2026-08-23,6.0,74.5,29.48,0.98,5,GHRSST L4 / INSAT-3DR MOSDAC / Sentinel-3 SLSTR,0.5
2929,2026-08-23,6.0,75.0,29.63,1.13,5,GHRSST L4 / INSAT-3DR MOSDAC / Sentinel-3 SLSTR,0.5
2930,2026-08-23,6.0,75.5,29.48,0.98,5,GHRSST L4 / INSAT-3DR MOSDAC / Sentinel-3 SLSTR,0.5
2931,2026-08-23,6.0,76.0,29.21,0.71,5,GHRSST L4 / INSAT-3DR MOSDAC / Sentinel-3 SLSTR,0.5
2932,2026-08-23,6.0,76.5,29.74,1.24,5,GHRSST L4 / INSAT-3DR MOSDAC / Sentinel-3 SLSTR,0.5
2933,2026-08-23,6.0,77.0,29.21,0.71,5,GHRSST L4 / INSAT-3DR MOSDAC / Sentinel-3 SLSTR,0.5
2934,2026-08-23,6.0,77.5,29.4,0.9,5,GHRSST L4 / INSAT-3DR MOSDAC / Sentinel-3 SLSTR,0.5
2935,2026-08-23,6.0,78.0,29.84,1.34,5,GHRSST L4 / INSAT-3DR MOSDAC / Sentinel-3 SLSTR,0.5
2936,2026-08-23,6.0,78.5,29.45,0.95,5,GHRSST L4 / INSAT-3DR MOSDAC / Sentinel-3 SLSTR,0.5
2937,2026-08-23,6.0,79.0,29.72,1.22,5,GHRSST L4 / INSAT-3DR MOSDAC / Sentinel-3 SLSTR,0.5
2938,2026-08-23,6.0,79.5,29.27,0.77,5,GHRSST L4 / INSAT-3DR MOSDAC / Sentinel-3 SLSTR,0.5
2939,2026-08-23,6.0,80.0,29.73,1.23,5,GHRSST L4 / INSAT-3DR MOSDAC / Sentinel-3 SLSTR,0.5
2940,2026-08-23,6.0,80.5,29.47,0.97,5,GHRSST L4 / INSAT-3DR MOSDAC / Sentinel-3 SLSTR,0.5
2941,2026-08-23,6.0,81.0,29.51,1.01,5,GHRSST L4 / INSAT-3DR MOSDAC / Sentinel-3 SLSTR,0.5
2942,2026-08-23,6.0,81.5,29.83,1.33,5,GHRSST L4 / INSAT-3DR MOSDAC / Sentinel-3 SLSTR,0.5
2943,2026-08-23,6.0,82.0,29.77,1.27,5,GHRSST L4 / INSAT-3DR MOSDAC / Sentinel-3 SLSTR,0.5
2944,2026-08-23,6.0,82.5,29.39,0.89,5,GHRSST L4 / INSAT-3DR MOSDAC / Sentinel-3 SLSTR,0.5
2945,2026-08-23,6.0,83.0,29.81,1.31,5,GHRSST L4 / INSAT-3DR MOSDAC / Sentinel-3 SLSTR,0.5
2946,2026-08-23,6.0,83.5,29.22,0.72,5,GHRSST L4 / INSAT-3DR MOSDAC / Sentinel-3 SLSTR,0.5
2947,2026-08-23,6.0,84.0,29.17,0.67,5,GHRSST L4 / INSAT-3DR MOSDAC / Sentinel-3 SLSTR,0.5
2948,2026-08-23,6.0,84.5,29.52,1.02,5,GHRSST L4 / INSAT-3DR MOSDAC / Sentinel-3 SLSTR,0.5
2949,2026-08-23,6.0,85.0,29.69,1.19,5,GHRSST L4 / INSAT-3DR MOSDAC / Sentinel-3 SLSTR,0.5
2950,2026-08-23,6.0,85.5,29.3,0.8,5,GHRSST L4 / INSAT-3DR MOSDAC / Sentinel-3 SLSTR,0.5
2951,2026-08-23,6.0,86.0,29.21,0.71,5,GHRSST L4 / INSAT-3DR MOSDAC / Sentinel-3 SLSTR,0.5
2952,2026-08-23,6.0,86.5,29.74,1.24,5,GHRSST L4 / INSAT-3DR MOSDAC / Sentinel-3 SLSTR,0.5
2953,2026-08-23,6.0,87.0,29.84,1.34,5,GHRSST L4 / INSAT-3DR MOSDAC / Sentinel-3 SLSTR,0.5
2954,2026-08-23,6.0,87.5,29.64,1.14,5,GHRSST L4 / INSAT-3DR MOSDAC / Sentinel-3 SLSTR,0.5
2955,2026-08-23,6.0,88.0,29.83,1.33,5,GHRSST L4 / INSAT-3DR MOSDAC / Sentinel-3 SLSTR,0.5
2956,2026-08-23,6.0,88.5,29.73,1.23,5,GHRSST L4 / INSAT-3DR MOSDAC / Sentinel-3 SLSTR,0.5
2957,2026-08-23,6.0,89.0,29.33,0.83,5,GHRSST L4 / INSAT-3DR MOSDAC / Sentinel-3 SLSTR,0.5
2958,2026-08-23,6.0,89.5,29.23,0.73,5,GHRSST L4 / INSAT-3DR MOSDAC / Sentinel-3 SLSTR,0.5
2959,2026-08-23,6.0,90.0,29.72,1.22,5,GHRSST L4 / INSAT-3DR MOSDAC / Sentinel-3 SLSTR,0.5
2960,2026-08-23,6.0,90.5,29.61,1.11,5,GHRSST L4 / INSAT-3DR MOSDAC / Sentinel-3 SLSTR,0.5
2961,2026-08-23,6.0,91.0,29.72,1.22,5,GHRSST L4 / INSAT-3DR MOSDAC / Sentinel-3 SLSTR,0.5
2962,2026-08-23,6.0,91.5,29.65,1.15,5,GHRSST L4 / INSAT-3DR MOSDAC / Sentinel-3 SLSTR,0.5
2963,2026-08-23,6.0,92.0,29.5,1.0,5,GHRSST L4 / INSAT-3DR MOSDAC / Sentinel-3 SLSTR,0.5
2964,2026-08-23,6.0,92.5,29.81,1.31,5,GHRSST L4 / INSAT-3DR MOSDAC / Sentinel-3 SLSTR,0.5
2965,2026-08-23,6.0,93.0,29.68,1.18,5,GHRSST L4 / INSAT-3DR MOSDAC / Sentinel-3 SLSTR,0.5
2966,2026-08-23,6.0,93.5,29.16,0.66,5,GHRSST L4 / INSAT-3DR MOSDAC / Sentinel-3 SLSTR,0.5
2967,2026-08-23,6.0,94.0,29.64,1.14,5,GHRSST L4 / INSAT-3DR MOSDAC / Sentinel-3 SLSTR,0.5
2968,2026-08-23,6.5,68.0,29.47,1.02,5,GHRSST L4 / INSAT-3DR MOSDAC / Sentinel-3 SLSTR,0.5
2969,2026-08-23,6.5,68.5,29.19,0.74,5,GHRSST L4 / INSAT-3DR MOSDAC / Sentinel-3 SLSTR,0.5
2970,2026-08-23,6.5,69.0,29.39,0.94,5,GHRSST L4 / INSAT-3DR MOSDAC / Sentinel-3 SLSTR,0.5
2971,2026-08-23,6.5,69.5,29.46,1.01,5,GHRSST L4 / INSAT-3DR MOSDAC / Sentinel-3 SLSTR,0.5
2972,2026-08-23,6.5,70.0,29.42,0.97,5,GHRSST L4 / INSAT-3DR MOSDAC / Sentinel-3 SLSTR,0.5
2973,2026-08-23,6.5,70.5,29.39,0.94,5,GHRSST L4 / INSAT-3DR MOSDAC / Sentinel-3 SLSTR,0.5
2974,2026-08-23,6.5,71.0,29.53,1.08,5,GHRSST L4 / INSAT-3DR MOSDAC / Sentinel-3 SLSTR,0.5
2975,2026-08-23,6.5,71.5,29.55,1.1,5,GHRSST L4 / INSAT-3DR MOSDAC / Sentinel-3 SLSTR,0.5
2976,2026-08-23,6.5,72.0,29.58,1.13,5,GHRSST L4 / INSAT-3DR MOSDAC / Sentinel-3 SLSTR,0.5
2977,2026-08-23,6.5,72.5,29.62,1.17,5,GHRSST L4 / INSAT-3DR MOSDAC / Sentinel-3 SLSTR,0.5
2978,2026-08-23,6.5,73.0,29.67,1.22,5,GHRSST L4 / INSAT-3DR MOSDAC / Sentinel-3 SLSTR,0.5
2979,2026-08-23,6.5,73.5,29.49,1.04,5,GHRSST L4 / INSAT-3DR MOSDAC / Sentinel-3 SLSTR,0.5
2980,2026-08-23,6.5,74.0,29.14,0.69,5,GHRSST L4 / INSAT-3DR MOSDAC / Sentinel-3 SLSTR,0.5
2981,2026-08-23,6.5,74.5,29.35,0.9,5,GHRSST L4 / INSAT-3DR MOSDAC / Sentinel-3 SLSTR,0.5
2982,2026-08-23,6.5,75.0,29.09,0.64,5,GHRSST L4 / INSAT-3DR MOSDAC / Sentinel-3 SLSTR,0.5
2983,2026-08-23,6.5,75.5,29.51,1.06,5,GHRSST L4 / INSAT-3DR MOSDAC / Sentinel-3 SLSTR,0.5
2984,2026-08-23,6.5,76.0,29.77,1.32,5,GHRSST L4 / INSAT-3DR MOSDAC / Sentinel-3 SLSTR,0.5
2985,2026-08-23,6.5,76.5,29.67,1.22,5,GHRSST L4 / INSAT-3DR MOSDAC / Sentinel-3 SLSTR,0.5
2986,2026-08-23,6.5,77.0,29.43,0.98,5,GHRSST L4 / INSAT-3DR MOSDAC / Sentinel-3 SLSTR,0.5
2987,2026-08-23,6.5,77.5,29.59,1.14,5,GHRSST L4 / INSAT-3DR MOSDAC / Sentinel-3 SLSTR,0.5
2988,2026-08-23,6.5,78.0,29.61,1.16,5,GHRSST L4 / INSAT-3DR MOSDAC / Sentinel-3 SLSTR,0.5
2989,2026-08-23,6.5,78.5,29.51,1.06,5,GHRSST L4 / INSAT-3DR MOSDAC / Sentinel-3 SLSTR,0.5
2990,2026-08-23,6.5,79.0,29.71,1.26,5,GHRSST L4 / INSAT-3DR MOSDAC / Sentinel-3 SLSTR,0.5
2991,2026-08-23,6.5,79.5,29.32,0.87,5,GHRSST L4 / INSAT-3DR MOSDAC / Sentinel-3 SLSTR,0.5
2992,2026-08-23,6.5,80.0,29.56,1.11,5,GHRSST L4 / INSAT-3DR MOSDAC / Sentinel-3 SLSTR,0.5
2993,2026-08-23,6.5,80.5,29.14,0.69,5,GHRSST L4 / INSAT-3DR MOSDAC / Sentinel-3 SLSTR,0.5
2994,2026-08-23,6.5,81.0,29.19,0.74,5,GHRSST L4 / INSAT-3DR MOSDAC / Sentinel-3 SLSTR,0.5
2995,2026-08-23,6.5,81.5,29.75,1.3,5,GHRSST L4 / INSAT-3DR MOSDAC / Sentinel-3 SLSTR,0.5
2996,2026-08-23,6.5,82.0,29.47,1.02,5,GHRSST L4 / INSAT-3DR MOSDAC / Sentinel-3 SLSTR,0.5
2997,2026-08-23,6.5,82.5,29.62,1.17,5,GHRSST L4 / INSAT-3DR MOSDAC / Sentinel-3 SLSTR,0.5
2998,2026-08-23,6.5,83.0,29.7,1.25,5,GHRSST L4 / INSAT-3DR MOSDAC / Sentinel-3 SLSTR,0.5
2999,2026-08-23,6.5,83.5,29.74,1.29,5,GHRSST L4 / INSAT-3DR MOSDAC / Sentinel-3 SLSTR,0.5
3000,2026-08-23,6.5,84.0,29.15,0.7,5,GHRSST L4 / INSAT-3DR MOSDAC / Sentinel-3 SLSTR,0.5
3001,2026-08-23,6.5,84.5,29.58,1.13,5,GHRSST L4 / INSAT-3DR MOSDAC / Sentinel-3 SLSTR,0.5
3002,2026-08-23,6.5,85.0,29.53,1.08,5,GHRSST L4 / INSAT-3DR MOSDAC / Sentinel-3 SLSTR,0.5
3003,2026-08-23,6.5,85.5,29.51,1.06,5,GHRSST L4 / INSAT-3DR MOSDAC / Sentinel-3 SLSTR,0.5
3004,2026-08-23,6.5,86.0,29.19,0.74,5,GHRSST L4 / INSAT-3DR MOSDAC / Sentinel-3 SLSTR,0.5
3005,2026-08-23,6.5,86.5,29.63,1.18,5,GHRSST L4 / INSAT-3DR MOSDAC / Sentinel-3 SLSTR,0.5
3006,2026-08-23,6.5,87.0,29.31,0.86,5,GHRSST L4 / INSAT-3DR MOSDAC / Sentinel-3 SLSTR,0.5
3007,2026-08-23,6.5,87.5,29.25,0.8,5,GHRSST L4 / INSAT-3DR MOSDAC / Sentinel-3 SLSTR,0.5
3008,2026-08-23,6.5,88.0,29.59,1.14,5,GHRSST L4 / INSAT-3DR MOSDAC / Sentinel-3 SLSTR,0.5
3009,2026-08-23,6.5,88.5,29.24,0.79,5,GHRSST L4 / INSAT-3DR MOSDAC / Sentinel-3 SLSTR,0.5
3010,2026-08-23,6.5,89.0,29.44,0.99,5,GHRSST L4 / INSAT-3DR MOSDAC / Sentinel-3 SLSTR,0.5
3011,2026-08-23,6.5,89.5,29.31,0.86,5,GHRSST L4 / INSAT-3DR MOSDAC / Sentinel-3 SLSTR,0.5
3012,2026-08-23,6.5,90.0,29.67,1.22,5,GHRSST L4 / INSAT-3DR MOSDAC / Sentinel-3 SLSTR,0.5
3013,2026-08-23,6.5,90.5,29.76,1.31,5,GHRSST L4 / INSAT-3DR MOSDAC / Sentinel-3 SLSTR,0.5
3014,2026-08-23,6.5,91.0,29.67,1.22,5,GHRSST L4 / INSAT-3DR MOSDAC / Sentinel-3 SLSTR,0.5
3015,2026-08-23,6.5,91.5,29.37,0.92,5,GHRSST L4 / INSAT-3DR MOSDAC / Sentinel-3 SLSTR,0.5
3016,2026-08-23,6.5,92.0,29.2,0.75,5,GHRSST L4 / INSAT-3DR MOSDAC / Sentinel-3 SLSTR,0.5
3017,2026-08-23,6.5,92.5,29.58,1.13,5,GHRSST L4 / INSAT-3DR MOSDAC / Sentinel-3 SLSTR,0.5
3018,2026-08-23,6.5,93.0,29.72,1.27,5,GHRSST L4 / INSAT-3DR MOSDAC / Sentinel-3 SLSTR,0.5
3019,2026-08-23,6.5,93.5,29.37,0.92,5,GHRSST L4 / INSAT-3DR MOSDAC / Sentinel-3 SLSTR,0.5
3020,2026-08-23,6.5,94.0,29.12,0.67,5,GHRSST L4 / INSAT-3DR MOSDAC / Sentinel-3 SLSTR,0.5
3021,2026-08-23,7.0,68.0,29.12,0.72,5,GHRSST L4 / INSAT-3DR MOSDAC / Sentinel-3 SLSTR,0.5
3022,2026-08-23,7.0,68.5,29.3,0.9,5,GHRSST L4 / INSAT-3DR MOSDAC / Sentinel-3 SLSTR,0.5
3023,2026-08-23,7.0,69.0,29.38,0.98,5,GHRSST L4 / INSAT-3DR MOSDAC / Sentinel-3 SLSTR,0.5
3024,2026-08-23,7.0,69.5,29.23,0.83,5,GHRSST L4 / INSAT-3DR MOSDAC / Sentinel-3 SLSTR,0.5
3025,2026-08-23,7.0,70.0,29.37,0.97,5,GHRSST L4 / INSAT-3DR MOSDAC / Sentinel-3 SLSTR,0.5
3026,2026-08-23,7.0,70.5,29.7,1.3,5,GHRSST L4 / INSAT-3DR MOSDAC / Sentinel-3 SLSTR,0.5
3027,2026-08-23,7.0,71.0,29.08,0.68,5,GHRSST L4 / INSAT-3DR MOSDAC / Sentinel-3 SLSTR,0.5
3028,2026-08-23,7.0,71.5,29.59,1.19,5,GHRSST L4 / INSAT-3DR MOSDAC / Sentinel-3 SLSTR,0.5
3029,2026-08-23,7.0,72.0,29.35,0.95,5,GHRSST L4 / INSAT-3DR MOSDAC / Sentinel-3 SLSTR,0.5
3030,2026-08-23,7.0,72.5,29.49,1.09,5,GHRSST L4 / INSAT-3DR MOSDAC / Sentinel-3 SLSTR,0.5
3031,2026-08-23,7.0,73.0,29.71,1.31,5,GHRSST L4 / INSAT-3DR MOSDAC / Sentinel-3 SLSTR,0.5
3032,2026-08-23,7.0,73.5,29.35,0.95,5,GHRSST L4 / INSAT-3DR MOSDAC / Sentinel-3 SLSTR,0.5
3033,2026-08-23,7.0,74.0,29.1,0.7,5,GHRSST L4 / INSAT-3DR MOSDAC / Sentinel-3 SLSTR,0.5
3034,2026-08-23,7.0,74.5,29.61,1.21,5,GHRSST L4 / INSAT-3DR MOSDAC / Sentinel-3 SLSTR,0.5
3035,2026-08-23,7.0,75.0,29.22,0.82,5,GHRSST L4 / INSAT-3DR MOSDAC / Sentinel-3 SLSTR,0.5
3036,2026-08-23,7.0,75.5,29.66,1.26,5,GHRSST L4 / INSAT-3DR MOSDAC / Sentinel-3 SLSTR,0.5
3037,2026-08-23,7.0,76.0,29.09,0.69,5,GHRSST L4 / INSAT-3DR MOSDAC / Sentinel-3 SLSTR,0.5
3038,2026-08-23,7.0,76.5,29.19,0.79,5,GHRSST L4 / INSAT-3DR MOSDAC / Sentinel-3 SLSTR,0.5
3039,2026-08-23,7.0,77.0,29.71,1.31,5,GHRSST L4 / INSAT-3DR MOSDAC / Sentinel-3 SLSTR,0.5
3040,2026-08-23,7.0,77.5,29.65,1.25,5,GHRSST L4 / INSAT-3DR MOSDAC / Sentinel-3 SLSTR,0.5
3041,2026-08-23,7.0,78.0,29.18,0.78,5,GHRSST L4 / INSAT-3DR MOSDAC / Sentinel-3 SLSTR,0.5
3042,2026-08-23,7.0,78.5,29.57,1.17,5,GHRSST L4 / INSAT-3DR MOSDAC / Sentinel-3 SLSTR,0.5
3043,2026-08-23,7.0,79.0,29.09,0.69,5,GHRSST L4 / INSAT-3DR MOSDAC / Sentinel-3 SLSTR,0.5
3044,2026-08-23,7.0,79.5,29.14,0.74,5,GHRSST L4 / INSAT-3DR MOSDAC / Sentinel-3 SLSTR,0.5
3045,2026-08-23,7.0,80.0,29.16,0.76,5,GHRSST L4 / INSAT-3DR MOSDAC / Sentinel-3 SLSTR,0.5
3046,2026-08-23,7.0,80.5,29.06,0.66,5,GHRSST L4 / INSAT-3DR MOSDAC / Sentinel-3 SLSTR,0.5
3047,2026-08-23,7.0,81.0,29.37,0.97,5,GHRSST L4 / INSAT-3DR MOSDAC / Sentinel-3 SLSTR,0.5
3048,2026-08-23,7.0,81.5,29.3,0.9,5,GHRSST L4 / INSAT-3DR MOSDAC / Sentinel-3 SLSTR,0.5
3049,2026-08-23,7.0,82.0,29.44,1.04,5,GHRSST L4 / INSAT-3DR MOSDAC / Sentinel-3 SLSTR,0.5
3050,2026-08-23,7.0,82.5,29.51,1.11,5,GHRSST L4 / INSAT-3DR MOSDAC / Sentinel-3 SLSTR,0.5
3051,2026-08-23,7.0,83.0,29.45,1.05,5,GHRSST L4 / INSAT-3DR MOSDAC / Sentinel-3 SLSTR,0.5
3052,2026-08-23,7.0,83.5,29.22,0.82,5,GHRSST L4 / INSAT-3DR MOSDAC / Sentinel-3 SLSTR,0.5
3053,2026-08-23,7.0,84.0,29.09,0.69,5,GHRSST L4 / INSAT-3DR MOSDAC / Sentinel-3 SLSTR,0.5
3054,2026-08-23,7.0,84.5,29.54,1.14,5,GHRSST L4 / INSAT-3DR MOSDAC / Sentinel-3 SLSTR,0.5
3055,2026-08-23,7.0,85.0,29.25,0.85,5,GHRSST L4 / INSAT-3DR MOSDAC / Sentinel-3 SLSTR,0.5
3056,2026-08-23,7.0,85.5,29.2,0.8,5,GHRSST L4 / INSAT-3DR MOSDAC / Sentinel-3 SLSTR,0.5
3057,2026-08-23,7.0,86.0,29.51,1.11,5,GHRSST L4 / INSAT-3DR MOSDAC / Sentinel-3 SLSTR,0.5
3058,2026-08-23,7.0,86.5,29.34,0.94,5,GHRSST L4 / INSAT-3DR MOSDAC / Sentinel-3 SLSTR,0.5
3059,2026-08-23,7.0,87.0,29.17,0.77,5,GHRSST L4 / INSAT-3DR MOSDAC / Sentinel-3 SLSTR,0.5
3060,2026-08-23,7.0,87.5,29.57,1.17,5,GHRSST L4 / INSAT-3DR MOSDAC / Sentinel-3 SLSTR,0.5
3061,2026-08-23,7.0,88.0,29.59,1.19,5,GHRSST L4 / INSAT-3DR MOSDAC / Sentinel-3 SLSTR,0.5
3062,2026-08-23,7.0,88.5,29.72,1.32,5,GHRSST L4 / INSAT-3DR MOSDAC / Sentinel-3 SLSTR,0.5
3063,2026-08-23,7.0,89.0,29.36,0.96,5,GHRSST L4 / INSAT-3DR MOSDAC / Sentinel-3 SLSTR,0.5
3064,2026-08-23,7.0,89.5,29.06,0.66,5,GHRSST L4 / INSAT-3DR MOSDAC / Sentinel-3 SLSTR,0.5
3065,2026-08-23,7.0,90.0,29.39,0.99,5,GHRSST L4 / INSAT-3DR MOSDAC / Sentinel-3 SLSTR,0.5
3066,2026-08-23,7.0,90.5,29.05,0.65,5,GHRSST L4 / INSAT-3DR MOSDAC / Sentinel-3 SLSTR,0.5
3067,2026-08-23,7.0,91.0,29.69,1.29,5,GHRSST L4 / INSAT-3DR MOSDAC / Sentinel-3 SLSTR,0.5
3068,2026-08-23,7.0,91.5,29.15,0.75,5,GHRSST L4 / INSAT-3DR MOSDAC / Sentinel-3 SLSTR,0.5
3069,2026-08-23,7.0,92.0,29.68,1.28,5,GHRSST L4 / INSAT-3DR MOSDAC / Sentinel-3 SLSTR,0.5
3070,2026-08-23,7.0,92.5,29.7,1.3,5,GHRSST L4 / INSAT-3DR MOSDAC / Sentinel-3 SLSTR,0.5
3071,2026-08-23,7.0,93.0,29.57,1.17,5,GHRSST L4 / INSAT-3DR MOSDAC / Sentinel-3 SLSTR,0.5
3072,2026-08-23,7.0,93.5,29.09,0.69,5,GHRSST L4 / INSAT-3DR MOSDAC / Sentinel-3 SLSTR,0.5
3073,2026-08-23,7.0,94.0,29.42,1.02,5,GHRSST L4 / INSAT-3DR MOSDAC / Sentinel-3 SLSTR,0.5
3074,2026-08-23,7.5,68.0,29.22,0.87,5,GHRSST L4 / INSAT-3DR MOSDAC / Sentinel-3 SLSTR,0.5
3075,2026-08-23,7.5,68.5,29.54,1.19,5,GHRSST L4 / INSAT-3DR MOSDAC / Sentinel-3 SLSTR,0.5
3076,2026-08-23,7.5,69.0,29.18,0.83,5,GHRSST L4 / INSAT-3DR MOSDAC / Sentinel-3 SLSTR,0.5
3077,2026-08-23,7.5,69.5,29.29,0.94,5,GHRSST L4 / INSAT-3DR MOSDAC / Sentinel-3 SLSTR,0.5
3078,2026-08-23,7.5,70.0,29.37,1.02,5,GHRSST L4 / INSAT-3DR MOSDAC / Sentinel-3 SLSTR,0.5
3079,2026-08-23,7.5,70.5,28.99,0.64,5,GHRSST L4 / INSAT-3DR MOSDAC / Sentinel-3 SLSTR,0.5
3080,2026-08-23,7.5,71.0,29.4,1.05,5,GHRSST L4 / INSAT-3DR MOSDAC / Sentinel-3 SLSTR,0.5
3081,2026-08-23,7.5,71.5,29.21,0.86,5,GHRSST L4 / INSAT-3DR MOSDAC / Sentinel-3 SLSTR,0.5
3082,2026-08-23,7.5,72.0,29.34,0.99,5,GHRSST L4 / INSAT-3DR MOSDAC / Sentinel-3 SLSTR,0.5
3083,2026-08-23,7.5,72.5,29.06,0.71,5,GHRSST L4 / INSAT-3DR MOSDAC / Sentinel-3 SLSTR,0.5
3084,2026-08-23,7.5,73.0,29.21,0.86,5,GHRSST L4 / INSAT-3DR MOSDAC / Sentinel-3 SLSTR,0.5
3085,2026-08-23,7.5,73.5,29.38,1.03,5,GHRSST L4 / INSAT-3DR MOSDAC / Sentinel-3 SLSTR,0.5
3086,2026-08-23,7.5,74.0,29.37,1.02,5,GHRSST L4 / INSAT-3DR MOSDAC / Sentinel-3 SLSTR,0.5
3087,2026-08-23,7.5,74.5,29.08,0.73,5,GHRSST L4 / INSAT-3DR MOSDAC / Sentinel-3 SLSTR,0.5
3088,2026-08-23,7.5,75.0,29.26,0.91,5,GHRSST L4 / INSAT-3DR MOSDAC / Sentinel-3 SLSTR,0.5
3089,2026-08-23,7.5,75.5,29.33,0.98,5,GHRSST L4 / INSAT-3DR MOSDAC / Sentinel-3 SLSTR,0.5
3090,2026-08-23,7.5,76.0,29.03,0.68,5,GHRSST L4 / INSAT-3DR MOSDAC / Sentinel-3 SLSTR,0.5
3091,2026-08-23,7.5,76.5,29.39,1.04,5,GHRSST L4 / INSAT-3DR MOSDAC / Sentinel-3 SLSTR,0.5
3092,2026-08-23,7.5,77.0,29.13,0.78,5,GHRSST L4 / INSAT-3DR MOSDAC / Sentinel-3 SLSTR,0.5
3093,2026-08-23,7.5,77.5,29.61,1.26,5,GHRSST L4 / INSAT-3DR MOSDAC / Sentinel-3 SLSTR,0.5
3094,2026-08-23,7.5,78.0,29.16,0.81,5,GHRSST L4 / INSAT-3DR MOSDAC / Sentinel-3 SLSTR,0.5
3095,2026-08-23,7.5,78.5,29.52,1.17,5,GHRSST L4 / INSAT-3DR MOSDAC / Sentinel-3 SLSTR,0.5
3096,2026-08-23,7.5,79.0,29.38,1.03,5,GHRSST L4 / INSAT-3DR MOSDAC / Sentinel-3 SLSTR,0.5
3097,2026-08-23,7.5,79.5,29.45,1.1,5,GHRSST L4 / INSAT-3DR MOSDAC / Sentinel-3 SLSTR,0.5
3098,2026-08-23,7.5,80.0,29.6,1.25,5,GHRSST L4 / INSAT-3DR MOSDAC / Sentinel-3 SLSTR,0.5
3099,2026-08-23,7.5,80.5,29.56,1.21,5,GHRSST L4 / INSAT-3DR MOSDAC / Sentinel-3 SLSTR,0.5
3100,2026-08-23,7.5,81.0,29.06,0.71,5,GHRSST L4 / INSAT-3DR MOSDAC / Sentinel-3 SLSTR,0.5
3101,2026-08-23,7.5,81.5,29.62,1.27,5,GHRSST L4 / INSAT-3DR MOSDAC / Sentinel-3 SLSTR,0.5
3102,2026-08-23,7.5,82.0,29.07,0.72,5,GHRSST L4 / INSAT-3DR MOSDAC / Sentinel-3 SLSTR,0.5
3103,2026-08-23,7.5,82.5,29.19,0.84,5,GHRSST L4 / INSAT-3DR MOSDAC / Sentinel-3 SLSTR,0.5
3104,2026-08-23,7.5,83.0,29.34,0.99,5,GHRSST L4 / INSAT-3DR MOSDAC / Sentinel-3 SLSTR,0.5
3105,2026-08-23,7.5,83.5,29.62,1.27,5,GHRSST L4 / INSAT-3DR MOSDAC / Sentinel-3 SLSTR,0.5
3106,2026-08-23,7.5,84.0,29.41,1.06,5,GHRSST L4 / INSAT-3DR MOSDAC / Sentinel-3 SLSTR,0.5
3107,2026-08-23,7.5,84.5,29.58,1.23,5,GHRSST L4 / INSAT-3DR MOSDAC / Sentinel-3 SLSTR,0.5
3108,2026-08-23,7.5,85.0,29.63,1.28,5,GHRSST L4 / INSAT-3DR MOSDAC / Sentinel-3 SLSTR,0.5
3109,2026-08-23,7.5,85.5,29.49,1.14,5,GHRSST L4 / INSAT-3DR MOSDAC / Sentinel-3 SLSTR,0.5
3110,2026-08-23,7.5,86.0,29.31,0.96,5,GHRSST L4 / INSAT-3DR MOSDAC / Sentinel-3 SLSTR,0.5
3111,2026-08-23,7.5,86.5,29.24,0.89,5,GHRSST L4 / INSAT-3DR MOSDAC / Sentinel-3 SLSTR,0.5
3112,2026-08-23,7.5,87.0,29.16,0.81,5,GHRSST L4 / INSAT-3DR MOSDAC / Sentinel-3 SLSTR,0.5
3113,2026-08-23,7.5,87.5,29.32,0.97,5,GHRSST L4 / INSAT-3DR MOSDAC / Sentinel-3 SLSTR,0.5
3114,2026-08-23,7.5,88.0,29.0,0.65,5,GHRSST L4 / INSAT-3DR MOSDAC / Sentinel-3 SLSTR,0.5
3115,2026-08-23,7.5,88.5,29.13,0.78,5,GHRSST L4 / INSAT-3DR MOSDAC / Sentinel-3 SLSTR,0.5
3116,2026-08-23,7.5,89.0,29.22,0.87,5,GHRSST L4 / INSAT-3DR MOSDAC / Sentinel-3 SLSTR,0.5
3117,2026-08-23,7.5,89.5,29.57,1.22,5,GHRSST L4 / INSAT-3DR MOSDAC / Sentinel-3 SLSTR,0.5
3118,2026-08-23,7.5,90.0,29.23,0.88,5,GHRSST L4 / INSAT-3DR MOSDAC / Sentinel-3 SLSTR,0.5
3119,2026-08-23,7.5,90.5,29.14,0.79,5,GHRSST L4 / INSAT-3DR MOSDAC / Sentinel-3 SLSTR,0.5
3120,2026-08-23,7.5,91.0,29.52,1.17,5,GHRSST L4 / INSAT-3DR MOSDAC / Sentinel-3 SLSTR,0.5
3121,2026-08-23,7.5,91.5,29.63,1.28,5,GHRSST L4 / INSAT-3DR MOSDAC / Sentinel-3 SLSTR,0.5
3122,2026-08-23,7.5,92.0,29.51,1.16,5,GHRSST L4 / INSAT-3DR MOSDAC / Sentinel-3 SLSTR,0.5
3123,2026-08-23,7.5,92.5,29.06,0.71,5,GHRSST L4 / INSAT-3DR MOSDAC / Sentinel-3 SLSTR,0.5
3124,2026-08-23,7.5,93.0,29.19,0.84,5,GHRSST L4 / INSAT-3DR MOSDAC / Sentinel-3 SLSTR,0.5
3125,2026-08-23,7.5,93.5,29.39,1.04,5,GHRSST L4 / INSAT-3DR MOSDAC / Sentinel-3 SLSTR,0.5
3126,2026-08-23,7.5,94.0,29.11,0.76,5,GHRSST L4 / INSAT-3DR MOSDAC / Sentinel-3 SLSTR,0.5
3127,2026-08-23,8.0,68.0,29.36,1.06,5,GHRSST L4 / INSAT-3DR MOSDAC / Sentinel-3 SLSTR,0.5
3128,2026-08-23,8.0,68.5,29.08,0.78,5,GHRSST L4 / INSAT-3DR MOSDAC / Sentinel-3 SLSTR,0.5
3129,2026-08-23,8.0,69.0,29.29,0.99,5,GHRSST L4 / INSAT-3DR MOSDAC / Sentinel-3 SLSTR,0.5
3130,2026-08-23,8.0,69.5,29.4,1.1,5,GHRSST L4 / INSAT-3DR MOSDAC / Sentinel-3 SLSTR,0.5
3131,2026-08-23,8.0,70.0,29.46,1.16,5,GHRSST L4 / INSAT-3DR MOSDAC / Sentinel-3 SLSTR,0.5
3132,2026-08-23,8.0,70.5,29.47,1.17,5,GHRSST L4 / INSAT-3DR MOSDAC / Sentinel-3 SLSTR,0.5
3133,2026-08-23,8.0,71.0,29.45,1.15,5,GHRSST L4 / INSAT-3DR MOSDAC / Sentinel-3 SLSTR,0.5
3134,2026-08-23,8.0,71.5,29.01,0.71,5,GHRSST L4 / INSAT-3DR MOSDAC / Sentinel-3 SLSTR,0.5
3135,2026-08-23,8.0,72.0,29.6,1.3,5,GHRSST L4 / INSAT-3DR MOSDAC / Sentinel-3 SLSTR,0.5
3136,2026-08-23,8.0,72.5,29.45,1.15,5,GHRSST L4 / INSAT-3DR MOSDAC / Sentinel-3 SLSTR,0.5
3137,2026-08-23,8.0,73.0,28.98,0.68,5,GHRSST L4 / INSAT-3DR MOSDAC / Sentinel-3 SLSTR,0.5
3138,2026-08-23,8.0,73.5,29.4,1.1,5,GHRSST L4 / INSAT-3DR MOSDAC / Sentinel-3 SLSTR,0.5
3139,2026-08-23,8.0,74.0,27.84,-0.46,5,GHRSST L4 / INSAT-3DR MOSDAC / Sentinel-3 SLSTR,0.5
3140,2026-08-23,8.0,74.5,27.81,-0.49,5,GHRSST L4 / INSAT-3DR MOSDAC / Sentinel-3 SLSTR,0.5
3141,2026-08-23,8.0,75.0,27.98,-0.32,5,GHRSST L4 / INSAT-3DR MOSDAC / Sentinel-3 SLSTR,0.5
3142,2026-08-23,8.0,75.5,27.63,-0.67,5,GHRSST L4 / INSAT-3DR MOSDAC / Sentinel-3 SLSTR,0.5
3143,2026-08-23,8.0,76.0,28.21,-0.09,5,GHRSST L4 / INSAT-3DR MOSDAC / Sentinel-3 SLSTR,0.5
3144,2026-08-23,8.0,76.5,27.89,-0.41,5,GHRSST L4 / INSAT-3DR MOSDAC / Sentinel-3 SLSTR,0.5
3145,2026-08-23,8.0,77.0,27.93,-0.37,5,GHRSST L4 / INSAT-3DR MOSDAC / Sentinel-3 SLSTR,0.5
3146,2026-08-23,8.0,77.5,29.21,0.91,5,GHRSST L4 / INSAT-3DR MOSDAC / Sentinel-3 SLSTR,0.5
3147,2026-08-23,8.0,78.0,29.33,1.03,5,GHRSST L4 / INSAT-3DR MOSDAC / Sentinel-3 SLSTR,0.5
3148,2026-08-23,8.0,78.5,29.37,1.07,5,GHRSST L4 / INSAT-3DR MOSDAC / Sentinel-3 SLSTR,0.5
3149,2026-08-23,8.0,79.0,29.15,0.85,5,GHRSST L4 / INSAT-3DR MOSDAC / Sentinel-3 SLSTR,0.5
3150,2026-08-23,8.0,79.5,29.23,0.93,5,GHRSST L4 / INSAT-3DR MOSDAC / Sentinel-3 SLSTR,0.5
3151,2026-08-23,8.0,80.0,29.09,0.79,5,GHRSST L4 / INSAT-3DR MOSDAC / Sentinel-3 SLSTR,0.5
3152,2026-08-23,8.0,80.5,29.45,1.15,5,GHRSST L4 / INSAT-3DR MOSDAC / Sentinel-3 SLSTR,0.5
3153,2026-08-23,8.0,81.0,29.43,1.13,5,GHRSST L4 / INSAT-3DR MOSDAC / Sentinel-3 SLSTR,0.5
3154,2026-08-23,8.0,81.5,29.48,1.18,5,GHRSST L4 / INSAT-3DR MOSDAC / Sentinel-3 SLSTR,0.5
3155,2026-08-23,8.0,82.0,29.4,1.1,5,GHRSST L4 / INSAT-3DR MOSDAC / Sentinel-3 SLSTR,0.5
3156,2026-08-23,8.0,82.5,28.92,0.62,5,GHRSST L4 / INSAT-3DR MOSDAC / Sentinel-3 SLSTR,0.5
3157,2026-08-23,8.0,83.0,29.04,0.74,5,GHRSST L4 / INSAT-3DR MOSDAC / Sentinel-3 SLSTR,0.5
3158,2026-08-23,8.0,83.5,29.18,0.88,5,GHRSST L4 / INSAT-3DR MOSDAC / Sentinel-3 SLSTR,0.5
3159,2026-08-23,8.0,84.0,29.07,0.77,5,GHRSST L4 / INSAT-3DR MOSDAC / Sentinel-3 SLSTR,0.5
3160,2026-08-23,8.0,84.5,29.28,0.98,5,GHRSST L4 / INSAT-3DR MOSDAC / Sentinel-3 SLSTR,0.5
3161,2026-08-23,8.0,85.0,29.54,1.24,5,GHRSST L4 / INSAT-3DR MOSDAC / Sentinel-3 SLSTR,0.5
3162,2026-08-23,8.0,85.5,29.43,1.13,5,GHRSST L4 / INSAT-3DR MOSDAC / Sentinel-3 SLSTR,0.5
3163,2026-08-23,8.0,86.0,29.1,0.8,5,GHRSST L4 / INSAT-3DR MOSDAC / Sentinel-3 SLSTR,0.5
3164,2026-08-23,8.0,86.5,29.19,0.89,5,GHRSST L4 / INSAT-3DR MOSDAC / Sentinel-3 SLSTR,0.5
3165,2026-08-23,8.0,87.0,28.95,0.65,5,GHRSST L4 / INSAT-3DR MOSDAC / Sentinel-3 SLSTR,0.5
3166,2026-08-23,8.0,87.5,28.91,0.61,5,GHRSST L4 / INSAT-3DR MOSDAC / Sentinel-3 SLSTR,0.5
3167,2026-08-23,8.0,88.0,29.21,0.91,5,GHRSST L4 / INSAT-3DR MOSDAC / Sentinel-3 SLSTR,0.5
3168,2026-08-23,8.0,88.5,29.42,1.12,5,GHRSST L4 / INSAT-3DR MOSDAC / Sentinel-3 SLSTR,0.5
3169,2026-08-23,8.0,89.0,29.51,1.21,5,GHRSST L4 / INSAT-3DR MOSDAC / Sentinel-3 SLSTR,0.5
3170,2026-08-23,8.0,89.5,29.21,0.91,5,GHRSST L4 / INSAT-3DR MOSDAC / Sentinel-3 SLSTR,0.5
3171,2026-08-23,8.0,90.0,29.04,0.74,5,GHRSST L4 / INSAT-3DR MOSDAC / Sentinel-3 SLSTR,0.5
3172,2026-08-23,8.0,90.5,29.09,0.79,5,GHRSST L4 / INSAT-3DR MOSDAC / Sentinel-3 SLSTR,0.5
3173,2026-08-23,8.0,91.0,29.22,0.92,5,GHRSST L4 / INSAT-3DR MOSDAC / Sentinel-3 SLSTR,0.5
3174,2026-08-23,8.0,91.5,29.36,1.06,5,GHRSST L4 / INSAT-3DR MOSDAC / Sentinel-3 SLSTR,0.5
3175,2026-08-23,8.0,92.0,29.29,0.99,5,GHRSST L4 / INSAT-3DR MOSDAC / Sentinel-3 SLSTR,0.5
3176,2026-08-23,8.0,92.5,29.5,1.2,5,GHRSST L4 / INSAT-3DR MOSDAC / Sentinel-3 SLSTR,0.5
3177,2026-08-23,8.0,93.0,28.92,0.62,5,GHRSST L4 / INSAT-3DR MOSDAC / Sentinel-3 SLSTR,0.5
3178,2026-08-23,8.0,93.5,29.6,1.3,5,GHRSST L4 / INSAT-3DR MOSDAC / Sentinel-3 SLSTR,0.5
3179,2026-08-23,8.0,94.0,29.56,1.26,5,GHRSST L4 / INSAT-3DR MOSDAC / Sentinel-3 SLSTR,0.5
3180,2026-08-23,8.5,68.0,28.95,0.7,5,GHRSST L4 / INSAT-3DR MOSDAC / Sentinel-3 SLSTR,0.5
3181,2026-08-23,8.5,68.5,28.88,0.63,5,GHRSST L4 / INSAT-3DR MOSDAC / Sentinel-3 SLSTR,0.5
3182,2026-08-23,8.5,69.0,29.28,1.03,5,GHRSST L4 / INSAT-3DR MOSDAC / Sentinel-3 SLSTR,0.5
3183,2026-08-23,8.5,69.5,29.35,1.1,5,GHRSST L4 / INSAT-3DR MOSDAC / Sentinel-3 SLSTR,0.5
3184,2026-08-23,8.5,70.0,29.18,0.93,5,GHRSST L4 / INSAT-3DR MOSDAC / Sentinel-3 SLSTR,0.5
3185,2026-08-23,8.5,70.5,29.04,0.79,5,GHRSST L4 / INSAT-3DR MOSDAC / Sentinel-3 SLSTR,0.5
3186,2026-08-23,8.5,71.0,29.3,1.05,5,GHRSST L4 / INSAT-3DR MOSDAC / Sentinel-3 SLSTR,0.5
3187,2026-08-23,8.5,71.5,29.3,1.05,5,GHRSST L4 / INSAT-3DR MOSDAC / Sentinel-3 SLSTR,0.5
3188,2026-08-23,8.5,72.0,28.95,0.7,5,GHRSST L4 / INSAT-3DR MOSDAC / Sentinel-3 SLSTR,0.5
3189,2026-08-23,8.5,72.5,29.41,1.16,5,GHRSST L4 / INSAT-3DR MOSDAC / Sentinel-3 SLSTR,0.5
3190,2026-08-23,8.5,73.0,29.37,1.12,5,GHRSST L4 / INSAT-3DR MOSDAC / Sentinel-3 SLSTR,0.5
3191,2026-08-23,8.5,73.5,28.91,0.66,5,GHRSST L4 / INSAT-3DR MOSDAC / Sentinel-3 SLSTR,0.5
3192,2026-08-23,8.5,74.0,27.77,-0.48,5,GHRSST L4 / INSAT-3DR MOSDAC / Sentinel-3 SLSTR,0.5
3193,2026-08-23,8.5,74.5,27.73,-0.52,5,GHRSST L4 / INSAT-3DR MOSDAC / Sentinel-3 SLSTR,0.5
3194,2026-08-23,8.5,75.0,27.77,-0.48,5,GHRSST L4 / INSAT-3DR MOSDAC / Sentinel-3 SLSTR,0.5
3195,2026-08-23,8.5,75.5,27.77,-0.48,5,GHRSST L4 / INSAT-3DR MOSDAC / Sentinel-3 SLSTR,0.5
3196,2026-08-23,8.5,76.0,27.82,-0.43,5,GHRSST L4 / INSAT-3DR MOSDAC / Sentinel-3 SLSTR,0.5
3197,2026-08-23,8.5,76.5,27.64,-0.61,5,GHRSST L4 / INSAT-3DR MOSDAC / Sentinel-3 SLSTR,0.5
3198,2026-08-23,8.5,77.0,27.78,-0.47,5,GHRSST L4 / INSAT-3DR MOSDAC / Sentinel-3 SLSTR,0.5
3199,2026-08-23,8.5,77.5,28.92,0.67,5,GHRSST L4 / INSAT-3DR MOSDAC / Sentinel-3 SLSTR,0.5
3200,2026-08-23,8.5,78.0,28.97,0.72,5,GHRSST L4 / INSAT-3DR MOSDAC / Sentinel-3 SLSTR,0.5
3201,2026-08-23,8.5,78.5,28.91,0.66,5,GHRSST L4 / INSAT-3DR MOSDAC / Sentinel-3 SLSTR,0.5
3202,2026-08-23,8.5,79.0,28.98,0.73,5,GHRSST L4 / INSAT-3DR MOSDAC / Sentinel-3 SLSTR,0.5
3203,2026-08-23,8.5,79.5,28.85,0.6,5,GHRSST L4 / INSAT-3DR MOSDAC / Sentinel-3 SLSTR,0.5
3204,2026-08-23,8.5,80.0,28.88,0.63,5,GHRSST L4 / INSAT-3DR MOSDAC / Sentinel-3 SLSTR,0.5
3205,2026-08-23,8.5,80.5,29.41,1.16,5,GHRSST L4 / INSAT-3DR MOSDAC / Sentinel-3 SLSTR,0.5
3206,2026-08-23,8.5,81.0,28.99,0.74,5,GHRSST L4 / INSAT-3DR MOSDAC / Sentinel-3 SLSTR,0.5
3207,2026-08-23,8.5,81.5,29.21,0.96,5,GHRSST L4 / INSAT-3DR MOSDAC / Sentinel-3 SLSTR,0.5
3208,2026-08-23,8.5,82.0,29.11,0.86,5,GHRSST L4 / INSAT-3DR MOSDAC / Sentinel-3 SLSTR,0.5
3209,2026-08-23,8.5,82.5,29.08,0.83,5,GHRSST L4 / INSAT-3DR MOSDAC / Sentinel-3 SLSTR,0.5
3210,2026-08-23,8.5,83.0,29.45,1.2,5,GHRSST L4 / INSAT-3DR MOSDAC / Sentinel-3 SLSTR,0.5
3211,2026-08-23,8.5,83.5,29.19,0.94,5,GHRSST L4 / INSAT-3DR MOSDAC / Sentinel-3 SLSTR,0.5
3212,2026-08-23,8.5,84.0,29.21,0.96,5,GHRSST L4 / INSAT-3DR MOSDAC / Sentinel-3 SLSTR,0.5
3213,2026-08-23,8.5,84.5,29.17,0.92,5,GHRSST L4 / INSAT-3DR MOSDAC / Sentinel-3 SLSTR,0.5
3214,2026-08-23,8.5,85.0,29.04,0.79,5,GHRSST L4 / INSAT-3DR MOSDAC / Sentinel-3 SLSTR,0.5
3215,2026-08-23,8.5,85.5,29.33,1.08,5,GHRSST L4 / INSAT-3DR MOSDAC / Sentinel-3 SLSTR,0.5
3216,2026-08-23,8.5,86.0,28.88,0.63,5,GHRSST L4 / INSAT-3DR MOSDAC / Sentinel-3 SLSTR,0.5
3217,2026-08-23,8.5,86.5,29.05,0.8,5,GHRSST L4 / INSAT-3DR MOSDAC / Sentinel-3 SLSTR,0.5
3218,2026-08-23,8.5,87.0,29.31,1.06,5,GHRSST L4 / INSAT-3DR MOSDAC / Sentinel-3 SLSTR,0.5
3219,2026-08-23,8.5,87.5,28.87,0.62,5,GHRSST L4 / INSAT-3DR MOSDAC / Sentinel-3 SLSTR,0.5
3220,2026-08-23,8.5,88.0,28.87,0.62,5,GHRSST L4 / INSAT-3DR MOSDAC / Sentinel-3 SLSTR,0.5
3221,2026-08-23,8.5,88.5,29.11,0.86,5,GHRSST L4 / INSAT-3DR MOSDAC / Sentinel-3 SLSTR,0.5
3222,2026-08-23,8.5,89.0,29.03,0.78,5,GHRSST L4 / INSAT-3DR MOSDAC / Sentinel-3 SLSTR,0.5
3223,2026-08-23,8.5,89.5,29.34,1.09,5,GHRSST L4 / INSAT-3DR MOSDAC / Sentinel-3 SLSTR,0.5
3224,2026-08-23,8.5,90.0,29.38,1.13,5,GHRSST L4 / INSAT-3DR MOSDAC / Sentinel-3 SLSTR,0.5
3225,2026-08-23,8.5,90.5,28.88,0.63,5,GHRSST L4 / INSAT-3DR MOSDAC / Sentinel-3 SLSTR,0.5
3226,2026-08-23,8.5,91.0,29.16,0.91,5,GHRSST L4 / INSAT-3DR MOSDAC / Sentinel-3 SLSTR,0.5
3227,2026-08-23,8.5,91.5,29.51,1.26,5,GHRSST L4 / INSAT-3DR MOSDAC / Sentinel-3 SLSTR,0.5
3228,2026-08-23,8.5,92.0,29.07,0.82,5,GHRSST L4 / INSAT-3DR MOSDAC / Sentinel-3 SLSTR,0.5
3229,2026-08-23,8.5,92.5,28.99,0.74,5,GHRSST L4 / INSAT-3DR MOSDAC / Sentinel-3 SLSTR,0.5
3230,2026-08-23,8.5,93.0,29.21,0.96,5,GHRSST L4 / INSAT-3DR MOSDAC / Sentinel-3 SLSTR,0.5
3231,2026-08-23,8.5,93.5,29.17,0.92,5,GHRSST L4 / INSAT-3DR MOSDAC / Sentinel-3 SLSTR,0.5
3232,2026-08-23,8.5,94.0,29.0,0.75,5,GHRSST L4 / INSAT-3DR MOSDAC / Sentinel-3 SLSTR,0.5
3233,2026-08-23,9.0,68.0,28.95,0.75,5,GHRSST L4 / INSAT-3DR MOSDAC / Sentinel-3 SLSTR,0.5
3234,2026-08-23,9.0,68.5,29.27,1.07,5,GHRSST L4 / INSAT-3DR MOSDAC / Sentinel-3 SLSTR,0.5
3235,2026-08-23,9.0,69.0,29.02,0.82,5,GHRSST L4 / INSAT-3DR MOSDAC / Sentinel-3 SLSTR,0.5
3236,2026-08-23,9.0,69.5,29.48,1.28,5,GHRSST L4 / INSAT-3DR MOSDAC / Sentinel-3 SLSTR,0.5
3237,2026-08-23,9.0,70.0,28.99,0.79,5,GHRSST L4 / INSAT-3DR MOSDAC / Sentinel-3 SLSTR,0.5
3238,2026-08-23,9.0,70.5,29.17,0.97,5,GHRSST L4 / INSAT-3DR MOSDAC / Sentinel-3 SLSTR,0.5
3239,2026-08-23,9.0,71.0,28.84,0.64,5,GHRSST L4 / INSAT-3DR MOSDAC / Sentinel-3 SLSTR,0.5
3240,2026-08-23,9.0,71.5,29.17,0.97,5,GHRSST L4 / INSAT-3DR MOSDAC / Sentinel-3 SLSTR,0.5
3241,2026-08-23,9.0,72.0,29.11,0.91,5,GHRSST L4 / INSAT-3DR MOSDAC / Sentinel-3 SLSTR,0.5
3242,2026-08-23,9.0,80.5,29.03,0.83,5,GHRSST L4 / INSAT-3DR MOSDAC / Sentinel-3 SLSTR,0.5
3243,2026-08-23,9.0,81.0,29.09,0.89,5,GHRSST L4 / INSAT-3DR MOSDAC / Sentinel-3 SLSTR,0.5
3244,2026-08-23,9.0,81.5,28.91,0.71,5,GHRSST L4 / INSAT-3DR MOSDAC / Sentinel-3 SLSTR,0.5
3245,2026-08-23,9.0,82.0,29.36,1.16,5,GHRSST L4 / INSAT-3DR MOSDAC / Sentinel-3 SLSTR,0.5
3246,2026-08-23,9.0,82.5,29.44,1.24,5,GHRSST L4 / INSAT-3DR MOSDAC / Sentinel-3 SLSTR,0.5
3247,2026-08-23,9.0,83.0,29.38,1.18,5,GHRSST L4 / INSAT-3DR MOSDAC / Sentinel-3 SLSTR,0.5
3248,2026-08-23,9.0,83.5,29.35,1.15,5,GHRSST L4 / INSAT-3DR MOSDAC / Sentinel-3 SLSTR,0.5
3249,2026-08-23,9.0,84.0,29.17,0.97,5,GHRSST L4 / INSAT-3DR MOSDAC / Sentinel-3 SLSTR,0.5
3250,2026-08-23,9.0,84.5,29.02,0.82,5,GHRSST L4 / INSAT-3DR MOSDAC / Sentinel-3 SLSTR,0.5
3251,2026-08-23,9.0,85.0,28.91,0.71,5,GHRSST L4 / INSAT-3DR MOSDAC / Sentinel-3 SLSTR,0.5
3252,2026-08-23,9.0,85.5,29.36,1.16,5,GHRSST L4 / INSAT-3DR MOSDAC / Sentinel-3 SLSTR,0.5
3253,2026-08-23,9.0,86.0,28.82,0.62,5,GHRSST L4 / INSAT-3DR MOSDAC / Sentinel-3 SLSTR,0.5
3254,2026-08-23,9.0,86.5,28.92,0.72,5,GHRSST L4 / INSAT-3DR MOSDAC / Sentinel-3 SLSTR,0.5
3255,2026-08-23,9.0,87.0,29.07,0.87,5,GHRSST L4 / INSAT-3DR MOSDAC / Sentinel-3 SLSTR,0.5
3256,2026-08-23,9.0,87.5,28.93,0.73,5,GHRSST L4 / INSAT-3DR MOSDAC / Sentinel-3 SLSTR,0.5
3257,2026-08-23,9.0,88.0,29.2,1.0,5,GHRSST L4 / INSAT-3DR MOSDAC / Sentinel-3 SLSTR,0.5
3258,2026-08-23,9.0,88.5,29.3,1.1,5,GHRSST L4 / INSAT-3DR MOSDAC / Sentinel-3 SLSTR,0.5
3259,2026-08-23,9.0,89.0,29.43,1.23,5,GHRSST L4 / INSAT-3DR MOSDAC / Sentinel-3 SLSTR,0.5
3260,2026-08-23,9.0,89.5,28.94,0.74,5,GHRSST L4 / INSAT-3DR MOSDAC / Sentinel-3 SLSTR,0.5
3261,2026-08-23,9.0,90.0,28.99,0.79,5,GHRSST L4 / INSAT-3DR MOSDAC / Sentinel-3 SLSTR,0.5
3262,2026-08-23,9.0,90.5,29.29,1.09,5,GHRSST L4 / INSAT-3DR MOSDAC / Sentinel-3 SLSTR,0.5
3263,2026-08-23,9.0,91.0,28.94,0.74,5,GHRSST L4 / INSAT-3DR MOSDAC / Sentinel-3 SLSTR,0.5
3264,2026-08-23,9.0,91.5,29.06,0.86,5,GHRSST L4 / INSAT-3DR MOSDAC / Sentinel-3 SLSTR,0.5
3265,2026-08-23,9.0,92.0,29.32,1.12,5,GHRSST L4 / INSAT-3DR MOSDAC / Sentinel-3 SLSTR,0.5
3266,2026-08-23,9.0,92.5,29.05,0.85,5,GHRSST L4 / INSAT-3DR MOSDAC / Sentinel-3 SLSTR,0.5
3267,2026-08-23,9.0,93.0,28.89,0.69,5,GHRSST L4 / INSAT-3DR MOSDAC / Sentinel-3 SLSTR,0.5
3268,2026-08-23,9.0,93.5,28.98,0.78,5,GHRSST L4 / INSAT-3DR MOSDAC / Sentinel-3 SLSTR,0.5
3269,2026-08-23,9.0,94.0,28.85,0.65,5,GHRSST L4 / INSAT-3DR MOSDAC / Sentinel-3 SLSTR,0.5
3270,2026-08-23,9.5,68.0,29.2,1.05,5,GHRSST L4 / INSAT-3DR MOSDAC / Sentinel-3 SLSTR,0.5
3271,2026-08-23,9.5,68.5,28.76,0.61,5,GHRSST L4 / INSAT-3DR MOSDAC / Sentinel-3 SLSTR,0.5
3272,2026-08-23,9.5,69.0,29.13,0.98,5,GHRSST L4 / INSAT-3DR MOSDAC / Sentinel-3 SLSTR,0.5
3273,2026-08-23,9.5,69.5,29.4,1.25,5,GHRSST L4 / INSAT-3DR MOSDAC / Sentinel-3 SLSTR,0.5
3274,2026-08-23,9.5,70.0,29.33,1.18,5,GHRSST L4 / INSAT-3DR MOSDAC / Sentinel-3 SLSTR,0.5
3275,2026-08-23,9.5,70.5,28.78,0.63,5,GHRSST L4 / INSAT-3DR MOSDAC / Sentinel-3 SLSTR,0.5
3276,2026-08-23,9.5,71.0,29.23,1.08,5,GHRSST L4 / INSAT-3DR MOSDAC / Sentinel-3 SLSTR,0.5
3277,2026-08-23,9.5,71.5,29.21,1.06,5,GHRSST L4 / INSAT-3DR MOSDAC / Sentinel-3 SLSTR,0.5
3278,2026-08-23,9.5,72.0,28.94,0.79,5,GHRSST L4 / INSAT-3DR MOSDAC / Sentinel-3 SLSTR,0.5
3279,2026-08-23,9.5,80.5,28.81,0.66,5,GHRSST L4 / INSAT-3DR MOSDAC / Sentinel-3 SLSTR,0.5
3280,2026-08-23,9.5,81.0,29.33,1.18,5,GHRSST L4 / INSAT-3DR MOSDAC / Sentinel-3 SLSTR,0.5
3281,2026-08-23,9.5,81.5,29.12,0.97,5,GHRSST L4 / INSAT-3DR MOSDAC / Sentinel-3 SLSTR,0.5
3282,2026-08-23,9.5,82.0,29.22,1.07,5,GHRSST L4 / INSAT-3DR MOSDAC / Sentinel-3 SLSTR,0.5
3283,2026-08-23,9.5,82.5,29.05,0.9,5,GHRSST L4 / INSAT-3DR MOSDAC / Sentinel-3 SLSTR,0.5
3284,2026-08-23,9.5,83.0,28.89,0.74,5,GHRSST L4 / INSAT-3DR MOSDAC / Sentinel-3 SLSTR,0.5
3285,2026-08-23,9.5,83.5,28.91,0.76,5,GHRSST L4 / INSAT-3DR MOSDAC / Sentinel-3 SLSTR,0.5
3286,2026-08-23,9.5,84.0,29.1,0.95,5,GHRSST L4 / INSAT-3DR MOSDAC / Sentinel-3 SLSTR,0.5
3287,2026-08-23,9.5,84.5,28.89,0.74,5,GHRSST L4 / INSAT-3DR MOSDAC / Sentinel-3 SLSTR,0.5
3288,2026-08-23,9.5,85.0,29.01,0.86,5,GHRSST L4 / INSAT-3DR MOSDAC / Sentinel-3 SLSTR,0.5
3289,2026-08-23,9.5,85.5,28.78,0.63,5,GHRSST L4 / INSAT-3DR MOSDAC / Sentinel-3 SLSTR,0.5
3290,2026-08-23,9.5,86.0,29.43,1.28,5,GHRSST L4 / INSAT-3DR MOSDAC / Sentinel-3 SLSTR,0.5
3291,2026-08-23,9.5,86.5,29.16,1.01,5,GHRSST L4 / INSAT-3DR MOSDAC / Sentinel-3 SLSTR,0.5
3292,2026-08-23,9.5,87.0,28.83,0.68,5,GHRSST L4 / INSAT-3DR MOSDAC / Sentinel-3 SLSTR,0.5
3293,2026-08-23,9.5,87.5,28.82,0.67,5,GHRSST L4 / INSAT-3DR MOSDAC / Sentinel-3 SLSTR,0.5
3294,2026-08-23,9.5,88.0,29.07,0.92,5,GHRSST L4 / INSAT-3DR MOSDAC / Sentinel-3 SLSTR,0.5
3295,2026-08-23,9.5,88.5,28.75,0.6,5,GHRSST L4 / INSAT-3DR MOSDAC / Sentinel-3 SLSTR,0.5
3296,2026-08-23,9.5,89.0,29.02,0.87,5,GHRSST L4 / INSAT-3DR MOSDAC / Sentinel-3 SLSTR,0.5
3297,2026-08-23,9.5,89.5,29.39,1.24,5,GHRSST L4 / INSAT-3DR MOSDAC / Sentinel-3 SLSTR,0.5
3298,2026-08-23,9.5,90.0,29.31,1.16,5,GHRSST L4 / INSAT-3DR MOSDAC / Sentinel-3 SLSTR,0.5
3299,2026-08-23,9.5,90.5,29.38,1.23,5,GHRSST L4 / INSAT-3DR MOSDAC / Sentinel-3 SLSTR,0.5
3300,2026-08-23,9.5,91.0,28.81,0.66,5,GHRSST L4 / INSAT-3DR MOSDAC / Sentinel-3 SLSTR,0.5
3301,2026-08-23,9.5,91.5,28.99,0.84,5,GHRSST L4 / INSAT-3DR MOSDAC / Sentinel-3 SLSTR,0.5
3302,2026-08-23,9.5,92.0,29.12,0.97,5,GHRSST L4 / INSAT-3DR MOSDAC / Sentinel-3 SLSTR,0.5
3303,2026-08-23,9.5,92.5,29.23,1.08,5,GHRSST L4 / INSAT-3DR MOSDAC / Sentinel-3 SLSTR,0.5
3304,2026-08-23,9.5,93.0,29.0,0.85,5,GHRSST L4 / INSAT-3DR MOSDAC / Sentinel-3 SLSTR,0.5
3305,2026-08-23,9.5,93.5,28.95,0.8,5,GHRSST L4 / INSAT-3DR MOSDAC / Sentinel-3 SLSTR,0.5
3306,2026-08-23,9.5,94.0,28.94,0.79,5,GHRSST L4 / INSAT-3DR MOSDAC / Sentinel-3 SLSTR,0.5
3307,2026-08-23,10.0,68.0,29.22,1.12,5,GHRSST L4 / INSAT-3DR MOSDAC / Sentinel-3 SLSTR,0.5
3308,2026-08-23,10.0,68.5,28.94,0.84,5,GHRSST L4 / INSAT-3DR MOSDAC / Sentinel-3 SLSTR,0.5
3309,2026-08-23,10.0,69.0,28.68,0.58,5,GHRSST L4 / INSAT-3DR MOSDAC / Sentinel-3 SLSTR,0.5
3310,2026-08-23,10.0,69.5,29.21,1.11,5,GHRSST L4 / INSAT-3DR MOSDAC / Sentinel-3 SLSTR,0.5
3311,2026-08-23,10.0,70.0,28.78,0.68,5,GHRSST L4 / INSAT-3DR MOSDAC / Sentinel-3 SLSTR,0.5
3312,2026-08-23,10.0,70.5,29.11,1.01,5,GHRSST L4 / INSAT-3DR MOSDAC / Sentinel-3 SLSTR,0.5
3313,2026-08-23,10.0,71.0,28.69,0.59,5,GHRSST L4 / INSAT-3DR MOSDAC / Sentinel-3 SLSTR,0.5
3314,2026-08-23,10.0,71.5,28.94,0.84,5,GHRSST L4 / INSAT-3DR MOSDAC / Sentinel-3 SLSTR,0.5
3315,2026-08-23,10.0,72.0,28.99,0.89,5,GHRSST L4 / INSAT-3DR MOSDAC / Sentinel-3 SLSTR,0.5
3316,2026-08-23,10.0,81.0,29.35,1.25,5,GHRSST L4 / INSAT-3DR MOSDAC / Sentinel-3 SLSTR,0.5
3317,2026-08-23,10.0,81.5,28.73,0.63,5,GHRSST L4 / INSAT-3DR MOSDAC / Sentinel-3 SLSTR,0.5
3318,2026-08-23,10.0,82.0,29.2,1.1,5,GHRSST L4 / INSAT-3DR MOSDAC / Sentinel-3 SLSTR,0.5
3319,2026-08-23,10.0,82.5,29.35,1.25,5,GHRSST L4 / INSAT-3DR MOSDAC / Sentinel-3 SLSTR,0.5
3320,2026-08-23,10.0,83.0,28.86,0.76,5,GHRSST L4 / INSAT-3DR MOSDAC / Sentinel-3 SLSTR,0.5
3321,2026-08-23,10.0,83.5,28.83,0.73,5,GHRSST L4 / INSAT-3DR MOSDAC / Sentinel-3 SLSTR,0.5
3322,2026-08-23,10.0,84.0,29.34,1.24,5,GHRSST L4 / INSAT-3DR MOSDAC / Sentinel-3 SLSTR,0.5
3323,2026-08-23,10.0,84.5,29.01,0.91,5,GHRSST L4 / INSAT-3DR MOSDAC / Sentinel-3 SLSTR,0.5
3324,2026-08-23,10.0,85.0,29.25,1.15,5,GHRSST L4 / INSAT-3DR MOSDAC / Sentinel-3 SLSTR,0.5
3325,2026-08-23,10.0,85.5,29.23,1.13,5,GHRSST L4 / INSAT-3DR MOSDAC / Sentinel-3 SLSTR,0.5
3326,2026-08-23,10.0,86.0,28.9,0.8,5,GHRSST L4 / INSAT-3DR MOSDAC / Sentinel-3 SLSTR,0.5
3327,2026-08-23,10.0,86.5,28.8,0.7,5,GHRSST L4 / INSAT-3DR MOSDAC / Sentinel-3 SLSTR,0.5
3328,2026-08-23,10.0,87.0,29.16,1.06,5,GHRSST L4 / INSAT-3DR MOSDAC / Sentinel-3 SLSTR,0.5
3329,2026-08-23,10.0,87.5,29.02,0.92,5,GHRSST L4 / INSAT-3DR MOSDAC / Sentinel-3 SLSTR,0.5
3330,2026-08-23,10.0,88.0,29.01,0.91,5,GHRSST L4 / INSAT-3DR MOSDAC / Sentinel-3 SLSTR,0.5
3331,2026-08-23,10.0,88.5,29.05,0.95,5,GHRSST L4 / INSAT-3DR MOSDAC / Sentinel-3 SLSTR,0.5
3332,2026-08-23,10.0,89.0,28.69,0.59,5,GHRSST L4 / INSAT-3DR MOSDAC / Sentinel-3 SLSTR,0.5
3333,2026-08-23,10.0,89.5,28.67,0.57,5,GHRSST L4 / INSAT-3DR MOSDAC / Sentinel-3 SLSTR,0.5
3334,2026-08-23,10.0,90.0,28.89,0.79,5,GHRSST L4 / INSAT-3DR MOSDAC / Sentinel-3 SLSTR,0.5
3335,2026-08-23,10.0,90.5,28.9,0.8,5,GHRSST L4 / INSAT-3DR MOSDAC / Sentinel-3 SLSTR,0.5
3336,2026-08-23,10.0,91.0,29.17,1.07,5,GHRSST L4 / INSAT-3DR MOSDAC / Sentinel-3 SLSTR,0.5
3337,2026-08-23,10.0,91.5,28.9,0.8,5,GHRSST L4 / INSAT-3DR MOSDAC / Sentinel-3 SLSTR,0.5
3338,2026-08-23,10.0,92.0,28.92,0.82,5,GHRSST L4 / INSAT-3DR MOSDAC / Sentinel-3 SLSTR,0.5
3339,2026-08-23,10.0,92.5,29.05,0.95,5,GHRSST L4 / INSAT-3DR MOSDAC / Sentinel-3 SLSTR,0.5
3340,2026-08-23,10.0,93.0,29.08,0.98,5,GHRSST L4 / INSAT-3DR MOSDAC / Sentinel-3 SLSTR,0.5
3341,2026-08-23,10.0,93.5,28.9,0.8,5,GHRSST L4 / INSAT-3DR MOSDAC / Sentinel-3 SLSTR,0.5
3342,2026-08-23,10.0,94.0,29.06,0.96,5,GHRSST L4 / INSAT-3DR MOSDAC / Sentinel-3 SLSTR,0.5
3343,2026-08-23,10.5,68.0,29.04,0.99,5,GHRSST L4 / INSAT-3DR MOSDAC / Sentinel-3 SLSTR,0.5
3344,2026-08-23,10.5,68.5,28.79,0.74,5,GHRSST L4 / INSAT-3DR MOSDAC / Sentinel-3 SLSTR,0.5
3345,2026-08-23,10.5,69.0,28.78,0.73,5,GHRSST L4 / INSAT-3DR MOSDAC / Sentinel-3 SLSTR,0.5
3346,2026-08-23,10.5,69.5,29.23,1.18,5,GHRSST L4 / INSAT-3DR MOSDAC / Sentinel-3 SLSTR,0.5
3347,2026-08-23,10.5,70.0,29.06,1.01,5,GHRSST L4 / INSAT-3DR MOSDAC / Sentinel-3 SLSTR,0.5
3348,2026-08-23,10.5,70.5,28.83,0.78,5,GHRSST L4 / INSAT-3DR MOSDAC / Sentinel-3 SLSTR,0.5
3349,2026-08-23,10.5,71.0,29.0,0.95,5,GHRSST L4 / INSAT-3DR MOSDAC / Sentinel-3 SLSTR,0.5
3350,2026-08-23,10.5,71.5,29.11,1.06,5,GHRSST L4 / INSAT-3DR MOSDAC / Sentinel-3 SLSTR,0.5
3351,2026-08-23,10.5,72.0,28.63,0.58,5,GHRSST L4 / INSAT-3DR MOSDAC / Sentinel-3 SLSTR,0.5
3352,2026-08-23,10.5,81.0,29.25,1.2,5,GHRSST L4 / INSAT-3DR MOSDAC / Sentinel-3 SLSTR,0.5
3353,2026-08-23,10.5,81.5,29.11,1.06,5,GHRSST L4 / INSAT-3DR MOSDAC / Sentinel-3 SLSTR,0.5
3354,2026-08-23,10.5,82.0,28.88,0.83,5,GHRSST L4 / INSAT-3DR MOSDAC / Sentinel-3 SLSTR,0.5
3355,2026-08-23,10.5,82.5,29.26,1.21,5,GHRSST L4 / INSAT-3DR MOSDAC / Sentinel-3 SLSTR,0.5
3356,2026-08-23,10.5,83.0,28.65,0.6,5,GHRSST L4 / INSAT-3DR MOSDAC / Sentinel-3 SLSTR,0.5
3357,2026-08-23,10.5,83.5,29.14,1.09,5,GHRSST L4 / INSAT-3DR MOSDAC / Sentinel-3 SLSTR,0.5
3358,2026-08-23,10.5,84.0,28.98,0.93,5,GHRSST L4 / INSAT-3DR MOSDAC / Sentinel-3 SLSTR,0.5
3359,2026-08-23,10.5,84.5,29.08,1.03,5,GHRSST L4 / INSAT-3DR MOSDAC / Sentinel-3 SLSTR,0.5
3360,2026-08-23,10.5,85.0,28.94,0.89,5,GHRSST L4 / INSAT-3DR MOSDAC / Sentinel-3 SLSTR,0.5
3361,2026-08-23,10.5,85.5,28.71,0.66,5,GHRSST L4 / INSAT-3DR MOSDAC / Sentinel-3 SLSTR,0.5
3362,2026-08-23,10.5,86.0,28.79,0.74,5,GHRSST L4 / INSAT-3DR MOSDAC / Sentinel-3 SLSTR,0.5
3363,2026-08-23,10.5,86.5,28.93,0.88,5,GHRSST L4 / INSAT-3DR MOSDAC / Sentinel-3 SLSTR,0.5
3364,2026-08-23,10.5,87.0,29.25,1.2,5,GHRSST L4 / INSAT-3DR MOSDAC / Sentinel-3 SLSTR,0.5
3365,2026-08-23,10.5,87.5,28.66,0.61,5,GHRSST L4 / INSAT-3DR MOSDAC / Sentinel-3 SLSTR,0.5
3366,2026-08-23,10.5,88.0,28.68,0.63,5,GHRSST L4 / INSAT-3DR MOSDAC / Sentinel-3 SLSTR,0.5
3367,2026-08-23,10.5,88.5,28.72,0.67,5,GHRSST L4 / INSAT-3DR MOSDAC / Sentinel-3 SLSTR,0.5
3368,2026-08-23,10.5,89.0,29.05,1.0,5,GHRSST L4 / INSAT-3DR MOSDAC / Sentinel-3 SLSTR,0.5
3369,2026-08-23,10.5,89.5,28.87,0.82,5,GHRSST L4 / INSAT-3DR MOSDAC / Sentinel-3 SLSTR,0.5
3370,2026-08-23,10.5,90.0,28.71,0.66,5,GHRSST L4 / INSAT-3DR MOSDAC / Sentinel-3 SLSTR,0.5
3371,2026-08-23,10.5,90.5,28.7,0.65,5,GHRSST L4 / INSAT-3DR MOSDAC / Sentinel-3 SLSTR,0.5
3372,2026-08-23,10.5,91.0,29.08,1.03,5,GHRSST L4 / INSAT-3DR MOSDAC / Sentinel-3 SLSTR,0.5
3373,2026-08-23,10.5,91.5,28.93,0.88,5,GHRSST L4 / INSAT-3DR MOSDAC / Sentinel-3 SLSTR,0.5
3374,2026-08-23,10.5,92.0,29.22,1.17,5,GHRSST L4 / INSAT-3DR MOSDAC / Sentinel-3 SLSTR,0.5
3375,2026-08-23,10.5,92.5,28.89,0.84,5,GHRSST L4 / INSAT-3DR MOSDAC / Sentinel-3 SLSTR,0.5
3376,2026-08-23,10.5,93.0,29.07,1.02,5,GHRSST L4 / INSAT-3DR MOSDAC / Sentinel-3 SLSTR,0.5
3377,2026-08-23,10.5,93.5,29.17,1.12,5,GHRSST L4 / INSAT-3DR MOSDAC / Sentinel-3 SLSTR,0.5
3378,2026-08-23,10.5,94.0,29.28,1.23,5,GHRSST L4 / INSAT-3DR MOSDAC / Sentinel-3 SLSTR,0.5
3379,2026-08-23,11.0,68.0,29.16,1.16,5,GHRSST L4 / INSAT-3DR MOSDAC / Sentinel-3 SLSTR,0.5
3380,2026-08-23,11.0,68.5,29.09,1.09,5,GHRSST L4 / INSAT-3DR MOSDAC / Sentinel-3 SLSTR,0.5
3381,2026-08-23,11.0,69.0,28.84,0.84,5,GHRSST L4 / INSAT-3DR MOSDAC / Sentinel-3 SLSTR,0.5
3382,2026-08-23,11.0,69.5,29.24,1.24,5,GHRSST L4 / INSAT-3DR MOSDAC / Sentinel-3 SLSTR,0.5
3383,2026-08-23,11.0,70.0,28.74,0.74,5,GHRSST L4 / INSAT-3DR MOSDAC / Sentinel-3 SLSTR,0.5
3384,2026-08-23,11.0,70.5,29.01,1.01,5,GHRSST L4 / INSAT-3DR MOSDAC / Sentinel-3 SLSTR,0.5
3385,2026-08-23,11.0,71.0,28.64,0.64,5,GHRSST L4 / INSAT-3DR MOSDAC / Sentinel-3 SLSTR,0.5
3386,2026-08-23,11.0,71.5,28.97,0.97,5,GHRSST L4 / INSAT-3DR MOSDAC / Sentinel-3 SLSTR,0.5
3387,2026-08-23,11.0,81.5,29.03,1.03,5,GHRSST L4 / INSAT-3DR MOSDAC / Sentinel-3 SLSTR,0.5
3388,2026-08-23,11.0,82.0,28.61,0.61,5,GHRSST L4 / INSAT-3DR MOSDAC / Sentinel-3 SLSTR,0.5
3389,2026-08-23,11.0,82.5,28.76,0.76,5,GHRSST L4 / INSAT-3DR MOSDAC / Sentinel-3 SLSTR,0.5
3390,2026-08-23,11.0,83.0,29.0,1.0,5,GHRSST L4 / INSAT-3DR MOSDAC / Sentinel-3 SLSTR,0.5
3391,2026-08-23,11.0,83.5,28.97,0.97,5,GHRSST L4 / INSAT-3DR MOSDAC / Sentinel-3 SLSTR,0.5
3392,2026-08-23,11.0,84.0,29.02,1.02,5,GHRSST L4 / INSAT-3DR MOSDAC / Sentinel-3 SLSTR,0.5
3393,2026-08-23,11.0,84.5,28.64,0.64,5,GHRSST L4 / INSAT-3DR MOSDAC / Sentinel-3 SLSTR,0.5
3394,2026-08-23,11.0,85.0,28.91,0.91,5,GHRSST L4 / INSAT-3DR MOSDAC / Sentinel-3 SLSTR,0.5
3395,2026-08-23,11.0,85.5,29.2,1.2,5,GHRSST L4 / INSAT-3DR MOSDAC / Sentinel-3 SLSTR,0.5
3396,2026-08-23,11.0,86.0,29.22,1.22,5,GHRSST L4 / INSAT-3DR MOSDAC / Sentinel-3 SLSTR,0.5
3397,2026-08-23,11.0,86.5,28.64,0.64,5,GHRSST L4 / INSAT-3DR MOSDAC / Sentinel-3 SLSTR,0.5
3398,2026-08-23,11.0,87.0,29.18,1.18,5,GHRSST L4 / INSAT-3DR MOSDAC / Sentinel-3 SLSTR,0.5
3399,2026-08-23,11.0,87.5,28.95,0.95,5,GHRSST L4 / INSAT-3DR MOSDAC / Sentinel-3 SLSTR,0.5
3400,2026-08-23,11.0,88.0,29.08,1.08,5,GHRSST L4 / INSAT-3DR MOSDAC / Sentinel-3 SLSTR,0.5
3401,2026-08-23,11.0,88.5,28.66,0.66,5,GHRSST L4 / INSAT-3DR MOSDAC / Sentinel-3 SLSTR,0.5
3402,2026-08-23,11.0,89.0,29.07,1.07,5,GHRSST L4 / INSAT-3DR MOSDAC / Sentinel-3 SLSTR,0.5
3403,2026-08-23,11.0,89.5,28.6,0.6,5,GHRSST L4 / INSAT-3DR MOSDAC / Sentinel-3 SLSTR,0.5
3404,2026-08-23,11.0,90.0,28.99,0.99,5,GHRSST L4 / INSAT-3DR MOSDAC / Sentinel-3 SLSTR,0.5
3405,2026-08-23,11.0,90.5,29.02,1.02,5,GHRSST L4 / INSAT-3DR MOSDAC / Sentinel-3 SLSTR,0.5
3406,2026-08-23,11.0,91.0,29.02,1.02,5,GHRSST L4 / INSAT-3DR MOSDAC / Sentinel-3 SLSTR,0.5
3407,2026-08-23,11.0,91.5,28.59,0.59,5,GHRSST L4 / INSAT-3DR MOSDAC / Sentinel-3 SLSTR,0.5
3408,2026-08-23,11.0,92.0,28.82,0.82,5,GHRSST L4 / INSAT-3DR MOSDAC / Sentinel-3 SLSTR,0.5
3409,2026-08-23,11.0,92.5,29.07,1.07,5,GHRSST L4 / INSAT-3DR MOSDAC / Sentinel-3 SLSTR,0.5
3410,2026-08-23,11.0,93.0,29.11,1.11,5,GHRSST L4 / INSAT-3DR MOSDAC / Sentinel-3 SLSTR,0.5
3411,2026-08-23,11.0,93.5,28.84,0.84,5,GHRSST L4 / INSAT-3DR MOSDAC / Sentinel-3 SLSTR,0.5
3412,2026-08-23,11.0,94.0,28.66,0.66,5,GHRSST L4 / INSAT-3DR MOSDAC / Sentinel-3 SLSTR,0.5
3413,2026-08-23,11.5,68.0,28.84,0.89,5,GHRSST L4 / INSAT-3DR MOSDAC / Sentinel-3 SLSTR,0.5
3414,2026-08-23,11.5,68.5,28.95,1.0,5,GHRSST L4 / INSAT-3DR MOSDAC / Sentinel-3 SLSTR,0.5
3415,2026-08-23,11.5,69.0,29.13,1.18,5,GHRSST L4 / INSAT-3DR MOSDAC / Sentinel-3 SLSTR,0.5
3416,2026-08-23,11.5,69.5,28.97,1.02,5,GHRSST L4 / INSAT-3DR MOSDAC / Sentinel-3 SLSTR,0.5
3417,2026-08-23,11.5,70.0,29.07,1.12,5,GHRSST L4 / INSAT-3DR MOSDAC / Sentinel-3 SLSTR,0.5
3418,2026-08-23,11.5,70.5,28.68,0.73,5,GHRSST L4 / INSAT-3DR MOSDAC / Sentinel-3 SLSTR,0.5
3419,2026-08-23,11.5,71.0,29.07,1.12,5,GHRSST L4 / INSAT-3DR MOSDAC / Sentinel-3 SLSTR,0.5
3420,2026-08-23,11.5,71.5,28.92,0.97,5,GHRSST L4 / INSAT-3DR MOSDAC / Sentinel-3 SLSTR,0.5
3421,2026-08-23,11.5,81.5,28.87,0.92,5,GHRSST L4 / INSAT-3DR MOSDAC / Sentinel-3 SLSTR,0.5
3422,2026-08-23,11.5,82.0,28.68,0.73,5,GHRSST L4 / INSAT-3DR MOSDAC / Sentinel-3 SLSTR,0.5
3423,2026-08-23,11.5,82.5,28.63,0.68,5,GHRSST L4 / INSAT-3DR MOSDAC / Sentinel-3 SLSTR,0.5
3424,2026-08-23,11.5,83.0,28.87,0.92,5,GHRSST L4 / INSAT-3DR MOSDAC / Sentinel-3 SLSTR,0.5
3425,2026-08-23,11.5,83.5,29.11,1.16,5,GHRSST L4 / INSAT-3DR MOSDAC / Sentinel-3 SLSTR,0.5
3426,2026-08-23,11.5,84.0,28.65,0.7,5,GHRSST L4 / INSAT-3DR MOSDAC / Sentinel-3 SLSTR,0.5
3427,2026-08-23,11.5,84.5,28.69,0.74,5,GHRSST L4 / INSAT-3DR MOSDAC / Sentinel-3 SLSTR,0.5
3428,2026-08-23,11.5,85.0,29.15,1.2,5,GHRSST L4 / INSAT-3DR MOSDAC / Sentinel-3 SLSTR,0.5
3429,2026-08-23,11.5,85.5,28.51,0.56,5,GHRSST L4 / INSAT-3DR MOSDAC / Sentinel-3 SLSTR,0.5
3430,2026-08-23,11.5,86.0,28.83,0.88,5,GHRSST L4 / INSAT-3DR MOSDAC / Sentinel-3 SLSTR,0.5
3431,2026-08-23,11.5,86.5,28.86,0.91,5,GHRSST L4 / INSAT-3DR MOSDAC / Sentinel-3 SLSTR,0.5
3432,2026-08-23,11.5,87.0,28.96,1.01,5,GHRSST L4 / INSAT-3DR MOSDAC / Sentinel-3 SLSTR,0.5
3433,2026-08-23,11.5,87.5,28.63,0.68,5,GHRSST L4 / INSAT-3DR MOSDAC / Sentinel-3 SLSTR,0.5
3434,2026-08-23,11.5,88.0,28.89,0.94,5,GHRSST L4 / INSAT-3DR MOSDAC / Sentinel-3 SLSTR,0.5
3435,2026-08-23,11.5,88.5,28.57,0.62,5,GHRSST L4 / INSAT-3DR MOSDAC / Sentinel-3 SLSTR,0.5
3436,2026-08-23,11.5,89.0,28.68,0.73,5,GHRSST L4 / INSAT-3DR MOSDAC / Sentinel-3 SLSTR,0.5
3437,2026-08-23,11.5,89.5,28.5,0.55,5,GHRSST L4 / INSAT-3DR MOSDAC / Sentinel-3 SLSTR,0.5
3438,2026-08-23,11.5,90.0,28.81,0.86,5,GHRSST L4 / INSAT-3DR MOSDAC / Sentinel-3 SLSTR,0.5
3439,2026-08-23,11.5,90.5,28.61,0.66,5,GHRSST L4 / INSAT-3DR MOSDAC / Sentinel-3 SLSTR,0.5
3440,2026-08-23,11.5,91.0,28.56,0.61,5,GHRSST L4 / INSAT-3DR MOSDAC / Sentinel-3 SLSTR,0.5
3441,2026-08-23,11.5,91.5,28.73,0.78,5,GHRSST L4 / INSAT-3DR MOSDAC / Sentinel-3 SLSTR,0.5
3442,2026-08-23,11.5,92.0,28.55,0.6,5,GHRSST L4 / INSAT-3DR MOSDAC / Sentinel-3 SLSTR,0.5
3443,2026-08-23,11.5,92.5,28.96,1.01,5,GHRSST L4 / INSAT-3DR MOSDAC / Sentinel-3 SLSTR,0.5
3444,2026-08-23,11.5,93.0,28.63,0.68,5,GHRSST L4 / INSAT-3DR MOSDAC / Sentinel-3 SLSTR,0.5
3445,2026-08-23,11.5,93.5,28.99,1.04,5,GHRSST L4 / INSAT-3DR MOSDAC / Sentinel-3 SLSTR,0.5
3446,2026-08-23,11.5,94.0,29.08,1.13,5,GHRSST L4 / INSAT-3DR MOSDAC / Sentinel-3 SLSTR,0.5
3447,2026-08-23,12.0,68.0,28.95,1.05,5,GHRSST L4 / INSAT-3DR MOSDAC / Sentinel-3 SLSTR,0.5
3448,2026-08-23,12.0,68.5,28.96,1.06,5,GHRSST L4 / INSAT-3DR MOSDAC / Sentinel-3 SLSTR,0.5
3449,2026-08-23,12.0,69.0,28.88,0.98,5,GHRSST L4 / INSAT-3DR MOSDAC / Sentinel-3 SLSTR,0.5
3450,2026-08-23,12.0,69.5,28.69,0.79,5,GHRSST L4 / INSAT-3DR MOSDAC / Sentinel-3 SLSTR,0.5
3451,2026-08-23,12.0,70.0,28.67,0.77,5,GHRSST L4 / INSAT-3DR MOSDAC / Sentinel-3 SLSTR,0.5
3452,2026-08-23,12.0,70.5,28.83,0.93,5,GHRSST L4 / INSAT-3DR MOSDAC / Sentinel-3 SLSTR,0.5
3453,2026-08-23,12.0,71.0,28.6,0.7,5,GHRSST L4 / INSAT-3DR MOSDAC / Sentinel-3 SLSTR,0.5
3454,2026-08-23,12.0,71.5,28.67,0.77,5,GHRSST L4 / INSAT-3DR MOSDAC / Sentinel-3 SLSTR,0.5
3455,2026-08-23,12.0,82.0,28.54,0.64,5,GHRSST L4 / INSAT-3DR MOSDAC / Sentinel-3 SLSTR,0.5
3456,2026-08-23,12.0,82.5,28.98,1.08,5,GHRSST L4 / INSAT-3DR MOSDAC / Sentinel-3 SLSTR,0.5
3457,2026-08-23,12.0,83.0,28.94,1.04,5,GHRSST L4 / INSAT-3DR MOSDAC / Sentinel-3 SLSTR,0.5
3458,2026-08-23,12.0,83.5,28.78,0.88,5,GHRSST L4 / INSAT-3DR MOSDAC / Sentinel-3 SLSTR,0.5
3459,2026-08-23,12.0,84.0,28.69,0.79,5,GHRSST L4 / INSAT-3DR MOSDAC / Sentinel-3 SLSTR,0.5
3460,2026-08-23,12.0,84.5,28.92,1.02,5,GHRSST L4 / INSAT-3DR MOSDAC / Sentinel-3 SLSTR,0.5
3461,2026-08-23,12.0,85.0,28.49,0.59,5,GHRSST L4 / INSAT-3DR MOSDAC / Sentinel-3 SLSTR,0.5
3462,2026-08-23,12.0,85.5,28.46,0.56,5,GHRSST L4 / INSAT-3DR MOSDAC / Sentinel-3 SLSTR,0.5
3463,2026-08-23,12.0,86.0,28.92,1.02,5,GHRSST L4 / INSAT-3DR MOSDAC / Sentinel-3 SLSTR,0.5
3464,2026-08-23,12.0,86.5,28.82,0.92,5,GHRSST L4 / INSAT-3DR MOSDAC / Sentinel-3 SLSTR,0.5
3465,2026-08-23,12.0,87.0,28.94,1.04,5,GHRSST L4 / INSAT-3DR MOSDAC / Sentinel-3 SLSTR,0.5
3466,2026-08-23,12.0,87.5,28.63,0.73,5,GHRSST L4 / INSAT-3DR MOSDAC / Sentinel-3 SLSTR,0.5
3467,2026-08-23,12.0,88.0,28.51,0.61,5,GHRSST L4 / INSAT-3DR MOSDAC / Sentinel-3 SLSTR,0.5
3468,2026-08-23,12.0,88.5,28.73,0.83,5,GHRSST L4 / INSAT-3DR MOSDAC / Sentinel-3 SLSTR,0.5
3469,2026-08-23,12.0,89.0,28.73,0.83,5,GHRSST L4 / INSAT-3DR MOSDAC / Sentinel-3 SLSTR,0.5
3470,2026-08-23,12.0,89.5,28.96,1.06,5,GHRSST L4 / INSAT-3DR MOSDAC / Sentinel-3 SLSTR,0.5
3471,2026-08-23,12.0,90.0,28.52,0.62,5,GHRSST L4 / INSAT-3DR MOSDAC / Sentinel-3 SLSTR,0.5
3472,2026-08-23,12.0,90.5,29.09,1.19,5,GHRSST L4 / INSAT-3DR MOSDAC / Sentinel-3 SLSTR,0.5
3473,2026-08-23,12.0,91.0,28.47,0.57,5,GHRSST L4 / INSAT-3DR MOSDAC / Sentinel-3 SLSTR,0.5
3474,2026-08-23,12.0,91.5,28.65,0.75,5,GHRSST L4 / INSAT-3DR MOSDAC / Sentinel-3 SLSTR,0.5
3475,2026-08-23,12.0,92.0,28.92,1.02,5,GHRSST L4 / INSAT-3DR MOSDAC / Sentinel-3 SLSTR,0.5
3476,2026-08-23,12.0,92.5,28.93,1.03,5,GHRSST L4 / INSAT-3DR MOSDAC / Sentinel-3 SLSTR,0.5
3477,2026-08-23,12.0,93.0,28.83,0.93,5,GHRSST L4 / INSAT-3DR MOSDAC / Sentinel-3 SLSTR,0.5
3478,2026-08-23,12.0,93.5,28.48,0.58,5,GHRSST L4 / INSAT-3DR MOSDAC / Sentinel-3 SLSTR,0.5
3479,2026-08-23,12.0,94.0,29.03,1.13,5,GHRSST L4 / INSAT-3DR MOSDAC / Sentinel-3 SLSTR,0.5
3480,2026-08-23,12.5,68.0,28.81,0.96,5,GHRSST L4 / INSAT-3DR MOSDAC / Sentinel-3 SLSTR,0.5
3481,2026-08-23,12.5,68.5,28.9,1.05,5,GHRSST L4 / INSAT-3DR MOSDAC / Sentinel-3 SLSTR,0.5
3482,2026-08-23,12.5,69.0,28.64,0.79,5,GHRSST L4 / INSAT-3DR MOSDAC / Sentinel-3 SLSTR,0.5
3483,2026-08-23,12.5,69.5,28.54,0.69,5,GHRSST L4 / INSAT-3DR MOSDAC / Sentinel-3 SLSTR,0.5
3484,2026-08-23,12.5,70.0,28.87,1.02,5,GHRSST L4 / INSAT-3DR MOSDAC / Sentinel-3 SLSTR,0.5
3485,2026-08-23,12.5,70.5,28.94,1.09,5,GHRSST L4 / INSAT-3DR MOSDAC / Sentinel-3 SLSTR,0.5
3486,2026-08-23,12.5,71.0,28.94,1.09,5,GHRSST L4 / INSAT-3DR MOSDAC / Sentinel-3 SLSTR,0.5
3487,2026-08-23,12.5,71.5,28.87,1.02,5,GHRSST L4 / INSAT-3DR MOSDAC / Sentinel-3 SLSTR,0.5
3488,2026-08-23,12.5,82.0,28.47,0.62,5,GHRSST L4 / INSAT-3DR MOSDAC / Sentinel-3 SLSTR,0.5
3489,2026-08-23,12.5,82.5,28.53,0.68,5,GHRSST L4 / INSAT-3DR MOSDAC / Sentinel-3 SLSTR,0.5
3490,2026-08-23,12.5,83.0,28.72,0.87,5,GHRSST L4 / INSAT-3DR MOSDAC / Sentinel-3 SLSTR,0.5
3491,2026-08-23,12.5,83.5,28.73,0.88,5,GHRSST L4 / INSAT-3DR MOSDAC / Sentinel-3 SLSTR,0.5
3492,2026-08-23,12.5,84.0,28.71,0.86,5,GHRSST L4 / INSAT-3DR MOSDAC / Sentinel-3 SLSTR,0.5
3493,2026-08-23,12.5,84.5,28.95,1.1,5,GHRSST L4 / INSAT-3DR MOSDAC / Sentinel-3 SLSTR,0.5
3494,2026-08-23,12.5,85.0,28.46,0.61,5,GHRSST L4 / INSAT-3DR MOSDAC / Sentinel-3 SLSTR,0.5
3495,2026-08-23,12.5,85.5,28.92,1.07,5,GHRSST L4 / INSAT-3DR MOSDAC / Sentinel-3 SLSTR,0.5
3496,2026-08-23,12.5,86.0,28.39,0.54,5,GHRSST L4 / INSAT-3DR MOSDAC / Sentinel-3 SLSTR,0.5
3497,2026-08-23,12.5,86.5,28.6,0.75,5,GHRSST L4 / INSAT-3DR MOSDAC / Sentinel-3 SLSTR,0.5
3498,2026-08-23,12.5,87.0,28.51,0.66,5,GHRSST L4 / INSAT-3DR MOSDAC / Sentinel-3 SLSTR,0.5
3499,2026-08-23,12.5,87.5,28.74,0.89,5,GHRSST L4 / INSAT-3DR MOSDAC / Sentinel-3 SLSTR,0.5
3500,2026-08-23,12.5,88.0,28.74,0.89,5,GHRSST L4 / INSAT-3DR MOSDAC / Sentinel-3 SLSTR,0.5
3501,2026-08-23,12.5,88.5,28.72,0.87,5,GHRSST L4 / INSAT-3DR MOSDAC / Sentinel-3 SLSTR,0.5
3502,2026-08-23,12.5,89.0,28.57,0.72,5,GHRSST L4 / INSAT-3DR MOSDAC / Sentinel-3 SLSTR,0.5
3503,2026-08-23,12.5,89.5,28.74,0.89,5,GHRSST L4 / INSAT-3DR MOSDAC / Sentinel-3 SLSTR,0.5
3504,2026-08-23,12.5,90.0,28.86,1.01,5,GHRSST L4 / INSAT-3DR MOSDAC / Sentinel-3 SLSTR,0.5
3505,2026-08-23,12.5,90.5,28.65,0.8,5,GHRSST L4 / INSAT-3DR MOSDAC / Sentinel-3 SLSTR,0.5
3506,2026-08-23,12.5,91.0,29.02,1.17,5,GHRSST L4 / INSAT-3DR MOSDAC / Sentinel-3 SLSTR,0.5
3507,2026-08-23,12.5,91.5,28.42,0.57,5,GHRSST L4 / INSAT-3DR MOSDAC / Sentinel-3 SLSTR,0.5
3508,2026-08-23,12.5,92.0,29.06,1.21,5,GHRSST L4 / INSAT-3DR MOSDAC / Sentinel-3 SLSTR,0.5
3509,2026-08-23,12.5,92.5,28.9,1.05,5,GHRSST L4 / INSAT-3DR MOSDAC / Sentinel-3 SLSTR,0.5
3510,2026-08-23,12.5,93.0,28.79,0.94,5,GHRSST L4 / INSAT-3DR MOSDAC / Sentinel-3 SLSTR,0.5
3511,2026-08-23,12.5,93.5,28.51,0.66,5,GHRSST L4 / INSAT-3DR MOSDAC / Sentinel-3 SLSTR,0.5
3512,2026-08-23,12.5,94.0,28.81,0.96,5,GHRSST L4 / INSAT-3DR MOSDAC / Sentinel-3 SLSTR,0.5
3513,2026-08-23,13.0,68.0,28.87,1.07,5,GHRSST L4 / INSAT-3DR MOSDAC / Sentinel-3 SLSTR,0.5
3514,2026-08-23,13.0,68.5,28.49,0.69,5,GHRSST L4 / INSAT-3DR MOSDAC / Sentinel-3 SLSTR,0.5
3515,2026-08-23,13.0,69.0,28.34,0.54,5,GHRSST L4 / INSAT-3DR MOSDAC / Sentinel-3 SLSTR,0.5
3516,2026-08-23,13.0,69.5,28.62,0.82,5,GHRSST L4 / INSAT-3DR MOSDAC / Sentinel-3 SLSTR,0.5
3517,2026-08-23,13.0,70.0,28.52,0.72,5,GHRSST L4 / INSAT-3DR MOSDAC / Sentinel-3 SLSTR,0.5
3518,2026-08-23,13.0,70.5,28.51,0.71,5,GHRSST L4 / INSAT-3DR MOSDAC / Sentinel-3 SLSTR,0.5
3519,2026-08-23,13.0,71.0,28.82,1.02,5,GHRSST L4 / INSAT-3DR MOSDAC / Sentinel-3 SLSTR,0.5
3520,2026-08-23,13.0,82.5,28.41,0.61,5,GHRSST L4 / INSAT-3DR MOSDAC / Sentinel-3 SLSTR,0.5
3521,2026-08-23,13.0,83.0,28.77,0.97,5,GHRSST L4 / INSAT-3DR MOSDAC / Sentinel-3 SLSTR,0.5
3522,2026-08-23,13.0,83.5,28.35,0.55,5,GHRSST L4 / INSAT-3DR MOSDAC / Sentinel-3 SLSTR,0.5
3523,2026-08-23,13.0,84.0,28.95,1.15,5,GHRSST L4 / INSAT-3DR MOSDAC / Sentinel-3 SLSTR,0.5
3524,2026-08-23,13.0,84.5,28.72,0.92,5,GHRSST L4 / INSAT-3DR MOSDAC / Sentinel-3 SLSTR,0.5
3525,2026-08-23,13.0,85.0,28.96,1.16,5,GHRSST L4 / INSAT-3DR MOSDAC / Sentinel-3 SLSTR,0.5
3526,2026-08-23,13.0,85.5,28.92,1.12,5,GHRSST L4 / INSAT-3DR MOSDAC / Sentinel-3 SLSTR,0.5
3527,2026-08-23,13.0,86.0,28.92,1.12,5,GHRSST L4 / INSAT-3DR MOSDAC / Sentinel-3 SLSTR,0.5
3528,2026-08-23,13.0,86.5,28.39,0.59,5,GHRSST L4 / INSAT-3DR MOSDAC / Sentinel-3 SLSTR,0.5
3529,2026-08-23,13.0,87.0,28.8,1.0,5,GHRSST L4 / INSAT-3DR MOSDAC / Sentinel-3 SLSTR,0.5
3530,2026-08-23,13.0,87.5,28.59,0.79,5,GHRSST L4 / INSAT-3DR MOSDAC / Sentinel-3 SLSTR,0.5
3531,2026-08-23,13.0,88.0,28.63,0.83,5,GHRSST L4 / INSAT-3DR MOSDAC / Sentinel-3 SLSTR,0.5
3532,2026-08-23,13.0,88.5,28.51,0.71,5,GHRSST L4 / INSAT-3DR MOSDAC / Sentinel-3 SLSTR,0.5
3533,2026-08-23,13.0,89.0,28.41,0.61,5,GHRSST L4 / INSAT-3DR MOSDAC / Sentinel-3 SLSTR,0.5
3534,2026-08-23,13.0,89.5,28.52,0.72,5,GHRSST L4 / INSAT-3DR MOSDAC / Sentinel-3 SLSTR,0.5
3535,2026-08-23,13.0,90.0,28.69,0.89,5,GHRSST L4 / INSAT-3DR MOSDAC / Sentinel-3 SLSTR,0.5
3536,2026-08-23,13.0,90.5,28.6,0.8,5,GHRSST L4 / INSAT-3DR MOSDAC / Sentinel-3 SLSTR,0.5
3537,2026-08-23,13.0,91.0,28.8,1.0,5,GHRSST L4 / INSAT-3DR MOSDAC / Sentinel-3 SLSTR,0.5
3538,2026-08-23,13.0,91.5,28.9,1.1,5,GHRSST L4 / INSAT-3DR MOSDAC / Sentinel-3 SLSTR,0.5
3539,2026-08-23,13.0,92.0,28.46,0.66,5,GHRSST L4 / INSAT-3DR MOSDAC / Sentinel-3 SLSTR,0.5
3540,2026-08-23,13.0,92.5,28.35,0.55,5,GHRSST L4 / INSAT-3DR MOSDAC / Sentinel-3 SLSTR,0.5
3541,2026-08-23,13.0,93.0,29.0,1.2,5,GHRSST L4 / INSAT-3DR MOSDAC / Sentinel-3 SLSTR,0.5
3542,2026-08-23,13.0,93.5,28.93,1.13,5,GHRSST L4 / INSAT-3DR MOSDAC / Sentinel-3 SLSTR,0.5
3543,2026-08-23,13.0,94.0,28.5,0.7,5,GHRSST L4 / INSAT-3DR MOSDAC / Sentinel-3 SLSTR,0.5
3544,2026-08-23,13.5,68.0,28.36,0.61,5,GHRSST L4 / INSAT-3DR MOSDAC / Sentinel-3 SLSTR,0.5
3545,2026-08-23,13.5,68.5,28.92,1.17,5,GHRSST L4 / INSAT-3DR MOSDAC / Sentinel-3 SLSTR,0.5
3546,2026-08-23,13.5,69.0,28.41,0.66,5,GHRSST L4 / INSAT-3DR MOSDAC / Sentinel-3 SLSTR,0.5
3547,2026-08-23,13.5,69.5,28.41,0.66,5,GHRSST L4 / INSAT-3DR MOSDAC / Sentinel-3 SLSTR,0.5
3548,2026-08-23,13.5,70.0,28.33,0.58,5,GHRSST L4 / INSAT-3DR MOSDAC / Sentinel-3 SLSTR,0.5
3549,2026-08-23,13.5,70.5,28.45,0.7,5,GHRSST L4 / INSAT-3DR MOSDAC / Sentinel-3 SLSTR,0.5
3550,2026-08-23,13.5,71.0,28.84,1.09,5,GHRSST L4 / INSAT-3DR MOSDAC / Sentinel-3 SLSTR,0.5
3551,2026-08-23,13.5,82.5,28.65,0.9,5,GHRSST L4 / INSAT-3DR MOSDAC / Sentinel-3 SLSTR,0.5
3552,2026-08-23,13.5,83.0,28.31,0.56,5,GHRSST L4 / INSAT-3DR MOSDAC / Sentinel-3 SLSTR,0.5
3553,2026-08-23,13.5,83.5,28.93,1.18,5,GHRSST L4 / INSAT-3DR MOSDAC / Sentinel-3 SLSTR,0.5
3554,2026-08-23,13.5,84.0,28.63,0.88,5,GHRSST L4 / INSAT-3DR MOSDAC / Sentinel-3 SLSTR,0.5
3555,2026-08-23,13.5,84.5,28.54,0.79,5,GHRSST L4 / INSAT-3DR MOSDAC / Sentinel-3 SLSTR,0.5
3556,2026-08-23,13.5,85.0,28.8,1.05,5,GHRSST L4 / INSAT-3DR MOSDAC / Sentinel-3 SLSTR,0.5
3557,2026-08-23,13.5,85.5,28.64,0.89,5,GHRSST L4 / INSAT-3DR MOSDAC / Sentinel-3 SLSTR,0.5
3558,2026-08-23,13.5,86.0,28.88,1.13,5,GHRSST L4 / INSAT-3DR MOSDAC / Sentinel-3 SLSTR,0.5
3559,2026-08-23,13.5,86.5,28.74,0.99,5,GHRSST L4 / INSAT-3DR MOSDAC / Sentinel-3 SLSTR,0.5
3560,2026-08-23,13.5,87.0,28.72,0.97,5,GHRSST L4 / INSAT-3DR MOSDAC / Sentinel-3 SLSTR,0.5
3561,2026-08-23,13.5,87.5,28.49,0.74,5,GHRSST L4 / INSAT-3DR MOSDAC / Sentinel-3 SLSTR,0.5
3562,2026-08-23,13.5,88.0,28.94,1.19,5,GHRSST L4 / INSAT-3DR MOSDAC / Sentinel-3 SLSTR,0.5
3563,2026-08-23,13.5,88.5,28.71,0.96,5,GHRSST L4 / INSAT-3DR MOSDAC / Sentinel-3 SLSTR,0.5
3564,2026-08-23,13.5,89.0,28.56,0.81,5,GHRSST L4 / INSAT-3DR MOSDAC / Sentinel-3 SLSTR,0.5
3565,2026-08-23,13.5,89.5,28.35,0.6,5,GHRSST L4 / INSAT-3DR MOSDAC / Sentinel-3 SLSTR,0.5
3566,2026-08-23,13.5,90.0,28.64,0.89,5,GHRSST L4 / INSAT-3DR MOSDAC / Sentinel-3 SLSTR,0.5
3567,2026-08-23,13.5,90.5,28.72,0.97,5,GHRSST L4 / INSAT-3DR MOSDAC / Sentinel-3 SLSTR,0.5
3568,2026-08-23,13.5,91.0,28.51,0.76,5,GHRSST L4 / INSAT-3DR MOSDAC / Sentinel-3 SLSTR,0.5
3569,2026-08-23,13.5,91.5,28.3,0.55,5,GHRSST L4 / INSAT-3DR MOSDAC / Sentinel-3 SLSTR,0.5
3570,2026-08-23,13.5,92.0,28.81,1.06,5,GHRSST L4 / INSAT-3DR MOSDAC / Sentinel-3 SLSTR,0.5
3571,2026-08-23,13.5,92.5,28.71,0.96,5,GHRSST L4 / INSAT-3DR MOSDAC / Sentinel-3 SLSTR,0.5
3572,2026-08-23,13.5,93.0,28.73,0.98,5,GHRSST L4 / INSAT-3DR MOSDAC / Sentinel-3 SLSTR,0.5
3573,2026-08-23,13.5,93.5,28.42,0.67,5,GHRSST L4 / INSAT-3DR MOSDAC / Sentinel-3 SLSTR,0.5
3574,2026-08-23,13.5,94.0,28.34,0.59,5,GHRSST L4 / INSAT-3DR MOSDAC / Sentinel-3 SLSTR,0.5
3575,2026-08-23,14.0,68.0,28.51,0.81,5,GHRSST L4 / INSAT-3DR MOSDAC / Sentinel-3 SLSTR,0.5
3576,2026-08-23,14.0,68.5,28.36,0.66,5,GHRSST L4 / INSAT-3DR MOSDAC / Sentinel-3 SLSTR,0.5
3577,2026-08-23,14.0,69.0,28.74,1.04,5,GHRSST L4 / INSAT-3DR MOSDAC / Sentinel-3 SLSTR,0.5
3578,2026-08-23,14.0,69.5,28.56,0.86,5,GHRSST L4 / INSAT-3DR MOSDAC / Sentinel-3 SLSTR,0.5
3579,2026-08-23,14.0,70.0,28.28,0.58,5,GHRSST L4 / INSAT-3DR MOSDAC / Sentinel-3 SLSTR,0.5
3580,2026-08-23,14.0,70.5,28.33,0.63,5,GHRSST L4 / INSAT-3DR MOSDAC / Sentinel-3 SLSTR,0.5
3581,2026-08-23,14.0,71.0,28.81,1.11,5,GHRSST L4 / INSAT-3DR MOSDAC / Sentinel-3 SLSTR,0.5
3582,2026-08-23,14.0,82.5,28.63,0.93,5,GHRSST L4 / INSAT-3DR MOSDAC / Sentinel-3 SLSTR,0.5
3583,2026-08-23,14.0,83.0,28.47,0.77,5,GHRSST L4 / INSAT-3DR MOSDAC / Sentinel-3 SLSTR,0.5
3584,2026-08-23,14.0,83.5,28.69,0.99,5,GHRSST L4 / INSAT-3DR MOSDAC / Sentinel-3 SLSTR,0.5
3585,2026-08-23,14.0,84.0,28.76,1.06,5,GHRSST L4 / INSAT-3DR MOSDAC / Sentinel-3 SLSTR,0.5
3586,2026-08-23,14.0,84.5,28.27,0.57,5,GHRSST L4 / INSAT-3DR MOSDAC / Sentinel-3 SLSTR,0.5
3587,2026-08-23,14.0,85.0,28.78,1.08,5,GHRSST L4 / INSAT-3DR MOSDAC / Sentinel-3 SLSTR,0.5
3588,2026-08-23,14.0,85.5,28.85,1.15,5,GHRSST L4 / INSAT-3DR MOSDAC / Sentinel-3 SLSTR,0.5
3589,2026-08-23,14.0,86.0,28.25,0.55,5,GHRSST L4 / INSAT-3DR MOSDAC / Sentinel-3 SLSTR,0.5
3590,2026-08-23,14.0,86.5,28.42,0.72,5,GHRSST L4 / INSAT-3DR MOSDAC / Sentinel-3 SLSTR,0.5
3591,2026-08-23,14.0,87.0,28.31,0.61,5,GHRSST L4 / INSAT-3DR MOSDAC / Sentinel-3 SLSTR,0.5
3592,2026-08-23,14.0,87.5,28.49,0.79,5,GHRSST L4 / INSAT-3DR MOSDAC / Sentinel-3 SLSTR,0.5
3593,2026-08-23,14.0,88.0,28.34,0.64,5,GHRSST L4 / INSAT-3DR MOSDAC / Sentinel-3 SLSTR,0.5
3594,2026-08-23,14.0,88.5,28.44,0.74,5,GHRSST L4 / INSAT-3DR MOSDAC / Sentinel-3 SLSTR,0.5
3595,2026-08-23,14.0,89.0,28.36,0.66,5,GHRSST L4 / INSAT-3DR MOSDAC / Sentinel-3 SLSTR,0.5
3596,2026-08-23,14.0,89.5,28.19,0.49,5,GHRSST L4 / INSAT-3DR MOSDAC / Sentinel-3 SLSTR,0.5
3597,2026-08-23,14.0,90.0,28.2,0.5,5,GHRSST L4 / INSAT-3DR MOSDAC / Sentinel-3 SLSTR,0.5
3598,2026-08-23,14.0,90.5,28.55,0.85,5,GHRSST L4 / INSAT-3DR MOSDAC / Sentinel-3 SLSTR,0.5
3599,2026-08-23,14.0,91.0,28.55,0.85,5,GHRSST L4 / INSAT-3DR MOSDAC / Sentinel-3 SLSTR,0.5
3600,2026-08-23,14.0,91.5,28.22,0.52,5,GHRSST L4 / INSAT-3DR MOSDAC / Sentinel-3 SLSTR,0.5
3601,2026-08-23,14.0,92.0,28.68,0.98,5,GHRSST L4 / INSAT-3DR MOSDAC / Sentinel-3 SLSTR,0.5
3602,2026-08-23,14.0,92.5,28.21,0.51,5,GHRSST L4 / INSAT-3DR MOSDAC / Sentinel-3 SLSTR,0.5
3603,2026-08-23,14.0,93.0,28.53,0.83,5,GHRSST L4 / INSAT-3DR MOSDAC / Sentinel-3 SLSTR,0.5
3604,2026-08-23,14.0,93.5,28.47,0.77,5,GHRSST L4 / INSAT-3DR MOSDAC / Sentinel-3 SLSTR,0.5
3605,2026-08-23,14.0,94.0,28.81,1.11,5,GHRSST L4 / INSAT-3DR MOSDAC / Sentinel-3 SLSTR,0.5
3606,2026-08-23,14.5,68.0,28.53,0.88,5,GHRSST L4 / INSAT-3DR MOSDAC / Sentinel-3 SLSTR,0.5
3607,2026-08-23,14.5,68.5,28.71,1.06,5,GHRSST L4 / INSAT-3DR MOSDAC / Sentinel-3 SLSTR,0.5
3608,2026-08-23,14.5,69.0,28.83,1.18,5,GHRSST L4 / INSAT-3DR MOSDAC / Sentinel-3 SLSTR,0.5
3609,2026-08-23,14.5,69.5,28.25,0.6,5,GHRSST L4 / INSAT-3DR MOSDAC / Sentinel-3 SLSTR,0.5
3610,2026-08-23,14.5,70.0,28.17,0.52,5,GHRSST L4 / INSAT-3DR MOSDAC / Sentinel-3 SLSTR,0.5
3611,2026-08-23,14.5,70.5,28.67,1.02,5,GHRSST L4 / INSAT-3DR MOSDAC / Sentinel-3 SLSTR,0.5
3612,2026-08-23,14.5,71.0,28.57,0.92,5,GHRSST L4 / INSAT-3DR MOSDAC / Sentinel-3 SLSTR,0.5
3613,2026-08-23,14.5,83.0,28.57,0.92,5,GHRSST L4 / INSAT-3DR MOSDAC / Sentinel-3 SLSTR,0.5
3614,2026-08-23,14.5,83.5,28.35,0.7,5,GHRSST L4 / INSAT-3DR MOSDAC / Sentinel-3 SLSTR,0.5
3615,2026-08-23,14.5,84.0,28.2,0.55,5,GHRSST L4 / INSAT-3DR MOSDAC / Sentinel-3 SLSTR,0.5
3616,2026-08-23,14.5,84.5,28.63,0.98,5,GHRSST L4 / INSAT-3DR MOSDAC / Sentinel-3 SLSTR,0.5
3617,2026-08-23,14.5,85.0,28.51,0.86,5,GHRSST L4 / INSAT-3DR MOSDAC / Sentinel-3 SLSTR,0.5
3618,2026-08-23,14.5,85.5,28.48,0.83,5,GHRSST L4 / INSAT-3DR MOSDAC / Sentinel-3 SLSTR,0.5
3619,2026-08-23,14.5,86.0,28.65,1.0,5,GHRSST L4 / INSAT-3DR MOSDAC / Sentinel-3 SLSTR,0.5
3620,2026-08-23,14.5,86.5,28.82,1.17,5,GHRSST L4 / INSAT-3DR MOSDAC / Sentinel-3 SLSTR,0.5
3621,2026-08-23,14.5,87.0,28.65,1.0,5,GHRSST L4 / INSAT-3DR MOSDAC / Sentinel-3 SLSTR,0.5
3622,2026-08-23,14.5,87.5,28.78,1.13,5,GHRSST L4 / INSAT-3DR MOSDAC / Sentinel-3 SLSTR,0.5
3623,2026-08-23,14.5,88.0,28.41,0.76,5,GHRSST L4 / INSAT-3DR MOSDAC / Sentinel-3 SLSTR,0.5
3624,2026-08-23,14.5,88.5,28.76,1.11,5,GHRSST L4 / INSAT-3DR MOSDAC / Sentinel-3 SLSTR,0.5
3625,2026-08-23,14.5,89.0,28.64,0.99,5,GHRSST L4 / INSAT-3DR MOSDAC / Sentinel-3 SLSTR,0.5
3626,2026-08-23,14.5,89.5,28.39,0.74,5,GHRSST L4 / INSAT-3DR MOSDAC / Sentinel-3 SLSTR,0.5
3627,2026-08-23,14.5,90.0,28.49,0.84,5,GHRSST L4 / INSAT-3DR MOSDAC / Sentinel-3 SLSTR,0.5
3628,2026-08-23,14.5,90.5,28.27,0.62,5,GHRSST L4 / INSAT-3DR MOSDAC / Sentinel-3 SLSTR,0.5
3629,2026-08-23,14.5,91.0,28.19,0.54,5,GHRSST L4 / INSAT-3DR MOSDAC / Sentinel-3 SLSTR,0.5
3630,2026-08-23,14.5,91.5,28.46,0.81,5,GHRSST L4 / INSAT-3DR MOSDAC / Sentinel-3 SLSTR,0.5
3631,2026-08-23,14.5,92.0,28.83,1.18,5,GHRSST L4 / INSAT-3DR MOSDAC / Sentinel-3 SLSTR,0.5
3632,2026-08-23,14.5,92.5,28.74,1.09,5,GHRSST L4 / INSAT-3DR MOSDAC / Sentinel-3 SLSTR,0.5
3633,2026-08-23,14.5,93.0,28.14,0.49,5,GHRSST L4 / INSAT-3DR MOSDAC / Sentinel-3 SLSTR,0.5
3634,2026-08-23,14.5,93.5,28.81,1.16,5,GHRSST L4 / INSAT-3DR MOSDAC / Sentinel-3 SLSTR,0.5
3635,2026-08-23,14.5,94.0,28.46,0.81,5,GHRSST L4 / INSAT-3DR MOSDAC / Sentinel-3 SLSTR,0.5
3636,2026-08-23,15.0,68.0,28.2,0.6,5,GHRSST L4 / INSAT-3DR MOSDAC / Sentinel-3 SLSTR,0.5
3637,2026-08-23,15.0,68.5,28.71,1.11,5,GHRSST L4 / INSAT-3DR MOSDAC / Sentinel-3 SLSTR,0.5
3638,2026-08-23,15.0,69.0,28.72,1.12,5,GHRSST L4 / INSAT-3DR MOSDAC / Sentinel-3 SLSTR,0.5
3639,2026-08-23,15.0,69.5,28.66,1.06,5,GHRSST L4 / INSAT-3DR MOSDAC / Sentinel-3 SLSTR,0.5
3640,2026-08-23,15.0,70.0,28.5,0.9,5,GHRSST L4 / INSAT-3DR MOSDAC / Sentinel-3 SLSTR,0.5
3641,2026-08-23,15.0,70.5,28.24,0.64,5,GHRSST L4 / INSAT-3DR MOSDAC / Sentinel-3 SLSTR,0.5
3642,2026-08-23,15.0,83.0,28.24,0.64,5,GHRSST L4 / INSAT-3DR MOSDAC / Sentinel-3 SLSTR,0.5
3643,2026-08-23,15.0,83.5,28.75,1.15,5,GHRSST L4 / INSAT-3DR MOSDAC / Sentinel-3 SLSTR,0.5
3644,2026-08-23,15.0,84.0,28.27,0.67,5,GHRSST L4 / INSAT-3DR MOSDAC / Sentinel-3 SLSTR,0.5
3645,2026-08-23,15.0,84.5,28.37,0.77,5,GHRSST L4 / INSAT-3DR MOSDAC / Sentinel-3 SLSTR,0.5
3646,2026-08-23,15.0,85.0,28.6,1.0,5,GHRSST L4 / INSAT-3DR MOSDAC / Sentinel-3 SLSTR,0.5
3647,2026-08-23,15.0,85.5,28.65,1.05,5,GHRSST L4 / INSAT-3DR MOSDAC / Sentinel-3 SLSTR,0.5
3648,2026-08-23,15.0,86.0,28.36,0.76,5,GHRSST L4 / INSAT-3DR MOSDAC / Sentinel-3 SLSTR,0.5
3649,2026-08-23,15.0,86.5,28.35,0.75,5,GHRSST L4 / INSAT-3DR MOSDAC / Sentinel-3 SLSTR,0.5
3650,2026-08-23,15.0,87.0,28.32,0.72,5,GHRSST L4 / INSAT-3DR MOSDAC / Sentinel-3 SLSTR,0.5
3651,2026-08-23,15.0,87.5,28.34,0.74,5,GHRSST L4 / INSAT-3DR MOSDAC / Sentinel-3 SLSTR,0.5
3652,2026-08-23,15.0,88.0,28.6,1.0,5,GHRSST L4 / INSAT-3DR MOSDAC / Sentinel-3 SLSTR,0.5
3653,2026-08-23,15.0,88.5,28.11,0.51,5,GHRSST L4 / INSAT-3DR MOSDAC / Sentinel-3 SLSTR,0.5
3654,2026-08-23,15.0,89.0,28.63,1.03,5,GHRSST L4 / INSAT-3DR MOSDAC / Sentinel-3 SLSTR,0.5
3655,2026-08-23,15.0,89.5,28.22,0.62,5,GHRSST L4 / INSAT-3DR MOSDAC / Sentinel-3 SLSTR,0.5
3656,2026-08-23,15.0,90.0,28.18,0.58,5,GHRSST L4 / INSAT-3DR MOSDAC / Sentinel-3 SLSTR,0.5
3657,2026-08-23,15.0,90.5,28.15,0.55,5,GHRSST L4 / INSAT-3DR MOSDAC / Sentinel-3 SLSTR,0.5
3658,2026-08-23,15.0,91.0,28.23,0.63,5,GHRSST L4 / INSAT-3DR MOSDAC / Sentinel-3 SLSTR,0.5
3659,2026-08-23,15.0,91.5,28.65,1.05,5,GHRSST L4 / INSAT-3DR MOSDAC / Sentinel-3 SLSTR,0.5
3660,2026-08-23,15.0,92.0,28.45,0.85,5,GHRSST L4 / INSAT-3DR MOSDAC / Sentinel-3 SLSTR,0.5
3661,2026-08-23,15.0,92.5,28.26,0.66,5,GHRSST L4 / INSAT-3DR MOSDAC / Sentinel-3 SLSTR,0.5
3662,2026-08-23,15.0,93.0,28.2,0.6,5,GHRSST L4 / INSAT-3DR MOSDAC / Sentinel-3 SLSTR,0.5
3663,2026-08-23,15.0,93.5,28.61,1.01,5,GHRSST L4 / INSAT-3DR MOSDAC / Sentinel-3 SLSTR,0.5
3664,2026-08-23,15.0,94.0,28.42,0.82,5,GHRSST L4 / INSAT-3DR MOSDAC / Sentinel-3 SLSTR,0.5
3665,2026-08-23,15.5,68.0,28.09,0.54,5,GHRSST L4 / INSAT-3DR MOSDAC / Sentinel-3 SLSTR,0.5
3666,2026-08-23,15.5,68.5,28.27,0.72,5,GHRSST L4 / INSAT-3DR MOSDAC / Sentinel-3 SLSTR,0.5
3667,2026-08-23,15.5,69.0,28.32,0.77,5,GHRSST L4 / INSAT-3DR MOSDAC / Sentinel-3 SLSTR,0.5
3668,2026-08-23,15.5,69.5,28.26,0.71,5,GHRSST L4 / INSAT-3DR MOSDAC / Sentinel-3 SLSTR,0.5
3669,2026-08-23,15.5,70.0,28.2,0.65,5,GHRSST L4 / INSAT-3DR MOSDAC / Sentinel-3 SLSTR,0.5
3670,2026-08-23,15.5,70.5,28.24,0.69,5,GHRSST L4 / INSAT-3DR MOSDAC / Sentinel-3 SLSTR,0.5
3671,2026-08-23,15.5,83.5,28.53,0.98,5,GHRSST L4 / INSAT-3DR MOSDAC / Sentinel-3 SLSTR,0.5
3672,2026-08-23,15.5,84.0,28.68,1.13,5,GHRSST L4 / INSAT-3DR MOSDAC / Sentinel-3 SLSTR,0.5
3673,2026-08-23,15.5,84.5,28.03,0.48,5,GHRSST L4 / INSAT-3DR MOSDAC / Sentinel-3 SLSTR,0.5
3674,2026-08-23,15.5,85.0,28.45,0.9,5,GHRSST L4 / INSAT-3DR MOSDAC / Sentinel-3 SLSTR,0.5
3675,2026-08-23,15.5,85.5,28.06,0.51,5,GHRSST L4 / INSAT-3DR MOSDAC / Sentinel-3 SLSTR,0.5
3676,2026-08-23,15.5,86.0,28.15,0.6,5,GHRSST L4 / INSAT-3DR MOSDAC / Sentinel-3 SLSTR,0.5
3677,2026-08-23,15.5,86.5,28.39,0.84,5,GHRSST L4 / INSAT-3DR MOSDAC / Sentinel-3 SLSTR,0.5
3678,2026-08-23,15.5,87.0,28.57,1.02,5,GHRSST L4 / INSAT-3DR MOSDAC / Sentinel-3 SLSTR,0.5
3679,2026-08-23,15.5,87.5,28.31,0.76,5,GHRSST L4 / INSAT-3DR MOSDAC / Sentinel-3 SLSTR,0.5
3680,2026-08-23,15.5,88.0,28.63,1.08,5,GHRSST L4 / INSAT-3DR MOSDAC / Sentinel-3 SLSTR,0.5
3681,2026-08-23,15.5,88.5,28.51,0.96,5,GHRSST L4 / INSAT-3DR MOSDAC / Sentinel-3 SLSTR,0.5
3682,2026-08-23,15.5,89.0,28.15,0.6,5,GHRSST L4 / INSAT-3DR MOSDAC / Sentinel-3 SLSTR,0.5
3683,2026-08-23,15.5,89.5,28.49,0.94,5,GHRSST L4 / INSAT-3DR MOSDAC / Sentinel-3 SLSTR,0.5
3684,2026-08-23,15.5,90.0,28.23,0.68,5,GHRSST L4 / INSAT-3DR MOSDAC / Sentinel-3 SLSTR,0.5
3685,2026-08-23,15.5,90.5,28.55,1.0,5,GHRSST L4 / INSAT-3DR MOSDAC / Sentinel-3 SLSTR,0.5
3686,2026-08-23,15.5,91.0,28.17,0.62,5,GHRSST L4 / INSAT-3DR MOSDAC / Sentinel-3 SLSTR,0.5
3687,2026-08-23,15.5,91.5,28.11,0.56,5,GHRSST L4 / INSAT-3DR MOSDAC / Sentinel-3 SLSTR,0.5
3688,2026-08-23,15.5,92.0,28.46,0.91,5,GHRSST L4 / INSAT-3DR MOSDAC / Sentinel-3 SLSTR,0.5
3689,2026-08-23,15.5,92.5,28.44,0.89,5,GHRSST L4 / INSAT-3DR MOSDAC / Sentinel-3 SLSTR,0.5
3690,2026-08-23,15.5,93.0,28.41,0.86,5,GHRSST L4 / INSAT-3DR MOSDAC / Sentinel-3 SLSTR,0.5
3691,2026-08-23,15.5,93.5,28.18,0.63,5,GHRSST L4 / INSAT-3DR MOSDAC / Sentinel-3 SLSTR,0.5
3692,2026-08-23,15.5,94.0,28.15,0.6,5,GHRSST L4 / INSAT-3DR MOSDAC / Sentinel-3 SLSTR,0.5
3693,2026-08-23,16.0,68.0,28.59,1.09,5,GHRSST L4 / INSAT-3DR MOSDAC / Sentinel-3 SLSTR,0.5
3694,2026-08-23,16.0,68.5,28.32,0.82,5,GHRSST L4 / INSAT-3DR MOSDAC / Sentinel-3 SLSTR,0.5
3695,2026-08-23,16.0,69.0,28.23,0.73,5,GHRSST L4 / INSAT-3DR MOSDAC / Sentinel-3 SLSTR,0.5
3696,2026-08-23,16.0,69.5,28.52,1.02,5,GHRSST L4 / INSAT-3DR MOSDAC / Sentinel-3 SLSTR,0.5
3697,2026-08-23,16.0,70.0,27.99,0.49,5,GHRSST L4 / INSAT-3DR MOSDAC / Sentinel-3 SLSTR,0.5
3698,2026-08-23,16.0,70.5,28.42,0.92,5,GHRSST L4 / INSAT-3DR MOSDAC / Sentinel-3 SLSTR,0.5
3699,2026-08-23,16.0,83.5,28.05,0.55,5,GHRSST L4 / INSAT-3DR MOSDAC / Sentinel-3 SLSTR,0.5
3700,2026-08-23,16.0,84.0,28.11,0.61,5,GHRSST L4 / INSAT-3DR MOSDAC / Sentinel-3 SLSTR,0.5
3701,2026-08-23,16.0,84.5,28.4,0.9,5,GHRSST L4 / INSAT-3DR MOSDAC / Sentinel-3 SLSTR,0.5
3702,2026-08-23,16.0,85.0,28.15,0.65,5,GHRSST L4 / INSAT-3DR MOSDAC / Sentinel-3 SLSTR,0.5
3703,2026-08-23,16.0,85.5,28.49,0.99,5,GHRSST L4 / INSAT-3DR MOSDAC / Sentinel-3 SLSTR,0.5
3704,2026-08-23,16.0,86.0,28.31,0.81,5,GHRSST L4 / INSAT-3DR MOSDAC / Sentinel-3 SLSTR,0.5
3705,2026-08-23,16.0,86.5,28.18,0.68,5,GHRSST L4 / INSAT-3DR MOSDAC / Sentinel-3 SLSTR,0.5
3706,2026-08-23,16.0,87.0,28.56,1.06,5,GHRSST L4 / INSAT-3DR MOSDAC / Sentinel-3 SLSTR,0.5
3707,2026-08-23,16.0,87.5,28.39,0.89,5,GHRSST L4 / INSAT-3DR MOSDAC / Sentinel-3 SLSTR,0.5
3708,2026-08-23,16.0,88.0,28.24,0.74,5,GHRSST L4 / INSAT-3DR MOSDAC / Sentinel-3 SLSTR,0.5
3709,2026-08-23,16.0,88.5,28.27,0.77,5,GHRSST L4 / INSAT-3DR MOSDAC / Sentinel-3 SLSTR,0.5
3710,2026-08-23,16.0,89.0,28.14,0.64,5,GHRSST L4 / INSAT-3DR MOSDAC / Sentinel-3 SLSTR,0.5
3711,2026-08-23,16.0,89.5,28.03,0.53,5,GHRSST L4 / INSAT-3DR MOSDAC / Sentinel-3 SLSTR,0.5
3712,2026-08-23,16.0,90.0,28.16,0.66,5,GHRSST L4 / INSAT-3DR MOSDAC / Sentinel-3 SLSTR,0.5
3713,2026-08-23,16.0,90.5,28.14,0.64,5,GHRSST L4 / INSAT-3DR MOSDAC / Sentinel-3 SLSTR,0.5
3714,2026-08-23,16.0,91.0,28.18,0.68,5,GHRSST L4 / INSAT-3DR MOSDAC / Sentinel-3 SLSTR,0.5
3715,2026-08-23,16.0,91.5,28.28,0.78,5,GHRSST L4 / INSAT-3DR MOSDAC / Sentinel-3 SLSTR,0.5
3716,2026-08-23,16.0,92.0,27.99,0.49,5,GHRSST L4 / INSAT-3DR MOSDAC / Sentinel-3 SLSTR,0.5
3717,2026-08-23,16.0,92.5,28.02,0.52,5,GHRSST L4 / INSAT-3DR MOSDAC / Sentinel-3 SLSTR,0.5
3718,2026-08-23,16.0,93.0,28.46,0.96,5,GHRSST L4 / INSAT-3DR MOSDAC / Sentinel-3 SLSTR,0.5
3719,2026-08-23,16.0,93.5,28.08,0.58,5,GHRSST L4 / INSAT-3DR MOSDAC / Sentinel-3 SLSTR,0.5
3720,2026-08-23,16.0,94.0,28.19,0.69,5,GHRSST L4 / INSAT-3DR MOSDAC / Sentinel-3 SLSTR,0.5
3721,2026-08-23,16.5,68.0,28.34,0.89,5,GHRSST L4 / INSAT-3DR MOSDAC / Sentinel-3 SLSTR,0.5
3722,2026-08-23,16.5,68.5,28.57,1.12,5,GHRSST L4 / INSAT-3DR MOSDAC / Sentinel-3 SLSTR,0.5
3723,2026-08-23,16.5,69.0,27.98,0.53,5,GHRSST L4 / INSAT-3DR MOSDAC / Sentinel-3 SLSTR,0.5
3724,2026-08-23,16.5,69.5,28.42,0.97,5,GHRSST L4 / INSAT-3DR MOSDAC / Sentinel-3 SLSTR,0.5
3725,2026-08-23,16.5,70.0,28.23,0.78,5,GHRSST L4 / INSAT-3DR MOSDAC / Sentinel-3 SLSTR,0.5
3726,2026-08-23,16.5,70.5,27.96,0.51,5,GHRSST L4 / INSAT-3DR MOSDAC / Sentinel-3 SLSTR,0.5
3727,2026-08-23,16.5,84.0,28.01,0.56,5,GHRSST L4 / INSAT-3DR MOSDAC / Sentinel-3 SLSTR,0.5
3728,2026-08-23,16.5,84.5,28.38,0.93,5,GHRSST L4 / INSAT-3DR MOSDAC / Sentinel-3 SLSTR,0.5
3729,2026-08-23,16.5,85.0,28.51,1.06,5,GHRSST L4 / INSAT-3DR MOSDAC / Sentinel-3 SLSTR,0.5
3730,2026-08-23,16.5,85.5,27.9,0.45,5,GHRSST L4 / INSAT-3DR MOSDAC / Sentinel-3 SLSTR,0.5
3731,2026-08-23,16.5,86.0,28.05,0.6,5,GHRSST L4 / INSAT-3DR MOSDAC / Sentinel-3 SLSTR,0.5
3732,2026-08-23,16.5,86.5,28.14,0.69,5,GHRSST L4 / INSAT-3DR MOSDAC / Sentinel-3 SLSTR,0.5
3733,2026-08-23,16.5,87.0,28.58,1.13,5,GHRSST L4 / INSAT-3DR MOSDAC / Sentinel-3 SLSTR,0.5
3734,2026-08-23,16.5,87.5,28.35,0.9,5,GHRSST L4 / INSAT-3DR MOSDAC / Sentinel-3 SLSTR,0.5
3735,2026-08-23,16.5,88.0,28.14,0.69,5,GHRSST L4 / INSAT-3DR MOSDAC / Sentinel-3 SLSTR,0.5
3736,2026-08-23,16.5,88.5,28.03,0.58,5,GHRSST L4 / INSAT-3DR MOSDAC / Sentinel-3 SLSTR,0.5
3737,2026-08-23,16.5,89.0,28.05,0.6,5,GHRSST L4 / INSAT-3DR MOSDAC / Sentinel-3 SLSTR,0.5
3738,2026-08-23,16.5,89.5,27.92,0.47,5,GHRSST L4 / INSAT-3DR MOSDAC / Sentinel-3 SLSTR,0.5
3739,2026-08-23,16.5,90.0,28.59,1.14,5,GHRSST L4 / INSAT-3DR MOSDAC / Sentinel-3 SLSTR,0.5
3740,2026-08-23,16.5,90.5,28.58,1.13,5,GHRSST L4 / INSAT-3DR MOSDAC / Sentinel-3 SLSTR,0.5
3741,2026-08-23,16.5,91.0,27.9,0.45,5,GHRSST L4 / INSAT-3DR MOSDAC / Sentinel-3 SLSTR,0.5
3742,2026-08-23,16.5,91.5,28.08,0.63,5,GHRSST L4 / INSAT-3DR MOSDAC / Sentinel-3 SLSTR,0.5
3743,2026-08-23,16.5,92.0,27.9,0.45,5,GHRSST L4 / INSAT-3DR MOSDAC / Sentinel-3 SLSTR,0.5
3744,2026-08-23,16.5,92.5,28.1,0.65,5,GHRSST L4 / INSAT-3DR MOSDAC / Sentinel-3 SLSTR,0.5
3745,2026-08-23,16.5,93.0,28.52,1.07,5,GHRSST L4 / INSAT-3DR MOSDAC / Sentinel-3 SLSTR,0.5
3746,2026-08-23,16.5,93.5,28.5,1.05,5,GHRSST L4 / INSAT-3DR MOSDAC / Sentinel-3 SLSTR,0.5
3747,2026-08-23,16.5,94.0,28.37,0.92,5,GHRSST L4 / INSAT-3DR MOSDAC / Sentinel-3 SLSTR,0.5
3748,2026-08-23,17.0,68.0,28.52,1.12,5,GHRSST L4 / INSAT-3DR MOSDAC / Sentinel-3 SLSTR,0.5
3749,2026-08-23,17.0,68.5,28.35,0.95,5,GHRSST L4 / INSAT-3DR MOSDAC / Sentinel-3 SLSTR,0.5
3750,2026-08-23,17.0,69.0,28.0,0.6,5,GHRSST L4 / INSAT-3DR MOSDAC / Sentinel-3 SLSTR,0.5
3751,2026-08-23,17.0,69.5,28.41,1.01,5,GHRSST L4 / INSAT-3DR MOSDAC / Sentinel-3 SLSTR,0.5
3752,2026-08-23,17.0,70.0,28.19,0.79,5,GHRSST L4 / INSAT-3DR MOSDAC / Sentinel-3 SLSTR,0.5
3753,2026-08-23,17.0,84.0,28.18,0.78,5,GHRSST L4 / INSAT-3DR MOSDAC / Sentinel-3 SLSTR,0.5
3754,2026-08-23,17.0,84.5,28.41,1.01,5,GHRSST L4 / INSAT-3DR MOSDAC / Sentinel-3 SLSTR,0.5
3755,2026-08-23,17.0,85.0,28.2,0.8,5,GHRSST L4 / INSAT-3DR MOSDAC / Sentinel-3 SLSTR,0.5
3756,2026-08-23,17.0,85.5,28.06,0.66,5,GHRSST L4 / INSAT-3DR MOSDAC / Sentinel-3 SLSTR,0.5
3757,2026-08-23,17.0,86.0,28.48,1.08,5,GHRSST L4 / INSAT-3DR MOSDAC / Sentinel-3 SLSTR,0.5
3758,2026-08-23,17.0,86.5,27.88,0.48,5,GHRSST L4 / INSAT-3DR MOSDAC / Sentinel-3 SLSTR,0.5
3759,2026-08-23,17.0,87.0,28.29,0.89,5,GHRSST L4 / INSAT-3DR MOSDAC / Sentinel-3 SLSTR,0.5
3760,2026-08-23,17.0,87.5,28.38,0.98,5,GHRSST L4 / INSAT-3DR MOSDAC / Sentinel-3 SLSTR,0.5
3761,2026-08-23,17.0,88.0,27.87,0.47,5,GHRSST L4 / INSAT-3DR MOSDAC / Sentinel-3 SLSTR,0.5
3762,2026-08-23,17.0,88.5,27.99,0.59,5,GHRSST L4 / INSAT-3DR MOSDAC / Sentinel-3 SLSTR,0.5
3763,2026-08-23,17.0,89.0,27.99,0.59,5,GHRSST L4 / INSAT-3DR MOSDAC / Sentinel-3 SLSTR,0.5
3764,2026-08-23,17.0,89.5,28.45,1.05,5,GHRSST L4 / INSAT-3DR MOSDAC / Sentinel-3 SLSTR,0.5
3765,2026-08-23,17.0,90.0,28.29,0.89,5,GHRSST L4 / INSAT-3DR MOSDAC / Sentinel-3 SLSTR,0.5
3766,2026-08-23,17.0,90.5,27.98,0.58,5,GHRSST L4 / INSAT-3DR MOSDAC / Sentinel-3 SLSTR,0.5
3767,2026-08-23,17.0,91.0,28.47,1.07,5,GHRSST L4 / INSAT-3DR MOSDAC / Sentinel-3 SLSTR,0.5
3768,2026-08-23,17.0,91.5,28.0,0.6,5,GHRSST L4 / INSAT-3DR MOSDAC / Sentinel-3 SLSTR,0.5
3769,2026-08-23,17.0,92.0,28.29,0.89,5,GHRSST L4 / INSAT-3DR MOSDAC / Sentinel-3 SLSTR,0.5
3770,2026-08-23,17.0,92.5,28.15,0.75,5,GHRSST L4 / INSAT-3DR MOSDAC / Sentinel-3 SLSTR,0.5
3771,2026-08-23,17.0,93.0,27.9,0.5,5,GHRSST L4 / INSAT-3DR MOSDAC / Sentinel-3 SLSTR,0.5
3772,2026-08-23,17.0,93.5,28.36,0.96,5,GHRSST L4 / INSAT-3DR MOSDAC / Sentinel-3 SLSTR,0.5
3773,2026-08-23,17.0,94.0,28.06,0.66,5,GHRSST L4 / INSAT-3DR MOSDAC / Sentinel-3 SLSTR,0.5
3774,2026-08-23,17.5,68.0,28.02,0.67,5,GHRSST L4 / INSAT-3DR MOSDAC / Sentinel-3 SLSTR,0.5
3775,2026-08-23,17.5,68.5,27.92,0.57,5,GHRSST L4 / INSAT-3DR MOSDAC / Sentinel-3 SLSTR,0.5
3776,2026-08-23,17.5,69.0,28.33,0.98,5,GHRSST L4 / INSAT-3DR MOSDAC / Sentinel-3 SLSTR,0.5
3777,2026-08-23,17.5,69.5,27.88,0.53,5,GHRSST L4 / INSAT-3DR MOSDAC / Sentinel-3 SLSTR,0.5
3778,2026-08-23,17.5,70.0,27.92,0.57,5,GHRSST L4 / INSAT-3DR MOSDAC / Sentinel-3 SLSTR,0.5
3779,2026-08-23,17.5,84.5,28.05,0.7,5,GHRSST L4 / INSAT-3DR MOSDAC / Sentinel-3 SLSTR,0.5
3780,2026-08-23,17.5,85.0,27.87,0.52,5,GHRSST L4 / INSAT-3DR MOSDAC / Sentinel-3 SLSTR,0.5
3781,2026-08-23,17.5,85.5,27.85,0.5,5,GHRSST L4 / INSAT-3DR MOSDAC / Sentinel-3 SLSTR,0.5
3782,2026-08-23,17.5,86.0,28.14,0.79,5,GHRSST L4 / INSAT-3DR MOSDAC / Sentinel-3 SLSTR,0.5
3783,2026-08-23,17.5,86.5,28.44,1.09,5,GHRSST L4 / INSAT-3DR MOSDAC / Sentinel-3 SLSTR,0.5
3784,2026-08-23,17.5,87.0,28.33,0.98,5,GHRSST L4 / INSAT-3DR MOSDAC / Sentinel-3 SLSTR,0.5
3785,2026-08-23,17.5,87.5,27.89,0.54,5,GHRSST L4 / INSAT-3DR MOSDAC / Sentinel-3 SLSTR,0.5
3786,2026-08-23,17.5,88.0,28.18,0.83,5,GHRSST L4 / INSAT-3DR MOSDAC / Sentinel-3 SLSTR,0.5
3787,2026-08-23,17.5,88.5,28.33,0.98,5,GHRSST L4 / INSAT-3DR MOSDAC / Sentinel-3 SLSTR,0.5
3788,2026-08-23,17.5,89.0,27.87,0.52,5,GHRSST L4 / INSAT-3DR MOSDAC / Sentinel-3 SLSTR,0.5
3789,2026-08-23,17.5,89.5,27.83,0.48,5,GHRSST L4 / INSAT-3DR MOSDAC / Sentinel-3 SLSTR,0.5
3790,2026-08-23,17.5,90.0,28.39,1.04,5,GHRSST L4 / INSAT-3DR MOSDAC / Sentinel-3 SLSTR,0.5
3791,2026-08-23,17.5,90.5,27.94,0.59,5,GHRSST L4 / INSAT-3DR MOSDAC / Sentinel-3 SLSTR,0.5
3792,2026-08-23,17.5,91.0,28.12,0.77,5,GHRSST L4 / INSAT-3DR MOSDAC / Sentinel-3 SLSTR,0.5
3793,2026-08-23,17.5,91.5,27.92,0.57,5,GHRSST L4 / INSAT-3DR MOSDAC / Sentinel-3 SLSTR,0.5
3794,2026-08-23,17.5,92.0,27.8,0.45,5,GHRSST L4 / INSAT-3DR MOSDAC / Sentinel-3 SLSTR,0.5
3795,2026-08-23,17.5,92.5,28.13,0.78,5,GHRSST L4 / INSAT-3DR MOSDAC / Sentinel-3 SLSTR,0.5
3796,2026-08-23,17.5,93.0,28.07,0.72,5,GHRSST L4 / INSAT-3DR MOSDAC / Sentinel-3 SLSTR,0.5
3797,2026-08-23,17.5,93.5,28.28,0.93,5,GHRSST L4 / INSAT-3DR MOSDAC / Sentinel-3 SLSTR,0.5
3798,2026-08-23,17.5,94.0,28.37,1.02,5,GHRSST L4 / INSAT-3DR MOSDAC / Sentinel-3 SLSTR,0.5
3799,2026-08-23,18.0,68.0,27.81,0.51,5,GHRSST L4 / INSAT-3DR MOSDAC / Sentinel-3 SLSTR,0.5
3800,2026-08-23,18.0,68.5,27.83,0.53,5,GHRSST L4 / INSAT-3DR MOSDAC / Sentinel-3 SLSTR,0.5
3801,2026-08-23,18.0,69.0,28.38,1.08,5,GHRSST L4 / INSAT-3DR MOSDAC / Sentinel-3 SLSTR,0.5
3802,2026-08-23,18.0,69.5,28.0,0.7,5,GHRSST L4 / INSAT-3DR MOSDAC / Sentinel-3 SLSTR,0.5
3803,2026-08-23,18.0,70.0,28.38,1.08,5,GHRSST L4 / INSAT-3DR MOSDAC / Sentinel-3 SLSTR,0.5
3804,2026-08-23,18.0,84.5,27.95,0.65,5,GHRSST L4 / INSAT-3DR MOSDAC / Sentinel-3 SLSTR,0.5
3805,2026-08-23,18.0,85.0,27.95,0.65,5,GHRSST L4 / INSAT-3DR MOSDAC / Sentinel-3 SLSTR,0.5
3806,2026-08-23,18.0,85.5,28.2,0.9,5,GHRSST L4 / INSAT-3DR MOSDAC / Sentinel-3 SLSTR,0.5
3807,2026-08-23,18.0,86.0,27.78,0.48,5,GHRSST L4 / INSAT-3DR MOSDAC / Sentinel-3 SLSTR,0.5
3808,2026-08-23,18.0,86.5,28.0,0.7,5,GHRSST L4 / INSAT-3DR MOSDAC / Sentinel-3 SLSTR,0.5
3809,2026-08-23,18.0,87.0,27.98,0.68,5,GHRSST L4 / INSAT-3DR MOSDAC / Sentinel-3 SLSTR,0.5
3810,2026-08-23,18.0,87.5,27.73,0.43,5,GHRSST L4 / INSAT-3DR MOSDAC / Sentinel-3 SLSTR,0.5
3811,2026-08-23,18.0,88.0,27.93,0.63,5,GHRSST L4 / INSAT-3DR MOSDAC / Sentinel-3 SLSTR,0.5
3812,2026-08-23,18.0,88.5,27.99,0.69,5,GHRSST L4 / INSAT-3DR MOSDAC / Sentinel-3 SLSTR,0.5
3813,2026-08-23,18.0,89.0,27.75,0.45,5,GHRSST L4 / INSAT-3DR MOSDAC / Sentinel-3 SLSTR,0.5
3814,2026-08-23,18.0,89.5,27.72,0.42,5,GHRSST L4 / INSAT-3DR MOSDAC / Sentinel-3 SLSTR,0.5
3815,2026-08-23,18.0,90.0,28.13,0.83,5,GHRSST L4 / INSAT-3DR MOSDAC / Sentinel-3 SLSTR,0.5
3816,2026-08-23,18.0,90.5,27.85,0.55,5,GHRSST L4 / INSAT-3DR MOSDAC / Sentinel-3 SLSTR,0.5
3817,2026-08-23,18.0,91.0,27.96,0.66,5,GHRSST L4 / INSAT-3DR MOSDAC / Sentinel-3 SLSTR,0.5
3818,2026-08-23,18.0,91.5,27.77,0.47,5,GHRSST L4 / INSAT-3DR MOSDAC / Sentinel-3 SLSTR,0.5
3819,2026-08-23,18.0,92.0,27.78,0.48,5,GHRSST L4 / INSAT-3DR MOSDAC / Sentinel-3 SLSTR,0.5
3820,2026-08-23,18.0,92.5,27.82,0.52,5,GHRSST L4 / INSAT-3DR MOSDAC / Sentinel-3 SLSTR,0.5
3821,2026-08-23,18.0,93.0,27.73,0.43,5,GHRSST L4 / INSAT-3DR MOSDAC / Sentinel-3 SLSTR,0.5
3822,2026-08-23,18.0,93.5,28.24,0.94,5,GHRSST L4 / INSAT-3DR MOSDAC / Sentinel-3 SLSTR,0.5
3823,2026-08-23,18.0,94.0,28.34,1.04,5,GHRSST L4 / INSAT-3DR MOSDAC / Sentinel-3 SLSTR,0.5
3824,2026-08-23,18.5,68.0,28.02,0.77,5,GHRSST L4 / INSAT-3DR MOSDAC / Sentinel-3 SLSTR,0.5
3825,2026-08-23,18.5,68.5,28.22,0.97,5,GHRSST L4 / INSAT-3DR MOSDAC / Sentinel-3 SLSTR,0.5
3826,2026-08-23,18.5,69.0,27.74,0.49,5,GHRSST L4 / INSAT-3DR MOSDAC / Sentinel-3 SLSTR,0.5
3827,2026-08-23,18.5,69.5,27.96,0.71,5,GHRSST L4 / INSAT-3DR MOSDAC / Sentinel-3 SLSTR,0.5
3828,2026-08-23,18.5,70.0,27.75,0.5,5,GHRSST L4 / INSAT-3DR MOSDAC / Sentinel-3 SLSTR,0.5
3829,2026-08-23,18.5,84.5,28.35,1.1,5,GHRSST L4 / INSAT-3DR MOSDAC / Sentinel-3 SLSTR,0.5
3830,2026-08-23,18.5,85.0,27.69,0.44,5,GHRSST L4 / INSAT-3DR MOSDAC / Sentinel-3 SLSTR,0.5
3831,2026-08-23,18.5,85.5,27.96,0.71,5,GHRSST L4 / INSAT-3DR MOSDAC / Sentinel-3 SLSTR,0.5
3832,2026-08-23,18.5,86.0,27.73,0.48,5,GHRSST L4 / INSAT-3DR MOSDAC / Sentinel-3 SLSTR,0.5
3833,2026-08-23,18.5,86.5,27.7,0.45,5,GHRSST L4 / INSAT-3DR MOSDAC / Sentinel-3 SLSTR,0.5
3834,2026-08-23,18.5,87.0,28.16,0.91,5,GHRSST L4 / INSAT-3DR MOSDAC / Sentinel-3 SLSTR,0.5
3835,2026-08-23,18.5,87.5,27.71,0.46,5,GHRSST L4 / INSAT-3DR MOSDAC / Sentinel-3 SLSTR,0.5
3836,2026-08-23,18.5,88.0,27.67,0.42,5,GHRSST L4 / INSAT-3DR MOSDAC / Sentinel-3 SLSTR,0.5
3837,2026-08-23,18.5,88.5,28.31,1.06,5,GHRSST L4 / INSAT-3DR MOSDAC / Sentinel-3 SLSTR,0.5
3838,2026-08-23,18.5,89.0,27.78,0.53,5,GHRSST L4 / INSAT-3DR MOSDAC / Sentinel-3 SLSTR,0.5
3839,2026-08-23,18.5,89.5,28.24,0.99,5,GHRSST L4 / INSAT-3DR MOSDAC / Sentinel-3 SLSTR,0.5
3840,2026-08-23,18.5,90.0,28.32,1.07,5,GHRSST L4 / INSAT-3DR MOSDAC / Sentinel-3 SLSTR,0.5
3841,2026-08-23,18.5,90.5,28.18,0.93,5,GHRSST L4 / INSAT-3DR MOSDAC / Sentinel-3 SLSTR,0.5
3842,2026-08-23,18.5,91.0,27.72,0.47,5,GHRSST L4 / INSAT-3DR MOSDAC / Sentinel-3 SLSTR,0.5
3843,2026-08-23,18.5,91.5,27.77,0.52,5,GHRSST L4 / INSAT-3DR MOSDAC / Sentinel-3 SLSTR,0.5
3844,2026-08-23,18.5,92.0,27.78,0.53,5,GHRSST L4 / INSAT-3DR MOSDAC / Sentinel-3 SLSTR,0.5
3845,2026-08-23,18.5,92.5,28.11,0.86,5,GHRSST L4 / INSAT-3DR MOSDAC / Sentinel-3 SLSTR,0.5
3846,2026-08-23,18.5,93.0,27.78,0.53,5,GHRSST L4 / INSAT-3DR MOSDAC / Sentinel-3 SLSTR,0.5
3847,2026-08-23,18.5,93.5,27.67,0.42,5,GHRSST L4 / INSAT-3DR MOSDAC / Sentinel-3 SLSTR,0.5
3848,2026-08-23,18.5,94.0,27.97,0.72,5,GHRSST L4 / INSAT-3DR MOSDAC / Sentinel-3 SLSTR,0.5
3849,2026-08-23,19.0,68.0,28.0,0.8,5,GHRSST L4 / INSAT-3DR MOSDAC / Sentinel-3 SLSTR,0.5
3850,2026-08-23,19.0,68.5,27.91,0.71,5,GHRSST L4 / INSAT-3DR MOSDAC / Sentinel-3 SLSTR,0.5
3851,2026-08-23,19.0,69.0,27.93,0.73,5,GHRSST L4 / INSAT-3DR MOSDAC / Sentinel-3 SLSTR,0.5
3852,2026-08-23,19.0,69.5,27.91,0.71,5,GHRSST L4 / INSAT-3DR MOSDAC / Sentinel-3 SLSTR,0.5
3853,2026-08-23,19.0,85.0,27.78,0.58,5,GHRSST L4 / INSAT-3DR MOSDAC / Sentinel-3 SLSTR,0.5
3854,2026-08-23,19.0,85.5,28.26,1.06,5,GHRSST L4 / INSAT-3DR MOSDAC / Sentinel-3 SLSTR,0.5
3855,2026-08-23,19.0,86.0,28.18,0.98,5,GHRSST L4 / INSAT-3DR MOSDAC / Sentinel-3 SLSTR,0.5
3856,2026-08-23,19.0,86.5,27.82,0.62,5,GHRSST L4 / INSAT-3DR MOSDAC / Sentinel-3 SLSTR,0.5
3857,2026-08-23,19.0,87.0,27.62,0.42,5,GHRSST L4 / INSAT-3DR MOSDAC / Sentinel-3 SLSTR,0.5
3858,2026-08-23,19.0,87.5,28.19,0.99,5,GHRSST L4 / INSAT-3DR MOSDAC / Sentinel-3 SLSTR,0.5
3859,2026-08-23,19.0,88.0,28.11,0.91,5,GHRSST L4 / INSAT-3DR MOSDAC / Sentinel-3 SLSTR,0.5
3860,2026-08-23,19.0,88.5,27.65,0.45,5,GHRSST L4 / INSAT-3DR MOSDAC / Sentinel-3 SLSTR,0.5
3861,2026-08-23,19.0,89.0,28.08,0.88,5,GHRSST L4 / INSAT-3DR MOSDAC / Sentinel-3 SLSTR,0.5
3862,2026-08-23,19.0,89.5,27.91,0.71,5,GHRSST L4 / INSAT-3DR MOSDAC / Sentinel-3 SLSTR,0.5
3863,2026-08-23,19.0,90.0,27.68,0.48,5,GHRSST L4 / INSAT-3DR MOSDAC / Sentinel-3 SLSTR,0.5
3864,2026-08-23,19.0,90.5,28.1,0.9,5,GHRSST L4 / INSAT-3DR MOSDAC / Sentinel-3 SLSTR,0.5
3865,2026-08-23,19.0,91.0,27.84,0.64,5,GHRSST L4 / INSAT-3DR MOSDAC / Sentinel-3 SLSTR,0.5
3866,2026-08-23,19.0,91.5,28.23,1.03,5,GHRSST L4 / INSAT-3DR MOSDAC / Sentinel-3 SLSTR,0.5
3867,2026-08-23,19.0,92.0,27.62,0.42,5,GHRSST L4 / INSAT-3DR MOSDAC / Sentinel-3 SLSTR,0.5
3868,2026-08-23,19.0,92.5,28.25,1.05,5,GHRSST L4 / INSAT-3DR MOSDAC / Sentinel-3 SLSTR,0.5
3869,2026-08-23,19.0,93.0,27.65,0.45,5,GHRSST L4 / INSAT-3DR MOSDAC / Sentinel-3 SLSTR,0.5
3870,2026-08-23,19.0,93.5,27.62,0.42,5,GHRSST L4 / INSAT-3DR MOSDAC / Sentinel-3 SLSTR,0.5
3871,2026-08-23,19.0,94.0,28.0,0.8,5,GHRSST L4 / INSAT-3DR MOSDAC / Sentinel-3 SLSTR,0.5
3872,2026-08-23,19.5,68.0,27.96,0.81,5,GHRSST L4 / INSAT-3DR MOSDAC / Sentinel-3 SLSTR,0.5
3873,2026-08-23,19.5,68.5,27.67,0.52,5,GHRSST L4 / INSAT-3DR MOSDAC / Sentinel-3 SLSTR,0.5
3874,2026-08-23,19.5,69.0,28.14,0.99,5,GHRSST L4 / INSAT-3DR MOSDAC / Sentinel-3 SLSTR,0.5
3875,2026-08-23,19.5,69.5,28.09,0.94,5,GHRSST L4 / INSAT-3DR MOSDAC / Sentinel-3 SLSTR,0.5
3876,2026-08-23,19.5,85.0,27.73,0.58,5,GHRSST L4 / INSAT-3DR MOSDAC / Sentinel-3 SLSTR,0.5
3877,2026-08-23,19.5,85.5,27.84,0.69,5,GHRSST L4 / INSAT-3DR MOSDAC / Sentinel-3 SLSTR,0.5
3878,2026-08-23,19.5,86.0,28.08,0.93,5,GHRSST L4 / INSAT-3DR MOSDAC / Sentinel-3 SLSTR,0.5
3879,2026-08-23,19.5,86.5,28.11,0.96,5,GHRSST L4 / INSAT-3DR MOSDAC / Sentinel-3 SLSTR,0.5
3880,2026-08-23,19.5,87.0,28.09,0.94,5,GHRSST L4 / INSAT-3DR MOSDAC / Sentinel-3 SLSTR,0.5
3881,2026-08-23,19.5,87.5,27.72,0.57,5,GHRSST L4 / INSAT-3DR MOSDAC / Sentinel-3 SLSTR,0.5
3882,2026-08-23,19.5,88.0,28.07,0.92,5,GHRSST L4 / INSAT-3DR MOSDAC / Sentinel-3 SLSTR,0.5
3883,2026-08-23,19.5,88.5,27.97,0.82,5,GHRSST L4 / INSAT-3DR MOSDAC / Sentinel-3 SLSTR,0.5
3884,2026-08-23,19.5,89.0,27.9,0.75,5,GHRSST L4 / INSAT-3DR MOSDAC / Sentinel-3 SLSTR,0.5
3885,2026-08-23,19.5,89.5,28.2,1.05,5,GHRSST L4 / INSAT-3DR MOSDAC / Sentinel-3 SLSTR,0.5
3886,2026-08-23,19.5,90.0,27.95,0.8,5,GHRSST L4 / INSAT-3DR MOSDAC / Sentinel-3 SLSTR,0.5
3887,2026-08-23,19.5,90.5,28.14,0.99,5,GHRSST L4 / INSAT-3DR MOSDAC / Sentinel-3 SLSTR,0.5
3888,2026-08-23,19.5,91.0,28.06,0.91,5,GHRSST L4 / INSAT-3DR MOSDAC / Sentinel-3 SLSTR,0.5
3889,2026-08-23,19.5,91.5,27.56,0.41,5,GHRSST L4 / INSAT-3DR MOSDAC / Sentinel-3 SLSTR,0.5
3890,2026-08-23,19.5,92.0,27.72,0.57,5,GHRSST L4 / INSAT-3DR MOSDAC / Sentinel-3 SLSTR,0.5
3891,2026-08-23,19.5,92.5,27.96,0.81,5,GHRSST L4 / INSAT-3DR MOSDAC / Sentinel-3 SLSTR,0.5
3892,2026-08-23,19.5,93.0,27.84,0.69,5,GHRSST L4 / INSAT-3DR MOSDAC / Sentinel-3 SLSTR,0.5
3893,2026-08-23,19.5,93.5,28.2,1.05,5,GHRSST L4 / INSAT-3DR MOSDAC / Sentinel-3 SLSTR,0.5
3894,2026-08-23,19.5,94.0,27.94,0.79,5,GHRSST L4 / INSAT-3DR MOSDAC / Sentinel-3 SLSTR,0.5
3895,2026-08-23,20.0,68.0,28.12,1.02,5,GHRSST L4 / INSAT-3DR MOSDAC / Sentinel-3 SLSTR,0.5
3896,2026-08-23,20.0,68.5,27.61,0.51,5,GHRSST L4 / INSAT-3DR MOSDAC / Sentinel-3 SLSTR,0.5
3897,2026-08-23,20.0,69.0,28.1,1.0,5,GHRSST L4 / INSAT-3DR MOSDAC / Sentinel-3 SLSTR,0.5
3898,2026-08-23,20.0,69.5,27.85,0.75,5,GHRSST L4 / INSAT-3DR MOSDAC / Sentinel-3 SLSTR,0.5
3899,2026-08-23,20.0,70.0,27.62,0.52,5,GHRSST L4 / INSAT-3DR MOSDAC / Sentinel-3 SLSTR,0.5
3900,2026-08-23,20.0,70.5,27.74,0.64,5,GHRSST L4 / INSAT-3DR MOSDAC / Sentinel-3 SLSTR,0.5
3901,2026-08-23,20.0,71.0,28.15,1.05,5,GHRSST L4 / INSAT-3DR MOSDAC / Sentinel-3 SLSTR,0.5
3902,2026-08-23,20.0,71.5,28.14,1.04,5,GHRSST L4 / INSAT-3DR MOSDAC / Sentinel-3 SLSTR,0.5
3903,2026-08-23,20.0,72.0,27.49,0.39,5,GHRSST L4 / INSAT-3DR MOSDAC / Sentinel-3 SLSTR,0.5
3904,2026-08-23,20.0,72.5,27.69,0.59,5,GHRSST L4 / INSAT-3DR MOSDAC / Sentinel-3 SLSTR,0.5
3905,2026-08-23,20.0,73.0,28.1,1.0,5,GHRSST L4 / INSAT-3DR MOSDAC / Sentinel-3 SLSTR,0.5
3906,2026-08-23,20.0,73.5,27.49,0.39,5,GHRSST L4 / INSAT-3DR MOSDAC / Sentinel-3 SLSTR,0.5
3907,2026-08-23,20.0,74.0,28.14,1.04,5,GHRSST L4 / INSAT-3DR MOSDAC / Sentinel-3 SLSTR,0.5
3908,2026-08-23,20.0,74.5,27.74,0.64,5,GHRSST L4 / INSAT-3DR MOSDAC / Sentinel-3 SLSTR,0.5
3909,2026-08-23,20.0,75.0,27.55,0.45,5,GHRSST L4 / INSAT-3DR MOSDAC / Sentinel-3 SLSTR,0.5
3910,2026-08-23,20.0,75.5,27.68,0.58,5,GHRSST L4 / INSAT-3DR MOSDAC / Sentinel-3 SLSTR,0.5
3911,2026-08-23,20.0,76.0,28.04,0.94,5,GHRSST L4 / INSAT-3DR MOSDAC / Sentinel-3 SLSTR,0.5
3912,2026-08-23,20.0,76.5,28.17,1.07,5,GHRSST L4 / INSAT-3DR MOSDAC / Sentinel-3 SLSTR,0.5
3913,2026-08-23,20.0,77.0,27.56,0.46,5,GHRSST L4 / INSAT-3DR MOSDAC / Sentinel-3 SLSTR,0.5
3914,2026-08-23,20.0,77.5,27.92,0.82,5,GHRSST L4 / INSAT-3DR MOSDAC / Sentinel-3 SLSTR,0.5
3915,2026-08-23,20.0,78.0,28.12,1.02,5,GHRSST L4 / INSAT-3DR MOSDAC / Sentinel-3 SLSTR,0.5
3916,2026-08-23,20.0,78.5,28.1,1.0,5,GHRSST L4 / INSAT-3DR MOSDAC / Sentinel-3 SLSTR,0.5
3917,2026-08-23,20.0,79.0,27.74,0.64,5,GHRSST L4 / INSAT-3DR MOSDAC / Sentinel-3 SLSTR,0.5
3918,2026-08-23,20.0,79.5,28.08,0.98,5,GHRSST L4 / INSAT-3DR MOSDAC / Sentinel-3 SLSTR,0.5
3919,2026-08-23,20.0,80.0,27.6,0.5,5,GHRSST L4 / INSAT-3DR MOSDAC / Sentinel-3 SLSTR,0.5
3920,2026-08-23,20.0,80.5,27.91,0.81,5,GHRSST L4 / INSAT-3DR MOSDAC / Sentinel-3 SLSTR,0.5
3921,2026-08-23,20.0,81.0,27.89,0.79,5,GHRSST L4 / INSAT-3DR MOSDAC / Sentinel-3 SLSTR,0.5
3922,2026-08-23,20.0,81.5,28.02,0.92,5,GHRSST L4 / INSAT-3DR MOSDAC / Sentinel-3 SLSTR,0.5
3923,2026-08-23,20.0,82.0,27.63,0.53,5,GHRSST L4 / INSAT-3DR MOSDAC / Sentinel-3 SLSTR,0.5
3924,2026-08-23,20.0,82.5,27.91,0.81,5,GHRSST L4 / INSAT-3DR MOSDAC / Sentinel-3 SLSTR,0.5
3925,2026-08-23,20.0,83.0,27.9,0.8,5,GHRSST L4 / INSAT-3DR MOSDAC / Sentinel-3 SLSTR,0.5
3926,2026-08-23,20.0,83.5,27.53,0.43,5,GHRSST L4 / INSAT-3DR MOSDAC / Sentinel-3 SLSTR,0.5
3927,2026-08-23,20.0,84.0,27.7,0.6,5,GHRSST L4 / INSAT-3DR MOSDAC / Sentinel-3 SLSTR,0.5
3928,2026-08-23,20.0,84.5,27.62,0.52,5,GHRSST L4 / INSAT-3DR MOSDAC / Sentinel-3 SLSTR,0.5
3929,2026-08-23,20.0,85.0,28.17,1.07,5,GHRSST L4 / INSAT-3DR MOSDAC / Sentinel-3 SLSTR,0.5
3930,2026-08-23,20.0,85.5,28.16,1.06,5,GHRSST L4 / INSAT-3DR MOSDAC / Sentinel-3 SLSTR,0.5
3931,2026-08-23,20.0,86.0,27.65,0.55,5,GHRSST L4 / INSAT-3DR MOSDAC / Sentinel-3 SLSTR,0.5
3932,2026-08-23,20.0,86.5,28.04,0.94,5,GHRSST L4 / INSAT-3DR MOSDAC / Sentinel-3 SLSTR,0.5
3933,2026-08-23,20.0,87.0,28.04,0.94,5,GHRSST L4 / INSAT-3DR MOSDAC / Sentinel-3 SLSTR,0.5
3934,2026-08-23,20.0,87.5,28.13,1.03,5,GHRSST L4 / INSAT-3DR MOSDAC / Sentinel-3 SLSTR,0.5
3935,2026-08-23,20.0,88.0,27.56,0.46,5,GHRSST L4 / INSAT-3DR MOSDAC / Sentinel-3 SLSTR,0.5
3936,2026-08-23,20.0,88.5,27.94,0.84,5,GHRSST L4 / INSAT-3DR MOSDAC / Sentinel-3 SLSTR,0.5
3937,2026-08-23,20.0,89.0,27.61,0.51,5,GHRSST L4 / INSAT-3DR MOSDAC / Sentinel-3 SLSTR,0.5
3938,2026-08-23,20.0,89.5,27.93,0.83,5,GHRSST L4 / INSAT-3DR MOSDAC / Sentinel-3 SLSTR,0.5
3939,2026-08-23,20.0,90.0,28.08,0.98,5,GHRSST L4 / INSAT-3DR MOSDAC / Sentinel-3 SLSTR,0.5
3940,2026-08-23,20.0,90.5,27.53,0.43,5,GHRSST L4 / INSAT-3DR MOSDAC / Sentinel-3 SLSTR,0.5
3941,2026-08-23,20.0,91.0,27.92,0.82,5,GHRSST L4 / INSAT-3DR MOSDAC / Sentinel-3 SLSTR,0.5
3942,2026-08-23,20.0,91.5,27.85,0.75,5,GHRSST L4 / INSAT-3DR MOSDAC / Sentinel-3 SLSTR,0.5
3943,2026-08-23,20.0,92.0,27.59,0.49,5,GHRSST L4 / INSAT-3DR MOSDAC / Sentinel-3 SLSTR,0.5
3944,2026-08-23,20.0,92.5,27.64,0.54,5,GHRSST L4 / INSAT-3DR MOSDAC / Sentinel-3 SLSTR,0.5
3945,2026-08-23,20.0,93.0,27.83,0.73,5,GHRSST L4 / INSAT-3DR MOSDAC / Sentinel-3 SLSTR,0.5
3946,2026-08-23,20.0,93.5,28.07,0.97,5,GHRSST L4 / INSAT-3DR MOSDAC / Sentinel-3 SLSTR,0.5
3947,2026-08-23,20.0,94.0,27.94,0.84,5,GHRSST L4 / INSAT-3DR MOSDAC / Sentinel-3 SLSTR,0.5
3948,2026-08-23,20.5,68.0,27.43,0.38,5,GHRSST L4 / INSAT-3DR MOSDAC / Sentinel-3 SLSTR,0.5
3949,2026-08-23,20.5,68.5,27.5,0.45,5,GHRSST L4 / INSAT-3DR MOSDAC / Sentinel-3 SLSTR,0.5
3950,2026-08-23,20.5,69.0,28.03,0.98,5,GHRSST L4 / INSAT-3DR MOSDAC / Sentinel-3 SLSTR,0.5
3951,2026-08-23,20.5,69.5,27.87,0.82,5,GHRSST L4 / INSAT-3DR MOSDAC / Sentinel-3 SLSTR,0.5
3952,2026-08-23,20.5,70.0,27.42,0.37,5,GHRSST L4 / INSAT-3DR MOSDAC / Sentinel-3 SLSTR,0.5
3953,2026-08-23,20.5,70.5,27.83,0.78,5,GHRSST L4 / INSAT-3DR MOSDAC / Sentinel-3 SLSTR,0.5
3954,2026-08-23,20.5,71.0,27.53,0.48,5,GHRSST L4 / INSAT-3DR MOSDAC / Sentinel-3 SLSTR,0.5
3955,2026-08-23,20.5,71.5,28.05,1.0,5,GHRSST L4 / INSAT-3DR MOSDAC / Sentinel-3 SLSTR,0.5
3956,2026-08-23,20.5,72.0,27.5,0.45,5,GHRSST L4 / INSAT-3DR MOSDAC / Sentinel-3 SLSTR,0.5
3957,2026-08-23,20.5,72.5,27.46,0.41,5,GHRSST L4 / INSAT-3DR MOSDAC / Sentinel-3 SLSTR,0.5
3958,2026-08-23,20.5,73.0,27.86,0.81,5,GHRSST L4 / INSAT-3DR MOSDAC / Sentinel-3 SLSTR,0.5
3959,2026-08-23,20.5,73.5,27.96,0.91,5,GHRSST L4 / INSAT-3DR MOSDAC / Sentinel-3 SLSTR,0.5
3960,2026-08-23,20.5,74.0,27.6,0.55,5,GHRSST L4 / INSAT-3DR MOSDAC / Sentinel-3 SLSTR,0.5
3961,2026-08-23,20.5,74.5,27.62,0.57,5,GHRSST L4 / INSAT-3DR MOSDAC / Sentinel-3 SLSTR,0.5
3962,2026-08-23,20.5,75.0,27.66,0.61,5,GHRSST L4 / INSAT-3DR MOSDAC / Sentinel-3 SLSTR,0.5
3963,2026-08-23,20.5,75.5,27.95,0.9,5,GHRSST L4 / INSAT-3DR MOSDAC / Sentinel-3 SLSTR,0.5
3964,2026-08-23,20.5,76.0,27.59,0.54,5,GHRSST L4 / INSAT-3DR MOSDAC / Sentinel-3 SLSTR,0.5
3965,2026-08-23,20.5,76.5,27.47,0.42,5,GHRSST L4 / INSAT-3DR MOSDAC / Sentinel-3 SLSTR,0.5
3966,2026-08-23,20.5,77.0,27.63,0.58,5,GHRSST L4 / INSAT-3DR MOSDAC / Sentinel-3 SLSTR,0.5
3967,2026-08-23,20.5,77.5,28.09,1.04,5,GHRSST L4 / INSAT-3DR MOSDAC / Sentinel-3 SLSTR,0.5
3968,2026-08-23,20.5,78.0,27.71,0.66,5,GHRSST L4 / INSAT-3DR MOSDAC / Sentinel-3 SLSTR,0.5
3969,2026-08-23,20.5,78.5,27.8,0.75,5,GHRSST L4 / INSAT-3DR MOSDAC / Sentinel-3 SLSTR,0.5
3970,2026-08-23,20.5,79.0,27.94,0.89,5,GHRSST L4 / INSAT-3DR MOSDAC / Sentinel-3 SLSTR,0.5
3971,2026-08-23,20.5,79.5,27.8,0.75,5,GHRSST L4 / INSAT-3DR MOSDAC / Sentinel-3 SLSTR,0.5
3972,2026-08-23,20.5,80.0,27.87,0.82,5,GHRSST L4 / INSAT-3DR MOSDAC / Sentinel-3 SLSTR,0.5
3973,2026-08-23,20.5,80.5,28.03,0.98,5,GHRSST L4 / INSAT-3DR MOSDAC / Sentinel-3 SLSTR,0.5
3974,2026-08-23,20.5,81.0,27.67,0.62,5,GHRSST L4 / INSAT-3DR MOSDAC / Sentinel-3 SLSTR,0.5
3975,2026-08-23,20.5,81.5,27.49,0.44,5,GHRSST L4 / INSAT-3DR MOSDAC / Sentinel-3 SLSTR,0.5
3976,2026-08-23,20.5,82.0,27.48,0.43,5,GHRSST L4 / INSAT-3DR MOSDAC / Sentinel-3 SLSTR,0.5
3977,2026-08-23,20.5,82.5,27.96,0.91,5,GHRSST L4 / INSAT-3DR MOSDAC / Sentinel-3 SLSTR,0.5
3978,2026-08-23,20.5,83.0,27.87,0.82,5,GHRSST L4 / INSAT-3DR MOSDAC / Sentinel-3 SLSTR,0.5
3979,2026-08-23,20.5,83.5,27.81,0.76,5,GHRSST L4 / INSAT-3DR MOSDAC / Sentinel-3 SLSTR,0.5
3980,2026-08-23,20.5,84.0,28.06,1.01,5,GHRSST L4 / INSAT-3DR MOSDAC / Sentinel-3 SLSTR,0.5
3981,2026-08-23,20.5,84.5,27.85,0.8,5,GHRSST L4 / INSAT-3DR MOSDAC / Sentinel-3 SLSTR,0.5
3982,2026-08-23,20.5,85.0,27.44,0.39,5,GHRSST L4 / INSAT-3DR MOSDAC / Sentinel-3 SLSTR,0.5
3983,2026-08-23,20.5,85.5,27.74,0.69,5,GHRSST L4 / INSAT-3DR MOSDAC / Sentinel-3 SLSTR,0.5
3984,2026-08-23,20.5,86.0,27.56,0.51,5,GHRSST L4 / INSAT-3DR MOSDAC / Sentinel-3 SLSTR,0.5
3985,2026-08-23,20.5,86.5,27.84,0.79,5,GHRSST L4 / INSAT-3DR MOSDAC / Sentinel-3 SLSTR,0.5
3986,2026-08-23,20.5,87.0,27.54,0.49,5,GHRSST L4 / INSAT-3DR MOSDAC / Sentinel-3 SLSTR,0.5
3987,2026-08-23,20.5,87.5,27.86,0.81,5,GHRSST L4 / INSAT-3DR MOSDAC / Sentinel-3 SLSTR,0.5
3988,2026-08-23,20.5,88.0,28.03,0.98,5,GHRSST L4 / INSAT-3DR MOSDAC / Sentinel-3 SLSTR,0.5
3989,2026-08-23,20.5,88.5,27.46,0.41,5,GHRSST L4 / INSAT-3DR MOSDAC / Sentinel-3 SLSTR,0.5
3990,2026-08-23,20.5,89.0,27.59,0.54,5,GHRSST L4 / INSAT-3DR MOSDAC / Sentinel-3 SLSTR,0.5
3991,2026-08-23,20.5,89.5,27.88,0.83,5,GHRSST L4 / INSAT-3DR MOSDAC / Sentinel-3 SLSTR,0.5
3992,2026-08-23,20.5,90.0,27.91,0.86,5,GHRSST L4 / INSAT-3DR MOSDAC / Sentinel-3 SLSTR,0.5
3993,2026-08-23,20.5,90.5,27.82,0.77,5,GHRSST L4 / INSAT-3DR MOSDAC / Sentinel-3 SLSTR,0.5
3994,2026-08-23,20.5,91.0,27.51,0.46,5,GHRSST L4 / INSAT-3DR MOSDAC / Sentinel-3 SLSTR,0.5
3995,2026-08-23,20.5,91.5,27.58,0.53,5,GHRSST L4 / INSAT-3DR MOSDAC / Sentinel-3 SLSTR,0.5
3996,2026-08-23,20.5,92.0,28.05,1.0,5,GHRSST L4 / INSAT-3DR MOSDAC / Sentinel-3 SLSTR,0.5
3997,2026-08-23,20.5,92.5,27.98,0.93,5,GHRSST L4 / INSAT-3DR MOSDAC / Sentinel-3 SLSTR,0.5
3998,2026-08-23,20.5,93.0,28.08,1.03,5,GHRSST L4 / INSAT-3DR MOSDAC / Sentinel-3 SLSTR,0.5
3999,2026-08-23,20.5,93.5,27.7,0.65,5,GHRSST L4 / INSAT-3DR MOSDAC / Sentinel-3 SLSTR,0.5
4000,2026-08-23,20.5,94.0,27.72,0.67,5,GHRSST L4 / INSAT-3DR MOSDAC / Sentinel-3 SLSTR,0.5
4001,2026-08-23,21.0,68.0,27.53,0.53,5,GHRSST L4 / INSAT-3DR MOSDAC / Sentinel-3 SLSTR,0.5
4002,2026-08-23,21.0,68.5,27.72,0.72,5,GHRSST L4 / INSAT-3DR MOSDAC / Sentinel-3 SLSTR,0.5
4003,2026-08-23,21.0,69.0,27.93,0.93,5,GHRSST L4 / INSAT-3DR MOSDAC / Sentinel-3 SLSTR,0.5
4004,2026-08-23,21.0,69.5,27.52,0.52,5,GHRSST L4 / INSAT-3DR MOSDAC / Sentinel-3 SLSTR,0.5
4005,2026-08-23,21.0,70.0,27.45,0.45,5,GHRSST L4 / INSAT-3DR MOSDAC / Sentinel-3 SLSTR,0.5
4006,2026-08-23,21.0,70.5,27.88,0.88,5,GHRSST L4 / INSAT-3DR MOSDAC / Sentinel-3 SLSTR,0.5
4007,2026-08-23,21.0,71.0,27.84,0.84,5,GHRSST L4 / INSAT-3DR MOSDAC / Sentinel-3 SLSTR,0.5
4008,2026-08-23,21.0,71.5,27.93,0.93,5,GHRSST L4 / INSAT-3DR MOSDAC / Sentinel-3 SLSTR,0.5
4009,2026-08-23,21.0,72.0,27.88,0.88,5,GHRSST L4 / INSAT-3DR MOSDAC / Sentinel-3 SLSTR,0.5
4010,2026-08-23,21.0,72.5,27.64,0.64,5,GHRSST L4 / INSAT-3DR MOSDAC / Sentinel-3 SLSTR,0.5
4011,2026-08-23,21.0,73.0,27.46,0.46,5,GHRSST L4 / INSAT-3DR MOSDAC / Sentinel-3 SLSTR,0.5
4012,2026-08-23,21.0,73.5,27.85,0.85,5,GHRSST L4 / INSAT-3DR MOSDAC / Sentinel-3 SLSTR,0.5
4013,2026-08-23,21.0,74.0,27.96,0.96,5,GHRSST L4 / INSAT-3DR MOSDAC / Sentinel-3 SLSTR,0.5
4014,2026-08-23,21.0,74.5,27.46,0.46,5,GHRSST L4 / INSAT-3DR MOSDAC / Sentinel-3 SLSTR,0.5
4015,2026-08-23,21.0,75.0,27.71,0.71,5,GHRSST L4 / INSAT-3DR MOSDAC / Sentinel-3 SLSTR,0.5
4016,2026-08-23,21.0,75.5,27.58,0.58,5,GHRSST L4 / INSAT-3DR MOSDAC / Sentinel-3 SLSTR,0.5
4017,2026-08-23,21.0,76.0,27.71,0.71,5,GHRSST L4 / INSAT-3DR MOSDAC / Sentinel-3 SLSTR,0.5
4018,2026-08-23,21.0,76.5,27.37,0.37,5,GHRSST L4 / INSAT-3DR MOSDAC / Sentinel-3 SLSTR,0.5
4019,2026-08-23,21.0,77.0,27.6,0.6,5,GHRSST L4 / INSAT-3DR MOSDAC / Sentinel-3 SLSTR,0.5
4020,2026-08-23,21.0,77.5,27.69,0.69,5,GHRSST L4 / INSAT-3DR MOSDAC / Sentinel-3 SLSTR,0.5
4021,2026-08-23,21.0,78.0,27.46,0.46,5,GHRSST L4 / INSAT-3DR MOSDAC / Sentinel-3 SLSTR,0.5
4022,2026-08-23,21.0,78.5,27.64,0.64,5,GHRSST L4 / INSAT-3DR MOSDAC / Sentinel-3 SLSTR,0.5
4023,2026-08-23,21.0,79.0,27.47,0.47,5,GHRSST L4 / INSAT-3DR MOSDAC / Sentinel-3 SLSTR,0.5
4024,2026-08-23,21.0,79.5,27.5,0.5,5,GHRSST L4 / INSAT-3DR MOSDAC / Sentinel-3 SLSTR,0.5
4025,2026-08-23,21.0,80.0,28.03,1.03,5,GHRSST L4 / INSAT-3DR MOSDAC / Sentinel-3 SLSTR,0.5
4026,2026-08-23,21.0,80.5,27.77,0.77,5,GHRSST L4 / INSAT-3DR MOSDAC / Sentinel-3 SLSTR,0.5
4027,2026-08-23,21.0,81.0,27.62,0.62,5,GHRSST L4 / INSAT-3DR MOSDAC / Sentinel-3 SLSTR,0.5
4028,2026-08-23,21.0,81.5,27.71,0.71,5,GHRSST L4 / INSAT-3DR MOSDAC / Sentinel-3 SLSTR,0.5
4029,2026-08-23,21.0,82.0,27.62,0.62,5,GHRSST L4 / INSAT-3DR MOSDAC / Sentinel-3 SLSTR,0.5
4030,2026-08-23,21.0,82.5,27.77,0.77,5,GHRSST L4 / INSAT-3DR MOSDAC / Sentinel-3 SLSTR,0.5
4031,2026-08-23,21.0,83.0,27.35,0.35,5,GHRSST L4 / INSAT-3DR MOSDAC / Sentinel-3 SLSTR,0.5
4032,2026-08-23,21.0,83.5,27.52,0.52,5,GHRSST L4 / INSAT-3DR MOSDAC / Sentinel-3 SLSTR,0.5
4033,2026-08-23,21.0,84.0,28.04,1.04,5,GHRSST L4 / INSAT-3DR MOSDAC / Sentinel-3 SLSTR,0.5
4034,2026-08-23,21.0,84.5,27.43,0.43,5,GHRSST L4 / INSAT-3DR MOSDAC / Sentinel-3 SLSTR,0.5
4035,2026-08-23,21.0,85.0,27.41,0.41,5,GHRSST L4 / INSAT-3DR MOSDAC / Sentinel-3 SLSTR,0.5
4036,2026-08-23,21.0,85.5,27.7,0.7,5,GHRSST L4 / INSAT-3DR MOSDAC / Sentinel-3 SLSTR,0.5
4037,2026-08-23,21.0,86.0,27.55,0.55,5,GHRSST L4 / INSAT-3DR MOSDAC / Sentinel-3 SLSTR,0.5
4038,2026-08-23,21.0,86.5,27.72,0.72,5,GHRSST L4 / INSAT-3DR MOSDAC / Sentinel-3 SLSTR,0.5
4039,2026-08-23,21.0,87.0,28.02,1.02,5,GHRSST L4 / INSAT-3DR MOSDAC / Sentinel-3 SLSTR,0.5
4040,2026-08-23,21.0,87.5,27.44,0.44,5,GHRSST L4 / INSAT-3DR MOSDAC / Sentinel-3 SLSTR,0.5
4041,2026-08-23,21.0,88.0,27.66,0.66,5,GHRSST L4 / INSAT-3DR MOSDAC / Sentinel-3 SLSTR,0.5
4042,2026-08-23,21.0,88.5,27.88,0.88,5,GHRSST L4 / INSAT-3DR MOSDAC / Sentinel-3 SLSTR,0.5
4043,2026-08-23,21.0,89.0,27.46,0.46,5,GHRSST L4 / INSAT-3DR MOSDAC / Sentinel-3 SLSTR,0.5
4044,2026-08-23,21.0,89.5,27.85,0.85,5,GHRSST L4 / INSAT-3DR MOSDAC / Sentinel-3 SLSTR,0.5
4045,2026-08-23,21.0,90.0,27.63,0.63,5,GHRSST L4 / INSAT-3DR MOSDAC / Sentinel-3 SLSTR,0.5
4046,2026-08-23,21.0,90.5,27.78,0.78,5,GHRSST L4 / INSAT-3DR MOSDAC / Sentinel-3 SLSTR,0.5
4047,2026-08-23,21.0,91.0,27.72,0.72,5,GHRSST L4 / INSAT-3DR MOSDAC / Sentinel-3 SLSTR,0.5
4048,2026-08-23,21.0,91.5,27.67,0.67,5,GHRSST L4 / INSAT-3DR MOSDAC / Sentinel-3 SLSTR,0.5
4049,2026-08-23,21.0,92.0,27.69,0.69,5,GHRSST L4 / INSAT-3DR MOSDAC / Sentinel-3 SLSTR,0.5
4050,2026-08-23,21.0,92.5,27.45,0.45,5,GHRSST L4 / INSAT-3DR MOSDAC / Sentinel-3 SLSTR,0.5
4051,2026-08-23,21.0,93.0,27.65,0.65,5,GHRSST L4 / INSAT-3DR MOSDAC / Sentinel-3 SLSTR,0.5
4052,2026-08-23,21.0,93.5,27.88,0.88,5,GHRSST L4 / INSAT-3DR MOSDAC / Sentinel-3 SLSTR,0.5
4053,2026-08-23,21.0,94.0,27.98,0.98,5,GHRSST L4 / INSAT-3DR MOSDAC / Sentinel-3 SLSTR,0.5
4054,2026-08-23,21.5,68.0,27.73,0.78,5,GHRSST L4 / INSAT-3DR MOSDAC / Sentinel-3 SLSTR,0.5
4055,2026-08-23,21.5,68.5,27.87,0.92,5,GHRSST L4 / INSAT-3DR MOSDAC / Sentinel-3 SLSTR,0.5
4056,2026-08-23,21.5,69.0,27.65,0.7,5,GHRSST L4 / INSAT-3DR MOSDAC / Sentinel-3 SLSTR,0.5
4057,2026-08-23,21.5,69.5,27.44,0.49,5,GHRSST L4 / INSAT-3DR MOSDAC / Sentinel-3 SLSTR,0.5
4058,2026-08-23,21.5,70.0,27.8,0.85,5,GHRSST L4 / INSAT-3DR MOSDAC / Sentinel-3 SLSTR,0.5
4059,2026-08-23,21.5,70.5,27.78,0.83,5,GHRSST L4 / INSAT-3DR MOSDAC / Sentinel-3 SLSTR,0.5
4060,2026-08-23,21.5,71.0,27.3,0.35,5,GHRSST L4 / INSAT-3DR MOSDAC / Sentinel-3 SLSTR,0.5
4061,2026-08-23,21.5,71.5,27.63,0.68,5,GHRSST L4 / INSAT-3DR MOSDAC / Sentinel-3 SLSTR,0.5
4062,2026-08-23,21.5,72.0,27.95,1.0,5,GHRSST L4 / INSAT-3DR MOSDAC / Sentinel-3 SLSTR,0.5
4063,2026-08-23,21.5,72.5,27.98,1.03,5,GHRSST L4 / INSAT-3DR MOSDAC / Sentinel-3 SLSTR,0.5
4064,2026-08-23,21.5,73.0,27.61,0.66,5,GHRSST L4 / INSAT-3DR MOSDAC / Sentinel-3 SLSTR,0.5
4065,2026-08-23,21.5,73.5,27.8,0.85,5,GHRSST L4 / INSAT-3DR MOSDAC / Sentinel-3 SLSTR,0.5
4066,2026-08-23,21.5,74.0,27.3,0.35,5,GHRSST L4 / INSAT-3DR MOSDAC / Sentinel-3 SLSTR,0.5
4067,2026-08-23,21.5,74.5,27.48,0.53,5,GHRSST L4 / INSAT-3DR MOSDAC / Sentinel-3 SLSTR,0.5
4068,2026-08-23,21.5,75.0,27.8,0.85,5,GHRSST L4 / INSAT-3DR MOSDAC / Sentinel-3 SLSTR,0.5
4069,2026-08-23,21.5,75.5,27.75,0.8,5,GHRSST L4 / INSAT-3DR MOSDAC / Sentinel-3 SLSTR,0.5
4070,2026-08-23,21.5,76.0,27.75,0.8,5,GHRSST L4 / INSAT-3DR MOSDAC / Sentinel-3 SLSTR,0.5
4071,2026-08-23,21.5,76.5,27.78,0.83,5,GHRSST L4 / INSAT-3DR MOSDAC / Sentinel-3 SLSTR,0.5
4072,2026-08-23,21.5,77.0,27.59,0.64,5,GHRSST L4 / INSAT-3DR MOSDAC / Sentinel-3 SLSTR,0.5
4073,2026-08-23,21.5,77.5,27.95,1.0,5,GHRSST L4 / INSAT-3DR MOSDAC / Sentinel-3 SLSTR,0.5
4074,2026-08-23,21.5,78.0,27.55,0.6,5,GHRSST L4 / INSAT-3DR MOSDAC / Sentinel-3 SLSTR,0.5
4075,2026-08-23,21.5,78.5,27.92,0.97,5,GHRSST L4 / INSAT-3DR MOSDAC / Sentinel-3 SLSTR,0.5
4076,2026-08-23,21.5,79.0,27.33,0.38,5,GHRSST L4 / INSAT-3DR MOSDAC / Sentinel-3 SLSTR,0.5
4077,2026-08-23,21.5,79.5,27.88,0.93,5,GHRSST L4 / INSAT-3DR MOSDAC / Sentinel-3 SLSTR,0.5
4078,2026-08-23,21.5,80.0,27.5,0.55,5,GHRSST L4 / INSAT-3DR MOSDAC / Sentinel-3 SLSTR,0.5
4079,2026-08-23,21.5,80.5,27.75,0.8,5,GHRSST L4 / INSAT-3DR MOSDAC / Sentinel-3 SLSTR,0.5
4080,2026-08-23,21.5,81.0,27.33,0.38,5,GHRSST L4 / INSAT-3DR MOSDAC / Sentinel-3 SLSTR,0.5
4081,2026-08-23,21.5,81.5,27.35,0.4,5,GHRSST L4 / INSAT-3DR MOSDAC / Sentinel-3 SLSTR,0.5
4082,2026-08-23,21.5,82.0,27.33,0.38,5,GHRSST L4 / INSAT-3DR MOSDAC / Sentinel-3 SLSTR,0.5
4083,2026-08-23,21.5,82.5,27.63,0.68,5,GHRSST L4 / INSAT-3DR MOSDAC / Sentinel-3 SLSTR,0.5
4084,2026-08-23,21.5,83.0,27.58,0.63,5,GHRSST L4 / INSAT-3DR MOSDAC / Sentinel-3 SLSTR,0.5
4085,2026-08-23,21.5,83.5,27.51,0.56,5,GHRSST L4 / INSAT-3DR MOSDAC / Sentinel-3 SLSTR,0.5
4086,2026-08-23,21.5,84.0,27.6,0.65,5,GHRSST L4 / INSAT-3DR MOSDAC / Sentinel-3 SLSTR,0.5
4087,2026-08-23,21.5,84.5,27.51,0.56,5,GHRSST L4 / INSAT-3DR MOSDAC / Sentinel-3 SLSTR,0.5
4088,2026-08-23,21.5,85.0,27.9,0.95,5,GHRSST L4 / INSAT-3DR MOSDAC / Sentinel-3 SLSTR,0.5
4089,2026-08-23,21.5,85.5,27.68,0.73,5,GHRSST L4 / INSAT-3DR MOSDAC / Sentinel-3 SLSTR,0.5
4090,2026-08-23,21.5,86.0,27.51,0.56,5,GHRSST L4 / INSAT-3DR MOSDAC / Sentinel-3 SLSTR,0.5
4091,2026-08-23,21.5,86.5,27.61,0.66,5,GHRSST L4 / INSAT-3DR MOSDAC / Sentinel-3 SLSTR,0.5
4092,2026-08-23,21.5,87.0,27.9,0.95,5,GHRSST L4 / INSAT-3DR MOSDAC / Sentinel-3 SLSTR,0.5
4093,2026-08-23,21.5,87.5,27.58,0.63,5,GHRSST L4 / INSAT-3DR MOSDAC / Sentinel-3 SLSTR,0.5
4094,2026-08-23,21.5,88.0,27.59,0.64,5,GHRSST L4 / INSAT-3DR MOSDAC / Sentinel-3 SLSTR,0.5
4095,2026-08-23,21.5,88.5,27.53,0.58,5,GHRSST L4 / INSAT-3DR MOSDAC / Sentinel-3 SLSTR,0.5
4096,2026-08-23,21.5,89.0,27.47,0.52,5,GHRSST L4 / INSAT-3DR MOSDAC / Sentinel-3 SLSTR,0.5
4097,2026-08-23,21.5,89.5,27.62,0.67,5,GHRSST L4 / INSAT-3DR MOSDAC / Sentinel-3 SLSTR,0.5
4098,2026-08-23,21.5,90.0,27.81,0.86,5,GHRSST L4 / INSAT-3DR MOSDAC / Sentinel-3 SLSTR,0.5
4099,2026-08-23,21.5,90.5,27.55,0.6,5,GHRSST L4 / INSAT-3DR MOSDAC / Sentinel-3 SLSTR,0.5
4100,2026-08-23,21.5,91.0,27.45,0.5,5,GHRSST L4 / INSAT-3DR MOSDAC / Sentinel-3 SLSTR,0.5
4101,2026-08-23,21.5,91.5,27.75,0.8,5,GHRSST L4 / INSAT-3DR MOSDAC / Sentinel-3 SLSTR,0.5
4102,2026-08-23,21.5,92.0,27.86,0.91,5,GHRSST L4 / INSAT-3DR MOSDAC / Sentinel-3 SLSTR,0.5
4103,2026-08-23,21.5,92.5,27.31,0.36,5,GHRSST L4 / INSAT-3DR MOSDAC / Sentinel-3 SLSTR,0.5
4104,2026-08-23,21.5,93.0,27.73,0.78,5,GHRSST L4 / INSAT-3DR MOSDAC / Sentinel-3 SLSTR,0.5
4105,2026-08-23,21.5,93.5,27.92,0.97,5,GHRSST L4 / INSAT-3DR MOSDAC / Sentinel-3 SLSTR,0.5
4106,2026-08-23,21.5,94.0,27.35,0.4,5,GHRSST L4 / INSAT-3DR MOSDAC / Sentinel-3 SLSTR,0.5
4107,2026-08-23,22.0,68.0,27.86,0.96,5,GHRSST L4 / INSAT-3DR MOSDAC / Sentinel-3 SLSTR,0.5
4108,2026-08-23,22.0,68.5,27.31,0.41,5,GHRSST L4 / INSAT-3DR MOSDAC / Sentinel-3 SLSTR,0.5
4109,2026-08-23,22.0,69.0,27.93,1.03,5,GHRSST L4 / INSAT-3DR MOSDAC / Sentinel-3 SLSTR,0.5
4110,2026-08-23,22.0,69.5,27.59,0.69,5,GHRSST L4 / INSAT-3DR MOSDAC / Sentinel-3 SLSTR,0.5
4111,2026-08-23,22.0,70.0,27.74,0.84,5,GHRSST L4 / INSAT-3DR MOSDAC / Sentinel-3 SLSTR,0.5
4112,2026-08-23,22.0,70.5,27.27,0.37,5,GHRSST L4 / INSAT-3DR MOSDAC / Sentinel-3 SLSTR,0.5
4113,2026-08-23,22.0,71.0,27.3,0.4,5,GHRSST L4 / INSAT-3DR MOSDAC / Sentinel-3 SLSTR,0.5
4114,2026-08-23,22.0,71.5,27.9,1.0,5,GHRSST L4 / INSAT-3DR MOSDAC / Sentinel-3 SLSTR,0.5
4115,2026-08-23,22.0,72.0,27.92,1.02,5,GHRSST L4 / INSAT-3DR MOSDAC / Sentinel-3 SLSTR,0.5
4116,2026-08-23,22.0,72.5,27.42,0.52,5,GHRSST L4 / INSAT-3DR MOSDAC / Sentinel-3 SLSTR,0.5
4117,2026-08-23,22.0,73.0,27.47,0.57,5,GHRSST L4 / INSAT-3DR MOSDAC / Sentinel-3 SLSTR,0.5
4118,2026-08-23,22.0,73.5,27.24,0.34,5,GHRSST L4 / INSAT-3DR MOSDAC / Sentinel-3 SLSTR,0.5
4119,2026-08-23,22.0,74.0,27.9,1.0,5,GHRSST L4 / INSAT-3DR MOSDAC / Sentinel-3 SLSTR,0.5
4120,2026-08-23,22.0,74.5,27.87,0.97,5,GHRSST L4 / INSAT-3DR MOSDAC / Sentinel-3 SLSTR,0.5
4121,2026-08-23,22.0,75.0,27.31,0.41,5,GHRSST L4 / INSAT-3DR MOSDAC / Sentinel-3 SLSTR,0.5
4122,2026-08-23,22.0,75.5,27.49,0.59,5,GHRSST L4 / INSAT-3DR MOSDAC / Sentinel-3 SLSTR,0.5
4123,2026-08-23,22.0,76.0,27.91,1.01,5,GHRSST L4 / INSAT-3DR MOSDAC / Sentinel-3 SLSTR,0.5
4124,2026-08-23,22.0,76.5,27.32,0.42,5,GHRSST L4 / INSAT-3DR MOSDAC / Sentinel-3 SLSTR,0.5
4125,2026-08-23,22.0,77.0,27.84,0.94,5,GHRSST L4 / INSAT-3DR MOSDAC / Sentinel-3 SLSTR,0.5
4126,2026-08-23,22.0,77.5,27.37,0.47,5,GHRSST L4 / INSAT-3DR MOSDAC / Sentinel-3 SLSTR,0.5
4127,2026-08-23,22.0,78.0,27.28,0.38,5,GHRSST L4 / INSAT-3DR MOSDAC / Sentinel-3 SLSTR,0.5
4128,2026-08-23,22.0,78.5,27.33,0.43,5,GHRSST L4 / INSAT-3DR MOSDAC / Sentinel-3 SLSTR,0.5
4129,2026-08-23,22.0,79.0,27.73,0.83,5,GHRSST L4 / INSAT-3DR MOSDAC / Sentinel-3 SLSTR,0.5
4130,2026-08-23,22.0,79.5,27.33,0.43,5,GHRSST L4 / INSAT-3DR MOSDAC / Sentinel-3 SLSTR,0.5
4131,2026-08-23,22.0,80.0,27.23,0.33,5,GHRSST L4 / INSAT-3DR MOSDAC / Sentinel-3 SLSTR,0.5
4132,2026-08-23,22.0,80.5,27.77,0.87,5,GHRSST L4 / INSAT-3DR MOSDAC / Sentinel-3 SLSTR,0.5
4133,2026-08-23,22.0,81.0,27.69,0.79,5,GHRSST L4 / INSAT-3DR MOSDAC / Sentinel-3 SLSTR,0.5
4134,2026-08-23,22.0,81.5,27.84,0.94,5,GHRSST L4 / INSAT-3DR MOSDAC / Sentinel-3 SLSTR,0.5
4135,2026-08-23,22.0,82.0,27.63,0.73,5,GHRSST L4 / INSAT-3DR MOSDAC / Sentinel-3 SLSTR,0.5
4136,2026-08-23,22.0,82.5,27.26,0.36,5,GHRSST L4 / INSAT-3DR MOSDAC / Sentinel-3 SLSTR,0.5
4137,2026-08-23,22.0,83.0,27.25,0.35,5,GHRSST L4 / INSAT-3DR MOSDAC / Sentinel-3 SLSTR,0.5
4138,2026-08-23,22.0,83.5,27.78,0.88,5,GHRSST L4 / INSAT-3DR MOSDAC / Sentinel-3 SLSTR,0.5
4139,2026-08-23,22.0,84.0,27.85,0.95,5,GHRSST L4 / INSAT-3DR MOSDAC / Sentinel-3 SLSTR,0.5
4140,2026-08-23,22.0,84.5,27.79,0.89,5,GHRSST L4 / INSAT-3DR MOSDAC / Sentinel-3 SLSTR,0.5
4141,2026-08-23,22.0,85.0,27.49,0.59,5,GHRSST L4 / INSAT-3DR MOSDAC / Sentinel-3 SLSTR,0.5
4142,2026-08-23,22.0,85.5,27.69,0.79,5,GHRSST L4 / INSAT-3DR MOSDAC / Sentinel-3 SLSTR,0.5
4143,2026-08-23,22.0,86.0,27.28,0.38,5,GHRSST L4 / INSAT-3DR MOSDAC / Sentinel-3 SLSTR,0.5
4144,2026-08-23,22.0,86.5,27.73,0.83,5,GHRSST L4 / INSAT-3DR MOSDAC / Sentinel-3 SLSTR,0.5
4145,2026-08-23,22.0,87.0,27.4,0.5,5,GHRSST L4 / INSAT-3DR MOSDAC / Sentinel-3 SLSTR,0.5
4146,2026-08-23,22.0,87.5,27.88,0.98,5,GHRSST L4 / INSAT-3DR MOSDAC / Sentinel-3 SLSTR,0.5
4147,2026-08-23,22.0,88.0,27.47,0.57,5,GHRSST L4 / INSAT-3DR MOSDAC / Sentinel-3 SLSTR,0.5
4148,2026-08-23,22.0,88.5,27.47,0.57,5,GHRSST L4 / INSAT-3DR MOSDAC / Sentinel-3 SLSTR,0.5
4149,2026-08-23,22.0,89.0,27.43,0.53,5,GHRSST L4 / INSAT-3DR MOSDAC / Sentinel-3 SLSTR,0.5
4150,2026-08-23,22.0,89.5,27.67,0.77,5,GHRSST L4 / INSAT-3DR MOSDAC / Sentinel-3 SLSTR,0.5
4151,2026-08-23,22.0,90.0,27.3,0.4,5,GHRSST L4 / INSAT-3DR MOSDAC / Sentinel-3 SLSTR,0.5
4152,2026-08-23,22.0,90.5,27.27,0.37,5,GHRSST L4 / INSAT-3DR MOSDAC / Sentinel-3 SLSTR,0.5
4153,2026-08-23,22.0,91.0,27.72,0.82,5,GHRSST L4 / INSAT-3DR MOSDAC / Sentinel-3 SLSTR,0.5
4154,2026-08-23,22.0,91.5,27.89,0.99,5,GHRSST L4 / INSAT-3DR MOSDAC / Sentinel-3 SLSTR,0.5
4155,2026-08-23,22.0,92.0,27.75,0.85,5,GHRSST L4 / INSAT-3DR MOSDAC / Sentinel-3 SLSTR,0.5
4156,2026-08-23,22.0,92.5,27.4,0.5,5,GHRSST L4 / INSAT-3DR MOSDAC / Sentinel-3 SLSTR,0.5
4157,2026-08-23,22.0,93.0,27.48,0.58,5,GHRSST L4 / INSAT-3DR MOSDAC / Sentinel-3 SLSTR,0.5
4158,2026-08-23,22.0,93.5,27.37,0.47,5,GHRSST L4 / INSAT-3DR MOSDAC / Sentinel-3 SLSTR,0.5
4159,2026-08-23,22.0,94.0,27.71,0.81,5,GHRSST L4 / INSAT-3DR MOSDAC / Sentinel-3 SLSTR,0.5
4160,2026-08-23,22.5,68.0,27.34,0.49,5,GHRSST L4 / INSAT-3DR MOSDAC / Sentinel-3 SLSTR,0.5
4161,2026-08-23,22.5,68.5,27.57,0.72,5,GHRSST L4 / INSAT-3DR MOSDAC / Sentinel-3 SLSTR,0.5
4162,2026-08-23,22.5,69.0,27.76,0.91,5,GHRSST L4 / INSAT-3DR MOSDAC / Sentinel-3 SLSTR,0.5
4163,2026-08-23,22.5,69.5,27.53,0.68,5,GHRSST L4 / INSAT-3DR MOSDAC / Sentinel-3 SLSTR,0.5
4164,2026-08-23,22.5,70.0,27.59,0.74,5,GHRSST L4 / INSAT-3DR MOSDAC / Sentinel-3 SLSTR,0.5
4165,2026-08-23,22.5,70.5,27.85,1.0,5,GHRSST L4 / INSAT-3DR MOSDAC / Sentinel-3 SLSTR,0.5
4166,2026-08-23,22.5,71.0,27.39,0.54,5,GHRSST L4 / INSAT-3DR MOSDAC / Sentinel-3 SLSTR,0.5
4167,2026-08-23,22.5,71.5,27.73,0.88,5,GHRSST L4 / INSAT-3DR MOSDAC / Sentinel-3 SLSTR,0.5
4168,2026-08-23,22.5,72.0,27.65,0.8,5,GHRSST L4 / INSAT-3DR MOSDAC / Sentinel-3 SLSTR,0.5
4169,2026-08-23,22.5,72.5,27.25,0.4,5,GHRSST L4 / INSAT-3DR MOSDAC / Sentinel-3 SLSTR,0.5
4170,2026-08-23,22.5,73.0,27.86,1.01,5,GHRSST L4 / INSAT-3DR MOSDAC / Sentinel-3 SLSTR,0.5
4171,2026-08-23,22.5,73.5,27.65,0.8,5,GHRSST L4 / INSAT-3DR MOSDAC / Sentinel-3 SLSTR,0.5
4172,2026-08-23,22.5,74.0,27.18,0.33,5,GHRSST L4 / INSAT-3DR MOSDAC / Sentinel-3 SLSTR,0.5
4173,2026-08-23,22.5,74.5,27.68,0.83,5,GHRSST L4 / INSAT-3DR MOSDAC / Sentinel-3 SLSTR,0.5
4174,2026-08-23,22.5,75.0,27.26,0.41,5,GHRSST L4 / INSAT-3DR MOSDAC / Sentinel-3 SLSTR,0.5
4175,2026-08-23,22.5,75.5,27.38,0.53,5,GHRSST L4 / INSAT-3DR MOSDAC / Sentinel-3 SLSTR,0.5
4176,2026-08-23,22.5,76.0,27.41,0.56,5,GHRSST L4 / INSAT-3DR MOSDAC / Sentinel-3 SLSTR,0.5
4177,2026-08-23,22.5,76.5,27.39,0.54,5,GHRSST L4 / INSAT-3DR MOSDAC / Sentinel-3 SLSTR,0.5
4178,2026-08-23,22.5,77.0,27.69,0.84,5,GHRSST L4 / INSAT-3DR MOSDAC / Sentinel-3 SLSTR,0.5
4179,2026-08-23,22.5,77.5,27.7,0.85,5,GHRSST L4 / INSAT-3DR MOSDAC / Sentinel-3 SLSTR,0.5
4180,2026-08-23,22.5,78.0,27.54,0.69,5,GHRSST L4 / INSAT-3DR MOSDAC / Sentinel-3 SLSTR,0.5
4181,2026-08-23,22.5,78.5,27.57,0.72,5,GHRSST L4 / INSAT-3DR MOSDAC / Sentinel-3 SLSTR,0.5
4182,2026-08-23,22.5,79.0,27.39,0.54,5,GHRSST L4 / INSAT-3DR MOSDAC / Sentinel-3 SLSTR,0.5
4183,2026-08-23,22.5,79.5,27.19,0.34,5,GHRSST L4 / INSAT-3DR MOSDAC / Sentinel-3 SLSTR,0.5
4184,2026-08-23,22.5,80.0,27.42,0.57,5,GHRSST L4 / INSAT-3DR MOSDAC / Sentinel-3 SLSTR,0.5
4185,2026-08-23,22.5,80.5,27.18,0.33,5,GHRSST L4 / INSAT-3DR MOSDAC / Sentinel-3 SLSTR,0.5
4186,2026-08-23,22.5,81.0,27.78,0.93,5,GHRSST L4 / INSAT-3DR MOSDAC / Sentinel-3 SLSTR,0.5
4187,2026-08-23,22.5,81.5,27.62,0.77,5,GHRSST L4 / INSAT-3DR MOSDAC / Sentinel-3 SLSTR,0.5
4188,2026-08-23,22.5,82.0,27.86,1.01,5,GHRSST L4 / INSAT-3DR MOSDAC / Sentinel-3 SLSTR,0.5
4189,2026-08-23,22.5,82.5,27.3,0.45,5,GHRSST L4 / INSAT-3DR MOSDAC / Sentinel-3 SLSTR,0.5
4190,2026-08-23,22.5,83.0,27.63,0.78,5,GHRSST L4 / INSAT-3DR MOSDAC / Sentinel-3 SLSTR,0.5
4191,2026-08-23,22.5,83.5,27.3,0.45,5,GHRSST L4 / INSAT-3DR MOSDAC / Sentinel-3 SLSTR,0.5
4192,2026-08-23,22.5,84.0,27.62,0.77,5,GHRSST L4 / INSAT-3DR MOSDAC / Sentinel-3 SLSTR,0.5
4193,2026-08-23,22.5,84.5,27.51,0.66,5,GHRSST L4 / INSAT-3DR MOSDAC / Sentinel-3 SLSTR,0.5
4194,2026-08-23,22.5,85.0,27.64,0.79,5,GHRSST L4 / INSAT-3DR MOSDAC / Sentinel-3 SLSTR,0.5
4195,2026-08-23,22.5,85.5,27.68,0.83,5,GHRSST L4 / INSAT-3DR MOSDAC / Sentinel-3 SLSTR,0.5
4196,2026-08-23,22.5,86.0,27.54,0.69,5,GHRSST L4 / INSAT-3DR MOSDAC / Sentinel-3 SLSTR,0.5
4197,2026-08-23,22.5,86.5,27.52,0.67,5,GHRSST L4 / INSAT-3DR MOSDAC / Sentinel-3 SLSTR,0.5
4198,2026-08-23,22.5,87.0,27.22,0.37,5,GHRSST L4 / INSAT-3DR MOSDAC / Sentinel-3 SLSTR,0.5
4199,2026-08-23,22.5,87.5,27.42,0.57,5,GHRSST L4 / INSAT-3DR MOSDAC / Sentinel-3 SLSTR,0.5
4200,2026-08-23,22.5,88.0,27.38,0.53,5,GHRSST L4 / INSAT-3DR MOSDAC / Sentinel-3 SLSTR,0.5
4201,2026-08-23,22.5,88.5,27.61,0.76,5,GHRSST L4 / INSAT-3DR MOSDAC / Sentinel-3 SLSTR,0.5
4202,2026-08-23,22.5,89.0,27.36,0.51,5,GHRSST L4 / INSAT-3DR MOSDAC / Sentinel-3 SLSTR,0.5
4203,2026-08-23,22.5,89.5,27.33,0.48,5,GHRSST L4 / INSAT-3DR MOSDAC / Sentinel-3 SLSTR,0.5
4204,2026-08-23,22.5,90.0,27.76,0.91,5,GHRSST L4 / INSAT-3DR MOSDAC / Sentinel-3 SLSTR,0.5
4205,2026-08-23,22.5,90.5,27.75,0.9,5,GHRSST L4 / INSAT-3DR MOSDAC / Sentinel-3 SLSTR,0.5
4206,2026-08-23,22.5,91.0,27.4,0.55,5,GHRSST L4 / INSAT-3DR MOSDAC / Sentinel-3 SLSTR,0.5
4207,2026-08-23,22.5,91.5,27.23,0.38,5,GHRSST L4 / INSAT-3DR MOSDAC / Sentinel-3 SLSTR,0.5
4208,2026-08-23,22.5,92.0,27.52,0.67,5,GHRSST L4 / INSAT-3DR MOSDAC / Sentinel-3 SLSTR,0.5
4209,2026-08-23,22.5,92.5,27.49,0.64,5,GHRSST L4 / INSAT-3DR MOSDAC / Sentinel-3 SLSTR,0.5
4210,2026-08-23,22.5,93.0,27.78,0.93,5,GHRSST L4 / INSAT-3DR MOSDAC / Sentinel-3 SLSTR,0.5
4211,2026-08-23,22.5,93.5,27.55,0.7,5,GHRSST L4 / INSAT-3DR MOSDAC / Sentinel-3 SLSTR,0.5
4212,2026-08-23,22.5,94.0,27.83,0.98,5,GHRSST L4 / INSAT-3DR MOSDAC / Sentinel-3 SLSTR,0.5
4213,2026-08-23,23.0,68.0,27.45,0.65,5,GHRSST L4 / INSAT-3DR MOSDAC / Sentinel-3 SLSTR,0.5
4214,2026-08-23,23.0,68.5,27.58,0.78,5,GHRSST L4 / INSAT-3DR MOSDAC / Sentinel-3 SLSTR,0.5
4215,2026-08-23,23.0,69.0,27.45,0.65,5,GHRSST L4 / INSAT-3DR MOSDAC / Sentinel-3 SLSTR,0.5
4216,2026-08-23,23.0,69.5,27.33,0.53,5,GHRSST L4 / INSAT-3DR MOSDAC / Sentinel-3 SLSTR,0.5
4217,2026-08-23,23.0,70.0,27.13,0.33,5,GHRSST L4 / INSAT-3DR MOSDAC / Sentinel-3 SLSTR,0.5
4218,2026-08-23,23.0,70.5,27.67,0.87,5,GHRSST L4 / INSAT-3DR MOSDAC / Sentinel-3 SLSTR,0.5
4219,2026-08-23,23.0,71.0,27.74,0.94,5,GHRSST L4 / INSAT-3DR MOSDAC / Sentinel-3 SLSTR,0.5
4220,2026-08-23,23.0,71.5,27.62,0.82,5,GHRSST L4 / INSAT-3DR MOSDAC / Sentinel-3 SLSTR,0.5
4221,2026-08-23,23.0,72.0,27.3,0.5,5,GHRSST L4 / INSAT-3DR MOSDAC / Sentinel-3 SLSTR,0.5
4222,2026-08-23,23.0,72.5,27.68,0.88,5,GHRSST L4 / INSAT-3DR MOSDAC / Sentinel-3 SLSTR,0.5
4223,2026-08-23,23.0,73.0,27.54,0.74,5,GHRSST L4 / INSAT-3DR MOSDAC / Sentinel-3 SLSTR,0.5
4224,2026-08-23,23.0,73.5,27.59,0.79,5,GHRSST L4 / INSAT-3DR MOSDAC / Sentinel-3 SLSTR,0.5
4225,2026-08-23,23.0,74.0,27.16,0.36,5,GHRSST L4 / INSAT-3DR MOSDAC / Sentinel-3 SLSTR,0.5
4226,2026-08-23,23.0,74.5,27.52,0.72,5,GHRSST L4 / INSAT-3DR MOSDAC / Sentinel-3 SLSTR,0.5
4227,2026-08-23,23.0,75.0,27.5,0.7,5,GHRSST L4 / INSAT-3DR MOSDAC / Sentinel-3 SLSTR,0.5
4228,2026-08-23,23.0,75.5,27.57,0.77,5,GHRSST L4 / INSAT-3DR MOSDAC / Sentinel-3 SLSTR,0.5
4229,2026-08-23,23.0,76.0,27.65,0.85,5,GHRSST L4 / INSAT-3DR MOSDAC / Sentinel-3 SLSTR,0.5
4230,2026-08-23,23.0,76.5,27.39,0.59,5,GHRSST L4 / INSAT-3DR MOSDAC / Sentinel-3 SLSTR,0.5
4231,2026-08-23,23.0,77.0,27.22,0.42,5,GHRSST L4 / INSAT-3DR MOSDAC / Sentinel-3 SLSTR,0.5
4232,2026-08-23,23.0,77.5,27.76,0.96,5,GHRSST L4 / INSAT-3DR MOSDAC / Sentinel-3 SLSTR,0.5
4233,2026-08-23,23.0,78.0,27.65,0.85,5,GHRSST L4 / INSAT-3DR MOSDAC / Sentinel-3 SLSTR,0.5
4234,2026-08-23,23.0,78.5,27.49,0.69,5,GHRSST L4 / INSAT-3DR MOSDAC / Sentinel-3 SLSTR,0.5
4235,2026-08-23,23.0,79.0,27.36,0.56,5,GHRSST L4 / INSAT-3DR MOSDAC / Sentinel-3 SLSTR,0.5
4236,2026-08-23,23.0,79.5,27.8,1.0,5,GHRSST L4 / INSAT-3DR MOSDAC / Sentinel-3 SLSTR,0.5
4237,2026-08-23,23.0,80.0,27.18,0.38,5,GHRSST L4 / INSAT-3DR MOSDAC / Sentinel-3 SLSTR,0.5
4238,2026-08-23,23.0,80.5,27.76,0.96,5,GHRSST L4 / INSAT-3DR MOSDAC / Sentinel-3 SLSTR,0.5
4239,2026-08-23,23.0,81.0,27.39,0.59,5,GHRSST L4 / INSAT-3DR MOSDAC / Sentinel-3 SLSTR,0.5
4240,2026-08-23,23.0,81.5,27.18,0.38,5,GHRSST L4 / INSAT-3DR MOSDAC / Sentinel-3 SLSTR,0.5
4241,2026-08-23,23.0,82.0,27.38,0.58,5,GHRSST L4 / INSAT-3DR MOSDAC / Sentinel-3 SLSTR,0.5
4242,2026-08-23,23.0,82.5,27.63,0.83,5,GHRSST L4 / INSAT-3DR MOSDAC / Sentinel-3 SLSTR,0.5
4243,2026-08-23,23.0,83.0,27.41,0.61,5,GHRSST L4 / INSAT-3DR MOSDAC / Sentinel-3 SLSTR,0.5
4244,2026-08-23,23.0,83.5,27.46,0.66,5,GHRSST L4 / INSAT-3DR MOSDAC / Sentinel-3 SLSTR,0.5
4245,2026-08-23,23.0,84.0,27.69,0.89,5,GHRSST L4 / INSAT-3DR MOSDAC / Sentinel-3 SLSTR,0.5
4246,2026-08-23,23.0,84.5,27.54,0.74,5,GHRSST L4 / INSAT-3DR MOSDAC / Sentinel-3 SLSTR,0.5
4247,2026-08-23,23.0,85.0,27.58,0.78,5,GHRSST L4 / INSAT-3DR MOSDAC / Sentinel-3 SLSTR,0.5
4248,2026-08-23,23.0,85.5,27.22,0.42,5,GHRSST L4 / INSAT-3DR MOSDAC / Sentinel-3 SLSTR,0.5
4249,2026-08-23,23.0,86.0,27.29,0.49,5,GHRSST L4 / INSAT-3DR MOSDAC / Sentinel-3 SLSTR,0.5
4250,2026-08-23,23.0,86.5,27.4,0.6,5,GHRSST L4 / INSAT-3DR MOSDAC / Sentinel-3 SLSTR,0.5
4251,2026-08-23,23.0,87.0,27.19,0.39,5,GHRSST L4 / INSAT-3DR MOSDAC / Sentinel-3 SLSTR,0.5
4252,2026-08-23,23.0,87.5,27.31,0.51,5,GHRSST L4 / INSAT-3DR MOSDAC / Sentinel-3 SLSTR,0.5
4253,2026-08-23,23.0,88.0,27.69,0.89,5,GHRSST L4 / INSAT-3DR MOSDAC / Sentinel-3 SLSTR,0.5
4254,2026-08-23,23.0,88.5,27.13,0.33,5,GHRSST L4 / INSAT-3DR MOSDAC / Sentinel-3 SLSTR,0.5
4255,2026-08-23,23.0,89.0,27.15,0.35,5,GHRSST L4 / INSAT-3DR MOSDAC / Sentinel-3 SLSTR,0.5
4256,2026-08-23,23.0,89.5,27.59,0.79,5,GHRSST L4 / INSAT-3DR MOSDAC / Sentinel-3 SLSTR,0.5
4257,2026-08-23,23.0,90.0,27.38,0.58,5,GHRSST L4 / INSAT-3DR MOSDAC / Sentinel-3 SLSTR,0.5
4258,2026-08-23,23.0,90.5,27.65,0.85,5,GHRSST L4 / INSAT-3DR MOSDAC / Sentinel-3 SLSTR,0.5
4259,2026-08-23,23.0,91.0,27.76,0.96,5,GHRSST L4 / INSAT-3DR MOSDAC / Sentinel-3 SLSTR,0.5
4260,2026-08-23,23.0,91.5,27.3,0.5,5,GHRSST L4 / INSAT-3DR MOSDAC / Sentinel-3 SLSTR,0.5
4261,2026-08-23,23.0,92.0,27.14,0.34,5,GHRSST L4 / INSAT-3DR MOSDAC / Sentinel-3 SLSTR,0.5
4262,2026-08-23,23.0,92.5,27.43,0.63,5,GHRSST L4 / INSAT-3DR MOSDAC / Sentinel-3 SLSTR,0.5
4263,2026-08-23,23.0,93.0,27.78,0.98,5,GHRSST L4 / INSAT-3DR MOSDAC / Sentinel-3 SLSTR,0.5
4264,2026-08-23,23.0,93.5,27.49,0.69,5,GHRSST L4 / INSAT-3DR MOSDAC / Sentinel-3 SLSTR,0.5
4265,2026-08-23,23.0,94.0,27.37,0.57,5,GHRSST L4 / INSAT-3DR MOSDAC / Sentinel-3 SLSTR,0.5
4266,2026-08-23,23.5,68.0,27.44,0.69,5,GHRSST L4 / INSAT-3DR MOSDAC / Sentinel-3 SLSTR,0.5
4267,2026-08-23,23.5,68.5,27.17,0.42,5,GHRSST L4 / INSAT-3DR MOSDAC / Sentinel-3 SLSTR,0.5
4268,2026-08-23,23.5,69.0,27.58,0.83,5,GHRSST L4 / INSAT-3DR MOSDAC / Sentinel-3 SLSTR,0.5
4269,2026-08-23,23.5,69.5,27.53,0.78,5,GHRSST L4 / INSAT-3DR MOSDAC / Sentinel-3 SLSTR,0.5
4270,2026-08-23,23.5,70.0,27.56,0.81,5,GHRSST L4 / INSAT-3DR MOSDAC / Sentinel-3 SLSTR,0.5
4271,2026-08-23,23.5,70.5,27.26,0.51,5,GHRSST L4 / INSAT-3DR MOSDAC / Sentinel-3 SLSTR,0.5
4272,2026-08-23,23.5,71.0,27.62,0.87,5,GHRSST L4 / INSAT-3DR MOSDAC / Sentinel-3 SLSTR,0.5
4273,2026-08-23,23.5,71.5,27.68,0.93,5,GHRSST L4 / INSAT-3DR MOSDAC / Sentinel-3 SLSTR,0.5
4274,2026-08-23,23.5,72.0,27.72,0.97,5,GHRSST L4 / INSAT-3DR MOSDAC / Sentinel-3 SLSTR,0.5
4275,2026-08-23,23.5,72.5,27.5,0.75,5,GHRSST L4 / INSAT-3DR MOSDAC / Sentinel-3 SLSTR,0.5
4276,2026-08-23,23.5,73.0,27.29,0.54,5,GHRSST L4 / INSAT-3DR MOSDAC / Sentinel-3 SLSTR,0.5
4277,2026-08-23,23.5,73.5,27.32,0.57,5,GHRSST L4 / INSAT-3DR MOSDAC / Sentinel-3 SLSTR,0.5
4278,2026-08-23,23.5,74.0,27.45,0.7,5,GHRSST L4 / INSAT-3DR MOSDAC / Sentinel-3 SLSTR,0.5
4279,2026-08-23,23.5,74.5,27.45,0.7,5,GHRSST L4 / INSAT-3DR MOSDAC / Sentinel-3 SLSTR,0.5
4280,2026-08-23,23.5,75.0,27.6,0.85,5,GHRSST L4 / INSAT-3DR MOSDAC / Sentinel-3 SLSTR,0.5
4281,2026-08-23,23.5,75.5,27.11,0.36,5,GHRSST L4 / INSAT-3DR MOSDAC / Sentinel-3 SLSTR,0.5
4282,2026-08-23,23.5,76.0,27.45,0.7,5,GHRSST L4 / INSAT-3DR MOSDAC / Sentinel-3 SLSTR,0.5
4283,2026-08-23,23.5,76.5,27.29,0.54,5,GHRSST L4 / INSAT-3DR MOSDAC / Sentinel-3 SLSTR,0.5
4284,2026-08-23,23.5,77.0,27.63,0.88,5,GHRSST L4 / INSAT-3DR MOSDAC / Sentinel-3 SLSTR,0.5
4285,2026-08-23,23.5,77.5,27.3,0.55,5,GHRSST L4 / INSAT-3DR MOSDAC / Sentinel-3 SLSTR,0.5
4286,2026-08-23,23.5,78.0,27.38,0.63,5,GHRSST L4 / INSAT-3DR MOSDAC / Sentinel-3 SLSTR,0.5
4287,2026-08-23,23.5,78.5,27.21,0.46,5,GHRSST L4 / INSAT-3DR MOSDAC / Sentinel-3 SLSTR,0.5
4288,2026-08-23,23.5,79.0,27.26,0.51,5,GHRSST L4 / INSAT-3DR MOSDAC / Sentinel-3 SLSTR,0.5
4289,2026-08-23,23.5,79.5,27.44,0.69,5,GHRSST L4 / INSAT-3DR MOSDAC / Sentinel-3 SLSTR,0.5
4290,2026-08-23,23.5,80.0,27.35,0.6,5,GHRSST L4 / INSAT-3DR MOSDAC / Sentinel-3 SLSTR,0.5
4291,2026-08-23,23.5,80.5,27.19,0.44,5,GHRSST L4 / INSAT-3DR MOSDAC / Sentinel-3 SLSTR,0.5
4292,2026-08-23,23.5,81.0,27.38,0.63,5,GHRSST L4 / INSAT-3DR MOSDAC / Sentinel-3 SLSTR,0.5
4293,2026-08-23,23.5,81.5,27.17,0.42,5,GHRSST L4 / INSAT-3DR MOSDAC / Sentinel-3 SLSTR,0.5
4294,2026-08-23,23.5,82.0,27.67,0.92,5,GHRSST L4 / INSAT-3DR MOSDAC / Sentinel-3 SLSTR,0.5
4295,2026-08-23,23.5,82.5,27.7,0.95,5,GHRSST L4 / INSAT-3DR MOSDAC / Sentinel-3 SLSTR,0.5
4296,2026-08-23,23.5,83.0,27.21,0.46,5,GHRSST L4 / INSAT-3DR MOSDAC / Sentinel-3 SLSTR,0.5
4297,2026-08-23,23.5,83.5,27.09,0.34,5,GHRSST L4 / INSAT-3DR MOSDAC / Sentinel-3 SLSTR,0.5
4298,2026-08-23,23.5,84.0,27.7,0.95,5,GHRSST L4 / INSAT-3DR MOSDAC / Sentinel-3 SLSTR,0.5
4299,2026-08-23,23.5,84.5,27.27,0.52,5,GHRSST L4 / INSAT-3DR MOSDAC / Sentinel-3 SLSTR,0.5
4300,2026-08-23,23.5,85.0,27.18,0.43,5,GHRSST L4 / INSAT-3DR MOSDAC / Sentinel-3 SLSTR,0.5
4301,2026-08-23,23.5,85.5,27.69,0.94,5,GHRSST L4 / INSAT-3DR MOSDAC / Sentinel-3 SLSTR,0.5
4302,2026-08-23,23.5,86.0,27.67,0.92,5,GHRSST L4 / INSAT-3DR MOSDAC / Sentinel-3 SLSTR,0.5
4303,2026-08-23,23.5,86.5,27.09,0.34,5,GHRSST L4 / INSAT-3DR MOSDAC / Sentinel-3 SLSTR,0.5
4304,2026-08-23,23.5,87.0,27.2,0.45,5,GHRSST L4 / INSAT-3DR MOSDAC / Sentinel-3 SLSTR,0.5
4305,2026-08-23,23.5,87.5,27.62,0.87,5,GHRSST L4 / INSAT-3DR MOSDAC / Sentinel-3 SLSTR,0.5
4306,2026-08-23,23.5,88.0,27.24,0.49,5,GHRSST L4 / INSAT-3DR MOSDAC / Sentinel-3 SLSTR,0.5
4307,2026-08-23,23.5,88.5,27.52,0.77,5,GHRSST L4 / INSAT-3DR MOSDAC / Sentinel-3 SLSTR,0.5
4308,2026-08-23,23.5,89.0,27.08,0.33,5,GHRSST L4 / INSAT-3DR MOSDAC / Sentinel-3 SLSTR,0.5
4309,2026-08-23,23.5,89.5,27.64,0.89,5,GHRSST L4 / INSAT-3DR MOSDAC / Sentinel-3 SLSTR,0.5
4310,2026-08-23,23.5,90.0,27.35,0.6,5,GHRSST L4 / INSAT-3DR MOSDAC / Sentinel-3 SLSTR,0.5
4311,2026-08-23,23.5,90.5,27.38,0.63,5,GHRSST L4 / INSAT-3DR MOSDAC / Sentinel-3 SLSTR,0.5
4312,2026-08-23,23.5,91.0,27.62,0.87,5,GHRSST L4 / INSAT-3DR MOSDAC / Sentinel-3 SLSTR,0.5
4313,2026-08-23,23.5,91.5,27.37,0.62,5,GHRSST L4 / INSAT-3DR MOSDAC / Sentinel-3 SLSTR,0.5
4314,2026-08-23,23.5,92.0,27.12,0.37,5,GHRSST L4 / INSAT-3DR MOSDAC / Sentinel-3 SLSTR,0.5
4315,2026-08-23,23.5,92.5,27.4,0.65,5,GHRSST L4 / INSAT-3DR MOSDAC / Sentinel-3 SLSTR,0.5
4316,2026-08-23,23.5,93.0,27.37,0.62,5,GHRSST L4 / INSAT-3DR MOSDAC / Sentinel-3 SLSTR,0.5
4317,2026-08-23,23.5,93.5,27.37,0.62,5,GHRSST L4 / INSAT-3DR MOSDAC / Sentinel-3 SLSTR,0.5
4318,2026-08-23,23.5,94.0,27.18,0.43,5,GHRSST L4 / INSAT-3DR MOSDAC / Sentinel-3 SLSTR,0.5
4319,2026-08-23,24.0,68.0,27.1,0.4,5,GHRSST L4 / INSAT-3DR MOSDAC / Sentinel-3 SLSTR,0.5
4320,2026-08-23,24.0,68.5,27.53,0.83,5,GHRSST L4 / INSAT-3DR MOSDAC / Sentinel-3 SLSTR,0.5
4321,2026-08-23,24.0,69.0,27.42,0.72,5,GHRSST L4 / INSAT-3DR MOSDAC / Sentinel-3 SLSTR,0.5
4322,2026-08-23,24.0,69.5,26.99,0.29,5,GHRSST L4 / INSAT-3DR MOSDAC / Sentinel-3 SLSTR,0.5
4323,2026-08-23,24.0,70.0,27.57,0.87,5,GHRSST L4 / INSAT-3DR MOSDAC / Sentinel-3 SLSTR,0.5
4324,2026-08-23,24.0,70.5,27.07,0.37,5,GHRSST L4 / INSAT-3DR MOSDAC / Sentinel-3 SLSTR,0.5
4325,2026-08-23,24.0,71.0,27.51,0.81,5,GHRSST L4 / INSAT-3DR MOSDAC / Sentinel-3 SLSTR,0.5
4326,2026-08-23,24.0,71.5,27.06,0.36,5,GHRSST L4 / INSAT-3DR MOSDAC / Sentinel-3 SLSTR,0.5
4327,2026-08-23,24.0,72.0,27.67,0.97,5,GHRSST L4 / INSAT-3DR MOSDAC / Sentinel-3 SLSTR,0.5
4328,2026-08-23,24.0,72.5,27.62,0.92,5,GHRSST L4 / INSAT-3DR MOSDAC / Sentinel-3 SLSTR,0.5
4329,2026-08-23,24.0,73.0,27.12,0.42,5,GHRSST L4 / INSAT-3DR MOSDAC / Sentinel-3 SLSTR,0.5
4330,2026-08-23,24.0,73.5,27.0,0.3,5,GHRSST L4 / INSAT-3DR MOSDAC / Sentinel-3 SLSTR,0.5
4331,2026-08-23,24.0,74.0,27.03,0.33,5,GHRSST L4 / INSAT-3DR MOSDAC / Sentinel-3 SLSTR,0.5
4332,2026-08-23,24.0,74.5,27.56,0.86,5,GHRSST L4 / INSAT-3DR MOSDAC / Sentinel-3 SLSTR,0.5
4333,2026-08-23,24.0,75.0,27.04,0.34,5,GHRSST L4 / INSAT-3DR MOSDAC / Sentinel-3 SLSTR,0.5
4334,2026-08-23,24.0,75.5,27.53,0.83,5,GHRSST L4 / INSAT-3DR MOSDAC / Sentinel-3 SLSTR,0.5
4335,2026-08-23,24.0,76.0,27.56,0.86,5,GHRSST L4 / INSAT-3DR MOSDAC / Sentinel-3 SLSTR,0.5
4336,2026-08-23,24.0,76.5,27.2,0.5,5,GHRSST L4 / INSAT-3DR MOSDAC / Sentinel-3 SLSTR,0.5
4337,2026-08-23,24.0,77.0,27.5,0.8,5,GHRSST L4 / INSAT-3DR MOSDAC / Sentinel-3 SLSTR,0.5
4338,2026-08-23,24.0,77.5,27.56,0.86,5,GHRSST L4 / INSAT-3DR MOSDAC / Sentinel-3 SLSTR,0.5
4339,2026-08-23,24.0,78.0,27.54,0.84,5,GHRSST L4 / INSAT-3DR MOSDAC / Sentinel-3 SLSTR,0.5
4340,2026-08-23,24.0,78.5,27.12,0.42,5,GHRSST L4 / INSAT-3DR MOSDAC / Sentinel-3 SLSTR,0.5
4341,2026-08-23,24.0,79.0,27.3,0.6,5,GHRSST L4 / INSAT-3DR MOSDAC / Sentinel-3 SLSTR,0.5
4342,2026-08-23,24.0,79.5,27.04,0.34,5,GHRSST L4 / INSAT-3DR MOSDAC / Sentinel-3 SLSTR,0.5
4343,2026-08-23,24.0,80.0,27.36,0.66,5,GHRSST L4 / INSAT-3DR MOSDAC / Sentinel-3 SLSTR,0.5
4344,2026-08-23,24.0,80.5,27.3,0.6,5,GHRSST L4 / INSAT-3DR MOSDAC / Sentinel-3 SLSTR,0.5
4345,2026-08-23,24.0,81.0,27.62,0.92,5,GHRSST L4 / INSAT-3DR MOSDAC / Sentinel-3 SLSTR,0.5
4346,2026-08-23,24.0,81.5,27.0,0.3,5,GHRSST L4 / INSAT-3DR MOSDAC / Sentinel-3 SLSTR,0.5
4347,2026-08-23,24.0,82.0,27.36,0.66,5,GHRSST L4 / INSAT-3DR MOSDAC / Sentinel-3 SLSTR,0.5
4348,2026-08-23,24.0,82.5,27.5,0.8,5,GHRSST L4 / INSAT-3DR MOSDAC / Sentinel-3 SLSTR,0.5
4349,2026-08-23,24.0,83.0,27.31,0.61,5,GHRSST L4 / INSAT-3DR MOSDAC / Sentinel-3 SLSTR,0.5
4350,2026-08-23,24.0,83.5,27.16,0.46,5,GHRSST L4 / INSAT-3DR MOSDAC / Sentinel-3 SLSTR,0.5
4351,2026-08-23,24.0,84.0,27.42,0.72,5,GHRSST L4 / INSAT-3DR MOSDAC / Sentinel-3 SLSTR,0.5
4352,2026-08-23,24.0,84.5,27.68,0.98,5,GHRSST L4 / INSAT-3DR MOSDAC / Sentinel-3 SLSTR,0.5
4353,2026-08-23,24.0,85.0,27.02,0.32,5,GHRSST L4 / INSAT-3DR MOSDAC / Sentinel-3 SLSTR,0.5
4354,2026-08-23,24.0,85.5,27.13,0.43,5,GHRSST L4 / INSAT-3DR MOSDAC / Sentinel-3 SLSTR,0.5
4355,2026-08-23,24.0,86.0,27.33,0.63,5,GHRSST L4 / INSAT-3DR MOSDAC / Sentinel-3 SLSTR,0.5
4356,2026-08-23,24.0,86.5,27.41,0.71,5,GHRSST L4 / INSAT-3DR MOSDAC / Sentinel-3 SLSTR,0.5
4357,2026-08-23,24.0,87.0,27.43,0.73,5,GHRSST L4 / INSAT-3DR MOSDAC / Sentinel-3 SLSTR,0.5
4358,2026-08-23,24.0,87.5,27.03,0.33,5,GHRSST L4 / INSAT-3DR MOSDAC / Sentinel-3 SLSTR,0.5
4359,2026-08-23,24.0,88.0,27.08,0.38,5,GHRSST L4 / INSAT-3DR MOSDAC / Sentinel-3 SLSTR,0.5
4360,2026-08-23,24.0,88.5,27.65,0.95,5,GHRSST L4 / INSAT-3DR MOSDAC / Sentinel-3 SLSTR,0.5
4361,2026-08-23,24.0,89.0,27.04,0.34,5,GHRSST L4 / INSAT-3DR MOSDAC / Sentinel-3 SLSTR,0.5
4362,2026-08-23,24.0,89.5,27.28,0.58,5,GHRSST L4 / INSAT-3DR MOSDAC / Sentinel-3 SLSTR,0.5
4363,2026-08-23,24.0,90.0,27.39,0.69,5,GHRSST L4 / INSAT-3DR MOSDAC / Sentinel-3 SLSTR,0.5
4364,2026-08-23,24.0,90.5,27.21,0.51,5,GHRSST L4 / INSAT-3DR MOSDAC / Sentinel-3 SLSTR,0.5
4365,2026-08-23,24.0,91.0,27.17,0.47,5,GHRSST L4 / INSAT-3DR MOSDAC / Sentinel-3 SLSTR,0.5
4366,2026-08-23,24.0,91.5,27.19,0.49,5,GHRSST L4 / INSAT-3DR MOSDAC / Sentinel-3 SLSTR,0.5
4367,2026-08-23,24.0,92.0,27.19,0.49,5,GHRSST L4 / INSAT-3DR MOSDAC / Sentinel-3 SLSTR,0.5
4368,2026-08-23,24.0,92.5,27.26,0.56,5,GHRSST L4 / INSAT-3DR MOSDAC / Sentinel-3 SLSTR,0.5
4369,2026-08-23,24.0,93.0,27.07,0.37,5,GHRSST L4 / INSAT-3DR MOSDAC / Sentinel-3 SLSTR,0.5
4370,2026-08-23,24.0,93.5,27.59,0.89,5,GHRSST L4 / INSAT-3DR MOSDAC / Sentinel-3 SLSTR,0.5
4371,2026-08-23,24.0,94.0,27.52,0.82,5,GHRSST L4 / INSAT-3DR MOSDAC / Sentinel-3 SLSTR,0.5
4372,2026-08-22,6.0,68.0,29.17,0.67,5,GHRSST L4 / INSAT-3DR MOSDAC / Sentinel-3 SLSTR,0.5
4373,2026-08-22,6.0,68.5,29.68,1.18,5,GHRSST L4 / INSAT-3DR MOSDAC / Sentinel-3 SLSTR,0.5
4374,2026-08-22,6.0,69.0,29.73,1.23,5,GHRSST L4 / INSAT-3DR MOSDAC / Sentinel-3 SLSTR,0.5
4375,2026-08-22,6.0,69.5,29.8,1.3,5,GHRSST L4 / INSAT-3DR MOSDAC / Sentinel-3 SLSTR,0.5
4376,2026-08-22,6.0,70.0,29.58,1.08,5,GHRSST L4 / INSAT-3DR MOSDAC / Sentinel-3 SLSTR,0.5
4377,2026-08-22,6.0,70.5,29.75,1.25,5,GHRSST L4 / INSAT-3DR MOSDAC / Sentinel-3 SLSTR,0.5
4378,2026-08-22,6.0,71.0,29.68,1.18,5,GHRSST L4 / INSAT-3DR MOSDAC / Sentinel-3 SLSTR,0.5
4379,2026-08-22,6.0,71.5,29.17,0.67,5,GHRSST L4 / INSAT-3DR MOSDAC / Sentinel-3 SLSTR,0.5
4380,2026-08-22,6.0,72.0,29.72,1.22,5,GHRSST L4 / INSAT-3DR MOSDAC / Sentinel-3 SLSTR,0.5
4381,2026-08-22,6.0,72.5,29.56,1.06,5,GHRSST L4 / INSAT-3DR MOSDAC / Sentinel-3 SLSTR,0.5
4382,2026-08-22,6.0,73.0,29.61,1.11,5,GHRSST L4 / INSAT-3DR MOSDAC / Sentinel-3 SLSTR,0.5
4383,2026-08-22,6.0,73.5,29.77,1.27,5,GHRSST L4 / INSAT-3DR MOSDAC / Sentinel-3 SLSTR,0.5
4384,2026-08-22,6.0,74.0,29.16,0.66,5,GHRSST L4 / INSAT-3DR MOSDAC / Sentinel-3 SLSTR,0.5
4385,2026-08-22,6.0,74.5,29.23,0.73,5,GHRSST L4 / INSAT-3DR MOSDAC / Sentinel-3 SLSTR,0.5
4386,2026-08-22,6.0,75.0,29.55,1.05,5,GHRSST L4 / INSAT-3DR MOSDAC / Sentinel-3 SLSTR,0.5
4387,2026-08-22,6.0,75.5,29.44,0.94,5,GHRSST L4 / INSAT-3DR MOSDAC / Sentinel-3 SLSTR,0.5
4388,2026-08-22,6.0,76.0,29.44,0.94,5,GHRSST L4 / INSAT-3DR MOSDAC / Sentinel-3 SLSTR,0.5
4389,2026-08-22,6.0,76.5,29.37,0.87,5,GHRSST L4 / INSAT-3DR MOSDAC / Sentinel-3 SLSTR,0.5
4390,2026-08-22,6.0,77.0,29.72,1.22,5,GHRSST L4 / INSAT-3DR MOSDAC / Sentinel-3 SLSTR,0.5
4391,2026-08-22,6.0,77.5,29.22,0.72,5,GHRSST L4 / INSAT-3DR MOSDAC / Sentinel-3 SLSTR,0.5
4392,2026-08-22,6.0,78.0,29.52,1.02,5,GHRSST L4 / INSAT-3DR MOSDAC / Sentinel-3 SLSTR,0.5
4393,2026-08-22,6.0,78.5,29.47,0.97,5,GHRSST L4 / INSAT-3DR MOSDAC / Sentinel-3 SLSTR,0.5
4394,2026-08-22,6.0,79.0,29.54,1.04,5,GHRSST L4 / INSAT-3DR MOSDAC / Sentinel-3 SLSTR,0.5
4395,2026-08-22,6.0,79.5,29.19,0.69,5,GHRSST L4 / INSAT-3DR MOSDAC / Sentinel-3 SLSTR,0.5
4396,2026-08-22,6.0,80.0,29.62,1.12,5,GHRSST L4 / INSAT-3DR MOSDAC / Sentinel-3 SLSTR,0.5
4397,2026-08-22,6.0,80.5,29.16,0.66,5,GHRSST L4 / INSAT-3DR MOSDAC / Sentinel-3 SLSTR,0.5
4398,2026-08-22,6.0,81.0,29.52,1.02,5,GHRSST L4 / INSAT-3DR MOSDAC / Sentinel-3 SLSTR,0.5
4399,2026-08-22,6.0,81.5,29.34,0.84,5,GHRSST L4 / INSAT-3DR MOSDAC / Sentinel-3 SLSTR,0.5
4400,2026-08-22,6.0,82.0,29.37,0.87,5,GHRSST L4 / INSAT-3DR MOSDAC / Sentinel-3 SLSTR,0.5
4401,2026-08-22,6.0,82.5,29.67,1.17,5,GHRSST L4 / INSAT-3DR MOSDAC / Sentinel-3 SLSTR,0.5
4402,2026-08-22,6.0,83.0,29.84,1.34,5,GHRSST L4 / INSAT-3DR MOSDAC / Sentinel-3 SLSTR,0.5
4403,2026-08-22,6.0,83.5,29.48,0.98,5,GHRSST L4 / INSAT-3DR MOSDAC / Sentinel-3 SLSTR,0.5
4404,2026-08-22,6.0,84.0,29.62,1.12,5,GHRSST L4 / INSAT-3DR MOSDAC / Sentinel-3 SLSTR,0.5
4405,2026-08-22,6.0,84.5,29.32,0.82,5,GHRSST L4 / INSAT-3DR MOSDAC / Sentinel-3 SLSTR,0.5
4406,2026-08-22,6.0,85.0,29.54,1.04,5,GHRSST L4 / INSAT-3DR MOSDAC / Sentinel-3 SLSTR,0.5
4407,2026-08-22,6.0,85.5,29.22,0.72,5,GHRSST L4 / INSAT-3DR MOSDAC / Sentinel-3 SLSTR,0.5
4408,2026-08-22,6.0,86.0,29.75,1.25,5,GHRSST L4 / INSAT-3DR MOSDAC / Sentinel-3 SLSTR,0.5
4409,2026-08-22,6.0,86.5,29.47,0.97,5,GHRSST L4 / INSAT-3DR MOSDAC / Sentinel-3 SLSTR,0.5
4410,2026-08-22,6.0,87.0,29.4,0.9,5,GHRSST L4 / INSAT-3DR MOSDAC / Sentinel-3 SLSTR,0.5
4411,2026-08-22,6.0,87.5,29.51,1.01,5,GHRSST L4 / INSAT-3DR MOSDAC / Sentinel-3 SLSTR,0.5
4412,2026-08-22,6.0,88.0,29.79,1.29,5,GHRSST L4 / INSAT-3DR MOSDAC / Sentinel-3 SLSTR,0.5
4413,2026-08-22,6.0,88.5,29.69,1.19,5,GHRSST L4 / INSAT-3DR MOSDAC / Sentinel-3 SLSTR,0.5
4414,2026-08-22,6.0,89.0,29.26,0.76,5,GHRSST L4 / INSAT-3DR MOSDAC / Sentinel-3 SLSTR,0.5
4415,2026-08-22,6.0,89.5,29.69,1.19,5,GHRSST L4 / INSAT-3DR MOSDAC / Sentinel-3 SLSTR,0.5
4416,2026-08-22,6.0,90.0,29.43,0.93,5,GHRSST L4 / INSAT-3DR MOSDAC / Sentinel-3 SLSTR,0.5
4417,2026-08-22,6.0,90.5,29.43,0.93,5,GHRSST L4 / INSAT-3DR MOSDAC / Sentinel-3 SLSTR,0.5
4418,2026-08-22,6.0,91.0,29.68,1.18,5,GHRSST L4 / INSAT-3DR MOSDAC / Sentinel-3 SLSTR,0.5
4419,2026-08-22,6.0,91.5,29.47,0.97,5,GHRSST L4 / INSAT-3DR MOSDAC / Sentinel-3 SLSTR,0.5
4420,2026-08-22,6.0,92.0,29.2,0.7,5,GHRSST L4 / INSAT-3DR MOSDAC / Sentinel-3 SLSTR,0.5
4421,2026-08-22,6.0,92.5,29.32,0.82,5,GHRSST L4 / INSAT-3DR MOSDAC / Sentinel-3 SLSTR,0.5
4422,2026-08-22,6.0,93.0,29.78,1.28,5,GHRSST L4 / INSAT-3DR MOSDAC / Sentinel-3 SLSTR,0.5
4423,2026-08-22,6.0,93.5,29.56,1.06,5,GHRSST L4 / INSAT-3DR MOSDAC / Sentinel-3 SLSTR,0.5
4424,2026-08-22,6.0,94.0,29.75,1.25,5,GHRSST L4 / INSAT-3DR MOSDAC / Sentinel-3 SLSTR,0.5
4425,2026-08-22,6.5,68.0,29.3,0.85,5,GHRSST L4 / INSAT-3DR MOSDAC / Sentinel-3 SLSTR,0.5
4426,2026-08-22,6.5,68.5,29.57,1.12,5,GHRSST L4 / INSAT-3DR MOSDAC / Sentinel-3 SLSTR,0.5
4427,2026-08-22,6.5,69.0,29.64,1.19,5,GHRSST L4 / INSAT-3DR MOSDAC / Sentinel-3 SLSTR,0.5
4428,2026-08-22,6.5,69.5,29.22,0.77,5,GHRSST L4 / INSAT-3DR MOSDAC / Sentinel-3 SLSTR,0.5
4429,2026-08-22,6.5,70.0,29.11,0.66,5,GHRSST L4 / INSAT-3DR MOSDAC / Sentinel-3 SLSTR,0.5
4430,2026-08-22,6.5,70.5,29.53,1.08,5,GHRSST L4 / INSAT-3DR MOSDAC / Sentinel-3 SLSTR,0.5
4431,2026-08-22,6.5,71.0,29.49,1.04,5,GHRSST L4 / INSAT-3DR MOSDAC / Sentinel-3 SLSTR,0.5
4432,2026-08-22,6.5,71.5,29.12,0.67,5,GHRSST L4 / INSAT-3DR MOSDAC / Sentinel-3 SLSTR,0.5
4433,2026-08-22,6.5,72.0,29.38,0.93,5,GHRSST L4 / INSAT-3DR MOSDAC / Sentinel-3 SLSTR,0.5
4434,2026-08-22,6.5,72.5,29.48,1.03,5,GHRSST L4 / INSAT-3DR MOSDAC / Sentinel-3 SLSTR,0.5
4435,2026-08-22,6.5,73.0,29.24,0.79,5,GHRSST L4 / INSAT-3DR MOSDAC / Sentinel-3 SLSTR,0.5
4436,2026-08-22,6.5,73.5,29.16,0.71,5,GHRSST L4 / INSAT-3DR MOSDAC / Sentinel-3 SLSTR,0.5
4437,2026-08-22,6.5,74.0,29.65,1.2,5,GHRSST L4 / INSAT-3DR MOSDAC / Sentinel-3 SLSTR,0.5
4438,2026-08-22,6.5,74.5,29.74,1.29,5,GHRSST L4 / INSAT-3DR MOSDAC / Sentinel-3 SLSTR,0.5
4439,2026-08-22,6.5,75.0,29.4,0.95,5,GHRSST L4 / INSAT-3DR MOSDAC / Sentinel-3 SLSTR,0.5
4440,2026-08-22,6.5,75.5,29.18,0.73,5,GHRSST L4 / INSAT-3DR MOSDAC / Sentinel-3 SLSTR,0.5
4441,2026-08-22,6.5,76.0,29.38,0.93,5,GHRSST L4 / INSAT-3DR MOSDAC / Sentinel-3 SLSTR,0.5
4442,2026-08-22,6.5,76.5,29.29,0.84,5,GHRSST L4 / INSAT-3DR MOSDAC / Sentinel-3 SLSTR,0.5
4443,2026-08-22,6.5,77.0,29.43,0.98,5,GHRSST L4 / INSAT-3DR MOSDAC / Sentinel-3 SLSTR,0.5
4444,2026-08-22,6.5,77.5,29.1,0.65,5,GHRSST L4 / INSAT-3DR MOSDAC / Sentinel-3 SLSTR,0.5
4445,2026-08-22,6.5,78.0,29.7,1.25,5,GHRSST L4 / INSAT-3DR MOSDAC / Sentinel-3 SLSTR,0.5
4446,2026-08-22,6.5,78.5,29.13,0.68,5,GHRSST L4 / INSAT-3DR MOSDAC / Sentinel-3 SLSTR,0.5
4447,2026-08-22,6.5,79.0,29.39,0.94,5,GHRSST L4 / INSAT-3DR MOSDAC / Sentinel-3 SLSTR,0.5
4448,2026-08-22,6.5,79.5,29.55,1.1,5,GHRSST L4 / INSAT-3DR MOSDAC / Sentinel-3 SLSTR,0.5
4449,2026-08-22,6.5,80.0,29.55,1.1,5,GHRSST L4 / INSAT-3DR MOSDAC / Sentinel-3 SLSTR,0.5
4450,2026-08-22,6.5,80.5,29.3,0.85,5,GHRSST L4 / INSAT-3DR MOSDAC / Sentinel-3 SLSTR,0.5
4451,2026-08-22,6.5,81.0,29.44,0.99,5,GHRSST L4 / INSAT-3DR MOSDAC / Sentinel-3 SLSTR,0.5
4452,2026-08-22,6.5,81.5,29.44,0.99,5,GHRSST L4 / INSAT-3DR MOSDAC / Sentinel-3 SLSTR,0.5
4453,2026-08-22,6.5,82.0,29.18,0.73,5,GHRSST L4 / INSAT-3DR MOSDAC / Sentinel-3 SLSTR,0.5
4454,2026-08-22,6.5,82.5,29.35,0.9,5,GHRSST L4 / INSAT-3DR MOSDAC / Sentinel-3 SLSTR,0.5
4455,2026-08-22,6.5,83.0,29.17,0.72,5,GHRSST L4 / INSAT-3DR MOSDAC / Sentinel-3 SLSTR,0.5
4456,2026-08-22,6.5,83.5,29.13,0.68,5,GHRSST L4 / INSAT-3DR MOSDAC / Sentinel-3 SLSTR,0.5
4457,2026-08-22,6.5,84.0,29.13,0.68,5,GHRSST L4 / INSAT-3DR MOSDAC / Sentinel-3 SLSTR,0.5
4458,2026-08-22,6.5,84.5,29.39,0.94,5,GHRSST L4 / INSAT-3DR MOSDAC / Sentinel-3 SLSTR,0.5
4459,2026-08-22,6.5,85.0,29.6,1.15,5,GHRSST L4 / INSAT-3DR MOSDAC / Sentinel-3 SLSTR,0.5
4460,2026-08-22,6.5,85.5,29.78,1.33,5,GHRSST L4 / INSAT-3DR MOSDAC / Sentinel-3 SLSTR,0.5
4461,2026-08-22,6.5,86.0,29.49,1.04,5,GHRSST L4 / INSAT-3DR MOSDAC / Sentinel-3 SLSTR,0.5
4462,2026-08-22,6.5,86.5,29.3,0.85,5,GHRSST L4 / INSAT-3DR MOSDAC / Sentinel-3 SLSTR,0.5
4463,2026-08-22,6.5,87.0,29.23,0.78,5,GHRSST L4 / INSAT-3DR MOSDAC / Sentinel-3 SLSTR,0.5
4464,2026-08-22,6.5,87.5,29.58,1.13,5,GHRSST L4 / INSAT-3DR MOSDAC / Sentinel-3 SLSTR,0.5
4465,2026-08-22,6.5,88.0,29.13,0.68,5,GHRSST L4 / INSAT-3DR MOSDAC / Sentinel-3 SLSTR,0.5
4466,2026-08-22,6.5,88.5,29.27,0.82,5,GHRSST L4 / INSAT-3DR MOSDAC / Sentinel-3 SLSTR,0.5
4467,2026-08-22,6.5,89.0,29.57,1.12,5,GHRSST L4 / INSAT-3DR MOSDAC / Sentinel-3 SLSTR,0.5
4468,2026-08-22,6.5,89.5,29.4,0.95,5,GHRSST L4 / INSAT-3DR MOSDAC / Sentinel-3 SLSTR,0.5
4469,2026-08-22,6.5,90.0,29.44,0.99,5,GHRSST L4 / INSAT-3DR MOSDAC / Sentinel-3 SLSTR,0.5
4470,2026-08-22,6.5,90.5,29.77,1.32,5,GHRSST L4 / INSAT-3DR MOSDAC / Sentinel-3 SLSTR,0.5
4471,2026-08-22,6.5,91.0,29.37,0.92,5,GHRSST L4 / INSAT-3DR MOSDAC / Sentinel-3 SLSTR,0.5
4472,2026-08-22,6.5,91.5,29.51,1.06,5,GHRSST L4 / INSAT-3DR MOSDAC / Sentinel-3 SLSTR,0.5
4473,2026-08-22,6.5,92.0,29.79,1.34,5,GHRSST L4 / INSAT-3DR MOSDAC / Sentinel-3 SLSTR,0.5
4474,2026-08-22,6.5,92.5,29.57,1.12,5,GHRSST L4 / INSAT-3DR MOSDAC / Sentinel-3 SLSTR,0.5
4475,2026-08-22,6.5,93.0,29.45,1.0,5,GHRSST L4 / INSAT-3DR MOSDAC / Sentinel-3 SLSTR,0.5
4476,2026-08-22,6.5,93.5,29.32,0.87,5,GHRSST L4 / INSAT-3DR MOSDAC / Sentinel-3 SLSTR,0.5
4477,2026-08-22,6.5,94.0,29.77,1.32,5,GHRSST L4 / INSAT-3DR MOSDAC / Sentinel-3 SLSTR,0.5
4478,2026-08-22,7.0,68.0,29.24,0.84,5,GHRSST L4 / INSAT-3DR MOSDAC / Sentinel-3 SLSTR,0.5
4479,2026-08-22,7.0,68.5,29.11,0.71,5,GHRSST L4 / INSAT-3DR MOSDAC / Sentinel-3 SLSTR,0.5
4480,2026-08-22,7.0,69.0,29.68,1.28,5,GHRSST L4 / INSAT-3DR MOSDAC / Sentinel-3 SLSTR,0.5
4481,2026-08-22,7.0,69.5,29.25,0.85,5,GHRSST L4 / INSAT-3DR MOSDAC / Sentinel-3 SLSTR,0.5
4482,2026-08-22,7.0,70.0,29.44,1.04,5,GHRSST L4 / INSAT-3DR MOSDAC / Sentinel-3 SLSTR,0.5
4483,2026-08-22,7.0,70.5,29.48,1.08,5,GHRSST L4 / INSAT-3DR MOSDAC / Sentinel-3 SLSTR,0.5
4484,2026-08-22,7.0,71.0,29.21,0.81,5,GHRSST L4 / INSAT-3DR MOSDAC / Sentinel-3 SLSTR,0.5
4485,2026-08-22,7.0,71.5,29.33,0.93,5,GHRSST L4 / INSAT-3DR MOSDAC / Sentinel-3 SLSTR,0.5
4486,2026-08-22,7.0,72.0,29.14,0.74,5,GHRSST L4 / INSAT-3DR MOSDAC / Sentinel-3 SLSTR,0.5
4487,2026-08-22,7.0,72.5,29.65,1.25,5,GHRSST L4 / INSAT-3DR MOSDAC / Sentinel-3 SLSTR,0.5
4488,2026-08-22,7.0,73.0,29.44,1.04,5,GHRSST L4 / INSAT-3DR MOSDAC / Sentinel-3 SLSTR,0.5
4489,2026-08-22,7.0,73.5,29.65,1.25,5,GHRSST L4 / INSAT-3DR MOSDAC / Sentinel-3 SLSTR,0.5
4490,2026-08-22,7.0,74.0,29.21,0.81,5,GHRSST L4 / INSAT-3DR MOSDAC / Sentinel-3 SLSTR,0.5
4491,2026-08-22,7.0,74.5,29.47,1.07,5,GHRSST L4 / INSAT-3DR MOSDAC / Sentinel-3 SLSTR,0.5
4492,2026-08-22,7.0,75.0,29.18,0.78,5,GHRSST L4 / INSAT-3DR MOSDAC / Sentinel-3 SLSTR,0.5
4493,2026-08-22,7.0,75.5,29.23,0.83,5,GHRSST L4 / INSAT-3DR MOSDAC / Sentinel-3 SLSTR,0.5
4494,2026-08-22,7.0,76.0,29.28,0.88,5,GHRSST L4 / INSAT-3DR MOSDAC / Sentinel-3 SLSTR,0.5
4495,2026-08-22,7.0,76.5,29.41,1.01,5,GHRSST L4 / INSAT-3DR MOSDAC / Sentinel-3 SLSTR,0.5
4496,2026-08-22,7.0,77.0,29.42,1.02,5,GHRSST L4 / INSAT-3DR MOSDAC / Sentinel-3 SLSTR,0.5
4497,2026-08-22,7.0,77.5,29.17,0.77,5,GHRSST L4 / INSAT-3DR MOSDAC / Sentinel-3 SLSTR,0.5
4498,2026-08-22,7.0,78.0,29.06,0.66,5,GHRSST L4 / INSAT-3DR MOSDAC / Sentinel-3 SLSTR,0.5
4499,2026-08-22,7.0,78.5,29.57,1.17,5,GHRSST L4 / INSAT-3DR MOSDAC / Sentinel-3 SLSTR,0.5
4500,2026-08-22,7.0,79.0,29.4,1.0,5,GHRSST L4 / INSAT-3DR MOSDAC / Sentinel-3 SLSTR,0.5
4501,2026-08-22,7.0,79.5,29.25,0.85,5,GHRSST L4 / INSAT-3DR MOSDAC / Sentinel-3 SLSTR,0.5
4502,2026-08-22,7.0,80.0,29.07,0.67,5,GHRSST L4 / INSAT-3DR MOSDAC / Sentinel-3 SLSTR,0.5
4503,2026-08-22,7.0,80.5,29.1,0.7,5,GHRSST L4 / INSAT-3DR MOSDAC / Sentinel-3 SLSTR,0.5
4504,2026-08-22,7.0,81.0,29.33,0.93,5,GHRSST L4 / INSAT-3DR MOSDAC / Sentinel-3 SLSTR,0.5
4505,2026-08-22,7.0,81.5,29.37,0.97,5,GHRSST L4 / INSAT-3DR MOSDAC / Sentinel-3 SLSTR,0.5
4506,2026-08-22,7.0,82.0,29.29,0.89,5,GHRSST L4 / INSAT-3DR MOSDAC / Sentinel-3 SLSTR,0.5
4507,2026-08-22,7.0,82.5,29.43,1.03,5,GHRSST L4 / INSAT-3DR MOSDAC / Sentinel-3 SLSTR,0.5
4508,2026-08-22,7.0,83.0,29.6,1.2,5,GHRSST L4 / INSAT-3DR MOSDAC / Sentinel-3 SLSTR,0.5
4509,2026-08-22,7.0,83.5,29.5,1.1,5,GHRSST L4 / INSAT-3DR MOSDAC / Sentinel-3 SLSTR,0.5
4510,2026-08-22,7.0,84.0,29.64,1.24,5,GHRSST L4 / INSAT-3DR MOSDAC / Sentinel-3 SLSTR,0.5
4511,2026-08-22,7.0,84.5,29.46,1.06,5,GHRSST L4 / INSAT-3DR MOSDAC / Sentinel-3 SLSTR,0.5
4512,2026-08-22,7.0,85.0,29.1,0.7,5,GHRSST L4 / INSAT-3DR MOSDAC / Sentinel-3 SLSTR,0.5
4513,2026-08-22,7.0,85.5,29.13,0.73,5,GHRSST L4 / INSAT-3DR MOSDAC / Sentinel-3 SLSTR,0.5
4514,2026-08-22,7.0,86.0,29.3,0.9,5,GHRSST L4 / INSAT-3DR MOSDAC / Sentinel-3 SLSTR,0.5
4515,2026-08-22,7.0,86.5,29.23,0.83,5,GHRSST L4 / INSAT-3DR MOSDAC / Sentinel-3 SLSTR,0.5
4516,2026-08-22,7.0,87.0,29.49,1.09,5,GHRSST L4 / INSAT-3DR MOSDAC / Sentinel-3 SLSTR,0.5
4517,2026-08-22,7.0,87.5,29.47,1.07,5,GHRSST L4 / INSAT-3DR MOSDAC / Sentinel-3 SLSTR,0.5
4518,2026-08-22,7.0,88.0,29.35,0.95,5,GHRSST L4 / INSAT-3DR MOSDAC / Sentinel-3 SLSTR,0.5
4519,2026-08-22,7.0,88.5,29.48,1.08,5,GHRSST L4 / INSAT-3DR MOSDAC / Sentinel-3 SLSTR,0.5
4520,2026-08-22,7.0,89.0,29.67,1.27,5,GHRSST L4 / INSAT-3DR MOSDAC / Sentinel-3 SLSTR,0.5
4521,2026-08-22,7.0,89.5,29.37,0.97,5,GHRSST L4 / INSAT-3DR MOSDAC / Sentinel-3 SLSTR,0.5
4522,2026-08-22,7.0,90.0,29.27,0.87,5,GHRSST L4 / INSAT-3DR MOSDAC / Sentinel-3 SLSTR,0.5
4523,2026-08-22,7.0,90.5,29.36,0.96,5,GHRSST L4 / INSAT-3DR MOSDAC / Sentinel-3 SLSTR,0.5
4524,2026-08-22,7.0,91.0,29.13,0.73,5,GHRSST L4 / INSAT-3DR MOSDAC / Sentinel-3 SLSTR,0.5
4525,2026-08-22,7.0,91.5,29.1,0.7,5,GHRSST L4 / INSAT-3DR MOSDAC / Sentinel-3 SLSTR,0.5
4526,2026-08-22,7.0,92.0,29.32,0.92,5,GHRSST L4 / INSAT-3DR MOSDAC / Sentinel-3 SLSTR,0.5
4527,2026-08-22,7.0,92.5,29.68,1.28,5,GHRSST L4 / INSAT-3DR MOSDAC / Sentinel-3 SLSTR,0.5
4528,2026-08-22,7.0,93.0,29.63,1.23,5,GHRSST L4 / INSAT-3DR MOSDAC / Sentinel-3 SLSTR,0.5
4529,2026-08-22,7.0,93.5,29.5,1.1,5,GHRSST L4 / INSAT-3DR MOSDAC / Sentinel-3 SLSTR,0.5
4530,2026-08-22,7.0,94.0,29.53,1.13,5,GHRSST L4 / INSAT-3DR MOSDAC / Sentinel-3 SLSTR,0.5
4531,2026-08-22,7.5,68.0,29.57,1.22,5,GHRSST L4 / INSAT-3DR MOSDAC / Sentinel-3 SLSTR,0.5
4532,2026-08-22,7.5,68.5,29.61,1.26,5,GHRSST L4 / INSAT-3DR MOSDAC / Sentinel-3 SLSTR,0.5
4533,2026-08-22,7.5,69.0,29.43,1.08,5,GHRSST L4 / INSAT-3DR MOSDAC / Sentinel-3 SLSTR,0.5
4534,2026-08-22,7.5,69.5,29.24,0.89,5,GHRSST L4 / INSAT-3DR MOSDAC / Sentinel-3 SLSTR,0.5
4535,2026-08-22,7.5,70.0,29.07,0.72,5,GHRSST L4 / INSAT-3DR MOSDAC / Sentinel-3 SLSTR,0.5
4536,2026-08-22,7.5,70.5,28.97,0.62,5,GHRSST L4 / INSAT-3DR MOSDAC / Sentinel-3 SLSTR,0.5
4537,2026-08-22,7.5,71.0,29.42,1.07,5,GHRSST L4 / INSAT-3DR MOSDAC / Sentinel-3 SLSTR,0.5
4538,2026-08-22,7.5,71.5,29.25,0.9,5,GHRSST L4 / INSAT-3DR MOSDAC / Sentinel-3 SLSTR,0.5
4539,2026-08-22,7.5,72.0,29.03,0.68,5,GHRSST L4 / INSAT-3DR MOSDAC / Sentinel-3 SLSTR,0.5
4540,2026-08-22,7.5,72.5,29.17,0.82,5,GHRSST L4 / INSAT-3DR MOSDAC / Sentinel-3 SLSTR,0.5
4541,2026-08-22,7.5,73.0,29.3,0.95,5,GHRSST L4 / INSAT-3DR MOSDAC / Sentinel-3 SLSTR,0.5
4542,2026-08-22,7.5,73.5,29.52,1.17,5,GHRSST L4 / INSAT-3DR MOSDAC / Sentinel-3 SLSTR,0.5
4543,2026-08-22,7.5,74.0,29.19,0.84,5,GHRSST L4 / INSAT-3DR MOSDAC / Sentinel-3 SLSTR,0.5
4544,2026-08-22,7.5,74.5,29.43,1.08,5,GHRSST L4 / INSAT-3DR MOSDAC / Sentinel-3 SLSTR,0.5
4545,2026-08-22,7.5,75.0,29.0,0.65,5,GHRSST L4 / INSAT-3DR MOSDAC / Sentinel-3 SLSTR,0.5
4546,2026-08-22,7.5,75.5,29.64,1.29,5,GHRSST L4 / INSAT-3DR MOSDAC / Sentinel-3 SLSTR,0.5
4547,2026-08-22,7.5,76.0,29.65,1.3,5,GHRSST L4 / INSAT-3DR MOSDAC / Sentinel-3 SLSTR,0.5
4548,2026-08-22,7.5,76.5,29.34,0.99,5,GHRSST L4 / INSAT-3DR MOSDAC / Sentinel-3 SLSTR,0.5
4549,2026-08-22,7.5,77.0,29.43,1.08,5,GHRSST L4 / INSAT-3DR MOSDAC / Sentinel-3 SLSTR,0.5
4550,2026-08-22,7.5,77.5,29.51,1.16,5,GHRSST L4 / INSAT-3DR MOSDAC / Sentinel-3 SLSTR,0.5
4551,2026-08-22,7.5,78.0,29.65,1.3,5,GHRSST L4 / INSAT-3DR MOSDAC / Sentinel-3 SLSTR,0.5
4552,2026-08-22,7.5,78.5,29.35,1.0,5,GHRSST L4 / INSAT-3DR MOSDAC / Sentinel-3 SLSTR,0.5
4553,2026-08-22,7.5,79.0,29.5,1.15,5,GHRSST L4 / INSAT-3DR MOSDAC / Sentinel-3 SLSTR,0.5
4554,2026-08-22,7.5,79.5,29.1,0.75,5,GHRSST L4 / INSAT-3DR MOSDAC / Sentinel-3 SLSTR,0.5
4555,2026-08-22,7.5,80.0,29.08,0.73,5,GHRSST L4 / INSAT-3DR MOSDAC / Sentinel-3 SLSTR,0.5
4556,2026-08-22,7.5,80.5,29.47,1.12,5,GHRSST L4 / INSAT-3DR MOSDAC / Sentinel-3 SLSTR,0.5
4557,2026-08-22,7.5,81.0,29.62,1.27,5,GHRSST L4 / INSAT-3DR MOSDAC / Sentinel-3 SLSTR,0.5
4558,2026-08-22,7.5,81.5,29.37,1.02,5,GHRSST L4 / INSAT-3DR MOSDAC / Sentinel-3 SLSTR,0.5
4559,2026-08-22,7.5,82.0,29.34,0.99,5,GHRSST L4 / INSAT-3DR MOSDAC / Sentinel-3 SLSTR,0.5
4560,2026-08-22,7.5,82.5,29.37,1.02,5,GHRSST L4 / INSAT-3DR MOSDAC / Sentinel-3 SLSTR,0.5
4561,2026-08-22,7.5,83.0,29.59,1.24,5,GHRSST L4 / INSAT-3DR MOSDAC / Sentinel-3 SLSTR,0.5
4562,2026-08-22,7.5,83.5,29.53,1.18,5,GHRSST L4 / INSAT-3DR MOSDAC / Sentinel-3 SLSTR,0.5
4563,2026-08-22,7.5,84.0,29.53,1.18,5,GHRSST L4 / INSAT-3DR MOSDAC / Sentinel-3 SLSTR,0.5
4564,2026-08-22,7.5,84.5,29.04,0.69,5,GHRSST L4 / INSAT-3DR MOSDAC / Sentinel-3 SLSTR,0.5
4565,2026-08-22,7.5,85.0,29.5,1.15,5,GHRSST L4 / INSAT-3DR MOSDAC / Sentinel-3 SLSTR,0.5
4566,2026-08-22,7.5,85.5,29.51,1.16,5,GHRSST L4 / INSAT-3DR MOSDAC / Sentinel-3 SLSTR,0.5
4567,2026-08-22,7.5,86.0,29.06,0.71,5,GHRSST L4 / INSAT-3DR MOSDAC / Sentinel-3 SLSTR,0.5
4568,2026-08-22,7.5,86.5,29.3,0.95,5,GHRSST L4 / INSAT-3DR MOSDAC / Sentinel-3 SLSTR,0.5
4569,2026-08-22,7.5,87.0,29.04,0.69,5,GHRSST L4 / INSAT-3DR MOSDAC / Sentinel-3 SLSTR,0.5
4570,2026-08-22,7.5,87.5,29.25,0.9,5,GHRSST L4 / INSAT-3DR MOSDAC / Sentinel-3 SLSTR,0.5
4571,2026-08-22,7.5,88.0,29.42,1.07,5,GHRSST L4 / INSAT-3DR MOSDAC / Sentinel-3 SLSTR,0.5
4572,2026-08-22,7.5,88.5,29.12,0.77,5,GHRSST L4 / INSAT-3DR MOSDAC / Sentinel-3 SLSTR,0.5
4573,2026-08-22,7.5,89.0,29.06,0.71,5,GHRSST L4 / INSAT-3DR MOSDAC / Sentinel-3 SLSTR,0.5
4574,2026-08-22,7.5,89.5,29.42,1.07,5,GHRSST L4 / INSAT-3DR MOSDAC / Sentinel-3 SLSTR,0.5
4575,2026-08-22,7.5,90.0,29.55,1.2,5,GHRSST L4 / INSAT-3DR MOSDAC / Sentinel-3 SLSTR,0.5
4576,2026-08-22,7.5,90.5,29.08,0.73,5,GHRSST L4 / INSAT-3DR MOSDAC / Sentinel-3 SLSTR,0.5
4577,2026-08-22,7.5,91.0,29.6,1.25,5,GHRSST L4 / INSAT-3DR MOSDAC / Sentinel-3 SLSTR,0.5
4578,2026-08-22,7.5,91.5,29.49,1.14,5,GHRSST L4 / INSAT-3DR MOSDAC / Sentinel-3 SLSTR,0.5
4579,2026-08-22,7.5,92.0,29.44,1.09,5,GHRSST L4 / INSAT-3DR MOSDAC / Sentinel-3 SLSTR,0.5
4580,2026-08-22,7.5,92.5,29.05,0.7,5,GHRSST L4 / INSAT-3DR MOSDAC / Sentinel-3 SLSTR,0.5
4581,2026-08-22,7.5,93.0,29.62,1.27,5,GHRSST L4 / INSAT-3DR MOSDAC / Sentinel-3 SLSTR,0.5
4582,2026-08-22,7.5,93.5,29.3,0.95,5,GHRSST L4 / INSAT-3DR MOSDAC / Sentinel-3 SLSTR,0.5
4583,2026-08-22,7.5,94.0,29.34,0.99,5,GHRSST L4 / INSAT-3DR MOSDAC / Sentinel-3 SLSTR,0.5
4584,2026-08-22,8.0,68.0,29.27,0.97,5,GHRSST L4 / INSAT-3DR MOSDAC / Sentinel-3 SLSTR,0.5
4585,2026-08-22,8.0,68.5,29.28,0.98,5,GHRSST L4 / INSAT-3DR MOSDAC / Sentinel-3 SLSTR,0.5
4586,2026-08-22,8.0,69.0,29.49,1.19,5,GHRSST L4 / INSAT-3DR MOSDAC / Sentinel-3 SLSTR,0.5
4587,2026-08-22,8.0,69.5,28.98,0.68,5,GHRSST L4 / INSAT-3DR MOSDAC / Sentinel-3 SLSTR,0.5
4588,2026-08-22,8.0,70.0,29.25,0.95,5,GHRSST L4 / INSAT-3DR MOSDAC / Sentinel-3 SLSTR,0.5
4589,2026-08-22,8.0,70.5,29.34,1.04,5,GHRSST L4 / INSAT-3DR MOSDAC / Sentinel-3 SLSTR,0.5
4590,2026-08-22,8.0,71.0,28.99,0.69,5,GHRSST L4 / INSAT-3DR MOSDAC / Sentinel-3 SLSTR,0.5
4591,2026-08-22,8.0,71.5,29.32,1.02,5,GHRSST L4 / INSAT-3DR MOSDAC / Sentinel-3 SLSTR,0.5
4592,2026-08-22,8.0,72.0,29.27,0.97,5,GHRSST L4 / INSAT-3DR MOSDAC / Sentinel-3 SLSTR,0.5
4593,2026-08-22,8.0,72.5,29.07,0.77,5,GHRSST L4 / INSAT-3DR MOSDAC / Sentinel-3 SLSTR,0.5
4594,2026-08-22,8.0,73.0,29.09,0.79,5,GHRSST L4 / INSAT-3DR MOSDAC / Sentinel-3 SLSTR,0.5
4595,2026-08-22,8.0,73.5,28.97,0.67,5,GHRSST L4 / INSAT-3DR MOSDAC / Sentinel-3 SLSTR,0.5
4596,2026-08-22,8.0,74.0,28.0,-0.3,5,GHRSST L4 / INSAT-3DR MOSDAC / Sentinel-3 SLSTR,0.5
4597,2026-08-22,8.0,74.5,27.61,-0.69,5,GHRSST L4 / INSAT-3DR MOSDAC / Sentinel-3 SLSTR,0.5
4598,2026-08-22,8.0,75.0,28.06,-0.24,5,GHRSST L4 / INSAT-3DR MOSDAC / Sentinel-3 SLSTR,0.5
4599,2026-08-22,8.0,75.5,28.13,-0.17,5,GHRSST L4 / INSAT-3DR MOSDAC / Sentinel-3 SLSTR,0.5
4600,2026-08-22,8.0,76.0,27.68,-0.62,5,GHRSST L4 / INSAT-3DR MOSDAC / Sentinel-3 SLSTR,0.5
4601,2026-08-22,8.0,76.5,27.69,-0.61,5,GHRSST L4 / INSAT-3DR MOSDAC / Sentinel-3 SLSTR,0.5
4602,2026-08-22,8.0,77.0,27.6,-0.7,5,GHRSST L4 / INSAT-3DR MOSDAC / Sentinel-3 SLSTR,0.5
4603,2026-08-22,8.0,77.5,29.29,0.99,5,GHRSST L4 / INSAT-3DR MOSDAC / Sentinel-3 SLSTR,0.5
4604,2026-08-22,8.0,78.0,29.58,1.28,5,GHRSST L4 / INSAT-3DR MOSDAC / Sentinel-3 SLSTR,0.5
4605,2026-08-22,8.0,78.5,29.08,0.78,5,GHRSST L4 / INSAT-3DR MOSDAC / Sentinel-3 SLSTR,0.5
4606,2026-08-22,8.0,79.0,29.02,0.72,5,GHRSST L4 / INSAT-3DR MOSDAC / Sentinel-3 SLSTR,0.5
4607,2026-08-22,8.0,79.5,29.33,1.03,5,GHRSST L4 / INSAT-3DR MOSDAC / Sentinel-3 SLSTR,0.5
4608,2026-08-22,8.0,80.0,29.51,1.21,5,GHRSST L4 / INSAT-3DR MOSDAC / Sentinel-3 SLSTR,0.5
4609,2026-08-22,8.0,80.5,29.52,1.22,5,GHRSST L4 / INSAT-3DR MOSDAC / Sentinel-3 SLSTR,0.5
4610,2026-08-22,8.0,81.0,29.15,0.85,5,GHRSST L4 / INSAT-3DR MOSDAC / Sentinel-3 SLSTR,0.5
4611,2026-08-22,8.0,81.5,29.46,1.16,5,GHRSST L4 / INSAT-3DR MOSDAC / Sentinel-3 SLSTR,0.5
4612,2026-08-22,8.0,82.0,29.32,1.02,5,GHRSST L4 / INSAT-3DR MOSDAC / Sentinel-3 SLSTR,0.5
4613,2026-08-22,8.0,82.5,29.42,1.12,5,GHRSST L4 / INSAT-3DR MOSDAC / Sentinel-3 SLSTR,0.5
4614,2026-08-22,8.0,83.0,29.38,1.08,5,GHRSST L4 / INSAT-3DR MOSDAC / Sentinel-3 SLSTR,0.5
4615,2026-08-22,8.0,83.5,29.0,0.7,5,GHRSST L4 / INSAT-3DR MOSDAC / Sentinel-3 SLSTR,0.5
4616,2026-08-22,8.0,84.0,29.16,0.86,5,GHRSST L4 / INSAT-3DR MOSDAC / Sentinel-3 SLSTR,0.5
4617,2026-08-22,8.0,84.5,29.44,1.14,5,GHRSST L4 / INSAT-3DR MOSDAC / Sentinel-3 SLSTR,0.5
4618,2026-08-22,8.0,85.0,29.44,1.14,5,GHRSST L4 / INSAT-3DR MOSDAC / Sentinel-3 SLSTR,0.5
4619,2026-08-22,8.0,85.5,29.0,0.7,5,GHRSST L4 / INSAT-3DR MOSDAC / Sentinel-3 SLSTR,0.5
4620,2026-08-22,8.0,86.0,29.23,0.93,5,GHRSST L4 / INSAT-3DR MOSDAC / Sentinel-3 SLSTR,0.5
4621,2026-08-22,8.0,86.5,29.52,1.22,5,GHRSST L4 / INSAT-3DR MOSDAC / Sentinel-3 SLSTR,0.5
4622,2026-08-22,8.0,87.0,29.46,1.16,5,GHRSST L4 / INSAT-3DR MOSDAC / Sentinel-3 SLSTR,0.5
4623,2026-08-22,8.0,87.5,29.32,1.02,5,GHRSST L4 / INSAT-3DR MOSDAC / Sentinel-3 SLSTR,0.5
4624,2026-08-22,8.0,88.0,29.05,0.75,5,GHRSST L4 / INSAT-3DR MOSDAC / Sentinel-3 SLSTR,0.5
4625,2026-08-22,8.0,88.5,29.14,0.84,5,GHRSST L4 / INSAT-3DR MOSDAC / Sentinel-3 SLSTR,0.5
4626,2026-08-22,8.0,89.0,29.37,1.07,5,GHRSST L4 / INSAT-3DR MOSDAC / Sentinel-3 SLSTR,0.5
4627,2026-08-22,8.0,89.5,29.46,1.16,5,GHRSST L4 / INSAT-3DR MOSDAC / Sentinel-3 SLSTR,0.5
4628,2026-08-22,8.0,90.0,29.34,1.04,5,GHRSST L4 / INSAT-3DR MOSDAC / Sentinel-3 SLSTR,0.5
4629,2026-08-22,8.0,90.5,29.19,0.89,5,GHRSST L4 / INSAT-3DR MOSDAC / Sentinel-3 SLSTR,0.5
4630,2026-08-22,8.0,91.0,29.31,1.01,5,GHRSST L4 / INSAT-3DR MOSDAC / Sentinel-3 SLSTR,0.5
4631,2026-08-22,8.0,91.5,28.91,0.61,5,GHRSST L4 / INSAT-3DR MOSDAC / Sentinel-3 SLSTR,0.5
4632,2026-08-22,8.0,92.0,29.42,1.12,5,GHRSST L4 / INSAT-3DR MOSDAC / Sentinel-3 SLSTR,0.5
4633,2026-08-22,8.0,92.5,29.5,1.2,5,GHRSST L4 / INSAT-3DR MOSDAC / Sentinel-3 SLSTR,0.5
4634,2026-08-22,8.0,93.0,28.94,0.64,5,GHRSST L4 / INSAT-3DR MOSDAC / Sentinel-3 SLSTR,0.5
4635,2026-08-22,8.0,93.5,29.19,0.89,5,GHRSST L4 / INSAT-3DR MOSDAC / Sentinel-3 SLSTR,0.5
4636,2026-08-22,8.0,94.0,29.5,1.2,5,GHRSST L4 / INSAT-3DR MOSDAC / Sentinel-3 SLSTR,0.5
4637,2026-08-22,8.5,68.0,29.27,1.02,5,GHRSST L4 / INSAT-3DR MOSDAC / Sentinel-3 SLSTR,0.5
4638,2026-08-22,8.5,68.5,29.19,0.94,5,GHRSST L4 / INSAT-3DR MOSDAC / Sentinel-3 SLSTR,0.5
4639,2026-08-22,8.5,69.0,28.91,0.66,5,GHRSST L4 / INSAT-3DR MOSDAC / Sentinel-3 SLSTR,0.5
4640,2026-08-22,8.5,69.5,29.37,1.12,5,GHRSST L4 / INSAT-3DR MOSDAC / Sentinel-3 SLSTR,0.5
4641,2026-08-22,8.5,70.0,29.33,1.08,5,GHRSST L4 / INSAT-3DR MOSDAC / Sentinel-3 SLSTR,0.5
4642,2026-08-22,8.5,70.5,29.26,1.01,5,GHRSST L4 / INSAT-3DR MOSDAC / Sentinel-3 SLSTR,0.5
4643,2026-08-22,8.5,71.0,28.89,0.64,5,GHRSST L4 / INSAT-3DR MOSDAC / Sentinel-3 SLSTR,0.5
4644,2026-08-22,8.5,71.5,29.3,1.05,5,GHRSST L4 / INSAT-3DR MOSDAC / Sentinel-3 SLSTR,0.5
4645,2026-08-22,8.5,72.0,28.89,0.64,5,GHRSST L4 / INSAT-3DR MOSDAC / Sentinel-3 SLSTR,0.5
4646,2026-08-22,8.5,72.5,29.43,1.18,5,GHRSST L4 / INSAT-3DR MOSDAC / Sentinel-3 SLSTR,0.5
4647,2026-08-22,8.5,73.0,29.46,1.21,5,GHRSST L4 / INSAT-3DR MOSDAC / Sentinel-3 SLSTR,0.5
4648,2026-08-22,8.5,73.5,29.22,0.97,5,GHRSST L4 / INSAT-3DR MOSDAC / Sentinel-3 SLSTR,0.5
4649,2026-08-22,8.5,74.0,28.04,-0.21,5,GHRSST L4 / INSAT-3DR MOSDAC / Sentinel-3 SLSTR,0.5
4650,2026-08-22,8.5,74.5,27.73,-0.52,5,GHRSST L4 / INSAT-3DR MOSDAC / Sentinel-3 SLSTR,0.5
4651,2026-08-22,8.5,75.0,27.65,-0.6,5,GHRSST L4 / INSAT-3DR MOSDAC / Sentinel-3 SLSTR,0.5
4652,2026-08-22,8.5,75.5,27.79,-0.46,5,GHRSST L4 / INSAT-3DR MOSDAC / Sentinel-3 SLSTR,0.5
4653,2026-08-22,8.5,76.0,27.84,-0.41,5,GHRSST L4 / INSAT-3DR MOSDAC / Sentinel-3 SLSTR,0.5
4654,2026-08-22,8.5,76.5,27.99,-0.26,5,GHRSST L4 / INSAT-3DR MOSDAC / Sentinel-3 SLSTR,0.5
4655,2026-08-22,8.5,77.0,27.87,-0.38,5,GHRSST L4 / INSAT-3DR MOSDAC / Sentinel-3 SLSTR,0.5
4656,2026-08-22,8.5,77.5,29.45,1.2,5,GHRSST L4 / INSAT-3DR MOSDAC / Sentinel-3 SLSTR,0.5
4657,2026-08-22,8.5,78.0,29.51,1.26,5,GHRSST L4 / INSAT-3DR MOSDAC / Sentinel-3 SLSTR,0.5
4658,2026-08-22,8.5,78.5,29.22,0.97,5,GHRSST L4 / INSAT-3DR MOSDAC / Sentinel-3 SLSTR,0.5
4659,2026-08-22,8.5,79.0,29.35,1.1,5,GHRSST L4 / INSAT-3DR MOSDAC / Sentinel-3 SLSTR,0.5
4660,2026-08-22,8.5,79.5,29.19,0.94,5,GHRSST L4 / INSAT-3DR MOSDAC / Sentinel-3 SLSTR,0.5
4661,2026-08-22,8.5,80.0,29.48,1.23,5,GHRSST L4 / INSAT-3DR MOSDAC / Sentinel-3 SLSTR,0.5
4662,2026-08-22,8.5,80.5,28.87,0.62,5,GHRSST L4 / INSAT-3DR MOSDAC / Sentinel-3 SLSTR,0.5
4663,2026-08-22,8.5,81.0,29.35,1.1,5,GHRSST L4 / INSAT-3DR MOSDAC / Sentinel-3 SLSTR,0.5
4664,2026-08-22,8.5,81.5,29.2,0.95,5,GHRSST L4 / INSAT-3DR MOSDAC / Sentinel-3 SLSTR,0.5
4665,2026-08-22,8.5,82.0,28.89,0.64,5,GHRSST L4 / INSAT-3DR MOSDAC / Sentinel-3 SLSTR,0.5
4666,2026-08-22,8.5,82.5,29.37,1.12,5,GHRSST L4 / INSAT-3DR MOSDAC / Sentinel-3 SLSTR,0.5
4667,2026-08-22,8.5,83.0,29.12,0.87,5,GHRSST L4 / INSAT-3DR MOSDAC / Sentinel-3 SLSTR,0.5
4668,2026-08-22,8.5,83.5,29.22,0.97,5,GHRSST L4 / INSAT-3DR MOSDAC / Sentinel-3 SLSTR,0.5
4669,2026-08-22,8.5,84.0,29.35,1.1,5,GHRSST L4 / INSAT-3DR MOSDAC / Sentinel-3 SLSTR,0.5
4670,2026-08-22,8.5,84.5,29.03,0.78,5,GHRSST L4 / INSAT-3DR MOSDAC / Sentinel-3 SLSTR,0.5
4671,2026-08-22,8.5,85.0,29.05,0.8,5,GHRSST L4 / INSAT-3DR MOSDAC / Sentinel-3 SLSTR,0.5
4672,2026-08-22,8.5,85.5,29.1,0.85,5,GHRSST L4 / INSAT-3DR MOSDAC / Sentinel-3 SLSTR,0.5
4673,2026-08-22,8.5,86.0,29.37,1.12,5,GHRSST L4 / INSAT-3DR MOSDAC / Sentinel-3 SLSTR,0.5
4674,2026-08-22,8.5,86.5,29.54,1.29,5,GHRSST L4 / INSAT-3DR MOSDAC / Sentinel-3 SLSTR,0.5
4675,2026-08-22,8.5,87.0,29.1,0.85,5,GHRSST L4 / INSAT-3DR MOSDAC / Sentinel-3 SLSTR,0.5
4676,2026-08-22,8.5,87.5,29.28,1.03,5,GHRSST L4 / INSAT-3DR MOSDAC / Sentinel-3 SLSTR,0.5
4677,2026-08-22,8.5,88.0,29.08,0.83,5,GHRSST L4 / INSAT-3DR MOSDAC / Sentinel-3 SLSTR,0.5
4678,2026-08-22,8.5,88.5,29.46,1.21,5,GHRSST L4 / INSAT-3DR MOSDAC / Sentinel-3 SLSTR,0.5
4679,2026-08-22,8.5,89.0,29.5,1.25,5,GHRSST L4 / INSAT-3DR MOSDAC / Sentinel-3 SLSTR,0.5
4680,2026-08-22,8.5,89.5,28.98,0.73,5,GHRSST L4 / INSAT-3DR MOSDAC / Sentinel-3 SLSTR,0.5
4681,2026-08-22,8.5,90.0,29.31,1.06,5,GHRSST L4 / INSAT-3DR MOSDAC / Sentinel-3 SLSTR,0.5
4682,2026-08-22,8.5,90.5,29.48,1.23,5,GHRSST L4 / INSAT-3DR MOSDAC / Sentinel-3 SLSTR,0.5
4683,2026-08-22,8.5,91.0,29.18,0.93,5,GHRSST L4 / INSAT-3DR MOSDAC / Sentinel-3 SLSTR,0.5
4684,2026-08-22,8.5,91.5,29.08,0.83,5,GHRSST L4 / INSAT-3DR MOSDAC / Sentinel-3 SLSTR,0.5
4685,2026-08-22,8.5,92.0,29.48,1.23,5,GHRSST L4 / INSAT-3DR MOSDAC / Sentinel-3 SLSTR,0.5
4686,2026-08-22,8.5,92.5,29.03,0.78,5,GHRSST L4 / INSAT-3DR MOSDAC / Sentinel-3 SLSTR,0.5
4687,2026-08-22,8.5,93.0,28.99,0.74,5,GHRSST L4 / INSAT-3DR MOSDAC / Sentinel-3 SLSTR,0.5
4688,2026-08-22,8.5,93.5,29.47,1.22,5,GHRSST L4 / INSAT-3DR MOSDAC / Sentinel-3 SLSTR,0.5
4689,2026-08-22,8.5,94.0,29.29,1.04,5,GHRSST L4 / INSAT-3DR MOSDAC / Sentinel-3 SLSTR,0.5
4690,2026-08-22,9.0,68.0,28.92,0.72,5,GHRSST L4 / INSAT-3DR MOSDAC / Sentinel-3 SLSTR,0.5
4691,2026-08-22,9.0,68.5,29.24,1.04,5,GHRSST L4 / INSAT-3DR MOSDAC / Sentinel-3 SLSTR,0.5
4692,2026-08-22,9.0,69.0,29.4,1.2,5,GHRSST L4 / INSAT-3DR MOSDAC / Sentinel-3 SLSTR,0.5
4693,2026-08-22,9.0,69.5,28.85,0.65,5,GHRSST L4 / INSAT-3DR MOSDAC / Sentinel-3 SLSTR,0.5
4694,2026-08-22,9.0,70.0,28.97,0.77,5,GHRSST L4 / INSAT-3DR MOSDAC / Sentinel-3 SLSTR,0.5
4695,2026-08-22,9.0,70.5,29.21,1.01,5,GHRSST L4 / INSAT-3DR MOSDAC / Sentinel-3 SLSTR,0.5
4696,2026-08-22,9.0,71.0,28.87,0.67,5,GHRSST L4 / INSAT-3DR MOSDAC / Sentinel-3 SLSTR,0.5
4697,2026-08-22,9.0,71.5,29.42,1.22,5,GHRSST L4 / INSAT-3DR MOSDAC / Sentinel-3 SLSTR,0.5
4698,2026-08-22,9.0,72.0,29.21,1.01,5,GHRSST L4 / INSAT-3DR MOSDAC / Sentinel-3 SLSTR,0.5
4699,2026-08-22,9.0,80.5,29.2,1.0,5,GHRSST L4 / INSAT-3DR MOSDAC / Sentinel-3 SLSTR,0.5
4700,2026-08-22,9.0,81.0,28.83,0.63,5,GHRSST L4 / INSAT-3DR MOSDAC / Sentinel-3 SLSTR,0.5
4701,2026-08-22,9.0,81.5,29.08,0.88,5,GHRSST L4 / INSAT-3DR MOSDAC / Sentinel-3 SLSTR,0.5
4702,2026-08-22,9.0,82.0,28.93,0.73,5,GHRSST L4 / INSAT-3DR MOSDAC / Sentinel-3 SLSTR,0.5
4703,2026-08-22,9.0,82.5,29.36,1.16,5,GHRSST L4 / INSAT-3DR MOSDAC / Sentinel-3 SLSTR,0.5
4704,2026-08-22,9.0,83.0,29.03,0.83,5,GHRSST L4 / INSAT-3DR MOSDAC / Sentinel-3 SLSTR,0.5
4705,2026-08-22,9.0,83.5,29.07,0.87,5,GHRSST L4 / INSAT-3DR MOSDAC / Sentinel-3 SLSTR,0.5
4706,2026-08-22,9.0,84.0,29.24,1.04,5,GHRSST L4 / INSAT-3DR MOSDAC / Sentinel-3 SLSTR,0.5
4707,2026-08-22,9.0,84.5,29.29,1.09,5,GHRSST L4 / INSAT-3DR MOSDAC / Sentinel-3 SLSTR,0.5
4708,2026-08-22,9.0,85.0,29.34,1.14,5,GHRSST L4 / INSAT-3DR MOSDAC / Sentinel-3 SLSTR,0.5
4709,2026-08-22,9.0,85.5,28.91,0.71,5,GHRSST L4 / INSAT-3DR MOSDAC / Sentinel-3 SLSTR,0.5
4710,2026-08-22,9.0,86.0,28.97,0.77,5,GHRSST L4 / INSAT-3DR MOSDAC / Sentinel-3 SLSTR,0.5
4711,2026-08-22,9.0,86.5,28.85,0.65,5,GHRSST L4 / INSAT-3DR MOSDAC / Sentinel-3 SLSTR,0.5
4712,2026-08-22,9.0,87.0,29.39,1.19,5,GHRSST L4 / INSAT-3DR MOSDAC / Sentinel-3 SLSTR,0.5
4713,2026-08-22,9.0,87.5,29.01,0.81,5,GHRSST L4 / INSAT-3DR MOSDAC / Sentinel-3 SLSTR,0.5
4714,2026-08-22,9.0,88.0,28.88,0.68,5,GHRSST L4 / INSAT-3DR MOSDAC / Sentinel-3 SLSTR,0.5
4715,2026-08-22,9.0,88.5,29.01,0.81,5,GHRSST L4 / INSAT-3DR MOSDAC / Sentinel-3 SLSTR,0.5
4716,2026-08-22,9.0,89.0,28.83,0.63,5,GHRSST L4 / INSAT-3DR MOSDAC / Sentinel-3 SLSTR,0.5
4717,2026-08-22,9.0,89.5,29.38,1.18,5,GHRSST L4 / INSAT-3DR MOSDAC / Sentinel-3 SLSTR,0.5
4718,2026-08-22,9.0,90.0,28.99,0.79,5,GHRSST L4 / INSAT-3DR MOSDAC / Sentinel-3 SLSTR,0.5
4719,2026-08-22,9.0,90.5,29.04,0.84,5,GHRSST L4 / INSAT-3DR MOSDAC / Sentinel-3 SLSTR,0.5
4720,2026-08-22,9.0,91.0,29.45,1.25,5,GHRSST L4 / INSAT-3DR MOSDAC / Sentinel-3 SLSTR,0.5
4721,2026-08-22,9.0,91.5,28.92,0.72,5,GHRSST L4 / INSAT-3DR MOSDAC / Sentinel-3 SLSTR,0.5
4722,2026-08-22,9.0,92.0,28.93,0.73,5,GHRSST L4 / INSAT-3DR MOSDAC / Sentinel-3 SLSTR,0.5
4723,2026-08-22,9.0,92.5,29.18,0.98,5,GHRSST L4 / INSAT-3DR MOSDAC / Sentinel-3 SLSTR,0.5
4724,2026-08-22,9.0,93.0,29.47,1.27,5,GHRSST L4 / INSAT-3DR MOSDAC / Sentinel-3 SLSTR,0.5
4725,2026-08-22,9.0,93.5,29.42,1.22,5,GHRSST L4 / INSAT-3DR MOSDAC / Sentinel-3 SLSTR,0.5
4726,2026-08-22,9.0,94.0,29.21,1.01,5,GHRSST L4 / INSAT-3DR MOSDAC / Sentinel-3 SLSTR,0.5
4727,2026-08-22,9.5,68.0,29.3,1.15,5,GHRSST L4 / INSAT-3DR MOSDAC / Sentinel-3 SLSTR,0.5
4728,2026-08-22,9.5,68.5,29.07,0.92,5,GHRSST L4 / INSAT-3DR MOSDAC / Sentinel-3 SLSTR,0.5
4729,2026-08-22,9.5,69.0,29.03,0.88,5,GHRSST L4 / INSAT-3DR MOSDAC / Sentinel-3 SLSTR,0.5
4730,2026-08-22,9.5,69.5,29.01,0.86,5,GHRSST L4 / INSAT-3DR MOSDAC / Sentinel-3 SLSTR,0.5
4731,2026-08-22,9.5,70.0,29.05,0.9,5,GHRSST L4 / INSAT-3DR MOSDAC / Sentinel-3 SLSTR,0.5
4732,2026-08-22,9.5,70.5,29.22,1.07,5,GHRSST L4 / INSAT-3DR MOSDAC / Sentinel-3 SLSTR,0.5
4733,2026-08-22,9.5,71.0,29.31,1.16,5,GHRSST L4 / INSAT-3DR MOSDAC / Sentinel-3 SLSTR,0.5
4734,2026-08-22,9.5,71.5,29.13,0.98,5,GHRSST L4 / INSAT-3DR MOSDAC / Sentinel-3 SLSTR,0.5
4735,2026-08-22,9.5,72.0,29.34,1.19,5,GHRSST L4 / INSAT-3DR MOSDAC / Sentinel-3 SLSTR,0.5
4736,2026-08-22,9.5,80.5,29.18,1.03,5,GHRSST L4 / INSAT-3DR MOSDAC / Sentinel-3 SLSTR,0.5
4737,2026-08-22,9.5,81.0,29.29,1.14,5,GHRSST L4 / INSAT-3DR MOSDAC / Sentinel-3 SLSTR,0.5
4738,2026-08-22,9.5,81.5,29.21,1.06,5,GHRSST L4 / INSAT-3DR MOSDAC / Sentinel-3 SLSTR,0.5
4739,2026-08-22,9.5,82.0,29.27,1.12,5,GHRSST L4 / INSAT-3DR MOSDAC / Sentinel-3 SLSTR,0.5
4740,2026-08-22,9.5,82.5,28.74,0.59,5,GHRSST L4 / INSAT-3DR MOSDAC / Sentinel-3 SLSTR,0.5
4741,2026-08-22,9.5,83.0,29.34,1.19,5,GHRSST L4 / INSAT-3DR MOSDAC / Sentinel-3 SLSTR,0.5
4742,2026-08-22,9.5,83.5,29.35,1.2,5,GHRSST L4 / INSAT-3DR MOSDAC / Sentinel-3 SLSTR,0.5
4743,2026-08-22,9.5,84.0,29.32,1.17,5,GHRSST L4 / INSAT-3DR MOSDAC / Sentinel-3 SLSTR,0.5
4744,2026-08-22,9.5,84.5,29.24,1.09,5,GHRSST L4 / INSAT-3DR MOSDAC / Sentinel-3 SLSTR,0.5
4745,2026-08-22,9.5,85.0,29.28,1.13,5,GHRSST L4 / INSAT-3DR MOSDAC / Sentinel-3 SLSTR,0.5
4746,2026-08-22,9.5,85.5,28.86,0.71,5,GHRSST L4 / INSAT-3DR MOSDAC / Sentinel-3 SLSTR,0.5
4747,2026-08-22,9.5,86.0,28.76,0.61,5,GHRSST L4 / INSAT-3DR MOSDAC / Sentinel-3 SLSTR,0.5
4748,2026-08-22,9.5,86.5,28.93,0.78,5,GHRSST L4 / INSAT-3DR MOSDAC / Sentinel-3 SLSTR,0.5
4749,2026-08-22,9.5,87.0,29.04,0.89,5,GHRSST L4 / INSAT-3DR MOSDAC / Sentinel-3 SLSTR,0.5
4750,2026-08-22,9.5,87.5,28.92,0.77,5,GHRSST L4 / INSAT-3DR MOSDAC / Sentinel-3 SLSTR,0.5
4751,2026-08-22,9.5,88.0,29.34,1.19,5,GHRSST L4 / INSAT-3DR MOSDAC / Sentinel-3 SLSTR,0.5
4752,2026-08-22,9.5,88.5,29.41,1.26,5,GHRSST L4 / INSAT-3DR MOSDAC / Sentinel-3 SLSTR,0.5
4753,2026-08-22,9.5,89.0,29.27,1.12,5,GHRSST L4 / INSAT-3DR MOSDAC / Sentinel-3 SLSTR,0.5
4754,2026-08-22,9.5,89.5,29.06,0.91,5,GHRSST L4 / INSAT-3DR MOSDAC / Sentinel-3 SLSTR,0.5
4755,2026-08-22,9.5,90.0,28.83,0.68,5,GHRSST L4 / INSAT-3DR MOSDAC / Sentinel-3 SLSTR,0.5
4756,2026-08-22,9.5,90.5,29.34,1.19,5,GHRSST L4 / INSAT-3DR MOSDAC / Sentinel-3 SLSTR,0.5
4757,2026-08-22,9.5,91.0,29.32,1.17,5,GHRSST L4 / INSAT-3DR MOSDAC / Sentinel-3 SLSTR,0.5
4758,2026-08-22,9.5,91.5,28.84,0.69,5,GHRSST L4 / INSAT-3DR MOSDAC / Sentinel-3 SLSTR,0.5
4759,2026-08-22,9.5,92.0,28.76,0.61,5,GHRSST L4 / INSAT-3DR MOSDAC / Sentinel-3 SLSTR,0.5
4760,2026-08-22,9.5,92.5,29.36,1.21,5,GHRSST L4 / INSAT-3DR MOSDAC / Sentinel-3 SLSTR,0.5
4761,2026-08-22,9.5,93.0,29.31,1.16,5,GHRSST L4 / INSAT-3DR MOSDAC / Sentinel-3 SLSTR,0.5
4762,2026-08-22,9.5,93.5,29.38,1.23,5,GHRSST L4 / INSAT-3DR MOSDAC / Sentinel-3 SLSTR,0.5
4763,2026-08-22,9.5,94.0,28.98,0.83,5,GHRSST L4 / INSAT-3DR MOSDAC / Sentinel-3 SLSTR,0.5
4764,2026-08-22,10.0,68.0,29.13,1.03,5,GHRSST L4 / INSAT-3DR MOSDAC / Sentinel-3 SLSTR,0.5
4765,2026-08-22,10.0,68.5,29.27,1.17,5,GHRSST L4 / INSAT-3DR MOSDAC / Sentinel-3 SLSTR,0.5
4766,2026-08-22,10.0,69.0,28.91,0.81,5,GHRSST L4 / INSAT-3DR MOSDAC / Sentinel-3 SLSTR,0.5
4767,2026-08-22,10.0,69.5,29.0,0.9,5,GHRSST L4 / INSAT-3DR MOSDAC / Sentinel-3 SLSTR,0.5
4768,2026-08-22,10.0,70.0,29.04,0.94,5,GHRSST L4 / INSAT-3DR MOSDAC / Sentinel-3 SLSTR,0.5
4769,2026-08-22,10.0,70.5,28.69,0.59,5,GHRSST L4 / INSAT-3DR MOSDAC / Sentinel-3 SLSTR,0.5
4770,2026-08-22,10.0,71.0,29.25,1.15,5,GHRSST L4 / INSAT-3DR MOSDAC / Sentinel-3 SLSTR,0.5
4771,2026-08-22,10.0,71.5,29.33,1.23,5,GHRSST L4 / INSAT-3DR MOSDAC / Sentinel-3 SLSTR,0.5
4772,2026-08-22,10.0,72.0,28.96,0.86,5,GHRSST L4 / INSAT-3DR MOSDAC / Sentinel-3 SLSTR,0.5
4773,2026-08-22,10.0,81.0,29.1,1.0,5,GHRSST L4 / INSAT-3DR MOSDAC / Sentinel-3 SLSTR,0.5
4774,2026-08-22,10.0,81.5,29.05,0.95,5,GHRSST L4 / INSAT-3DR MOSDAC / Sentinel-3 SLSTR,0.5
4775,2026-08-22,10.0,82.0,28.91,0.81,5,GHRSST L4 / INSAT-3DR MOSDAC / Sentinel-3 SLSTR,0.5
4776,2026-08-22,10.0,82.5,28.73,0.63,5,GHRSST L4 / INSAT-3DR MOSDAC / Sentinel-3 SLSTR,0.5
4777,2026-08-22,10.0,83.0,29.03,0.93,5,GHRSST L4 / INSAT-3DR MOSDAC / Sentinel-3 SLSTR,0.5
4778,2026-08-22,10.0,83.5,28.84,0.74,5,GHRSST L4 / INSAT-3DR MOSDAC / Sentinel-3 SLSTR,0.5
4779,2026-08-22,10.0,84.0,29.13,1.03,5,GHRSST L4 / INSAT-3DR MOSDAC / Sentinel-3 SLSTR,0.5
4780,2026-08-22,10.0,84.5,29.05,0.95,5,GHRSST L4 / INSAT-3DR MOSDAC / Sentinel-3 SLSTR,0.5
4781,2026-08-22,10.0,85.0,29.08,0.98,5,GHRSST L4 / INSAT-3DR MOSDAC / Sentinel-3 SLSTR,0.5
4782,2026-08-22,10.0,85.5,29.09,0.99,5,GHRSST L4 / INSAT-3DR MOSDAC / Sentinel-3 SLSTR,0.5
4783,2026-08-22,10.0,86.0,29.29,1.19,5,GHRSST L4 / INSAT-3DR MOSDAC / Sentinel-3 SLSTR,0.5
4784,2026-08-22,10.0,86.5,28.77,0.67,5,GHRSST L4 / INSAT-3DR MOSDAC / Sentinel-3 SLSTR,0.5
4785,2026-08-22,10.0,87.0,29.23,1.13,5,GHRSST L4 / INSAT-3DR MOSDAC / Sentinel-3 SLSTR,0.5
4786,2026-08-22,10.0,87.5,29.34,1.24,5,GHRSST L4 / INSAT-3DR MOSDAC / Sentinel-3 SLSTR,0.5
4787,2026-08-22,10.0,88.0,29.17,1.07,5,GHRSST L4 / INSAT-3DR MOSDAC / Sentinel-3 SLSTR,0.5
4788,2026-08-22,10.0,88.5,28.77,0.67,5,GHRSST L4 / INSAT-3DR MOSDAC / Sentinel-3 SLSTR,0.5
4789,2026-08-22,10.0,89.0,29.27,1.17,5,GHRSST L4 / INSAT-3DR MOSDAC / Sentinel-3 SLSTR,0.5
4790,2026-08-22,10.0,89.5,29.22,1.12,5,GHRSST L4 / INSAT-3DR MOSDAC / Sentinel-3 SLSTR,0.5
4791,2026-08-22,10.0,90.0,29.27,1.17,5,GHRSST L4 / INSAT-3DR MOSDAC / Sentinel-3 SLSTR,0.5
4792,2026-08-22,10.0,90.5,29.01,0.91,5,GHRSST L4 / INSAT-3DR MOSDAC / Sentinel-3 SLSTR,0.5
4793,2026-08-22,10.0,91.0,29.24,1.14,5,GHRSST L4 / INSAT-3DR MOSDAC / Sentinel-3 SLSTR,0.5
4794,2026-08-22,10.0,91.5,28.78,0.68,5,GHRSST L4 / INSAT-3DR MOSDAC / Sentinel-3 SLSTR,0.5
4795,2026-08-22,10.0,92.0,29.07,0.97,5,GHRSST L4 / INSAT-3DR MOSDAC / Sentinel-3 SLSTR,0.5
4796,2026-08-22,10.0,92.5,29.06,0.96,5,GHRSST L4 / INSAT-3DR MOSDAC / Sentinel-3 SLSTR,0.5
4797,2026-08-22,10.0,93.0,29.3,1.2,5,GHRSST L4 / INSAT-3DR MOSDAC / Sentinel-3 SLSTR,0.5
4798,2026-08-22,10.0,93.5,29.27,1.17,5,GHRSST L4 / INSAT-3DR MOSDAC / Sentinel-3 SLSTR,0.5
4799,2026-08-22,10.0,94.0,29.17,1.07,5,GHRSST L4 / INSAT-3DR MOSDAC / Sentinel-3 SLSTR,0.5
4800,2026-08-22,10.5,68.0,28.73,0.68,5,GHRSST L4 / INSAT-3DR MOSDAC / Sentinel-3 SLSTR,0.5
4801,2026-08-22,10.5,68.5,29.17,1.12,5,GHRSST L4 / INSAT-3DR MOSDAC / Sentinel-3 SLSTR,0.5
4802,2026-08-22,10.5,69.0,29.04,0.99,5,GHRSST L4 / INSAT-3DR MOSDAC / Sentinel-3 SLSTR,0.5
4803,2026-08-22,10.5,69.5,29.18,1.13,5,GHRSST L4 / INSAT-3DR MOSDAC / Sentinel-3 SLSTR,0.5
4804,2026-08-22,10.5,70.0,29.27,1.22,5,GHRSST L4 / INSAT-3DR MOSDAC / Sentinel-3 SLSTR,0.5
4805,2026-08-22,10.5,70.5,28.93,0.88,5,GHRSST L4 / INSAT-3DR MOSDAC / Sentinel-3 SLSTR,0.5
4806,2026-08-22,10.5,71.0,29.13,1.08,5,GHRSST L4 / INSAT-3DR MOSDAC / Sentinel-3 SLSTR,0.5
4807,2026-08-22,10.5,71.5,29.29,1.24,5,GHRSST L4 / INSAT-3DR MOSDAC / Sentinel-3 SLSTR,0.5
4808,2026-08-22,10.5,72.0,28.76,0.71,5,GHRSST L4 / INSAT-3DR MOSDAC / Sentinel-3 SLSTR,0.5
4809,2026-08-22,10.5,81.0,29.2,1.15,5,GHRSST L4 / INSAT-3DR MOSDAC / Sentinel-3 SLSTR,0.5
4810,2026-08-22,10.5,81.5,28.71,0.66,5,GHRSST L4 / INSAT-3DR MOSDAC / Sentinel-3 SLSTR,0.5
4811,2026-08-22,10.5,82.0,28.62,0.57,5,GHRSST L4 / INSAT-3DR MOSDAC / Sentinel-3 SLSTR,0.5
4812,2026-08-22,10.5,82.5,29.2,1.15,5,GHRSST L4 / INSAT-3DR MOSDAC / Sentinel-3 SLSTR,0.5
4813,2026-08-22,10.5,83.0,29.28,1.23,5,GHRSST L4 / INSAT-3DR MOSDAC / Sentinel-3 SLSTR,0.5
4814,2026-08-22,10.5,83.5,28.63,0.58,5,GHRSST L4 / INSAT-3DR MOSDAC / Sentinel-3 SLSTR,0.5
4815,2026-08-22,10.5,84.0,29.2,1.15,5,GHRSST L4 / INSAT-3DR MOSDAC / Sentinel-3 SLSTR,0.5
4816,2026-08-22,10.5,84.5,29.1,1.05,5,GHRSST L4 / INSAT-3DR MOSDAC / Sentinel-3 SLSTR,0.5
4817,2026-08-22,10.5,85.0,29.1,1.05,5,GHRSST L4 / INSAT-3DR MOSDAC / Sentinel-3 SLSTR,0.5
4818,2026-08-22,10.5,85.5,28.93,0.88,5,GHRSST L4 / INSAT-3DR MOSDAC / Sentinel-3 SLSTR,0.5
4819,2026-08-22,10.5,86.0,28.9,0.85,5,GHRSST L4 / INSAT-3DR MOSDAC / Sentinel-3 SLSTR,0.5
4820,2026-08-22,10.5,86.5,28.87,0.82,5,GHRSST L4 / INSAT-3DR MOSDAC / Sentinel-3 SLSTR,0.5
4821,2026-08-22,10.5,87.0,28.88,0.83,5,GHRSST L4 / INSAT-3DR MOSDAC / Sentinel-3 SLSTR,0.5
4822,2026-08-22,10.5,87.5,29.27,1.22,5,GHRSST L4 / INSAT-3DR MOSDAC / Sentinel-3 SLSTR,0.5
4823,2026-08-22,10.5,88.0,29.18,1.13,5,GHRSST L4 / INSAT-3DR MOSDAC / Sentinel-3 SLSTR,0.5
4824,2026-08-22,10.5,88.5,28.83,0.78,5,GHRSST L4 / INSAT-3DR MOSDAC / Sentinel-3 SLSTR,0.5
4825,2026-08-22,10.5,89.0,29.13,1.08,5,GHRSST L4 / INSAT-3DR MOSDAC / Sentinel-3 SLSTR,0.5
4826,2026-08-22,10.5,89.5,29.07,1.02,5,GHRSST L4 / INSAT-3DR MOSDAC / Sentinel-3 SLSTR,0.5
4827,2026-08-22,10.5,90.0,29.2,1.15,5,GHRSST L4 / INSAT-3DR MOSDAC / Sentinel-3 SLSTR,0.5
4828,2026-08-22,10.5,90.5,28.67,0.62,5,GHRSST L4 / INSAT-3DR MOSDAC / Sentinel-3 SLSTR,0.5
4829,2026-08-22,10.5,91.0,29.1,1.05,5,GHRSST L4 / INSAT-3DR MOSDAC / Sentinel-3 SLSTR,0.5
4830,2026-08-22,10.5,91.5,28.78,0.73,5,GHRSST L4 / INSAT-3DR MOSDAC / Sentinel-3 SLSTR,0.5
4831,2026-08-22,10.5,92.0,28.78,0.73,5,GHRSST L4 / INSAT-3DR MOSDAC / Sentinel-3 SLSTR,0.5
4832,2026-08-22,10.5,92.5,29.1,1.05,5,GHRSST L4 / INSAT-3DR MOSDAC / Sentinel-3 SLSTR,0.5
4833,2026-08-22,10.5,93.0,29.24,1.19,5,GHRSST L4 / INSAT-3DR MOSDAC / Sentinel-3 SLSTR,0.5
4834,2026-08-22,10.5,93.5,28.97,0.92,5,GHRSST L4 / INSAT-3DR MOSDAC / Sentinel-3 SLSTR,0.5
4835,2026-08-22,10.5,94.0,28.94,0.89,5,GHRSST L4 / INSAT-3DR MOSDAC / Sentinel-3 SLSTR,0.5
4836,2026-08-22,11.0,68.0,29.12,1.12,5,GHRSST L4 / INSAT-3DR MOSDAC / Sentinel-3 SLSTR,0.5
4837,2026-08-22,11.0,68.5,28.57,0.57,5,GHRSST L4 / INSAT-3DR MOSDAC / Sentinel-3 SLSTR,0.5
4838,2026-08-22,11.0,69.0,29.04,1.04,5,GHRSST L4 / INSAT-3DR MOSDAC / Sentinel-3 SLSTR,0.5
4839,2026-08-22,11.0,69.5,28.59,0.59,5,GHRSST L4 / INSAT-3DR MOSDAC / Sentinel-3 SLSTR,0.5
4840,2026-08-22,11.0,70.0,28.72,0.72,5,GHRSST L4 / INSAT-3DR MOSDAC / Sentinel-3 SLSTR,0.5
4841,2026-08-22,11.0,70.5,29.02,1.02,5,GHRSST L4 / INSAT-3DR MOSDAC / Sentinel-3 SLSTR,0.5
4842,2026-08-22,11.0,71.0,28.82,0.82,5,GHRSST L4 / INSAT-3DR MOSDAC / Sentinel-3 SLSTR,0.5
4843,2026-08-22,11.0,71.5,28.76,0.76,5,GHRSST L4 / INSAT-3DR MOSDAC / Sentinel-3 SLSTR,0.5
4844,2026-08-22,11.0,81.5,28.9,0.9,5,GHRSST L4 / INSAT-3DR MOSDAC / Sentinel-3 SLSTR,0.5
4845,2026-08-22,11.0,82.0,29.14,1.14,5,GHRSST L4 / INSAT-3DR MOSDAC / Sentinel-3 SLSTR,0.5
4846,2026-08-22,11.0,82.5,28.85,0.85,5,GHRSST L4 / INSAT-3DR MOSDAC / Sentinel-3 SLSTR,0.5
4847,2026-08-22,11.0,83.0,28.92,0.92,5,GHRSST L4 / INSAT-3DR MOSDAC / Sentinel-3 SLSTR,0.5
4848,2026-08-22,11.0,83.5,28.66,0.66,5,GHRSST L4 / INSAT-3DR MOSDAC / Sentinel-3 SLSTR,0.5
4849,2026-08-22,11.0,84.0,28.86,0.86,5,GHRSST L4 / INSAT-3DR MOSDAC / Sentinel-3 SLSTR,0.5
4850,2026-08-22,11.0,84.5,28.56,0.56,5,GHRSST L4 / INSAT-3DR MOSDAC / Sentinel-3 SLSTR,0.5
4851,2026-08-22,11.0,85.0,29.14,1.14,5,GHRSST L4 / INSAT-3DR MOSDAC / Sentinel-3 SLSTR,0.5
4852,2026-08-22,11.0,85.5,28.69,0.69,5,GHRSST L4 / INSAT-3DR MOSDAC / Sentinel-3 SLSTR,0.5
4853,2026-08-22,11.0,86.0,29.19,1.19,5,GHRSST L4 / INSAT-3DR MOSDAC / Sentinel-3 SLSTR,0.5
4854,2026-08-22,11.0,86.5,28.8,0.8,5,GHRSST L4 / INSAT-3DR MOSDAC / Sentinel-3 SLSTR,0.5
4855,2026-08-22,11.0,87.0,29.14,1.14,5,GHRSST L4 / INSAT-3DR MOSDAC / Sentinel-3 SLSTR,0.5
4856,2026-08-22,11.0,87.5,28.82,0.82,5,GHRSST L4 / INSAT-3DR MOSDAC / Sentinel-3 SLSTR,0.5
4857,2026-08-22,11.0,88.0,28.66,0.66,5,GHRSST L4 / INSAT-3DR MOSDAC / Sentinel-3 SLSTR,0.5
4858,2026-08-22,11.0,88.5,28.9,0.9,5,GHRSST L4 / INSAT-3DR MOSDAC / Sentinel-3 SLSTR,0.5
4859,2026-08-22,11.0,89.0,28.73,0.73,5,GHRSST L4 / INSAT-3DR MOSDAC / Sentinel-3 SLSTR,0.5
4860,2026-08-22,11.0,89.5,28.78,0.78,5,GHRSST L4 / INSAT-3DR MOSDAC / Sentinel-3 SLSTR,0.5
4861,2026-08-22,11.0,90.0,28.77,0.77,5,GHRSST L4 / INSAT-3DR MOSDAC / Sentinel-3 SLSTR,0.5
4862,2026-08-22,11.0,90.5,28.79,0.79,5,GHRSST L4 / INSAT-3DR MOSDAC / Sentinel-3 SLSTR,0.5
4863,2026-08-22,11.0,91.0,28.9,0.9,5,GHRSST L4 / INSAT-3DR MOSDAC / Sentinel-3 SLSTR,0.5
4864,2026-08-22,11.0,91.5,28.64,0.64,5,GHRSST L4 / INSAT-3DR MOSDAC / Sentinel-3 SLSTR,0.5
4865,2026-08-22,11.0,92.0,28.73,0.73,5,GHRSST L4 / INSAT-3DR MOSDAC / Sentinel-3 SLSTR,0.5
4866,2026-08-22,11.0,92.5,28.99,0.99,5,GHRSST L4 / INSAT-3DR MOSDAC / Sentinel-3 SLSTR,0.5
4867,2026-08-22,11.0,93.0,29.08,1.08,5,GHRSST L4 / INSAT-3DR MOSDAC / Sentinel-3 SLSTR,0.5
4868,2026-08-22,11.0,93.5,28.72,0.72,5,GHRSST L4 / INSAT-3DR MOSDAC / Sentinel-3 SLSTR,0.5
4869,2026-08-22,11.0,94.0,28.73,0.73,5,GHRSST L4 / INSAT-3DR MOSDAC / Sentinel-3 SLSTR,0.5
4870,2026-08-22,11.5,68.0,28.82,0.87,5,GHRSST L4 / INSAT-3DR MOSDAC / Sentinel-3 SLSTR,0.5
4871,2026-08-22,11.5,68.5,29.18,1.23,5,GHRSST L4 / INSAT-3DR MOSDAC / Sentinel-3 SLSTR,0.5
4872,2026-08-22,11.5,69.0,28.88,0.93,5,GHRSST L4 / INSAT-3DR MOSDAC / Sentinel-3 SLSTR,0.5
4873,2026-08-22,11.5,69.5,29.06,1.11,5,GHRSST L4 / INSAT-3DR MOSDAC / Sentinel-3 SLSTR,0.5
4874,2026-08-22,11.5,70.0,29.13,1.18,5,GHRSST L4 / INSAT-3DR MOSDAC / Sentinel-3 SLSTR,0.5
4875,2026-08-22,11.5,70.5,28.94,0.99,5,GHRSST L4 / INSAT-3DR MOSDAC / Sentinel-3 SLSTR,0.5
4876,2026-08-22,11.5,71.0,28.85,0.9,5,GHRSST L4 / INSAT-3DR MOSDAC / Sentinel-3 SLSTR,0.5
4877,2026-08-22,11.5,71.5,29.03,1.08,5,GHRSST L4 / INSAT-3DR MOSDAC / Sentinel-3 SLSTR,0.5
4878,2026-08-22,11.5,81.5,28.71,0.76,5,GHRSST L4 / INSAT-3DR MOSDAC / Sentinel-3 SLSTR,0.5
4879,2026-08-22,11.5,82.0,29.17,1.22,5,GHRSST L4 / INSAT-3DR MOSDAC / Sentinel-3 SLSTR,0.5
4880,2026-08-22,11.5,82.5,28.82,0.87,5,GHRSST L4 / INSAT-3DR MOSDAC / Sentinel-3 SLSTR,0.5
4881,2026-08-22,11.5,83.0,29.14,1.19,5,GHRSST L4 / INSAT-3DR MOSDAC / Sentinel-3 SLSTR,0.5
4882,2026-08-22,11.5,83.5,29.02,1.07,5,GHRSST L4 / INSAT-3DR MOSDAC / Sentinel-3 SLSTR,0.5
4883,2026-08-22,11.5,84.0,28.64,0.69,5,GHRSST L4 / INSAT-3DR MOSDAC / Sentinel-3 SLSTR,0.5
4884,2026-08-22,11.5,84.5,28.64,0.69,5,GHRSST L4 / INSAT-3DR MOSDAC / Sentinel-3 SLSTR,0.5
4885,2026-08-22,11.5,85.0,28.73,0.78,5,GHRSST L4 / INSAT-3DR MOSDAC / Sentinel-3 SLSTR,0.5
4886,2026-08-22,11.5,85.5,28.75,0.8,5,GHRSST L4 / INSAT-3DR MOSDAC / Sentinel-3 SLSTR,0.5
4887,2026-08-22,11.5,86.0,28.5,0.55,5,GHRSST L4 / INSAT-3DR MOSDAC / Sentinel-3 SLSTR,0.5
4888,2026-08-22,11.5,86.5,29.09,1.14,5,GHRSST L4 / INSAT-3DR MOSDAC / Sentinel-3 SLSTR,0.5
4889,2026-08-22,11.5,87.0,28.66,0.71,5,GHRSST L4 / INSAT-3DR MOSDAC / Sentinel-3 SLSTR,0.5
4890,2026-08-22,11.5,87.5,29.07,1.12,5,GHRSST L4 / INSAT-3DR MOSDAC / Sentinel-3 SLSTR,0.5
4891,2026-08-22,11.5,88.0,28.83,0.88,5,GHRSST L4 / INSAT-3DR MOSDAC / Sentinel-3 SLSTR,0.5
4892,2026-08-22,11.5,88.5,28.9,0.95,5,GHRSST L4 / INSAT-3DR MOSDAC / Sentinel-3 SLSTR,0.5
4893,2026-08-22,11.5,89.0,28.87,0.92,5,GHRSST L4 / INSAT-3DR MOSDAC / Sentinel-3 SLSTR,0.5
4894,2026-08-22,11.5,89.5,29.15,1.2,5,GHRSST L4 / INSAT-3DR MOSDAC / Sentinel-3 SLSTR,0.5
4895,2026-08-22,11.5,90.0,28.78,0.83,5,GHRSST L4 / INSAT-3DR MOSDAC / Sentinel-3 SLSTR,0.5
4896,2026-08-22,11.5,90.5,28.76,0.81,5,GHRSST L4 / INSAT-3DR MOSDAC / Sentinel-3 SLSTR,0.5
4897,2026-08-22,11.5,91.0,28.92,0.97,5,GHRSST L4 / INSAT-3DR MOSDAC / Sentinel-3 SLSTR,0.5
4898,2026-08-22,11.5,91.5,28.76,0.81,5,GHRSST L4 / INSAT-3DR MOSDAC / Sentinel-3 SLSTR,0.5
4899,2026-08-22,11.5,92.0,28.92,0.97,5,GHRSST L4 / INSAT-3DR MOSDAC / Sentinel-3 SLSTR,0.5
4900,2026-08-22,11.5,92.5,28.89,0.94,5,GHRSST L4 / INSAT-3DR MOSDAC / Sentinel-3 SLSTR,0.5
4901,2026-08-22,11.5,93.0,29.03,1.08,5,GHRSST L4 / INSAT-3DR MOSDAC / Sentinel-3 SLSTR,0.5
4902,2026-08-22,11.5,93.5,29.18,1.23,5,GHRSST L4 / INSAT-3DR MOSDAC / Sentinel-3 SLSTR,0.5
4903,2026-08-22,11.5,94.0,29.17,1.22,5,GHRSST L4 / INSAT-3DR MOSDAC / Sentinel-3 SLSTR,0.5
4904,2026-08-22,12.0,68.0,28.52,0.62,5,GHRSST L4 / INSAT-3DR MOSDAC / Sentinel-3 SLSTR,0.5
4905,2026-08-22,12.0,68.5,28.75,0.85,5,GHRSST L4 / INSAT-3DR MOSDAC / Sentinel-3 SLSTR,0.5
4906,2026-08-22,12.0,69.0,28.73,0.83,5,GHRSST L4 / INSAT-3DR MOSDAC / Sentinel-3 SLSTR,0.5
4907,2026-08-22,12.0,69.5,28.56,0.66,5,GHRSST L4 / INSAT-3DR MOSDAC / Sentinel-3 SLSTR,0.5
4908,2026-08-22,12.0,70.0,28.95,1.05,5,GHRSST L4 / INSAT-3DR MOSDAC / Sentinel-3 SLSTR,0.5
4909,2026-08-22,12.0,70.5,29.11,1.21,5,GHRSST L4 / INSAT-3DR MOSDAC / Sentinel-3 SLSTR,0.5
4910,2026-08-22,12.0,71.0,28.54,0.64,5,GHRSST L4 / INSAT-3DR MOSDAC / Sentinel-3 SLSTR,0.5
4911,2026-08-22,12.0,71.5,28.62,0.72,5,GHRSST L4 / INSAT-3DR MOSDAC / Sentinel-3 SLSTR,0.5
4912,2026-08-22,12.0,82.0,29.03,1.13,5,GHRSST L4 / INSAT-3DR MOSDAC / Sentinel-3 SLSTR,0.5
4913,2026-08-22,12.0,82.5,28.64,0.74,5,GHRSST L4 / INSAT-3DR MOSDAC / Sentinel-3 SLSTR,0.5
4914,2026-08-22,12.0,83.0,28.74,0.84,5,GHRSST L4 / INSAT-3DR MOSDAC / Sentinel-3 SLSTR,0.5
4915,2026-08-22,12.0,83.5,28.95,1.05,5,GHRSST L4 / INSAT-3DR MOSDAC / Sentinel-3 SLSTR,0.5
4916,2026-08-22,12.0,84.0,28.52,0.62,5,GHRSST L4 / INSAT-3DR MOSDAC / Sentinel-3 SLSTR,0.5
4917,2026-08-22,12.0,84.5,28.8,0.9,5,GHRSST L4 / INSAT-3DR MOSDAC / Sentinel-3 SLSTR,0.5
4918,2026-08-22,12.0,85.0,28.51,0.61,5,GHRSST L4 / INSAT-3DR MOSDAC / Sentinel-3 SLSTR,0.5
4919,2026-08-22,12.0,85.5,28.64,0.74,5,GHRSST L4 / INSAT-3DR MOSDAC / Sentinel-3 SLSTR,0.5
4920,2026-08-22,12.0,86.0,28.6,0.7,5,GHRSST L4 / INSAT-3DR MOSDAC / Sentinel-3 SLSTR,0.5
4921,2026-08-22,12.0,86.5,28.94,1.04,5,GHRSST L4 / INSAT-3DR MOSDAC / Sentinel-3 SLSTR,0.5
4922,2026-08-22,12.0,87.0,28.54,0.64,5,GHRSST L4 / INSAT-3DR MOSDAC / Sentinel-3 SLSTR,0.5
4923,2026-08-22,12.0,87.5,28.89,0.99,5,GHRSST L4 / INSAT-3DR MOSDAC / Sentinel-3 SLSTR,0.5
4924,2026-08-22,12.0,88.0,28.83,0.93,5,GHRSST L4 / INSAT-3DR MOSDAC / Sentinel-3 SLSTR,0.5
4925,2026-08-22,12.0,88.5,28.9,1.0,5,GHRSST L4 / INSAT-3DR MOSDAC / Sentinel-3 SLSTR,0.5
4926,2026-08-22,12.0,89.0,29.04,1.14,5,GHRSST L4 / INSAT-3DR MOSDAC / Sentinel-3 SLSTR,0.5
4927,2026-08-22,12.0,89.5,28.8,0.9,5,GHRSST L4 / INSAT-3DR MOSDAC / Sentinel-3 SLSTR,0.5
4928,2026-08-22,12.0,90.0,28.93,1.03,5,GHRSST L4 / INSAT-3DR MOSDAC / Sentinel-3 SLSTR,0.5
4929,2026-08-22,12.0,90.5,28.99,1.09,5,GHRSST L4 / INSAT-3DR MOSDAC / Sentinel-3 SLSTR,0.5
4930,2026-08-22,12.0,91.0,28.92,1.02,5,GHRSST L4 / INSAT-3DR MOSDAC / Sentinel-3 SLSTR,0.5
4931,2026-08-22,12.0,91.5,28.65,0.75,5,GHRSST L4 / INSAT-3DR MOSDAC / Sentinel-3 SLSTR,0.5
4932,2026-08-22,12.0,92.0,29.1,1.2,5,GHRSST L4 / INSAT-3DR MOSDAC / Sentinel-3 SLSTR,0.5
4933,2026-08-22,12.0,92.5,28.47,0.57,5,GHRSST L4 / INSAT-3DR MOSDAC / Sentinel-3 SLSTR,0.5
4934,2026-08-22,12.0,93.0,28.69,0.79,5,GHRSST L4 / INSAT-3DR MOSDAC / Sentinel-3 SLSTR,0.5
4935,2026-08-22,12.0,93.5,29.0,1.1,5,GHRSST L4 / INSAT-3DR MOSDAC / Sentinel-3 SLSTR,0.5
4936,2026-08-22,12.0,94.0,28.67,0.77,5,GHRSST L4 / INSAT-3DR MOSDAC / Sentinel-3 SLSTR,0.5
4937,2026-08-22,12.5,68.0,28.75,0.9,5,GHRSST L4 / INSAT-3DR MOSDAC / Sentinel-3 SLSTR,0.5
4938,2026-08-22,12.5,68.5,28.46,0.61,5,GHRSST L4 / INSAT-3DR MOSDAC / Sentinel-3 SLSTR,0.5
4939,2026-08-22,12.5,69.0,28.97,1.12,5,GHRSST L4 / INSAT-3DR MOSDAC / Sentinel-3 SLSTR,0.5
4940,2026-08-22,12.5,69.5,29.02,1.17,5,GHRSST L4 / INSAT-3DR MOSDAC / Sentinel-3 SLSTR,0.5
4941,2026-08-22,12.5,70.0,29.06,1.21,5,GHRSST L4 / INSAT-3DR MOSDAC / Sentinel-3 SLSTR,0.5
4942,2026-08-22,12.5,70.5,28.42,0.57,5,GHRSST L4 / INSAT-3DR MOSDAC / Sentinel-3 SLSTR,0.5
4943,2026-08-22,12.5,71.0,28.51,0.66,5,GHRSST L4 / INSAT-3DR MOSDAC / Sentinel-3 SLSTR,0.5
4944,2026-08-22,12.5,71.5,28.72,0.87,5,GHRSST L4 / INSAT-3DR MOSDAC / Sentinel-3 SLSTR,0.5
4945,2026-08-22,12.5,82.0,28.56,0.71,5,GHRSST L4 / INSAT-3DR MOSDAC / Sentinel-3 SLSTR,0.5
4946,2026-08-22,12.5,82.5,28.82,0.97,5,GHRSST L4 / INSAT-3DR MOSDAC / Sentinel-3 SLSTR,0.5
4947,2026-08-22,12.5,83.0,28.96,1.11,5,GHRSST L4 / INSAT-3DR MOSDAC / Sentinel-3 SLSTR,0.5
4948,2026-08-22,12.5,83.5,28.46,0.61,5,GHRSST L4 / INSAT-3DR MOSDAC / Sentinel-3 SLSTR,0.5
4949,2026-08-22,12.5,84.0,28.37,0.52,5,GHRSST L4 / INSAT-3DR MOSDAC / Sentinel-3 SLSTR,0.5
4950,2026-08-22,12.5,84.5,29.07,1.22,5,GHRSST L4 / INSAT-3DR MOSDAC / Sentinel-3 SLSTR,0.5
4951,2026-08-22,12.5,85.0,28.69,0.84,5,GHRSST L4 / INSAT-3DR MOSDAC / Sentinel-3 SLSTR,0.5
4952,2026-08-22,12.5,85.5,28.42,0.57,5,GHRSST L4 / INSAT-3DR MOSDAC / Sentinel-3 SLSTR,0.5
4953,2026-08-22,12.5,86.0,28.78,0.93,5,GHRSST L4 / INSAT-3DR MOSDAC / Sentinel-3 SLSTR,0.5
4954,2026-08-22,12.5,86.5,28.9,1.05,5,GHRSST L4 / INSAT-3DR MOSDAC / Sentinel-3 SLSTR,0.5
4955,2026-08-22,12.5,87.0,28.93,1.08,5,GHRSST L4 / INSAT-3DR MOSDAC / Sentinel-3 SLSTR,0.5
4956,2026-08-22,12.5,87.5,28.77,0.92,5,GHRSST L4 / INSAT-3DR MOSDAC / Sentinel-3 SLSTR,0.5
4957,2026-08-22,12.5,88.0,28.85,1.0,5,GHRSST L4 / INSAT-3DR MOSDAC / Sentinel-3 SLSTR,0.5
4958,2026-08-22,12.5,88.5,28.7,0.85,5,GHRSST L4 / INSAT-3DR MOSDAC / Sentinel-3 SLSTR,0.5
4959,2026-08-22,12.5,89.0,28.8,0.95,5,GHRSST L4 / INSAT-3DR MOSDAC / Sentinel-3 SLSTR,0.5
4960,2026-08-22,12.5,89.5,29.04,1.19,5,GHRSST L4 / INSAT-3DR MOSDAC / Sentinel-3 SLSTR,0.5
4961,2026-08-22,12.5,90.0,29.06,1.21,5,GHRSST L4 / INSAT-3DR MOSDAC / Sentinel-3 SLSTR,0.5
4962,2026-08-22,12.5,90.5,28.81,0.96,5,GHRSST L4 / INSAT-3DR MOSDAC / Sentinel-3 SLSTR,0.5
4963,2026-08-22,12.5,91.0,28.78,0.93,5,GHRSST L4 / INSAT-3DR MOSDAC / Sentinel-3 SLSTR,0.5
4964,2026-08-22,12.5,91.5,28.61,0.76,5,GHRSST L4 / INSAT-3DR MOSDAC / Sentinel-3 SLSTR,0.5
4965,2026-08-22,12.5,92.0,28.6,0.75,5,GHRSST L4 / INSAT-3DR MOSDAC / Sentinel-3 SLSTR,0.5
4966,2026-08-22,12.5,92.5,29.02,1.17,5,GHRSST L4 / INSAT-3DR MOSDAC / Sentinel-3 SLSTR,0.5
4967,2026-08-22,12.5,93.0,28.84,0.99,5,GHRSST L4 / INSAT-3DR MOSDAC / Sentinel-3 SLSTR,0.5
4968,2026-08-22,12.5,93.5,28.69,0.84,5,GHRSST L4 / INSAT-3DR MOSDAC / Sentinel-3 SLSTR,0.5
4969,2026-08-22,12.5,94.0,28.84,0.99,5,GHRSST L4 / INSAT-3DR MOSDAC / Sentinel-3 SLSTR,0.5
4970,2026-08-22,13.0,68.0,28.39,0.59,5,GHRSST L4 / INSAT-3DR MOSDAC / Sentinel-3 SLSTR,0.5
4971,2026-08-22,13.0,68.5,28.97,1.17,5,GHRSST L4 / INSAT-3DR MOSDAC / Sentinel-3 SLSTR,0.5
4972,2026-08-22,13.0,69.0,28.68,0.88,5,GHRSST L4 / INSAT-3DR MOSDAC / Sentinel-3 SLSTR,0.5
4973,2026-08-22,13.0,69.5,28.54,0.74,5,GHRSST L4 / INSAT-3DR MOSDAC / Sentinel-3 SLSTR,0.5
4974,2026-08-22,13.0,70.0,28.32,0.52,5,GHRSST L4 / INSAT-3DR MOSDAC / Sentinel-3 SLSTR,0.5
4975,2026-08-22,13.0,70.5,28.78,0.98,5,GHRSST L4 / INSAT-3DR MOSDAC / Sentinel-3 SLSTR,0.5
4976,2026-08-22,13.0,71.0,28.99,1.19,5,GHRSST L4 / INSAT-3DR MOSDAC / Sentinel-3 SLSTR,0.5
4977,2026-08-22,13.0,82.5,28.7,0.9,5,GHRSST L4 / INSAT-3DR MOSDAC / Sentinel-3 SLSTR,0.5
4978,2026-08-22,13.0,83.0,28.54,0.74,5,GHRSST L4 / INSAT-3DR MOSDAC / Sentinel-3 SLSTR,0.5
4979,2026-08-22,13.0,83.5,28.6,0.8,5,GHRSST L4 / INSAT-3DR MOSDAC / Sentinel-3 SLSTR,0.5
4980,2026-08-22,13.0,84.0,28.71,0.91,5,GHRSST L4 / INSAT-3DR MOSDAC / Sentinel-3 SLSTR,0.5
4981,2026-08-22,13.0,84.5,28.79,0.99,5,GHRSST L4 / INSAT-3DR MOSDAC / Sentinel-3 SLSTR,0.5
4982,2026-08-22,13.0,85.0,28.44,0.64,5,GHRSST L4 / INSAT-3DR MOSDAC / Sentinel-3 SLSTR,0.5
4983,2026-08-22,13.0,85.5,28.96,1.16,5,GHRSST L4 / INSAT-3DR MOSDAC / Sentinel-3 SLSTR,0.5
4984,2026-08-22,13.0,86.0,28.6,0.8,5,GHRSST L4 / INSAT-3DR MOSDAC / Sentinel-3 SLSTR,0.5
4985,2026-08-22,13.0,86.5,28.75,0.95,5,GHRSST L4 / INSAT-3DR MOSDAC / Sentinel-3 SLSTR,0.5
4986,2026-08-22,13.0,87.0,28.95,1.15,5,GHRSST L4 / INSAT-3DR MOSDAC / Sentinel-3 SLSTR,0.5
4987,2026-08-22,13.0,87.5,28.71,0.91,5,GHRSST L4 / INSAT-3DR MOSDAC / Sentinel-3 SLSTR,0.5
4988,2026-08-22,13.0,88.0,28.79,0.99,5,GHRSST L4 / INSAT-3DR MOSDAC / Sentinel-3 SLSTR,0.5
4989,2026-08-22,13.0,88.5,28.75,0.95,5,GHRSST L4 / INSAT-3DR MOSDAC / Sentinel-3 SLSTR,0.5
4990,2026-08-22,13.0,89.0,28.48,0.68,5,GHRSST L4 / INSAT-3DR MOSDAC / Sentinel-3 SLSTR,0.5
4991,2026-08-22,13.0,89.5,28.98,1.18,5,GHRSST L4 / INSAT-3DR MOSDAC / Sentinel-3 SLSTR,0.5
4992,2026-08-22,13.0,90.0,28.64,0.84,5,GHRSST L4 / INSAT-3DR MOSDAC / Sentinel-3 SLSTR,0.5
4993,2026-08-22,13.0,90.5,28.38,0.58,5,GHRSST L4 / INSAT-3DR MOSDAC / Sentinel-3 SLSTR,0.5
4994,2026-08-22,13.0,91.0,29.01,1.21,5,GHRSST L4 / INSAT-3DR MOSDAC / Sentinel-3 SLSTR,0.5
4995,2026-08-22,13.0,91.5,28.77,0.97,5,GHRSST L4 / INSAT-3DR MOSDAC / Sentinel-3 SLSTR,0.5
4996,2026-08-22,13.0,92.0,28.74,0.94,5,GHRSST L4 / INSAT-3DR MOSDAC / Sentinel-3 SLSTR,0.5
4997,2026-08-22,13.0,92.5,28.95,1.15,5,GHRSST L4 / INSAT-3DR MOSDAC / Sentinel-3 SLSTR,0.5
4998,2026-08-22,13.0,93.0,28.69,0.89,5,GHRSST L4 / INSAT-3DR MOSDAC / Sentinel-3 SLSTR,0.5
4999,2026-08-22,13.0,93.5,28.56,0.76,5,GHRSST L4 / INSAT-3DR MOSDAC / Sentinel-3 SLSTR,0.5
5000,2026-08-22,13.0,94.0,28.43,0.63,5,GHRSST L4 / INSAT-3DR MOSDAC / Sentinel-3 SLSTR,0.5
5001,2026-08-22,13.5,68.0,28.82,1.07,5,GHRSST L4 / INSAT-3DR MOSDAC / Sentinel-3 SLSTR,0.5
5002,2026-08-22,13.5,68.5,28.48,0.73,5,GHRSST L4 / INSAT-3DR MOSDAC / Sentinel-3 SLSTR,0.5
5003,2026-08-22,13.5,69.0,28.61,0.86,5,GHRSST L4 / INSAT-3DR MOSDAC / Sentinel-3 SLSTR,0.5
5004,2026-08-22,13.5,69.5,28.61,0.86,5,GHRSST L4 / INSAT-3DR MOSDAC / Sentinel-3 SLSTR,0.5
5005,2026-08-22,13.5,70.0,28.77,1.02,5,GHRSST L4 / INSAT-3DR MOSDAC / Sentinel-3 SLSTR,0.5
5006,2026-08-22,13.5,70.5,28.73,0.98,5,GHRSST L4 / INSAT-3DR MOSDAC / Sentinel-3 SLSTR,0.5
5007,2026-08-22,13.5,71.0,28.55,0.8,5,GHRSST L4 / INSAT-3DR MOSDAC / Sentinel-3 SLSTR,0.5
5008,2026-08-22,13.5,82.5,28.55,0.8,5,GHRSST L4 / INSAT-3DR MOSDAC / Sentinel-3 SLSTR,0.5
5009,2026-08-22,13.5,83.0,28.44,0.69,5,GHRSST L4 / INSAT-3DR MOSDAC / Sentinel-3 SLSTR,0.5
5010,2026-08-22,13.5,83.5,28.49,0.74,5,GHRSST L4 / INSAT-3DR MOSDAC / Sentinel-3 SLSTR,0.5
5011,2026-08-22,13.5,84.0,28.75,1.0,5,GHRSST L4 / INSAT-3DR MOSDAC / Sentinel-3 SLSTR,0.5
5012,2026-08-22,13.5,84.5,28.64,0.89,5,GHRSST L4 / INSAT-3DR MOSDAC / Sentinel-3 SLSTR,0.5
5013,2026-08-22,13.5,85.0,28.29,0.54,5,GHRSST L4 / INSAT-3DR MOSDAC / Sentinel-3 SLSTR,0.5
5014,2026-08-22,13.5,85.5,28.61,0.86,5,GHRSST L4 / INSAT-3DR MOSDAC / Sentinel-3 SLSTR,0.5
5015,2026-08-22,13.5,86.0,28.92,1.17,5,GHRSST L4 / INSAT-3DR MOSDAC / Sentinel-3 SLSTR,0.5
5016,2026-08-22,13.5,86.5,28.33,0.58,5,GHRSST L4 / INSAT-3DR MOSDAC / Sentinel-3 SLSTR,0.5
5017,2026-08-22,13.5,87.0,28.32,0.57,5,GHRSST L4 / INSAT-3DR MOSDAC / Sentinel-3 SLSTR,0.5
5018,2026-08-22,13.5,87.5,28.72,0.97,5,GHRSST L4 / INSAT-3DR MOSDAC / Sentinel-3 SLSTR,0.5
5019,2026-08-22,13.5,88.0,28.92,1.17,5,GHRSST L4 / INSAT-3DR MOSDAC / Sentinel-3 SLSTR,0.5
5020,2026-08-22,13.5,88.5,28.27,0.52,5,GHRSST L4 / INSAT-3DR MOSDAC / Sentinel-3 SLSTR,0.5
5021,2026-08-22,13.5,89.0,28.49,0.74,5,GHRSST L4 / INSAT-3DR MOSDAC / Sentinel-3 SLSTR,0.5
5022,2026-08-22,13.5,89.5,28.3,0.55,5,GHRSST L4 / INSAT-3DR MOSDAC / Sentinel-3 SLSTR,0.5
5023,2026-08-22,13.5,90.0,28.44,0.69,5,GHRSST L4 / INSAT-3DR MOSDAC / Sentinel-3 SLSTR,0.5
5024,2026-08-22,13.5,90.5,28.64,0.89,5,GHRSST L4 / INSAT-3DR MOSDAC / Sentinel-3 SLSTR,0.5
5025,2026-08-22,13.5,91.0,28.56,0.81,5,GHRSST L4 / INSAT-3DR MOSDAC / Sentinel-3 SLSTR,0.5
5026,2026-08-22,13.5,91.5,28.5,0.75,5,GHRSST L4 / INSAT-3DR MOSDAC / Sentinel-3 SLSTR,0.5
5027,2026-08-22,13.5,92.0,28.4,0.65,5,GHRSST L4 / INSAT-3DR MOSDAC / Sentinel-3 SLSTR,0.5
5028,2026-08-22,13.5,92.5,28.68,0.93,5,GHRSST L4 / INSAT-3DR MOSDAC / Sentinel-3 SLSTR,0.5
5029,2026-08-22,13.5,93.0,28.65,0.9,5,GHRSST L4 / INSAT-3DR MOSDAC / Sentinel-3 SLSTR,0.5
5030,2026-08-22,13.5,93.5,28.71,0.96,5,GHRSST L4 / INSAT-3DR MOSDAC / Sentinel-3 SLSTR,0.5
5031,2026-08-22,13.5,94.0,28.81,1.06,5,GHRSST L4 / INSAT-3DR MOSDAC / Sentinel-3 SLSTR,0.5
5032,2026-08-22,14.0,68.0,28.7,1.0,5,GHRSST L4 / INSAT-3DR MOSDAC / Sentinel-3 SLSTR,0.5
5033,2026-08-22,14.0,68.5,28.86,1.16,5,GHRSST L4 / INSAT-3DR MOSDAC / Sentinel-3 SLSTR,0.5
5034,2026-08-22,14.0,69.0,28.31,0.61,5,GHRSST L4 / INSAT-3DR MOSDAC / Sentinel-3 SLSTR,0.5
5035,2026-08-22,14.0,69.5,28.86,1.16,5,GHRSST L4 / INSAT-3DR MOSDAC / Sentinel-3 SLSTR,0.5
5036,2026-08-22,14.0,70.0,28.31,0.61,5,GHRSST L4 / INSAT-3DR MOSDAC / Sentinel-3 SLSTR,0.5
5037,2026-08-22,14.0,70.5,28.78,1.08,5,GHRSST L4 / INSAT-3DR MOSDAC / Sentinel-3 SLSTR,0.5
5038,2026-08-22,14.0,71.0,28.74,1.04,5,GHRSST L4 / INSAT-3DR MOSDAC / Sentinel-3 SLSTR,0.5
5039,2026-08-22,14.0,82.5,28.66,0.96,5,GHRSST L4 / INSAT-3DR MOSDAC / Sentinel-3 SLSTR,0.5
5040,2026-08-22,14.0,83.0,28.68,0.98,5,GHRSST L4 / INSAT-3DR MOSDAC / Sentinel-3 SLSTR,0.5
5041,2026-08-22,14.0,83.5,28.67,0.97,5,GHRSST L4 / INSAT-3DR MOSDAC / Sentinel-3 SLSTR,0.5
5042,2026-08-22,14.0,84.0,28.56,0.86,5,GHRSST L4 / INSAT-3DR MOSDAC / Sentinel-3 SLSTR,0.5
5043,2026-08-22,14.0,84.5,28.21,0.51,5,GHRSST L4 / INSAT-3DR MOSDAC / Sentinel-3 SLSTR,0.5
5044,2026-08-22,14.0,85.0,28.6,0.9,5,GHRSST L4 / INSAT-3DR MOSDAC / Sentinel-3 SLSTR,0.5
5045,2026-08-22,14.0,85.5,28.46,0.76,5,GHRSST L4 / INSAT-3DR MOSDAC / Sentinel-3 SLSTR,0.5
5046,2026-08-22,14.0,86.0,28.38,0.68,5,GHRSST L4 / INSAT-3DR MOSDAC / Sentinel-3 SLSTR,0.5
5047,2026-08-22,14.0,86.5,28.53,0.83,5,GHRSST L4 / INSAT-3DR MOSDAC / Sentinel-3 SLSTR,0.5
5048,2026-08-22,14.0,87.0,28.78,1.08,5,GHRSST L4 / INSAT-3DR MOSDAC / Sentinel-3 SLSTR,0.5
5049,2026-08-22,14.0,87.5,28.59,0.89,5,GHRSST L4 / INSAT-3DR MOSDAC / Sentinel-3 SLSTR,0.5
5050,2026-08-22,14.0,88.0,28.87,1.17,5,GHRSST L4 / INSAT-3DR MOSDAC / Sentinel-3 SLSTR,0.5
5051,2026-08-22,14.0,88.5,28.48,0.78,5,GHRSST L4 / INSAT-3DR MOSDAC / Sentinel-3 SLSTR,0.5
5052,2026-08-22,14.0,89.0,28.31,0.61,5,GHRSST L4 / INSAT-3DR MOSDAC / Sentinel-3 SLSTR,0.5
5053,2026-08-22,14.0,89.5,28.41,0.71,5,GHRSST L4 / INSAT-3DR MOSDAC / Sentinel-3 SLSTR,0.5
5054,2026-08-22,14.0,90.0,28.29,0.59,5,GHRSST L4 / INSAT-3DR MOSDAC / Sentinel-3 SLSTR,0.5
5055,2026-08-22,14.0,90.5,28.67,0.97,5,GHRSST L4 / INSAT-3DR MOSDAC / Sentinel-3 SLSTR,0.5
5056,2026-08-22,14.0,91.0,28.3,0.6,5,GHRSST L4 / INSAT-3DR MOSDAC / Sentinel-3 SLSTR,0.5
5057,2026-08-22,14.0,91.5,28.55,0.85,5,GHRSST L4 / INSAT-3DR MOSDAC / Sentinel-3 SLSTR,0.5
5058,2026-08-22,14.0,92.0,28.84,1.14,5,GHRSST L4 / INSAT-3DR MOSDAC / Sentinel-3 SLSTR,0.5
5059,2026-08-22,14.0,92.5,28.49,0.79,5,GHRSST L4 / INSAT-3DR MOSDAC / Sentinel-3 SLSTR,0.5
5060,2026-08-22,14.0,93.0,28.47,0.77,5,GHRSST L4 / INSAT-3DR MOSDAC / Sentinel-3 SLSTR,0.5
5061,2026-08-22,14.0,93.5,28.33,0.63,5,GHRSST L4 / INSAT-3DR MOSDAC / Sentinel-3 SLSTR,0.5
5062,2026-08-22,14.0,94.0,28.72,1.02,5,GHRSST L4 / INSAT-3DR MOSDAC / Sentinel-3 SLSTR,0.5
5063,2026-08-22,14.5,68.0,28.34,0.69,5,GHRSST L4 / INSAT-3DR MOSDAC / Sentinel-3 SLSTR,0.5
5064,2026-08-22,14.5,68.5,28.82,1.17,5,GHRSST L4 / INSAT-3DR MOSDAC / Sentinel-3 SLSTR,0.5
5065,2026-08-22,14.5,69.0,28.25,0.6,5,GHRSST L4 / INSAT-3DR MOSDAC / Sentinel-3 SLSTR,0.5
5066,2026-08-22,14.5,69.5,28.13,0.48,5,GHRSST L4 / INSAT-3DR MOSDAC / Sentinel-3 SLSTR,0.5
5067,2026-08-22,14.5,70.0,28.51,0.86,5,GHRSST L4 / INSAT-3DR MOSDAC / Sentinel-3 SLSTR,0.5
5068,2026-08-22,14.5,70.5,28.18,0.53,5,GHRSST L4 / INSAT-3DR MOSDAC / Sentinel-3 SLSTR,0.5
5069,2026-08-22,14.5,71.0,28.39,0.74,5,GHRSST L4 / INSAT-3DR MOSDAC / Sentinel-3 SLSTR,0.5
5070,2026-08-22,14.5,83.0,28.45,0.8,5,GHRSST L4 / INSAT-3DR MOSDAC / Sentinel-3 SLSTR,0.5
5071,2026-08-22,14.5,83.5,28.3,0.65,5,GHRSST L4 / INSAT-3DR MOSDAC / Sentinel-3 SLSTR,0.5
5072,2026-08-22,14.5,84.0,28.81,1.16,5,GHRSST L4 / INSAT-3DR MOSDAC / Sentinel-3 SLSTR,0.5
5073,2026-08-22,14.5,84.5,28.37,0.72,5,GHRSST L4 / INSAT-3DR MOSDAC / Sentinel-3 SLSTR,0.5
5074,2026-08-22,14.5,85.0,28.23,0.58,5,GHRSST L4 / INSAT-3DR MOSDAC / Sentinel-3 SLSTR,0.5
5075,2026-08-22,14.5,85.5,28.16,0.51,5,GHRSST L4 / INSAT-3DR MOSDAC / Sentinel-3 SLSTR,0.5
5076,2026-08-22,14.5,86.0,28.35,0.7,5,GHRSST L4 / INSAT-3DR MOSDAC / Sentinel-3 SLSTR,0.5
5077,2026-08-22,14.5,86.5,28.7,1.05,5,GHRSST L4 / INSAT-3DR MOSDAC / Sentinel-3 SLSTR,0.5
5078,2026-08-22,14.5,87.0,28.3,0.65,5,GHRSST L4 / INSAT-3DR MOSDAC / Sentinel-3 SLSTR,0.5
5079,2026-08-22,14.5,87.5,28.55,0.9,5,GHRSST L4 / INSAT-3DR MOSDAC / Sentinel-3 SLSTR,0.5
5080,2026-08-22,14.5,88.0,28.82,1.17,5,GHRSST L4 / INSAT-3DR MOSDAC / Sentinel-3 SLSTR,0.5
5081,2026-08-22,14.5,88.5,28.37,0.72,5,GHRSST L4 / INSAT-3DR MOSDAC / Sentinel-3 SLSTR,0.5
5082,2026-08-22,14.5,89.0,28.56,0.91,5,GHRSST L4 / INSAT-3DR MOSDAC / Sentinel-3 SLSTR,0.5
5083,2026-08-22,14.5,89.5,28.55,0.9,5,GHRSST L4 / INSAT-3DR MOSDAC / Sentinel-3 SLSTR,0.5
5084,2026-08-22,14.5,90.0,28.55,0.9,5,GHRSST L4 / INSAT-3DR MOSDAC / Sentinel-3 SLSTR,0.5
5085,2026-08-22,14.5,90.5,28.8,1.15,5,GHRSST L4 / INSAT-3DR MOSDAC / Sentinel-3 SLSTR,0.5
5086,2026-08-22,14.5,91.0,28.68,1.03,5,GHRSST L4 / INSAT-3DR MOSDAC / Sentinel-3 SLSTR,0.5
5087,2026-08-22,14.5,91.5,28.14,0.49,5,GHRSST L4 / INSAT-3DR MOSDAC / Sentinel-3 SLSTR,0.5
5088,2026-08-22,14.5,92.0,28.15,0.5,5,GHRSST L4 / INSAT-3DR MOSDAC / Sentinel-3 SLSTR,0.5
5089,2026-08-22,14.5,92.5,28.16,0.51,5,GHRSST L4 / INSAT-3DR MOSDAC / Sentinel-3 SLSTR,0.5
5090,2026-08-22,14.5,93.0,28.39,0.74,5,GHRSST L4 / INSAT-3DR MOSDAC / Sentinel-3 SLSTR,0.5
5091,2026-08-22,14.5,93.5,28.44,0.79,5,GHRSST L4 / INSAT-3DR MOSDAC / Sentinel-3 SLSTR,0.5
5092,2026-08-22,14.5,94.0,28.7,1.05,5,GHRSST L4 / INSAT-3DR MOSDAC / Sentinel-3 SLSTR,0.5
5093,2026-08-22,15.0,68.0,28.52,0.92,5,GHRSST L4 / INSAT-3DR MOSDAC / Sentinel-3 SLSTR,0.5
5094,2026-08-22,15.0,68.5,28.77,1.17,5,GHRSST L4 / INSAT-3DR MOSDAC / Sentinel-3 SLSTR,0.5
5095,2026-08-22,15.0,69.0,28.63,1.03,5,GHRSST L4 / INSAT-3DR MOSDAC / Sentinel-3 SLSTR,0.5
5096,2026-08-22,15.0,69.5,28.68,1.08,5,GHRSST L4 / INSAT-3DR MOSDAC / Sentinel-3 SLSTR,0.5
5097,2026-08-22,15.0,70.0,28.2,0.6,5,GHRSST L4 / INSAT-3DR MOSDAC / Sentinel-3 SLSTR,0.5
5098,2026-08-22,15.0,70.5,28.52,0.92,5,GHRSST L4 / INSAT-3DR MOSDAC / Sentinel-3 SLSTR,0.5
5099,2026-08-22,15.0,83.0,28.17,0.57,5,GHRSST L4 / INSAT-3DR MOSDAC / Sentinel-3 SLSTR,0.5
5100,2026-08-22,15.0,83.5,28.54,0.94,5,GHRSST L4 / INSAT-3DR MOSDAC / Sentinel-3 SLSTR,0.5
5101,2026-08-22,15.0,84.0,28.64,1.04,5,GHRSST L4 / INSAT-3DR MOSDAC / Sentinel-3 SLSTR,0.5
5102,2026-08-22,15.0,84.5,28.28,0.68,5,GHRSST L4 / INSAT-3DR MOSDAC / Sentinel-3 SLSTR,0.5
5103,2026-08-22,15.0,85.0,28.19,0.59,5,GHRSST L4 / INSAT-3DR MOSDAC / Sentinel-3 SLSTR,0.5
5104,2026-08-22,15.0,85.5,28.24,0.64,5,GHRSST L4 / INSAT-3DR MOSDAC / Sentinel-3 SLSTR,0.5
5105,2026-08-22,15.0,86.0,28.64,1.04,5,GHRSST L4 / INSAT-3DR MOSDAC / Sentinel-3 SLSTR,0.5
5106,2026-08-22,15.0,86.5,28.45,0.85,5,GHRSST L4 / INSAT-3DR MOSDAC / Sentinel-3 SLSTR,0.5
5107,2026-08-22,15.0,87.0,28.45,0.85,5,GHRSST L4 / INSAT-3DR MOSDAC / Sentinel-3 SLSTR,0.5
5108,2026-08-22,15.0,87.5,28.47,0.87,5,GHRSST L4 / INSAT-3DR MOSDAC / Sentinel-3 SLSTR,0.5
5109,2026-08-22,15.0,88.0,28.41,0.81,5,GHRSST L4 / INSAT-3DR MOSDAC / Sentinel-3 SLSTR,0.5
5110,2026-08-22,15.0,88.5,28.67,1.07,5,GHRSST L4 / INSAT-3DR MOSDAC / Sentinel-3 SLSTR,0.5
5111,2026-08-22,15.0,89.0,28.43,0.83,5,GHRSST L4 / INSAT-3DR MOSDAC / Sentinel-3 SLSTR,0.5
5112,2026-08-22,15.0,89.5,28.49,0.89,5,GHRSST L4 / INSAT-3DR MOSDAC / Sentinel-3 SLSTR,0.5
5113,2026-08-22,15.0,90.0,28.76,1.16,5,GHRSST L4 / INSAT-3DR MOSDAC / Sentinel-3 SLSTR,0.5
5114,2026-08-22,15.0,90.5,28.39,0.79,5,GHRSST L4 / INSAT-3DR MOSDAC / Sentinel-3 SLSTR,0.5
5115,2026-08-22,15.0,91.0,28.2,0.6,5,GHRSST L4 / INSAT-3DR MOSDAC / Sentinel-3 SLSTR,0.5
5116,2026-08-22,15.0,91.5,28.46,0.86,5,GHRSST L4 / INSAT-3DR MOSDAC / Sentinel-3 SLSTR,0.5
5117,2026-08-22,15.0,92.0,28.56,0.96,5,GHRSST L4 / INSAT-3DR MOSDAC / Sentinel-3 SLSTR,0.5
5118,2026-08-22,15.0,92.5,28.16,0.56,5,GHRSST L4 / INSAT-3DR MOSDAC / Sentinel-3 SLSTR,0.5
5119,2026-08-22,15.0,93.0,28.18,0.58,5,GHRSST L4 / INSAT-3DR MOSDAC / Sentinel-3 SLSTR,0.5
5120,2026-08-22,15.0,93.5,28.09,0.49,5,GHRSST L4 / INSAT-3DR MOSDAC / Sentinel-3 SLSTR,0.5
5121,2026-08-22,15.0,94.0,28.59,0.99,5,GHRSST L4 / INSAT-3DR MOSDAC / Sentinel-3 SLSTR,0.5
5122,2026-08-22,15.5,68.0,28.15,0.6,5,GHRSST L4 / INSAT-3DR MOSDAC / Sentinel-3 SLSTR,0.5
5123,2026-08-22,15.5,68.5,28.64,1.09,5,GHRSST L4 / INSAT-3DR MOSDAC / Sentinel-3 SLSTR,0.5
5124,2026-08-22,15.5,69.0,28.37,0.82,5,GHRSST L4 / INSAT-3DR MOSDAC / Sentinel-3 SLSTR,0.5
5125,2026-08-22,15.5,69.5,28.68,1.13,5,GHRSST L4 / INSAT-3DR MOSDAC / Sentinel-3 SLSTR,0.5
5126,2026-08-22,15.5,70.0,28.28,0.73,5,GHRSST L4 / INSAT-3DR MOSDAC / Sentinel-3 SLSTR,0.5
5127,2026-08-22,15.5,70.5,28.68,1.13,5,GHRSST L4 / INSAT-3DR MOSDAC / Sentinel-3 SLSTR,0.5
5128,2026-08-22,15.5,83.5,28.69,1.14,5,GHRSST L4 / INSAT-3DR MOSDAC / Sentinel-3 SLSTR,0.5
5129,2026-08-22,15.5,84.0,28.1,0.55,5,GHRSST L4 / INSAT-3DR MOSDAC / Sentinel-3 SLSTR,0.5
5130,2026-08-22,15.5,84.5,28.1,0.55,5,GHRSST L4 / INSAT-3DR MOSDAC / Sentinel-3 SLSTR,0.5
5131,2026-08-22,15.5,85.0,28.31,0.76,5,GHRSST L4 / INSAT-3DR MOSDAC / Sentinel-3 SLSTR,0.5
5132,2026-08-22,15.5,85.5,28.3,0.75,5,GHRSST L4 / INSAT-3DR MOSDAC / Sentinel-3 SLSTR,0.5
5133,2026-08-22,15.5,86.0,28.46,0.91,5,GHRSST L4 / INSAT-3DR MOSDAC / Sentinel-3 SLSTR,0.5
5134,2026-08-22,15.5,86.5,28.09,0.54,5,GHRSST L4 / INSAT-3DR MOSDAC / Sentinel-3 SLSTR,0.5
5135,2026-08-22,15.5,87.0,28.54,0.99,5,GHRSST L4 / INSAT-3DR MOSDAC / Sentinel-3 SLSTR,0.5
5136,2026-08-22,15.5,87.5,28.17,0.62,5,GHRSST L4 / INSAT-3DR MOSDAC / Sentinel-3 SLSTR,0.5
5137,2026-08-22,15.5,88.0,28.12,0.57,5,GHRSST L4 / INSAT-3DR MOSDAC / Sentinel-3 SLSTR,0.5
5138,2026-08-22,15.5,88.5,28.57,1.02,5,GHRSST L4 / INSAT-3DR MOSDAC / Sentinel-3 SLSTR,0.5
5139,2026-08-22,15.5,89.0,28.07,0.52,5,GHRSST L4 / INSAT-3DR MOSDAC / Sentinel-3 SLSTR,0.5
5140,2026-08-22,15.5,89.5,28.51,0.96,5,GHRSST L4 / INSAT-3DR MOSDAC / Sentinel-3 SLSTR,0.5
5141,2026-08-22,15.5,90.0,28.09,0.54,5,GHRSST L4 / INSAT-3DR MOSDAC / Sentinel-3 SLSTR,0.5
5142,2026-08-22,15.5,90.5,28.53,0.98,5,GHRSST L4 / INSAT-3DR MOSDAC / Sentinel-3 SLSTR,0.5
5143,2026-08-22,15.5,91.0,28.56,1.01,5,GHRSST L4 / INSAT-3DR MOSDAC / Sentinel-3 SLSTR,0.5
5144,2026-08-22,15.5,91.5,28.42,0.87,5,GHRSST L4 / INSAT-3DR MOSDAC / Sentinel-3 SLSTR,0.5
5145,2026-08-22,15.5,92.0,28.26,0.71,5,GHRSST L4 / INSAT-3DR MOSDAC / Sentinel-3 SLSTR,0.5
5146,2026-08-22,15.5,92.5,28.18,0.63,5,GHRSST L4 / INSAT-3DR MOSDAC / Sentinel-3 SLSTR,0.5
5147,2026-08-22,15.5,93.0,28.58,1.03,5,GHRSST L4 / INSAT-3DR MOSDAC / Sentinel-3 SLSTR,0.5
5148,2026-08-22,15.5,93.5,28.08,0.53,5,GHRSST L4 / INSAT-3DR MOSDAC / Sentinel-3 SLSTR,0.5
5149,2026-08-22,15.5,94.0,28.69,1.14,5,GHRSST L4 / INSAT-3DR MOSDAC / Sentinel-3 SLSTR,0.5
5150,2026-08-22,16.0,68.0,28.5,1.0,5,GHRSST L4 / INSAT-3DR MOSDAC / Sentinel-3 SLSTR,0.5
5151,2026-08-22,16.0,68.5,28.43,0.93,5,GHRSST L4 / INSAT-3DR MOSDAC / Sentinel-3 SLSTR,0.5
5152,2026-08-22,16.0,69.0,28.64,1.14,5,GHRSST L4 / INSAT-3DR MOSDAC / Sentinel-3 SLSTR,0.5
5153,2026-08-22,16.0,69.5,28.43,0.93,5,GHRSST L4 / INSAT-3DR MOSDAC / Sentinel-3 SLSTR,0.5
5154,2026-08-22,16.0,70.0,28.02,0.52,5,GHRSST L4 / INSAT-3DR MOSDAC / Sentinel-3 SLSTR,0.5
5155,2026-08-22,16.0,70.5,28.18,0.68,5,GHRSST L4 / INSAT-3DR MOSDAC / Sentinel-3 SLSTR,0.5
5156,2026-08-22,16.0,83.5,28.36,0.86,5,GHRSST L4 / INSAT-3DR MOSDAC / Sentinel-3 SLSTR,0.5
5157,2026-08-22,16.0,84.0,28.35,0.85,5,GHRSST L4 / INSAT-3DR MOSDAC / Sentinel-3 SLSTR,0.5
5158,2026-08-22,16.0,84.5,27.96,0.46,5,GHRSST L4 / INSAT-3DR MOSDAC / Sentinel-3 SLSTR,0.5
5159,2026-08-22,16.0,85.0,28.13,0.63,5,GHRSST L4 / INSAT-3DR MOSDAC / Sentinel-3 SLSTR,0.5
5160,2026-08-22,16.0,85.5,28.47,0.97,5,GHRSST L4 / INSAT-3DR MOSDAC / Sentinel-3 SLSTR,0.5
5161,2026-08-22,16.0,86.0,28.41,0.91,5,GHRSST L4 / INSAT-3DR MOSDAC / Sentinel-3 SLSTR,0.5
5162,2026-08-22,16.0,86.5,28.58,1.08,5,GHRSST L4 / INSAT-3DR MOSDAC / Sentinel-3 SLSTR,0.5
5163,2026-08-22,16.0,87.0,28.62,1.12,5,GHRSST L4 / INSAT-3DR MOSDAC / Sentinel-3 SLSTR,0.5
5164,2026-08-22,16.0,87.5,28.56,1.06,5,GHRSST L4 / INSAT-3DR MOSDAC / Sentinel-3 SLSTR,0.5
5165,2026-08-22,16.0,88.0,28.34,0.84,5,GHRSST L4 / INSAT-3DR MOSDAC / Sentinel-3 SLSTR,0.5
5166,2026-08-22,16.0,88.5,28.33,0.83,5,GHRSST L4 / INSAT-3DR MOSDAC / Sentinel-3 SLSTR,0.5
5167,2026-08-22,16.0,89.0,28.21,0.71,5,GHRSST L4 / INSAT-3DR MOSDAC / Sentinel-3 SLSTR,0.5
5168,2026-08-22,16.0,89.5,28.58,1.08,5,GHRSST L4 / INSAT-3DR MOSDAC / Sentinel-3 SLSTR,0.5
5169,2026-08-22,16.0,90.0,28.53,1.03,5,GHRSST L4 / INSAT-3DR MOSDAC / Sentinel-3 SLSTR,0.5
5170,2026-08-22,16.0,90.5,28.5,1.0,5,GHRSST L4 / INSAT-3DR MOSDAC / Sentinel-3 SLSTR,0.5
5171,2026-08-22,16.0,91.0,28.49,0.99,5,GHRSST L4 / INSAT-3DR MOSDAC / Sentinel-3 SLSTR,0.5
5172,2026-08-22,16.0,91.5,28.54,1.04,5,GHRSST L4 / INSAT-3DR MOSDAC / Sentinel-3 SLSTR,0.5
5173,2026-08-22,16.0,92.0,28.59,1.09,5,GHRSST L4 / INSAT-3DR MOSDAC / Sentinel-3 SLSTR,0.5
5174,2026-08-22,16.0,92.5,28.52,1.02,5,GHRSST L4 / INSAT-3DR MOSDAC / Sentinel-3 SLSTR,0.5
5175,2026-08-22,16.0,93.0,28.52,1.02,5,GHRSST L4 / INSAT-3DR MOSDAC / Sentinel-3 SLSTR,0.5
5176,2026-08-22,16.0,93.5,28.41,0.91,5,GHRSST L4 / INSAT-3DR MOSDAC / Sentinel-3 SLSTR,0.5
5177,2026-08-22,16.0,94.0,28.27,0.77,5,GHRSST L4 / INSAT-3DR MOSDAC / Sentinel-3 SLSTR,0.5
5178,2026-08-22,16.5,68.0,28.28,0.83,5,GHRSST L4 / INSAT-3DR MOSDAC / Sentinel-3 SLSTR,0.5
5179,2026-08-22,16.5,68.5,28.26,0.81,5,GHRSST L4 / INSAT-3DR MOSDAC / Sentinel-3 SLSTR,0.5
5180,2026-08-22,16.5,69.0,28.47,1.02,5,GHRSST L4 / INSAT-3DR MOSDAC / Sentinel-3 SLSTR,0.5
5181,2026-08-22,16.5,69.5,28.08,0.63,5,GHRSST L4 / INSAT-3DR MOSDAC / Sentinel-3 SLSTR,0.5
5182,2026-08-22,16.5,70.0,28.14,0.69,5,GHRSST L4 / INSAT-3DR MOSDAC / Sentinel-3 SLSTR,0.5
5183,2026-08-22,16.5,70.5,28.28,0.83,5,GHRSST L4 / INSAT-3DR MOSDAC / Sentinel-3 SLSTR,0.5
5184,2026-08-22,16.5,84.0,28.58,1.13,5,GHRSST L4 / INSAT-3DR MOSDAC / Sentinel-3 SLSTR,0.5
5185,2026-08-22,16.5,84.5,28.23,0.78,5,GHRSST L4 / INSAT-3DR MOSDAC / Sentinel-3 SLSTR,0.5
5186,2026-08-22,16.5,85.0,27.98,0.53,5,GHRSST L4 / INSAT-3DR MOSDAC / Sentinel-3 SLSTR,0.5
5187,2026-08-22,16.5,85.5,28.36,0.91,5,GHRSST L4 / INSAT-3DR MOSDAC / Sentinel-3 SLSTR,0.5
5188,2026-08-22,16.5,86.0,28.32,0.87,5,GHRSST L4 / INSAT-3DR MOSDAC / Sentinel-3 SLSTR,0.5
5189,2026-08-22,16.5,86.5,28.48,1.03,5,GHRSST L4 / INSAT-3DR MOSDAC / Sentinel-3 SLSTR,0.5
5190,2026-08-22,16.5,87.0,28.49,1.04,5,GHRSST L4 / INSAT-3DR MOSDAC / Sentinel-3 SLSTR,0.5
5191,2026-08-22,16.5,87.5,28.07,0.62,5,GHRSST L4 / INSAT-3DR MOSDAC / Sentinel-3 SLSTR,0.5
5192,2026-08-22,16.5,88.0,27.92,0.47,5,GHRSST L4 / INSAT-3DR MOSDAC / Sentinel-3 SLSTR,0.5
5193,2026-08-22,16.5,88.5,28.44,0.99,5,GHRSST L4 / INSAT-3DR MOSDAC / Sentinel-3 SLSTR,0.5
5194,2026-08-22,16.5,89.0,28.35,0.9,5,GHRSST L4 / INSAT-3DR MOSDAC / Sentinel-3 SLSTR,0.5
5195,2026-08-22,16.5,89.5,27.99,0.54,5,GHRSST L4 / INSAT-3DR MOSDAC / Sentinel-3 SLSTR,0.5
5196,2026-08-22,16.5,90.0,28.58,1.13,5,GHRSST L4 / INSAT-3DR MOSDAC / Sentinel-3 SLSTR,0.5
5197,2026-08-22,16.5,90.5,28.54,1.09,5,GHRSST L4 / INSAT-3DR MOSDAC / Sentinel-3 SLSTR,0.5
5198,2026-08-22,16.5,91.0,28.4,0.95,5,GHRSST L4 / INSAT-3DR MOSDAC / Sentinel-3 SLSTR,0.5
5199,2026-08-22,16.5,91.5,27.93,0.48,5,GHRSST L4 / INSAT-3DR MOSDAC / Sentinel-3 SLSTR,0.5
5200,2026-08-22,16.5,92.0,28.04,0.59,5,GHRSST L4 / INSAT-3DR MOSDAC / Sentinel-3 SLSTR,0.5
5201,2026-08-22,16.5,92.5,28.12,0.67,5,GHRSST L4 / INSAT-3DR MOSDAC / Sentinel-3 SLSTR,0.5
5202,2026-08-22,16.5,93.0,27.93,0.48,5,GHRSST L4 / INSAT-3DR MOSDAC / Sentinel-3 SLSTR,0.5
5203,2026-08-22,16.5,93.5,28.47,1.02,5,GHRSST L4 / INSAT-3DR MOSDAC / Sentinel-3 SLSTR,0.5
5204,2026-08-22,16.5,94.0,27.94,0.49,5,GHRSST L4 / INSAT-3DR MOSDAC / Sentinel-3 SLSTR,0.5
5205,2026-08-22,17.0,68.0,27.97,0.57,5,GHRSST L4 / INSAT-3DR MOSDAC / Sentinel-3 SLSTR,0.5
5206,2026-08-22,17.0,68.5,28.05,0.65,5,GHRSST L4 / INSAT-3DR MOSDAC / Sentinel-3 SLSTR,0.5
5207,2026-08-22,17.0,69.0,28.06,0.66,5,GHRSST L4 / INSAT-3DR MOSDAC / Sentinel-3 SLSTR,0.5
5208,2026-08-22,17.0,69.5,28.02,0.62,5,GHRSST L4 / INSAT-3DR MOSDAC / Sentinel-3 SLSTR,0.5
5209,2026-08-22,17.0,70.0,28.52,1.12,5,GHRSST L4 / INSAT-3DR MOSDAC / Sentinel-3 SLSTR,0.5
5210,2026-08-22,17.0,84.0,28.5,1.1,5,GHRSST L4 / INSAT-3DR MOSDAC / Sentinel-3 SLSTR,0.5
5211,2026-08-22,17.0,84.5,28.26,0.86,5,GHRSST L4 / INSAT-3DR MOSDAC / Sentinel-3 SLSTR,0.5
5212,2026-08-22,17.0,85.0,27.92,0.52,5,GHRSST L4 / INSAT-3DR MOSDAC / Sentinel-3 SLSTR,0.5
5213,2026-08-22,17.0,85.5,28.32,0.92,5,GHRSST L4 / INSAT-3DR MOSDAC / Sentinel-3 SLSTR,0.5
5214,2026-08-22,17.0,86.0,28.51,1.11,5,GHRSST L4 / INSAT-3DR MOSDAC / Sentinel-3 SLSTR,0.5
5215,2026-08-22,17.0,86.5,28.53,1.13,5,GHRSST L4 / INSAT-3DR MOSDAC / Sentinel-3 SLSTR,0.5
5216,2026-08-22,17.0,87.0,28.26,0.86,5,GHRSST L4 / INSAT-3DR MOSDAC / Sentinel-3 SLSTR,0.5
5217,2026-08-22,17.0,87.5,27.96,0.56,5,GHRSST L4 / INSAT-3DR MOSDAC / Sentinel-3 SLSTR,0.5
5218,2026-08-22,17.0,88.0,28.41,1.01,5,GHRSST L4 / INSAT-3DR MOSDAC / Sentinel-3 SLSTR,0.5
5219,2026-08-22,17.0,88.5,28.27,0.87,5,GHRSST L4 / INSAT-3DR MOSDAC / Sentinel-3 SLSTR,0.5
5220,2026-08-22,17.0,89.0,28.15,0.75,5,GHRSST L4 / INSAT-3DR MOSDAC / Sentinel-3 SLSTR,0.5
5221,2026-08-22,17.0,89.5,27.93,0.53,5,GHRSST L4 / INSAT-3DR MOSDAC / Sentinel-3 SLSTR,0.5
5222,2026-08-22,17.0,90.0,28.0,0.6,5,GHRSST L4 / INSAT-3DR MOSDAC / Sentinel-3 SLSTR,0.5
5223,2026-08-22,17.0,90.5,28.24,0.84,5,GHRSST L4 / INSAT-3DR MOSDAC / Sentinel-3 SLSTR,0.5
5224,2026-08-22,17.0,91.0,28.01,0.61,5,GHRSST L4 / INSAT-3DR MOSDAC / Sentinel-3 SLSTR,0.5
5225,2026-08-22,17.0,91.5,28.16,0.76,5,GHRSST L4 / INSAT-3DR MOSDAC / Sentinel-3 SLSTR,0.5
5226,2026-08-22,17.0,92.0,28.33,0.93,5,GHRSST L4 / INSAT-3DR MOSDAC / Sentinel-3 SLSTR,0.5
5227,2026-08-22,17.0,92.5,28.52,1.12,5,GHRSST L4 / INSAT-3DR MOSDAC / Sentinel-3 SLSTR,0.5
5228,2026-08-22,17.0,93.0,27.86,0.46,5,GHRSST L4 / INSAT-3DR MOSDAC / Sentinel-3 SLSTR,0.5
5229,2026-08-22,17.0,93.5,28.39,0.99,5,GHRSST L4 / INSAT-3DR MOSDAC / Sentinel-3 SLSTR,0.5
5230,2026-08-22,17.0,94.0,27.92,0.52,5,GHRSST L4 / INSAT-3DR MOSDAC / Sentinel-3 SLSTR,0.5
5231,2026-08-22,17.5,68.0,28.43,1.08,5,GHRSST L4 / INSAT-3DR MOSDAC / Sentinel-3 SLSTR,0.5
5232,2026-08-22,17.5,68.5,28.31,0.96,5,GHRSST L4 / INSAT-3DR MOSDAC / Sentinel-3 SLSTR,0.5
5233,2026-08-22,17.5,69.0,28.05,0.7,5,GHRSST L4 / INSAT-3DR MOSDAC / Sentinel-3 SLSTR,0.5
5234,2026-08-22,17.5,69.5,28.13,0.78,5,GHRSST L4 / INSAT-3DR MOSDAC / Sentinel-3 SLSTR,0.5
5235,2026-08-22,17.5,70.0,28.24,0.89,5,GHRSST L4 / INSAT-3DR MOSDAC / Sentinel-3 SLSTR,0.5
5236,2026-08-22,17.5,84.5,28.16,0.81,5,GHRSST L4 / INSAT-3DR MOSDAC / Sentinel-3 SLSTR,0.5
5237,2026-08-22,17.5,85.0,28.46,1.11,5,GHRSST L4 / INSAT-3DR MOSDAC / Sentinel-3 SLSTR,0.5
5238,2026-08-22,17.5,85.5,28.47,1.12,5,GHRSST L4 / INSAT-3DR MOSDAC / Sentinel-3 SLSTR,0.5
5239,2026-08-22,17.5,86.0,27.81,0.46,5,GHRSST L4 / INSAT-3DR MOSDAC / Sentinel-3 SLSTR,0.5
5240,2026-08-22,17.5,86.5,28.28,0.93,5,GHRSST L4 / INSAT-3DR MOSDAC / Sentinel-3 SLSTR,0.5
5241,2026-08-22,17.5,87.0,28.29,0.94,5,GHRSST L4 / INSAT-3DR MOSDAC / Sentinel-3 SLSTR,0.5
5242,2026-08-22,17.5,87.5,28.32,0.97,5,GHRSST L4 / INSAT-3DR MOSDAC / Sentinel-3 SLSTR,0.5
5243,2026-08-22,17.5,88.0,28.41,1.06,5,GHRSST L4 / INSAT-3DR MOSDAC / Sentinel-3 SLSTR,0.5
5244,2026-08-22,17.5,88.5,28.19,0.84,5,GHRSST L4 / INSAT-3DR MOSDAC / Sentinel-3 SLSTR,0.5
5245,2026-08-22,17.5,89.0,27.95,0.6,5,GHRSST L4 / INSAT-3DR MOSDAC / Sentinel-3 SLSTR,0.5
5246,2026-08-22,17.5,89.5,28.24,0.89,5,GHRSST L4 / INSAT-3DR MOSDAC / Sentinel-3 SLSTR,0.5
5247,2026-08-22,17.5,90.0,28.0,0.65,5,GHRSST L4 / INSAT-3DR MOSDAC / Sentinel-3 SLSTR,0.5
5248,2026-08-22,17.5,90.5,28.01,0.66,5,GHRSST L4 / INSAT-3DR MOSDAC / Sentinel-3 SLSTR,0.5
5249,2026-08-22,17.5,91.0,28.2,0.85,5,GHRSST L4 / INSAT-3DR MOSDAC / Sentinel-3 SLSTR,0.5
5250,2026-08-22,17.5,91.5,27.97,0.62,5,GHRSST L4 / INSAT-3DR MOSDAC / Sentinel-3 SLSTR,0.5
5251,2026-08-22,17.5,92.0,28.26,0.91,5,GHRSST L4 / INSAT-3DR MOSDAC / Sentinel-3 SLSTR,0.5
5252,2026-08-22,17.5,92.5,28.37,1.02,5,GHRSST L4 / INSAT-3DR MOSDAC / Sentinel-3 SLSTR,0.5
5253,2026-08-22,17.5,93.0,28.46,1.11,5,GHRSST L4 / INSAT-3DR MOSDAC / Sentinel-3 SLSTR,0.5
5254,2026-08-22,17.5,93.5,27.89,0.54,5,GHRSST L4 / INSAT-3DR MOSDAC / Sentinel-3 SLSTR,0.5
5255,2026-08-22,17.5,94.0,28.09,0.74,5,GHRSST L4 / INSAT-3DR MOSDAC / Sentinel-3 SLSTR,0.5
5256,2026-08-22,18.0,68.0,28.23,0.93,5,GHRSST L4 / INSAT-3DR MOSDAC / Sentinel-3 SLSTR,0.5
5257,2026-08-22,18.0,68.5,28.11,0.81,5,GHRSST L4 / INSAT-3DR MOSDAC / Sentinel-3 SLSTR,0.5
5258,2026-08-22,18.0,69.0,27.76,0.46,5,GHRSST L4 / INSAT-3DR MOSDAC / Sentinel-3 SLSTR,0.5
5259,2026-08-22,18.0,69.5,27.95,0.65,5,GHRSST L4 / INSAT-3DR MOSDAC / Sentinel-3 SLSTR,0.5
5260,2026-08-22,18.0,70.0,28.27,0.97,5,GHRSST L4 / INSAT-3DR MOSDAC / Sentinel-3 SLSTR,0.5
5261,2026-08-22,18.0,84.5,28.05,0.75,5,GHRSST L4 / INSAT-3DR MOSDAC / Sentinel-3 SLSTR,0.5
5262,2026-08-22,18.0,85.0,28.2,0.9,5,GHRSST L4 / INSAT-3DR MOSDAC / Sentinel-3 SLSTR,0.5
5263,2026-08-22,18.0,85.5,28.16,0.86,5,GHRSST L4 / INSAT-3DR MOSDAC / Sentinel-3 SLSTR,0.5
5264,2026-08-22,18.0,86.0,28.37,1.07,5,GHRSST L4 / INSAT-3DR MOSDAC / Sentinel-3 SLSTR,0.5
5265,2026-08-22,18.0,86.5,28.31,1.01,5,GHRSST L4 / INSAT-3DR MOSDAC / Sentinel-3 SLSTR,0.5
5266,2026-08-22,18.0,87.0,27.95,0.65,5,GHRSST L4 / INSAT-3DR MOSDAC / Sentinel-3 SLSTR,0.5
5267,2026-08-22,18.0,87.5,28.06,0.76,5,GHRSST L4 / INSAT-3DR MOSDAC / Sentinel-3 SLSTR,0.5
5268,2026-08-22,18.0,88.0,28.04,0.74,5,GHRSST L4 / INSAT-3DR MOSDAC / Sentinel-3 SLSTR,0.5
5269,2026-08-22,18.0,88.5,27.91,0.61,5,GHRSST L4 / INSAT-3DR MOSDAC / Sentinel-3 SLSTR,0.5
5270,2026-08-22,18.0,89.0,28.14,0.84,5,GHRSST L4 / INSAT-3DR MOSDAC / Sentinel-3 SLSTR,0.5
5271,2026-08-22,18.0,89.5,27.89,0.59,5,GHRSST L4 / INSAT-3DR MOSDAC / Sentinel-3 SLSTR,0.5
5272,2026-08-22,18.0,90.0,27.82,0.52,5,GHRSST L4 / INSAT-3DR MOSDAC / Sentinel-3 SLSTR,0.5
5273,2026-08-22,18.0,90.5,27.79,0.49,5,GHRSST L4 / INSAT-3DR MOSDAC / Sentinel-3 SLSTR,0.5
5274,2026-08-22,18.0,91.0,27.91,0.61,5,GHRSST L4 / INSAT-3DR MOSDAC / Sentinel-3 SLSTR,0.5
5275,2026-08-22,18.0,91.5,28.04,0.74,5,GHRSST L4 / INSAT-3DR MOSDAC / Sentinel-3 SLSTR,0.5
5276,2026-08-22,18.0,92.0,27.79,0.49,5,GHRSST L4 / INSAT-3DR MOSDAC / Sentinel-3 SLSTR,0.5
5277,2026-08-22,18.0,92.5,28.18,0.88,5,GHRSST L4 / INSAT-3DR MOSDAC / Sentinel-3 SLSTR,0.5
5278,2026-08-22,18.0,93.0,28.32,1.02,5,GHRSST L4 / INSAT-3DR MOSDAC / Sentinel-3 SLSTR,0.5
5279,2026-08-22,18.0,93.5,28.01,0.71,5,GHRSST L4 / INSAT-3DR MOSDAC / Sentinel-3 SLSTR,0.5
5280,2026-08-22,18.0,94.0,28.32,1.02,5,GHRSST L4 / INSAT-3DR MOSDAC / Sentinel-3 SLSTR,0.5
5281,2026-08-22,18.5,68.0,27.76,0.51,5,GHRSST L4 / INSAT-3DR MOSDAC / Sentinel-3 SLSTR,0.5
5282,2026-08-22,18.5,68.5,27.7,0.45,5,GHRSST L4 / INSAT-3DR MOSDAC / Sentinel-3 SLSTR,0.5
5283,2026-08-22,18.5,69.0,28.22,0.97,5,GHRSST L4 / INSAT-3DR MOSDAC / Sentinel-3 SLSTR,0.5
5284,2026-08-22,18.5,69.5,28.33,1.08,5,GHRSST L4 / INSAT-3DR MOSDAC / Sentinel-3 SLSTR,0.5
5285,2026-08-22,18.5,70.0,27.89,0.64,5,GHRSST L4 / INSAT-3DR MOSDAC / Sentinel-3 SLSTR,0.5
5286,2026-08-22,18.5,84.5,28.11,0.86,5,GHRSST L4 / INSAT-3DR MOSDAC / Sentinel-3 SLSTR,0.5
5287,2026-08-22,18.5,85.0,28.11,0.86,5,GHRSST L4 / INSAT-3DR MOSDAC / Sentinel-3 SLSTR,0.5
5288,2026-08-22,18.5,85.5,28.13,0.88,5,GHRSST L4 / INSAT-3DR MOSDAC / Sentinel-3 SLSTR,0.5
5289,2026-08-22,18.5,86.0,28.05,0.8,5,GHRSST L4 / INSAT-3DR MOSDAC / Sentinel-3 SLSTR,0.5
5290,2026-08-22,18.5,86.5,27.83,0.58,5,GHRSST L4 / INSAT-3DR MOSDAC / Sentinel-3 SLSTR,0.5
5291,2026-08-22,18.5,87.0,27.71,0.46,5,GHRSST L4 / INSAT-3DR MOSDAC / Sentinel-3 SLSTR,0.5
5292,2026-08-22,18.5,87.5,27.66,0.41,5,GHRSST L4 / INSAT-3DR MOSDAC / Sentinel-3 SLSTR,0.5
5293,2026-08-22,18.5,88.0,27.78,0.53,5,GHRSST L4 / INSAT-3DR MOSDAC / Sentinel-3 SLSTR,0.5
5294,2026-08-22,18.5,88.5,27.73,0.48,5,GHRSST L4 / INSAT-3DR MOSDAC / Sentinel-3 SLSTR,0.5
5295,2026-08-22,18.5,89.0,27.68,0.43,5,GHRSST L4 / INSAT-3DR MOSDAC / Sentinel-3 SLSTR,0.5
5296,2026-08-22,18.5,89.5,27.71,0.46,5,GHRSST L4 / INSAT-3DR MOSDAC / Sentinel-3 SLSTR,0.5
5297,2026-08-22,18.5,90.0,27.68,0.43,5,GHRSST L4 / INSAT-3DR MOSDAC / Sentinel-3 SLSTR,0.5
5298,2026-08-22,18.5,90.5,28.03,0.78,5,GHRSST L4 / INSAT-3DR MOSDAC / Sentinel-3 SLSTR,0.5
5299,2026-08-22,18.5,91.0,27.69,0.44,5,GHRSST L4 / INSAT-3DR MOSDAC / Sentinel-3 SLSTR,0.5
5300,2026-08-22,18.5,91.5,28.35,1.1,5,GHRSST L4 / INSAT-3DR MOSDAC / Sentinel-3 SLSTR,0.5
5301,2026-08-22,18.5,92.0,28.0,0.75,5,GHRSST L4 / INSAT-3DR MOSDAC / Sentinel-3 SLSTR,0.5
5302,2026-08-22,18.5,92.5,28.28,1.03,5,GHRSST L4 / INSAT-3DR MOSDAC / Sentinel-3 SLSTR,0.5
5303,2026-08-22,18.5,93.0,27.99,0.74,5,GHRSST L4 / INSAT-3DR MOSDAC / Sentinel-3 SLSTR,0.5
5304,2026-08-22,18.5,93.5,27.75,0.5,5,GHRSST L4 / INSAT-3DR MOSDAC / Sentinel-3 SLSTR,0.5
5305,2026-08-22,18.5,94.0,28.24,0.99,5,GHRSST L4 / INSAT-3DR MOSDAC / Sentinel-3 SLSTR,0.5
5306,2026-08-22,19.0,68.0,27.76,0.56,5,GHRSST L4 / INSAT-3DR MOSDAC / Sentinel-3 SLSTR,0.5
5307,2026-08-22,19.0,68.5,27.62,0.42,5,GHRSST L4 / INSAT-3DR MOSDAC / Sentinel-3 SLSTR,0.5
5308,2026-08-22,19.0,69.0,27.72,0.52,5,GHRSST L4 / INSAT-3DR MOSDAC / Sentinel-3 SLSTR,0.5
5309,2026-08-22,19.0,69.5,28.01,0.81,5,GHRSST L4 / INSAT-3DR MOSDAC / Sentinel-3 SLSTR,0.5
5310,2026-08-22,19.0,85.0,27.89,0.69,5,GHRSST L4 / INSAT-3DR MOSDAC / Sentinel-3 SLSTR,0.5
5311,2026-08-22,19.0,85.5,27.7,0.5,5,GHRSST L4 / INSAT-3DR MOSDAC / Sentinel-3 SLSTR,0.5
5312,2026-08-22,19.0,86.0,27.96,0.76,5,GHRSST L4 / INSAT-3DR MOSDAC / Sentinel-3 SLSTR,0.5
5313,2026-08-22,19.0,86.5,28.26,1.06,5,GHRSST L4 / INSAT-3DR MOSDAC / Sentinel-3 SLSTR,0.5
5314,2026-08-22,19.0,87.0,28.1,0.9,5,GHRSST L4 / INSAT-3DR MOSDAC / Sentinel-3 SLSTR,0.5
5315,2026-08-22,19.0,87.5,27.64,0.44,5,GHRSST L4 / INSAT-3DR MOSDAC / Sentinel-3 SLSTR,0.5
5316,2026-08-22,19.0,88.0,27.81,0.61,5,GHRSST L4 / INSAT-3DR MOSDAC / Sentinel-3 SLSTR,0.5
5317,2026-08-22,19.0,88.5,28.07,0.87,5,GHRSST L4 / INSAT-3DR MOSDAC / Sentinel-3 SLSTR,0.5
5318,2026-08-22,19.0,89.0,27.69,0.49,5,GHRSST L4 / INSAT-3DR MOSDAC / Sentinel-3 SLSTR,0.5
5319,2026-08-22,19.0,89.5,27.97,0.77,5,GHRSST L4 / INSAT-3DR MOSDAC / Sentinel-3 SLSTR,0.5
5320,2026-08-22,19.0,90.0,27.97,0.77,5,GHRSST L4 / INSAT-3DR MOSDAC / Sentinel-3 SLSTR,0.5
5321,2026-08-22,19.0,90.5,27.65,0.45,5,GHRSST L4 / INSAT-3DR MOSDAC / Sentinel-3 SLSTR,0.5
5322,2026-08-22,19.0,91.0,28.01,0.81,5,GHRSST L4 / INSAT-3DR MOSDAC / Sentinel-3 SLSTR,0.5
5323,2026-08-22,19.0,91.5,28.22,1.02,5,GHRSST L4 / INSAT-3DR MOSDAC / Sentinel-3 SLSTR,0.5
5324,2026-08-22,19.0,92.0,28.05,0.85,5,GHRSST L4 / INSAT-3DR MOSDAC / Sentinel-3 SLSTR,0.5
5325,2026-08-22,19.0,92.5,28.23,1.03,5,GHRSST L4 / INSAT-3DR MOSDAC / Sentinel-3 SLSTR,0.5
5326,2026-08-22,19.0,93.0,28.02,0.82,5,GHRSST L4 / INSAT-3DR MOSDAC / Sentinel-3 SLSTR,0.5
5327,2026-08-22,19.0,93.5,28.12,0.92,5,GHRSST L4 / INSAT-3DR MOSDAC / Sentinel-3 SLSTR,0.5
5328,2026-08-22,19.0,94.0,28.21,1.01,5,GHRSST L4 / INSAT-3DR MOSDAC / Sentinel-3 SLSTR,0.5
5329,2026-08-22,19.5,68.0,27.85,0.7,5,GHRSST L4 / INSAT-3DR MOSDAC / Sentinel-3 SLSTR,0.5
5330,2026-08-22,19.5,68.5,27.64,0.49,5,GHRSST L4 / INSAT-3DR MOSDAC / Sentinel-3 SLSTR,0.5
5331,2026-08-22,19.5,69.0,27.61,0.46,5,GHRSST L4 / INSAT-3DR MOSDAC / Sentinel-3 SLSTR,0.5
5332,2026-08-22,19.5,69.5,28.2,1.05,5,GHRSST L4 / INSAT-3DR MOSDAC / Sentinel-3 SLSTR,0.5
5333,2026-08-22,19.5,85.0,27.91,0.76,5,GHRSST L4 / INSAT-3DR MOSDAC / Sentinel-3 SLSTR,0.5
5334,2026-08-22,19.5,85.5,28.01,0.86,5,GHRSST L4 / INSAT-3DR MOSDAC / Sentinel-3 SLSTR,0.5
5335,2026-08-22,19.5,86.0,27.96,0.81,5,GHRSST L4 / INSAT-3DR MOSDAC / Sentinel-3 SLSTR,0.5
5336,2026-08-22,19.5,86.5,27.93,0.78,5,GHRSST L4 / INSAT-3DR MOSDAC / Sentinel-3 SLSTR,0.5
5337,2026-08-22,19.5,87.0,27.92,0.77,5,GHRSST L4 / INSAT-3DR MOSDAC / Sentinel-3 SLSTR,0.5
5338,2026-08-22,19.5,87.5,27.86,0.71,5,GHRSST L4 / INSAT-3DR MOSDAC / Sentinel-3 SLSTR,0.5
5339,2026-08-22,19.5,88.0,28.15,1.0,5,GHRSST L4 / INSAT-3DR MOSDAC / Sentinel-3 SLSTR,0.5
5340,2026-08-22,19.5,88.5,27.61,0.46,5,GHRSST L4 / INSAT-3DR MOSDAC / Sentinel-3 SLSTR,0.5
5341,2026-08-22,19.5,89.0,28.03,0.88,5,GHRSST L4 / INSAT-3DR MOSDAC / Sentinel-3 SLSTR,0.5
5342,2026-08-22,19.5,89.5,28.01,0.86,5,GHRSST L4 / INSAT-3DR MOSDAC / Sentinel-3 SLSTR,0.5
5343,2026-08-22,19.5,90.0,27.57,0.42,5,GHRSST L4 / INSAT-3DR MOSDAC / Sentinel-3 SLSTR,0.5
5344,2026-08-22,19.5,90.5,27.68,0.53,5,GHRSST L4 / INSAT-3DR MOSDAC / Sentinel-3 SLSTR,0.5
5345,2026-08-22,19.5,91.0,28.08,0.93,5,GHRSST L4 / INSAT-3DR MOSDAC / Sentinel-3 SLSTR,0.5
5346,2026-08-22,19.5,91.5,27.69,0.54,5,GHRSST L4 / INSAT-3DR MOSDAC / Sentinel-3 SLSTR,0.5
5347,2026-08-22,19.5,92.0,27.93,0.78,5,GHRSST L4 / INSAT-3DR MOSDAC / Sentinel-3 SLSTR,0.5
5348,2026-08-22,19.5,92.5,27.59,0.44,5,GHRSST L4 / INSAT-3DR MOSDAC / Sentinel-3 SLSTR,0.5
5349,2026-08-22,19.5,93.0,27.69,0.54,5,GHRSST L4 / INSAT-3DR MOSDAC / Sentinel-3 SLSTR,0.5
5350,2026-08-22,19.5,93.5,28.15,1.0,5,GHRSST L4 / INSAT-3DR MOSDAC / Sentinel-3 SLSTR,0.5
5351,2026-08-22,19.5,94.0,27.78,0.63,5,GHRSST L4 / INSAT-3DR MOSDAC / Sentinel-3 SLSTR,0.5
5352,2026-08-22,20.0,68.0,28.03,0.93,5,GHRSST L4 / INSAT-3DR MOSDAC / Sentinel-3 SLSTR,0.5
5353,2026-08-22,20.0,68.5,27.8,0.7,5,GHRSST L4 / INSAT-3DR MOSDAC / Sentinel-3 SLSTR,0.5
5354,2026-08-22,20.0,69.0,27.7,0.6,5,GHRSST L4 / INSAT-3DR MOSDAC / Sentinel-3 SLSTR,0.5
5355,2026-08-22,20.0,69.5,27.87,0.77,5,GHRSST L4 / INSAT-3DR MOSDAC / Sentinel-3 SLSTR,0.5
5356,2026-08-22,20.0,70.0,27.84,0.74,5,GHRSST L4 / INSAT-3DR MOSDAC / Sentinel-3 SLSTR,0.5
5357,2026-08-22,20.0,70.5,28.16,1.06,5,GHRSST L4 / INSAT-3DR MOSDAC / Sentinel-3 SLSTR,0.5
5358,2026-08-22,20.0,71.0,27.71,0.61,5,GHRSST L4 / INSAT-3DR MOSDAC / Sentinel-3 SLSTR,0.5
5359,2026-08-22,20.0,71.5,27.93,0.83,5,GHRSST L4 / INSAT-3DR MOSDAC / Sentinel-3 SLSTR,0.5
5360,2026-08-22,20.0,72.0,27.95,0.85,5,GHRSST L4 / INSAT-3DR MOSDAC / Sentinel-3 SLSTR,0.5
5361,2026-08-22,20.0,72.5,27.91,0.81,5,GHRSST L4 / INSAT-3DR MOSDAC / Sentinel-3 SLSTR,0.5
5362,2026-08-22,20.0,73.0,27.81,0.71,5,GHRSST L4 / INSAT-3DR MOSDAC / Sentinel-3 SLSTR,0.5
5363,2026-08-22,20.0,73.5,28.02,0.92,5,GHRSST L4 / INSAT-3DR MOSDAC / Sentinel-3 SLSTR,0.5
5364,2026-08-22,20.0,74.0,28.01,0.91,5,GHRSST L4 / INSAT-3DR MOSDAC / Sentinel-3 SLSTR,0.5
5365,2026-08-22,20.0,74.5,28.14,1.04,5,GHRSST L4 / INSAT-3DR MOSDAC / Sentinel-3 SLSTR,0.5
5366,2026-08-22,20.0,75.0,28.15,1.05,5,GHRSST L4 / INSAT-3DR MOSDAC / Sentinel-3 SLSTR,0.5
5367,2026-08-22,20.0,75.5,27.62,0.52,5,GHRSST L4 / INSAT-3DR MOSDAC / Sentinel-3 SLSTR,0.5
5368,2026-08-22,20.0,76.0,27.93,0.83,5,GHRSST L4 / INSAT-3DR MOSDAC / Sentinel-3 SLSTR,0.5
5369,2026-08-22,20.0,76.5,28.07,0.97,5,GHRSST L4 / INSAT-3DR MOSDAC / Sentinel-3 SLSTR,0.5
5370,2026-08-22,20.0,77.0,28.14,1.04,5,GHRSST L4 / INSAT-3DR MOSDAC / Sentinel-3 SLSTR,0.5
5371,2026-08-22,20.0,77.5,27.57,0.47,5,GHRSST L4 / INSAT-3DR MOSDAC / Sentinel-3 SLSTR,0.5
5372,2026-08-22,20.0,78.0,28.13,1.03,5,GHRSST L4 / INSAT-3DR MOSDAC / Sentinel-3 SLSTR,0.5
5373,2026-08-22,20.0,78.5,27.63,0.53,5,GHRSST L4 / INSAT-3DR MOSDAC / Sentinel-3 SLSTR,0.5
5374,2026-08-22,20.0,79.0,27.87,0.77,5,GHRSST L4 / INSAT-3DR MOSDAC / Sentinel-3 SLSTR,0.5
5375,2026-08-22,20.0,79.5,27.93,0.83,5,GHRSST L4 / INSAT-3DR MOSDAC / Sentinel-3 SLSTR,0.5
5376,2026-08-22,20.0,80.0,28.09,0.99,5,GHRSST L4 / INSAT-3DR MOSDAC / Sentinel-3 SLSTR,0.5
5377,2026-08-22,20.0,80.5,28.03,0.93,5,GHRSST L4 / INSAT-3DR MOSDAC / Sentinel-3 SLSTR,0.5
5378,2026-08-22,20.0,81.0,28.12,1.02,5,GHRSST L4 / INSAT-3DR MOSDAC / Sentinel-3 SLSTR,0.5
5379,2026-08-22,20.0,81.5,28.02,0.92,5,GHRSST L4 / INSAT-3DR MOSDAC / Sentinel-3 SLSTR,0.5
5380,2026-08-22,20.0,82.0,27.71,0.61,5,GHRSST L4 / INSAT-3DR MOSDAC / Sentinel-3 SLSTR,0.5
5381,2026-08-22,20.0,82.5,27.6,0.5,5,GHRSST L4 / INSAT-3DR MOSDAC / Sentinel-3 SLSTR,0.5
5382,2026-08-22,20.0,83.0,27.58,0.48,5,GHRSST L4 / INSAT-3DR MOSDAC / Sentinel-3 SLSTR,0.5
5383,2026-08-22,20.0,83.5,27.53,0.43,5,GHRSST L4 / INSAT-3DR MOSDAC / Sentinel-3 SLSTR,0.5
5384,2026-08-22,20.0,84.0,28.12,1.02,5,GHRSST L4 / INSAT-3DR MOSDAC / Sentinel-3 SLSTR,0.5
5385,2026-08-22,20.0,84.5,27.81,0.71,5,GHRSST L4 / INSAT-3DR MOSDAC / Sentinel-3 SLSTR,0.5
5386,2026-08-22,20.0,85.0,28.15,1.05,5,GHRSST L4 / INSAT-3DR MOSDAC / Sentinel-3 SLSTR,0.5
5387,2026-08-22,20.0,85.5,28.01,0.91,5,GHRSST L4 / INSAT-3DR MOSDAC / Sentinel-3 SLSTR,0.5
5388,2026-08-22,20.0,86.0,28.14,1.04,5,GHRSST L4 / INSAT-3DR MOSDAC / Sentinel-3 SLSTR,0.5
5389,2026-08-22,20.0,86.5,28.08,0.98,5,GHRSST L4 / INSAT-3DR MOSDAC / Sentinel-3 SLSTR,0.5
5390,2026-08-22,20.0,87.0,27.88,0.78,5,GHRSST L4 / INSAT-3DR MOSDAC / Sentinel-3 SLSTR,0.5
5391,2026-08-22,20.0,87.5,27.63,0.53,5,GHRSST L4 / INSAT-3DR MOSDAC / Sentinel-3 SLSTR,0.5
5392,2026-08-22,20.0,88.0,27.65,0.55,5,GHRSST L4 / INSAT-3DR MOSDAC / Sentinel-3 SLSTR,0.5
5393,2026-08-22,20.0,88.5,27.73,0.63,5,GHRSST L4 / INSAT-3DR MOSDAC / Sentinel-3 SLSTR,0.5
5394,2026-08-22,20.0,89.0,27.49,0.39,5,GHRSST L4 / INSAT-3DR MOSDAC / Sentinel-3 SLSTR,0.5
5395,2026-08-22,20.0,89.5,27.94,0.84,5,GHRSST L4 / INSAT-3DR MOSDAC / Sentinel-3 SLSTR,0.5
5396,2026-08-22,20.0,90.0,27.86,0.76,5,GHRSST L4 / INSAT-3DR MOSDAC / Sentinel-3 SLSTR,0.5
5397,2026-08-22,20.0,90.5,27.54,0.44,5,GHRSST L4 / INSAT-3DR MOSDAC / Sentinel-3 SLSTR,0.5
5398,2026-08-22,20.0,91.0,28.05,0.95,5,GHRSST L4 / INSAT-3DR MOSDAC / Sentinel-3 SLSTR,0.5
5399,2026-08-22,20.0,91.5,28.05,0.95,5,GHRSST L4 / INSAT-3DR MOSDAC / Sentinel-3 SLSTR,0.5
5400,2026-08-22,20.0,92.0,27.55,0.45,5,GHRSST L4 / INSAT-3DR MOSDAC / Sentinel-3 SLSTR,0.5
5401,2026-08-22,20.0,92.5,27.61,0.51,5,GHRSST L4 / INSAT-3DR MOSDAC / Sentinel-3 SLSTR,0.5
5402,2026-08-22,20.0,93.0,27.65,0.55,5,GHRSST L4 / INSAT-3DR MOSDAC / Sentinel-3 SLSTR,0.5
5403,2026-08-22,20.0,93.5,27.84,0.74,5,GHRSST L4 / INSAT-3DR MOSDAC / Sentinel-3 SLSTR,0.5
5404,2026-08-22,20.0,94.0,28.13,1.03,5,GHRSST L4 / INSAT-3DR MOSDAC / Sentinel-3 SLSTR,0.5
5405,2026-08-22,20.5,68.0,27.88,0.83,5,GHRSST L4 / INSAT-3DR MOSDAC / Sentinel-3 SLSTR,0.5
5406,2026-08-22,20.5,68.5,27.89,0.84,5,GHRSST L4 / INSAT-3DR MOSDAC / Sentinel-3 SLSTR,0.5
5407,2026-08-22,20.5,69.0,27.61,0.56,5,GHRSST L4 / INSAT-3DR MOSDAC / Sentinel-3 SLSTR,0.5
5408,2026-08-22,20.5,69.5,27.85,0.8,5,GHRSST L4 / INSAT-3DR MOSDAC / Sentinel-3 SLSTR,0.5
5409,2026-08-22,20.5,70.0,27.56,0.51,5,GHRSST L4 / INSAT-3DR MOSDAC / Sentinel-3 SLSTR,0.5
5410,2026-08-22,20.5,70.5,27.91,0.86,5,GHRSST L4 / INSAT-3DR MOSDAC / Sentinel-3 SLSTR,0.5
5411,2026-08-22,20.5,71.0,27.57,0.52,5,GHRSST L4 / INSAT-3DR MOSDAC / Sentinel-3 SLSTR,0.5
5412,2026-08-22,20.5,71.5,27.42,0.37,5,GHRSST L4 / INSAT-3DR MOSDAC / Sentinel-3 SLSTR,0.5
5413,2026-08-22,20.5,72.0,27.78,0.73,5,GHRSST L4 / INSAT-3DR MOSDAC / Sentinel-3 SLSTR,0.5
5414,2026-08-22,20.5,72.5,27.62,0.57,5,GHRSST L4 / INSAT-3DR MOSDAC / Sentinel-3 SLSTR,0.5
5415,2026-08-22,20.5,73.0,27.85,0.8,5,GHRSST L4 / INSAT-3DR MOSDAC / Sentinel-3 SLSTR,0.5
5416,2026-08-22,20.5,73.5,27.93,0.88,5,GHRSST L4 / INSAT-3DR MOSDAC / Sentinel-3 SLSTR,0.5
5417,2026-08-22,20.5,74.0,27.98,0.93,5,GHRSST L4 / INSAT-3DR MOSDAC / Sentinel-3 SLSTR,0.5
5418,2026-08-22,20.5,74.5,28.1,1.05,5,GHRSST L4 / INSAT-3DR MOSDAC / Sentinel-3 SLSTR,0.5
5419,2026-08-22,20.5,75.0,27.8,0.75,5,GHRSST L4 / INSAT-3DR MOSDAC / Sentinel-3 SLSTR,0.5
5420,2026-08-22,20.5,75.5,27.75,0.7,5,GHRSST L4 / INSAT-3DR MOSDAC / Sentinel-3 SLSTR,0.5
5421,2026-08-22,20.5,76.0,27.58,0.53,5,GHRSST L4 / INSAT-3DR MOSDAC / Sentinel-3 SLSTR,0.5
5422,2026-08-22,20.5,76.5,27.93,0.88,5,GHRSST L4 / INSAT-3DR MOSDAC / Sentinel-3 SLSTR,0.5
5423,2026-08-22,20.5,77.0,27.75,0.7,5,GHRSST L4 / INSAT-3DR MOSDAC / Sentinel-3 SLSTR,0.5
5424,2026-08-22,20.5,77.5,27.64,0.59,5,GHRSST L4 / INSAT-3DR MOSDAC / Sentinel-3 SLSTR,0.5
5425,2026-08-22,20.5,78.0,27.71,0.66,5,GHRSST L4 / INSAT-3DR MOSDAC / Sentinel-3 SLSTR,0.5
5426,2026-08-22,20.5,78.5,27.67,0.62,5,GHRSST L4 / INSAT-3DR MOSDAC / Sentinel-3 SLSTR,0.5
5427,2026-08-22,20.5,79.0,28.09,1.04,5,GHRSST L4 / INSAT-3DR MOSDAC / Sentinel-3 SLSTR,0.5
5428,2026-08-22,20.5,79.5,27.57,0.52,5,GHRSST L4 / INSAT-3DR MOSDAC / Sentinel-3 SLSTR,0.5
5429,2026-08-22,20.5,80.0,27.7,0.65,5,GHRSST L4 / INSAT-3DR MOSDAC / Sentinel-3 SLSTR,0.5
5430,2026-08-22,20.5,80.5,27.63,0.58,5,GHRSST L4 / INSAT-3DR MOSDAC / Sentinel-3 SLSTR,0.5
5431,2026-08-22,20.5,81.0,27.53,0.48,5,GHRSST L4 / INSAT-3DR MOSDAC / Sentinel-3 SLSTR,0.5
5432,2026-08-22,20.5,81.5,27.62,0.57,5,GHRSST L4 / INSAT-3DR MOSDAC / Sentinel-3 SLSTR,0.5
5433,2026-08-22,20.5,82.0,27.75,0.7,5,GHRSST L4 / INSAT-3DR MOSDAC / Sentinel-3 SLSTR,0.5
5434,2026-08-22,20.5,82.5,27.85,0.8,5,GHRSST L4 / INSAT-3DR MOSDAC / Sentinel-3 SLSTR,0.5
5435,2026-08-22,20.5,83.0,27.84,0.79,5,GHRSST L4 / INSAT-3DR MOSDAC / Sentinel-3 SLSTR,0.5
5436,2026-08-22,20.5,83.5,27.95,0.9,5,GHRSST L4 / INSAT-3DR MOSDAC / Sentinel-3 SLSTR,0.5
5437,2026-08-22,20.5,84.0,27.46,0.41,5,GHRSST L4 / INSAT-3DR MOSDAC / Sentinel-3 SLSTR,0.5
5438,2026-08-22,20.5,84.5,27.63,0.58,5,GHRSST L4 / INSAT-3DR MOSDAC / Sentinel-3 SLSTR,0.5
5439,2026-08-22,20.5,85.0,27.66,0.61,5,GHRSST L4 / INSAT-3DR MOSDAC / Sentinel-3 SLSTR,0.5
5440,2026-08-22,20.5,85.5,27.89,0.84,5,GHRSST L4 / INSAT-3DR MOSDAC / Sentinel-3 SLSTR,0.5
5441,2026-08-22,20.5,86.0,27.56,0.51,5,GHRSST L4 / INSAT-3DR MOSDAC / Sentinel-3 SLSTR,0.5
5442,2026-08-22,20.5,86.5,27.56,0.51,5,GHRSST L4 / INSAT-3DR MOSDAC / Sentinel-3 SLSTR,0.5
5443,2026-08-22,20.5,87.0,27.48,0.43,5,GHRSST L4 / INSAT-3DR MOSDAC / Sentinel-3 SLSTR,0.5
5444,2026-08-22,20.5,87.5,27.78,0.73,5,GHRSST L4 / INSAT-3DR MOSDAC / Sentinel-3 SLSTR,0.5
5445,2026-08-22,20.5,88.0,27.92,0.87,5,GHRSST L4 / INSAT-3DR MOSDAC / Sentinel-3 SLSTR,0.5
5446,2026-08-22,20.5,88.5,27.9,0.85,5,GHRSST L4 / INSAT-3DR MOSDAC / Sentinel-3 SLSTR,0.5
5447,2026-08-22,20.5,89.0,27.93,0.88,5,GHRSST L4 / INSAT-3DR MOSDAC / Sentinel-3 SLSTR,0.5
5448,2026-08-22,20.5,89.5,27.53,0.48,5,GHRSST L4 / INSAT-3DR MOSDAC / Sentinel-3 SLSTR,0.5
5449,2026-08-22,20.5,90.0,27.82,0.77,5,GHRSST L4 / INSAT-3DR MOSDAC / Sentinel-3 SLSTR,0.5
5450,2026-08-22,20.5,90.5,27.48,0.43,5,GHRSST L4 / INSAT-3DR MOSDAC / Sentinel-3 SLSTR,0.5
5451,2026-08-22,20.5,91.0,28.09,1.04,5,GHRSST L4 / INSAT-3DR MOSDAC / Sentinel-3 SLSTR,0.5
5452,2026-08-22,20.5,91.5,27.48,0.43,5,GHRSST L4 / INSAT-3DR MOSDAC / Sentinel-3 SLSTR,0.5
5453,2026-08-22,20.5,92.0,28.02,0.97,5,GHRSST L4 / INSAT-3DR MOSDAC / Sentinel-3 SLSTR,0.5
5454,2026-08-22,20.5,92.5,27.44,0.39,5,GHRSST L4 / INSAT-3DR MOSDAC / Sentinel-3 SLSTR,0.5
5455,2026-08-22,20.5,93.0,27.78,0.73,5,GHRSST L4 / INSAT-3DR MOSDAC / Sentinel-3 SLSTR,0.5
5456,2026-08-22,20.5,93.5,28.01,0.96,5,GHRSST L4 / INSAT-3DR MOSDAC / Sentinel-3 SLSTR,0.5
5457,2026-08-22,20.5,94.0,27.85,0.8,5,GHRSST L4 / INSAT-3DR MOSDAC / Sentinel-3 SLSTR,0.5
5458,2026-08-22,21.0,68.0,27.7,0.7,5,GHRSST L4 / INSAT-3DR MOSDAC / Sentinel-3 SLSTR,0.5
5459,2026-08-22,21.0,68.5,27.44,0.44,5,GHRSST L4 / INSAT-3DR MOSDAC / Sentinel-3 SLSTR,0.5
5460,2026-08-22,21.0,69.0,27.81,0.81,5,GHRSST L4 / INSAT-3DR MOSDAC / Sentinel-3 SLSTR,0.5
5461,2026-08-22,21.0,69.5,27.77,0.77,5,GHRSST L4 / INSAT-3DR MOSDAC / Sentinel-3 SLSTR,0.5
5462,2026-08-22,21.0,70.0,27.67,0.67,5,GHRSST L4 / INSAT-3DR MOSDAC / Sentinel-3 SLSTR,0.5
5463,2026-08-22,21.0,70.5,27.51,0.51,5,GHRSST L4 / INSAT-3DR MOSDAC / Sentinel-3 SLSTR,0.5
5464,2026-08-22,21.0,71.0,27.5,0.5,5,GHRSST L4 / INSAT-3DR MOSDAC / Sentinel-3 SLSTR,0.5
5465,2026-08-22,21.0,71.5,28.03,1.03,5,GHRSST L4 / INSAT-3DR MOSDAC / Sentinel-3 SLSTR,0.5
5466,2026-08-22,21.0,72.0,28.03,1.03,5,GHRSST L4 / INSAT-3DR MOSDAC / Sentinel-3 SLSTR,0.5
5467,2026-08-22,21.0,72.5,28.01,1.01,5,GHRSST L4 / INSAT-3DR MOSDAC / Sentinel-3 SLSTR,0.5
5468,2026-08-22,21.0,73.0,27.71,0.71,5,GHRSST L4 / INSAT-3DR MOSDAC / Sentinel-3 SLSTR,0.5
5469,2026-08-22,21.0,73.5,28.04,1.04,5,GHRSST L4 / INSAT-3DR MOSDAC / Sentinel-3 SLSTR,0.5
5470,2026-08-22,21.0,74.0,27.56,0.56,5,GHRSST L4 / INSAT-3DR MOSDAC / Sentinel-3 SLSTR,0.5
5471,2026-08-22,21.0,74.5,27.65,0.65,5,GHRSST L4 / INSAT-3DR MOSDAC / Sentinel-3 SLSTR,0.5
5472,2026-08-22,21.0,75.0,27.47,0.47,5,GHRSST L4 / INSAT-3DR MOSDAC / Sentinel-3 SLSTR,0.5
5473,2026-08-22,21.0,75.5,27.67,0.67,5,GHRSST L4 / INSAT-3DR MOSDAC / Sentinel-3 SLSTR,0.5
5474,2026-08-22,21.0,76.0,27.48,0.48,5,GHRSST L4 / INSAT-3DR MOSDAC / Sentinel-3 SLSTR,0.5
5475,2026-08-22,21.0,76.5,27.4,0.4,5,GHRSST L4 / INSAT-3DR MOSDAC / Sentinel-3 SLSTR,0.5
5476,2026-08-22,21.0,77.0,27.36,0.36,5,GHRSST L4 / INSAT-3DR MOSDAC / Sentinel-3 SLSTR,0.5
5477,2026-08-22,21.0,77.5,27.61,0.61,5,GHRSST L4 / INSAT-3DR MOSDAC / Sentinel-3 SLSTR,0.5
5478,2026-08-22,21.0,78.0,27.98,0.98,5,GHRSST L4 / INSAT-3DR MOSDAC / Sentinel-3 SLSTR,0.5
5479,2026-08-22,21.0,78.5,27.66,0.66,5,GHRSST L4 / INSAT-3DR MOSDAC / Sentinel-3 SLSTR,0.5
5480,2026-08-22,21.0,79.0,27.8,0.8,5,GHRSST L4 / INSAT-3DR MOSDAC / Sentinel-3 SLSTR,0.5
5481,2026-08-22,21.0,79.5,27.92,0.92,5,GHRSST L4 / INSAT-3DR MOSDAC / Sentinel-3 SLSTR,0.5
5482,2026-08-22,21.0,80.0,27.74,0.74,5,GHRSST L4 / INSAT-3DR MOSDAC / Sentinel-3 SLSTR,0.5
5483,2026-08-22,21.0,80.5,27.74,0.74,5,GHRSST L4 / INSAT-3DR MOSDAC / Sentinel-3 SLSTR,0.5
5484,2026-08-22,21.0,81.0,27.72,0.72,5,GHRSST L4 / INSAT-3DR MOSDAC / Sentinel-3 SLSTR,0.5
5485,2026-08-22,21.0,81.5,27.44,0.44,5,GHRSST L4 / INSAT-3DR MOSDAC / Sentinel-3 SLSTR,0.5
5486,2026-08-22,21.0,82.0,27.79,0.79,5,GHRSST L4 / INSAT-3DR MOSDAC / Sentinel-3 SLSTR,0.5
5487,2026-08-22,21.0,82.5,27.86,0.86,5,GHRSST L4 / INSAT-3DR MOSDAC / Sentinel-3 SLSTR,0.5
5488,2026-08-22,21.0,83.0,27.35,0.35,5,GHRSST L4 / INSAT-3DR MOSDAC / Sentinel-3 SLSTR,0.5
5489,2026-08-22,21.0,83.5,27.41,0.41,5,GHRSST L4 / INSAT-3DR MOSDAC / Sentinel-3 SLSTR,0.5
5490,2026-08-22,21.0,84.0,27.73,0.73,5,GHRSST L4 / INSAT-3DR MOSDAC / Sentinel-3 SLSTR,0.5
5491,2026-08-22,21.0,84.5,27.94,0.94,5,GHRSST L4 / INSAT-3DR MOSDAC / Sentinel-3 SLSTR,0.5
5492,2026-08-22,21.0,85.0,27.72,0.72,5,GHRSST L4 / INSAT-3DR MOSDAC / Sentinel-3 SLSTR,0.5
5493,2026-08-22,21.0,85.5,27.65,0.65,5,GHRSST L4 / INSAT-3DR MOSDAC / Sentinel-3 SLSTR,0.5
5494,2026-08-22,21.0,86.0,28.01,1.01,5,GHRSST L4 / INSAT-3DR MOSDAC / Sentinel-3 SLSTR,0.5
5495,2026-08-22,21.0,86.5,27.4,0.4,5,GHRSST L4 / INSAT-3DR MOSDAC / Sentinel-3 SLSTR,0.5
5496,2026-08-22,21.0,87.0,27.45,0.45,5,GHRSST L4 / INSAT-3DR MOSDAC / Sentinel-3 SLSTR,0.5
5497,2026-08-22,21.0,87.5,27.83,0.83,5,GHRSST L4 / INSAT-3DR MOSDAC / Sentinel-3 SLSTR,0.5
5498,2026-08-22,21.0,88.0,27.43,0.43,5,GHRSST L4 / INSAT-3DR MOSDAC / Sentinel-3 SLSTR,0.5
5499,2026-08-22,21.0,88.5,27.44,0.44,5,GHRSST L4 / INSAT-3DR MOSDAC / Sentinel-3 SLSTR,0.5
5500,2026-08-22,21.0,89.0,27.96,0.96,5,GHRSST L4 / INSAT-3DR MOSDAC / Sentinel-3 SLSTR,0.5
5501,2026-08-22,21.0,89.5,27.5,0.5,5,GHRSST L4 / INSAT-3DR MOSDAC / Sentinel-3 SLSTR,0.5
5502,2026-08-22,21.0,90.0,27.79,0.79,5,GHRSST L4 / INSAT-3DR MOSDAC / Sentinel-3 SLSTR,0.5
5503,2026-08-22,21.0,90.5,27.63,0.63,5,GHRSST L4 / INSAT-3DR MOSDAC / Sentinel-3 SLSTR,0.5
5504,2026-08-22,21.0,91.0,27.45,0.45,5,GHRSST L4 / INSAT-3DR MOSDAC / Sentinel-3 SLSTR,0.5
5505,2026-08-22,21.0,91.5,27.62,0.62,5,GHRSST L4 / INSAT-3DR MOSDAC / Sentinel-3 SLSTR,0.5
5506,2026-08-22,21.0,92.0,27.64,0.64,5,GHRSST L4 / INSAT-3DR MOSDAC / Sentinel-3 SLSTR,0.5
5507,2026-08-22,21.0,92.5,27.79,0.79,5,GHRSST L4 / INSAT-3DR MOSDAC / Sentinel-3 SLSTR,0.5
5508,2026-08-22,21.0,93.0,27.46,0.46,5,GHRSST L4 / INSAT-3DR MOSDAC / Sentinel-3 SLSTR,0.5
5509,2026-08-22,21.0,93.5,27.38,0.38,5,GHRSST L4 / INSAT-3DR MOSDAC / Sentinel-3 SLSTR,0.5
5510,2026-08-22,21.0,94.0,27.77,0.77,5,GHRSST L4 / INSAT-3DR MOSDAC / Sentinel-3 SLSTR,0.5
5511,2026-08-22,21.5,68.0,27.34,0.39,5,GHRSST L4 / INSAT-3DR MOSDAC / Sentinel-3 SLSTR,0.5
5512,2026-08-22,21.5,68.5,27.4,0.45,5,GHRSST L4 / INSAT-3DR MOSDAC / Sentinel-3 SLSTR,0.5
5513,2026-08-22,21.5,69.0,27.98,1.03,5,GHRSST L4 / INSAT-3DR MOSDAC / Sentinel-3 SLSTR,0.5
5514,2026-08-22,21.5,69.5,27.31,0.36,5,GHRSST L4 / INSAT-3DR MOSDAC / Sentinel-3 SLSTR,0.5
5515,2026-08-22,21.5,70.0,27.74,0.79,5,GHRSST L4 / INSAT-3DR MOSDAC / Sentinel-3 SLSTR,0.5
5516,2026-08-22,21.5,70.5,27.39,0.44,5,GHRSST L4 / INSAT-3DR MOSDAC / Sentinel-3 SLSTR,0.5
5517,2026-08-22,21.5,71.0,27.86,0.91,5,GHRSST L4 / INSAT-3DR MOSDAC / Sentinel-3 SLSTR,0.5
5518,2026-08-22,21.5,71.5,27.7,0.75,5,GHRSST L4 / INSAT-3DR MOSDAC / Sentinel-3 SLSTR,0.5
5519,2026-08-22,21.5,72.0,27.62,0.67,5,GHRSST L4 / INSAT-3DR MOSDAC / Sentinel-3 SLSTR,0.5
5520,2026-08-22,21.5,72.5,27.61,0.66,5,GHRSST L4 / INSAT-3DR MOSDAC / Sentinel-3 SLSTR,0.5
5521,2026-08-22,21.5,73.0,27.76,0.81,5,GHRSST L4 / INSAT-3DR MOSDAC / Sentinel-3 SLSTR,0.5
5522,2026-08-22,21.5,73.5,27.88,0.93,5,GHRSST L4 / INSAT-3DR MOSDAC / Sentinel-3 SLSTR,0.5
5523,2026-08-22,21.5,74.0,27.29,0.34,5,GHRSST L4 / INSAT-3DR MOSDAC / Sentinel-3 SLSTR,0.5
5524,2026-08-22,21.5,74.5,27.3,0.35,5,GHRSST L4 / INSAT-3DR MOSDAC / Sentinel-3 SLSTR,0.5
5525,2026-08-22,21.5,75.0,27.48,0.53,5,GHRSST L4 / INSAT-3DR MOSDAC / Sentinel-3 SLSTR,0.5
5526,2026-08-22,21.5,75.5,27.81,0.86,5,GHRSST L4 / INSAT-3DR MOSDAC / Sentinel-3 SLSTR,0.5
5527,2026-08-22,21.5,76.0,27.43,0.48,5,GHRSST L4 / INSAT-3DR MOSDAC / Sentinel-3 SLSTR,0.5
5528,2026-08-22,21.5,76.5,27.57,0.62,5,GHRSST L4 / INSAT-3DR MOSDAC / Sentinel-3 SLSTR,0.5
5529,2026-08-22,21.5,77.0,27.65,0.7,5,GHRSST L4 / INSAT-3DR MOSDAC / Sentinel-3 SLSTR,0.5
5530,2026-08-22,21.5,77.5,27.55,0.6,5,GHRSST L4 / INSAT-3DR MOSDAC / Sentinel-3 SLSTR,0.5
5531,2026-08-22,21.5,78.0,27.62,0.67,5,GHRSST L4 / INSAT-3DR MOSDAC / Sentinel-3 SLSTR,0.5
5532,2026-08-22,21.5,78.5,27.85,0.9,5,GHRSST L4 / INSAT-3DR MOSDAC / Sentinel-3 SLSTR,0.5
5533,2026-08-22,21.5,79.0,27.45,0.5,5,GHRSST L4 / INSAT-3DR MOSDAC / Sentinel-3 SLSTR,0.5
5534,2026-08-22,21.5,79.5,27.52,0.57,5,GHRSST L4 / INSAT-3DR MOSDAC / Sentinel-3 SLSTR,0.5
5535,2026-08-22,21.5,80.0,27.66,0.71,5,GHRSST L4 / INSAT-3DR MOSDAC / Sentinel-3 SLSTR,0.5
5536,2026-08-22,21.5,80.5,27.9,0.95,5,GHRSST L4 / INSAT-3DR MOSDAC / Sentinel-3 SLSTR,0.5
5537,2026-08-22,21.5,81.0,27.43,0.48,5,GHRSST L4 / INSAT-3DR MOSDAC / Sentinel-3 SLSTR,0.5
5538,2026-08-22,21.5,81.5,27.66,0.71,5,GHRSST L4 / INSAT-3DR MOSDAC / Sentinel-3 SLSTR,0.5
5539,2026-08-22,21.5,82.0,27.9,0.95,5,GHRSST L4 / INSAT-3DR MOSDAC / Sentinel-3 SLSTR,0.5
5540,2026-08-22,21.5,82.5,27.37,0.42,5,GHRSST L4 / INSAT-3DR MOSDAC / Sentinel-3 SLSTR,0.5
5541,2026-08-22,21.5,83.0,27.8,0.85,5,GHRSST L4 / INSAT-3DR MOSDAC / Sentinel-3 SLSTR,0.5
5542,2026-08-22,21.5,83.5,27.45,0.5,5,GHRSST L4 / INSAT-3DR MOSDAC / Sentinel-3 SLSTR,0.5
5543,2026-08-22,21.5,84.0,27.41,0.46,5,GHRSST L4 / INSAT-3DR MOSDAC / Sentinel-3 SLSTR,0.5
5544,2026-08-22,21.5,84.5,27.46,0.51,5,GHRSST L4 / INSAT-3DR MOSDAC / Sentinel-3 SLSTR,0.5
5545,2026-08-22,21.5,85.0,27.64,0.69,5,GHRSST L4 / INSAT-3DR MOSDAC / Sentinel-3 SLSTR,0.5
5546,2026-08-22,21.5,85.5,27.71,0.76,5,GHRSST L4 / INSAT-3DR MOSDAC / Sentinel-3 SLSTR,0.5
5547,2026-08-22,21.5,86.0,27.43,0.48,5,GHRSST L4 / INSAT-3DR MOSDAC / Sentinel-3 SLSTR,0.5
5548,2026-08-22,21.5,86.5,27.37,0.42,5,GHRSST L4 / INSAT-3DR MOSDAC / Sentinel-3 SLSTR,0.5
5549,2026-08-22,21.5,87.0,27.61,0.66,5,GHRSST L4 / INSAT-3DR MOSDAC / Sentinel-3 SLSTR,0.5
5550,2026-08-22,21.5,87.5,27.33,0.38,5,GHRSST L4 / INSAT-3DR MOSDAC / Sentinel-3 SLSTR,0.5
5551,2026-08-22,21.5,88.0,27.67,0.72,5,GHRSST L4 / INSAT-3DR MOSDAC / Sentinel-3 SLSTR,0.5
5552,2026-08-22,21.5,88.5,27.77,0.82,5,GHRSST L4 / INSAT-3DR MOSDAC / Sentinel-3 SLSTR,0.5
5553,2026-08-22,21.5,89.0,27.95,1.0,5,GHRSST L4 / INSAT-3DR MOSDAC / Sentinel-3 SLSTR,0.5
5554,2026-08-22,21.5,89.5,27.39,0.44,5,GHRSST L4 / INSAT-3DR MOSDAC / Sentinel-3 SLSTR,0.5
5555,2026-08-22,21.5,90.0,27.59,0.64,5,GHRSST L4 / INSAT-3DR MOSDAC / Sentinel-3 SLSTR,0.5
5556,2026-08-22,21.5,90.5,27.47,0.52,5,GHRSST L4 / INSAT-3DR MOSDAC / Sentinel-3 SLSTR,0.5
5557,2026-08-22,21.5,91.0,27.44,0.49,5,GHRSST L4 / INSAT-3DR MOSDAC / Sentinel-3 SLSTR,0.5
5558,2026-08-22,21.5,91.5,27.65,0.7,5,GHRSST L4 / INSAT-3DR MOSDAC / Sentinel-3 SLSTR,0.5
5559,2026-08-22,21.5,92.0,27.39,0.44,5,GHRSST L4 / INSAT-3DR MOSDAC / Sentinel-3 SLSTR,0.5
5560,2026-08-22,21.5,92.5,27.3,0.35,5,GHRSST L4 / INSAT-3DR MOSDAC / Sentinel-3 SLSTR,0.5
5561,2026-08-22,21.5,93.0,27.4,0.45,5,GHRSST L4 / INSAT-3DR MOSDAC / Sentinel-3 SLSTR,0.5
5562,2026-08-22,21.5,93.5,27.52,0.57,5,GHRSST L4 / INSAT-3DR MOSDAC / Sentinel-3 SLSTR,0.5
5563,2026-08-22,21.5,94.0,27.3,0.35,5,GHRSST L4 / INSAT-3DR MOSDAC / Sentinel-3 SLSTR,0.5
5564,2026-08-22,22.0,68.0,27.83,0.93,5,GHRSST L4 / INSAT-3DR MOSDAC / Sentinel-3 SLSTR,0.5
5565,2026-08-22,22.0,68.5,27.64,0.74,5,GHRSST L4 / INSAT-3DR MOSDAC / Sentinel-3 SLSTR,0.5
5566,2026-08-22,22.0,69.0,27.25,0.35,5,GHRSST L4 / INSAT-3DR MOSDAC / Sentinel-3 SLSTR,0.5
5567,2026-08-22,22.0,69.5,27.39,0.49,5,GHRSST L4 / INSAT-3DR MOSDAC / Sentinel-3 SLSTR,0.5
5568,2026-08-22,22.0,70.0,27.7,0.8,5,GHRSST L4 / INSAT-3DR MOSDAC / Sentinel-3 SLSTR,0.5
5569,2026-08-22,22.0,70.5,27.25,0.35,5,GHRSST L4 / INSAT-3DR MOSDAC / Sentinel-3 SLSTR,0.5
5570,2026-08-22,22.0,71.0,27.49,0.59,5,GHRSST L4 / INSAT-3DR MOSDAC / Sentinel-3 SLSTR,0.5
5571,2026-08-22,22.0,71.5,27.3,0.4,5,GHRSST L4 / INSAT-3DR MOSDAC / Sentinel-3 SLSTR,0.5
5572,2026-08-22,22.0,72.0,27.5,0.6,5,GHRSST L4 / INSAT-3DR MOSDAC / Sentinel-3 SLSTR,0.5
5573,2026-08-22,22.0,72.5,27.91,1.01,5,GHRSST L4 / INSAT-3DR MOSDAC / Sentinel-3 SLSTR,0.5
5574,2026-08-22,22.0,73.0,27.55,0.65,5,GHRSST L4 / INSAT-3DR MOSDAC / Sentinel-3 SLSTR,0.5
5575,2026-08-22,22.0,73.5,27.66,0.76,5,GHRSST L4 / INSAT-3DR MOSDAC / Sentinel-3 SLSTR,0.5
5576,2026-08-22,22.0,74.0,27.52,0.62,5,GHRSST L4 / INSAT-3DR MOSDAC / Sentinel-3 SLSTR,0.5
5577,2026-08-22,22.0,74.5,27.45,0.55,5,GHRSST L4 / INSAT-3DR MOSDAC / Sentinel-3 SLSTR,0.5
5578,2026-08-22,22.0,75.0,27.66,0.76,5,GHRSST L4 / INSAT-3DR MOSDAC / Sentinel-3 SLSTR,0.5
5579,2026-08-22,22.0,75.5,27.66,0.76,5,GHRSST L4 / INSAT-3DR MOSDAC / Sentinel-3 SLSTR,0.5
5580,2026-08-22,22.0,76.0,27.66,0.76,5,GHRSST L4 / INSAT-3DR MOSDAC / Sentinel-3 SLSTR,0.5
5581,2026-08-22,22.0,76.5,27.25,0.35,5,GHRSST L4 / INSAT-3DR MOSDAC / Sentinel-3 SLSTR,0.5
5582,2026-08-22,22.0,77.0,27.72,0.82,5,GHRSST L4 / INSAT-3DR MOSDAC / Sentinel-3 SLSTR,0.5
5583,2026-08-22,22.0,77.5,27.7,0.8,5,GHRSST L4 / INSAT-3DR MOSDAC / Sentinel-3 SLSTR,0.5
5584,2026-08-22,22.0,78.0,27.28,0.38,5,GHRSST L4 / INSAT-3DR MOSDAC / Sentinel-3 SLSTR,0.5
5585,2026-08-22,22.0,78.5,27.36,0.46,5,GHRSST L4 / INSAT-3DR MOSDAC / Sentinel-3 SLSTR,0.5
5586,2026-08-22,22.0,79.0,27.59,0.69,5,GHRSST L4 / INSAT-3DR MOSDAC / Sentinel-3 SLSTR,0.5
5587,2026-08-22,22.0,79.5,27.48,0.58,5,GHRSST L4 / INSAT-3DR MOSDAC / Sentinel-3 SLSTR,0.5
5588,2026-08-22,22.0,80.0,27.63,0.73,5,GHRSST L4 / INSAT-3DR MOSDAC / Sentinel-3 SLSTR,0.5
5589,2026-08-22,22.0,80.5,27.76,0.86,5,GHRSST L4 / INSAT-3DR MOSDAC / Sentinel-3 SLSTR,0.5
5590,2026-08-22,22.0,81.0,27.61,0.71,5,GHRSST L4 / INSAT-3DR MOSDAC / Sentinel-3 SLSTR,0.5
5591,2026-08-22,22.0,81.5,27.55,0.65,5,GHRSST L4 / INSAT-3DR MOSDAC / Sentinel-3 SLSTR,0.5
5592,2026-08-22,22.0,82.0,27.41,0.51,5,GHRSST L4 / INSAT-3DR MOSDAC / Sentinel-3 SLSTR,0.5
5593,2026-08-22,22.0,82.5,27.66,0.76,5,GHRSST L4 / INSAT-3DR MOSDAC / Sentinel-3 SLSTR,0.5
5594,2026-08-22,22.0,83.0,27.81,0.91,5,GHRSST L4 / INSAT-3DR MOSDAC / Sentinel-3 SLSTR,0.5
5595,2026-08-22,22.0,83.5,27.41,0.51,5,GHRSST L4 / INSAT-3DR MOSDAC / Sentinel-3 SLSTR,0.5
5596,2026-08-22,22.0,84.0,27.78,0.88,5,GHRSST L4 / INSAT-3DR MOSDAC / Sentinel-3 SLSTR,0.5
5597,2026-08-22,22.0,84.5,27.52,0.62,5,GHRSST L4 / INSAT-3DR MOSDAC / Sentinel-3 SLSTR,0.5
5598,2026-08-22,22.0,85.0,27.31,0.41,5,GHRSST L4 / INSAT-3DR MOSDAC / Sentinel-3 SLSTR,0.5
5599,2026-08-22,22.0,85.5,27.87,0.97,5,GHRSST L4 / INSAT-3DR MOSDAC / Sentinel-3 SLSTR,0.5
5600,2026-08-22,22.0,86.0,27.71,0.81,5,GHRSST L4 / INSAT-3DR MOSDAC / Sentinel-3 SLSTR,0.5
5601,2026-08-22,22.0,86.5,27.82,0.92,5,GHRSST L4 / INSAT-3DR MOSDAC / Sentinel-3 SLSTR,0.5
5602,2026-08-22,22.0,87.0,27.69,0.79,5,GHRSST L4 / INSAT-3DR MOSDAC / Sentinel-3 SLSTR,0.5
5603,2026-08-22,22.0,87.5,27.32,0.42,5,GHRSST L4 / INSAT-3DR MOSDAC / Sentinel-3 SLSTR,0.5
5604,2026-08-22,22.0,88.0,27.61,0.71,5,GHRSST L4 / INSAT-3DR MOSDAC / Sentinel-3 SLSTR,0.5
5605,2026-08-22,22.0,88.5,27.67,0.77,5,GHRSST L4 / INSAT-3DR MOSDAC / Sentinel-3 SLSTR,0.5
5606,2026-08-22,22.0,89.0,27.41,0.51,5,GHRSST L4 / INSAT-3DR MOSDAC / Sentinel-3 SLSTR,0.5
5607,2026-08-22,22.0,89.5,27.67,0.77,5,GHRSST L4 / INSAT-3DR MOSDAC / Sentinel-3 SLSTR,0.5
5608,2026-08-22,22.0,90.0,27.63,0.73,5,GHRSST L4 / INSAT-3DR MOSDAC / Sentinel-3 SLSTR,0.5
5609,2026-08-22,22.0,90.5,27.25,0.35,5,GHRSST L4 / INSAT-3DR MOSDAC / Sentinel-3 SLSTR,0.5
5610,2026-08-22,22.0,91.0,27.85,0.95,5,GHRSST L4 / INSAT-3DR MOSDAC / Sentinel-3 SLSTR,0.5
5611,2026-08-22,22.0,91.5,27.6,0.7,5,GHRSST L4 / INSAT-3DR MOSDAC / Sentinel-3 SLSTR,0.5
5612,2026-08-22,22.0,92.0,27.64,0.74,5,GHRSST L4 / INSAT-3DR MOSDAC / Sentinel-3 SLSTR,0.5
5613,2026-08-22,22.0,92.5,27.34,0.44,5,GHRSST L4 / INSAT-3DR MOSDAC / Sentinel-3 SLSTR,0.5
5614,2026-08-22,22.0,93.0,27.79,0.89,5,GHRSST L4 / INSAT-3DR MOSDAC / Sentinel-3 SLSTR,0.5
5615,2026-08-22,22.0,93.5,27.6,0.7,5,GHRSST L4 / INSAT-3DR MOSDAC / Sentinel-3 SLSTR,0.5
5616,2026-08-22,22.0,94.0,27.29,0.39,5,GHRSST L4 / INSAT-3DR MOSDAC / Sentinel-3 SLSTR,0.5
5617,2026-08-22,22.5,68.0,27.66,0.81,5,GHRSST L4 / INSAT-3DR MOSDAC / Sentinel-3 SLSTR,0.5
5618,2026-08-22,22.5,68.5,27.51,0.66,5,GHRSST L4 / INSAT-3DR MOSDAC / Sentinel-3 SLSTR,0.5
5619,2026-08-22,22.5,69.0,27.4,0.55,5,GHRSST L4 / INSAT-3DR MOSDAC / Sentinel-3 SLSTR,0.5
5620,2026-08-22,22.5,69.5,27.82,0.97,5,GHRSST L4 / INSAT-3DR MOSDAC / Sentinel-3 SLSTR,0.5
5621,2026-08-22,22.5,70.0,27.74,0.89,5,GHRSST L4 / INSAT-3DR MOSDAC / Sentinel-3 SLSTR,0.5
5622,2026-08-22,22.5,70.5,27.2,0.35,5,GHRSST L4 / INSAT-3DR MOSDAC / Sentinel-3 SLSTR,0.5
5623,2026-08-22,22.5,71.0,27.66,0.81,5,GHRSST L4 / INSAT-3DR MOSDAC / Sentinel-3 SLSTR,0.5
5624,2026-08-22,22.5,71.5,27.29,0.44,5,GHRSST L4 / INSAT-3DR MOSDAC / Sentinel-3 SLSTR,0.5
5625,2026-08-22,22.5,72.0,27.18,0.33,5,GHRSST L4 / INSAT-3DR MOSDAC / Sentinel-3 SLSTR,0.5
5626,2026-08-22,22.5,72.5,27.32,0.47,5,GHRSST L4 / INSAT-3DR MOSDAC / Sentinel-3 SLSTR,0.5
5627,2026-08-22,22.5,73.0,27.2,0.35,5,GHRSST L4 / INSAT-3DR MOSDAC / Sentinel-3 SLSTR,0.5
5628,2026-08-22,22.5,73.5,27.62,0.77,5,GHRSST L4 / INSAT-3DR MOSDAC / Sentinel-3 SLSTR,0.5
5629,2026-08-22,22.5,74.0,27.7,0.85,5,GHRSST L4 / INSAT-3DR MOSDAC / Sentinel-3 SLSTR,0.5
5630,2026-08-22,22.5,74.5,27.29,0.44,5,GHRSST L4 / INSAT-3DR MOSDAC / Sentinel-3 SLSTR,0.5
5631,2026-08-22,22.5,75.0,27.32,0.47,5,GHRSST L4 / INSAT-3DR MOSDAC / Sentinel-3 SLSTR,0.5
5632,2026-08-22,22.5,75.5,27.26,0.41,5,GHRSST L4 / INSAT-3DR MOSDAC / Sentinel-3 SLSTR,0.5
5633,2026-08-22,22.5,76.0,27.56,0.71,5,GHRSST L4 / INSAT-3DR MOSDAC / Sentinel-3 SLSTR,0.5
5634,2026-08-22,22.5,76.5,27.51,0.66,5,GHRSST L4 / INSAT-3DR MOSDAC / Sentinel-3 SLSTR,0.5
5635,2026-08-22,22.5,77.0,27.17,0.32,5,GHRSST L4 / INSAT-3DR MOSDAC / Sentinel-3 SLSTR,0.5
5636,2026-08-22,22.5,77.5,27.43,0.58,5,GHRSST L4 / INSAT-3DR MOSDAC / Sentinel-3 SLSTR,0.5
5637,2026-08-22,22.5,78.0,27.23,0.38,5,GHRSST L4 / INSAT-3DR MOSDAC / Sentinel-3 SLSTR,0.5
5638,2026-08-22,22.5,78.5,27.58,0.73,5,GHRSST L4 / INSAT-3DR MOSDAC / Sentinel-3 SLSTR,0.5
5639,2026-08-22,22.5,79.0,27.5,0.65,5,GHRSST L4 / INSAT-3DR MOSDAC / Sentinel-3 SLSTR,0.5
5640,2026-08-22,22.5,79.5,27.49,0.64,5,GHRSST L4 / INSAT-3DR MOSDAC / Sentinel-3 SLSTR,0.5
5641,2026-08-22,22.5,80.0,27.68,0.83,5,GHRSST L4 / INSAT-3DR MOSDAC / Sentinel-3 SLSTR,0.5
5642,2026-08-22,22.5,80.5,27.49,0.64,5,GHRSST L4 / INSAT-3DR MOSDAC / Sentinel-3 SLSTR,0.5
5643,2026-08-22,22.5,81.0,27.51,0.66,5,GHRSST L4 / INSAT-3DR MOSDAC / Sentinel-3 SLSTR,0.5
5644,2026-08-22,22.5,81.5,27.61,0.76,5,GHRSST L4 / INSAT-3DR MOSDAC / Sentinel-3 SLSTR,0.5
5645,2026-08-22,22.5,82.0,27.38,0.53,5,GHRSST L4 / INSAT-3DR MOSDAC / Sentinel-3 SLSTR,0.5
5646,2026-08-22,22.5,82.5,27.83,0.98,5,GHRSST L4 / INSAT-3DR MOSDAC / Sentinel-3 SLSTR,0.5
5647,2026-08-22,22.5,83.0,27.37,0.52,5,GHRSST L4 / INSAT-3DR MOSDAC / Sentinel-3 SLSTR,0.5
5648,2026-08-22,22.5,83.5,27.81,0.96,5,GHRSST L4 / INSAT-3DR MOSDAC / Sentinel-3 SLSTR,0.5
5649,2026-08-22,22.5,84.0,27.74,0.89,5,GHRSST L4 / INSAT-3DR MOSDAC / Sentinel-3 SLSTR,0.5
5650,2026-08-22,22.5,84.5,27.8,0.95,5,GHRSST L4 / INSAT-3DR MOSDAC / Sentinel-3 SLSTR,0.5
5651,2026-08-22,22.5,85.0,27.3,0.45,5,GHRSST L4 / INSAT-3DR MOSDAC / Sentinel-3 SLSTR,0.5
5652,2026-08-22,22.5,85.5,27.33,0.48,5,GHRSST L4 / INSAT-3DR MOSDAC / Sentinel-3 SLSTR,0.5
5653,2026-08-22,22.5,86.0,27.76,0.91,5,GHRSST L4 / INSAT-3DR MOSDAC / Sentinel-3 SLSTR,0.5
5654,2026-08-22,22.5,86.5,27.84,0.99,5,GHRSST L4 / INSAT-3DR MOSDAC / Sentinel-3 SLSTR,0.5
5655,2026-08-22,22.5,87.0,27.7,0.85,5,GHRSST L4 / INSAT-3DR MOSDAC / Sentinel-3 SLSTR,0.5
5656,2026-08-22,22.5,87.5,27.62,0.77,5,GHRSST L4 / INSAT-3DR MOSDAC / Sentinel-3 SLSTR,0.5
5657,2026-08-22,22.5,88.0,27.74,0.89,5,GHRSST L4 / INSAT-3DR MOSDAC / Sentinel-3 SLSTR,0.5
5658,2026-08-22,22.5,88.5,27.2,0.35,5,GHRSST L4 / INSAT-3DR MOSDAC / Sentinel-3 SLSTR,0.5
5659,2026-08-22,22.5,89.0,27.77,0.92,5,GHRSST L4 / INSAT-3DR MOSDAC / Sentinel-3 SLSTR,0.5
5660,2026-08-22,22.5,89.5,27.37,0.52,5,GHRSST L4 / INSAT-3DR MOSDAC / Sentinel-3 SLSTR,0.5
5661,2026-08-22,22.5,90.0,27.21,0.36,5,GHRSST L4 / INSAT-3DR MOSDAC / Sentinel-3 SLSTR,0.5
5662,2026-08-22,22.5,90.5,27.65,0.8,5,GHRSST L4 / INSAT-3DR MOSDAC / Sentinel-3 SLSTR,0.5
5663,2026-08-22,22.5,91.0,27.7,0.85,5,GHRSST L4 / INSAT-3DR MOSDAC / Sentinel-3 SLSTR,0.5
5664,2026-08-22,22.5,91.5,27.61,0.76,5,GHRSST L4 / INSAT-3DR MOSDAC / Sentinel-3 SLSTR,0.5
5665,2026-08-22,22.5,92.0,27.42,0.57,5,GHRSST L4 / INSAT-3DR MOSDAC / Sentinel-3 SLSTR,0.5
5666,2026-08-22,22.5,92.5,27.25,0.4,5,GHRSST L4 / INSAT-3DR MOSDAC / Sentinel-3 SLSTR,0.5
5667,2026-08-22,22.5,93.0,27.71,0.86,5,GHRSST L4 / INSAT-3DR MOSDAC / Sentinel-3 SLSTR,0.5
5668,2026-08-22,22.5,93.5,27.2,0.35,5,GHRSST L4 / INSAT-3DR MOSDAC / Sentinel-3 SLSTR,0.5
5669,2026-08-22,22.5,94.0,27.7,0.85,5,GHRSST L4 / INSAT-3DR MOSDAC / Sentinel-3 SLSTR,0.5
5670,2026-08-22,23.0,68.0,27.78,0.98,5,GHRSST L4 / INSAT-3DR MOSDAC / Sentinel-3 SLSTR,0.5
5671,2026-08-22,23.0,68.5,27.81,1.01,5,GHRSST L4 / INSAT-3DR MOSDAC / Sentinel-3 SLSTR,0.5
5672,2026-08-22,23.0,69.0,27.39,0.59,5,GHRSST L4 / INSAT-3DR MOSDAC / Sentinel-3 SLSTR,0.5
5673,2026-08-22,23.0,69.5,27.19,0.39,5,GHRSST L4 / INSAT-3DR MOSDAC / Sentinel-3 SLSTR,0.5
5674,2026-08-22,23.0,70.0,27.18,0.38,5,GHRSST L4 / INSAT-3DR MOSDAC / Sentinel-3 SLSTR,0.5
5675,2026-08-22,23.0,70.5,27.45,0.65,5,GHRSST L4 / INSAT-3DR MOSDAC / Sentinel-3 SLSTR,0.5
5676,2026-08-22,23.0,71.0,27.66,0.86,5,GHRSST L4 / INSAT-3DR MOSDAC / Sentinel-3 SLSTR,0.5
5677,2026-08-22,23.0,71.5,27.14,0.34,5,GHRSST L4 / INSAT-3DR MOSDAC / Sentinel-3 SLSTR,0.5
5678,2026-08-22,23.0,72.0,27.23,0.43,5,GHRSST L4 / INSAT-3DR MOSDAC / Sentinel-3 SLSTR,0.5
5679,2026-08-22,23.0,72.5,27.52,0.72,5,GHRSST L4 / INSAT-3DR MOSDAC / Sentinel-3 SLSTR,0.5
5680,2026-08-22,23.0,73.0,27.17,0.37,5,GHRSST L4 / INSAT-3DR MOSDAC / Sentinel-3 SLSTR,0.5
5681,2026-08-22,23.0,73.5,27.72,0.92,5,GHRSST L4 / INSAT-3DR MOSDAC / Sentinel-3 SLSTR,0.5
5682,2026-08-22,23.0,74.0,27.46,0.66,5,GHRSST L4 / INSAT-3DR MOSDAC / Sentinel-3 SLSTR,0.5
5683,2026-08-22,23.0,74.5,27.38,0.58,5,GHRSST L4 / INSAT-3DR MOSDAC / Sentinel-3 SLSTR,0.5
5684,2026-08-22,23.0,75.0,27.12,0.32,5,GHRSST L4 / INSAT-3DR MOSDAC / Sentinel-3 SLSTR,0.5
5685,2026-08-22,23.0,75.5,27.19,0.39,5,GHRSST L4 / INSAT-3DR MOSDAC / Sentinel-3 SLSTR,0.5
5686,2026-08-22,23.0,76.0,27.69,0.89,5,GHRSST L4 / INSAT-3DR MOSDAC / Sentinel-3 SLSTR,0.5
5687,2026-08-22,23.0,76.5,27.6,0.8,5,GHRSST L4 / INSAT-3DR MOSDAC / Sentinel-3 SLSTR,0.5
5688,2026-08-22,23.0,77.0,27.12,0.32,5,GHRSST L4 / INSAT-3DR MOSDAC / Sentinel-3 SLSTR,0.5
5689,2026-08-22,23.0,77.5,27.79,0.99,5,GHRSST L4 / INSAT-3DR MOSDAC / Sentinel-3 SLSTR,0.5
5690,2026-08-22,23.0,78.0,27.36,0.56,5,GHRSST L4 / INSAT-3DR MOSDAC / Sentinel-3 SLSTR,0.5
5691,2026-08-22,23.0,78.5,27.53,0.73,5,GHRSST L4 / INSAT-3DR MOSDAC / Sentinel-3 SLSTR,0.5
5692,2026-08-22,23.0,79.0,27.62,0.82,5,GHRSST L4 / INSAT-3DR MOSDAC / Sentinel-3 SLSTR,0.5
5693,2026-08-22,23.0,79.5,27.78,0.98,5,GHRSST L4 / INSAT-3DR MOSDAC / Sentinel-3 SLSTR,0.5
5694,2026-08-22,23.0,80.0,27.73,0.93,5,GHRSST L4 / INSAT-3DR MOSDAC / Sentinel-3 SLSTR,0.5
5695,2026-08-22,23.0,80.5,27.53,0.73,5,GHRSST L4 / INSAT-3DR MOSDAC / Sentinel-3 SLSTR,0.5
5696,2026-08-22,23.0,81.0,27.21,0.41,5,GHRSST L4 / INSAT-3DR MOSDAC / Sentinel-3 SLSTR,0.5
5697,2026-08-22,23.0,81.5,27.7,0.9,5,GHRSST L4 / INSAT-3DR MOSDAC / Sentinel-3 SLSTR,0.5
5698,2026-08-22,23.0,82.0,27.68,0.88,5,GHRSST L4 / INSAT-3DR MOSDAC / Sentinel-3 SLSTR,0.5
5699,2026-08-22,23.0,82.5,27.56,0.76,5,GHRSST L4 / INSAT-3DR MOSDAC / Sentinel-3 SLSTR,0.5
5700,2026-08-22,23.0,83.0,27.8,1.0,5,GHRSST L4 / INSAT-3DR MOSDAC / Sentinel-3 SLSTR,0.5
5701,2026-08-22,23.0,83.5,27.48,0.68,5,GHRSST L4 / INSAT-3DR MOSDAC / Sentinel-3 SLSTR,0.5
5702,2026-08-22,23.0,84.0,27.26,0.46,5,GHRSST L4 / INSAT-3DR MOSDAC / Sentinel-3 SLSTR,0.5
5703,2026-08-22,23.0,84.5,27.29,0.49,5,GHRSST L4 / INSAT-3DR MOSDAC / Sentinel-3 SLSTR,0.5
5704,2026-08-22,23.0,85.0,27.39,0.59,5,GHRSST L4 / INSAT-3DR MOSDAC / Sentinel-3 SLSTR,0.5
5705,2026-08-22,23.0,85.5,27.41,0.61,5,GHRSST L4 / INSAT-3DR MOSDAC / Sentinel-3 SLSTR,0.5
5706,2026-08-22,23.0,86.0,27.69,0.89,5,GHRSST L4 / INSAT-3DR MOSDAC / Sentinel-3 SLSTR,0.5
5707,2026-08-22,23.0,86.5,27.73,0.93,5,GHRSST L4 / INSAT-3DR MOSDAC / Sentinel-3 SLSTR,0.5
5708,2026-08-22,23.0,87.0,27.38,0.58,5,GHRSST L4 / INSAT-3DR MOSDAC / Sentinel-3 SLSTR,0.5
5709,2026-08-22,23.0,87.5,27.77,0.97,5,GHRSST L4 / INSAT-3DR MOSDAC / Sentinel-3 SLSTR,0.5
5710,2026-08-22,23.0,88.0,27.76,0.96,5,GHRSST L4 / INSAT-3DR MOSDAC / Sentinel-3 SLSTR,0.5
5711,2026-08-22,23.0,88.5,27.4,0.6,5,GHRSST L4 / INSAT-3DR MOSDAC / Sentinel-3 SLSTR,0.5
5712,2026-08-22,23.0,89.0,27.72,0.92,5,GHRSST L4 / INSAT-3DR MOSDAC / Sentinel-3 SLSTR,0.5
5713,2026-08-22,23.0,89.5,27.19,0.39,5,GHRSST L4 / INSAT-3DR MOSDAC / Sentinel-3 SLSTR,0.5
5714,2026-08-22,23.0,90.0,27.47,0.67,5,GHRSST L4 / INSAT-3DR MOSDAC / Sentinel-3 SLSTR,0.5
5715,2026-08-22,23.0,90.5,27.61,0.81,5,GHRSST L4 / INSAT-3DR MOSDAC / Sentinel-3 SLSTR,0.5
5716,2026-08-22,23.0,91.0,27.35,0.55,5,GHRSST L4 / INSAT-3DR MOSDAC / Sentinel-3 SLSTR,0.5
5717,2026-08-22,23.0,91.5,27.13,0.33,5,GHRSST L4 / INSAT-3DR MOSDAC / Sentinel-3 SLSTR,0.5
5718,2026-08-22,23.0,92.0,27.15,0.35,5,GHRSST L4 / INSAT-3DR MOSDAC / Sentinel-3 SLSTR,0.5
5719,2026-08-22,23.0,92.5,27.74,0.94,5,GHRSST L4 / INSAT-3DR MOSDAC / Sentinel-3 SLSTR,0.5
5720,2026-08-22,23.0,93.0,27.47,0.67,5,GHRSST L4 / INSAT-3DR MOSDAC / Sentinel-3 SLSTR,0.5
5721,2026-08-22,23.0,93.5,27.22,0.42,5,GHRSST L4 / INSAT-3DR MOSDAC / Sentinel-3 SLSTR,0.5
5722,2026-08-22,23.0,94.0,27.74,0.94,5,GHRSST L4 / INSAT-3DR MOSDAC / Sentinel-3 SLSTR,0.5
5723,2026-08-22,23.5,68.0,27.71,0.96,5,GHRSST L4 / INSAT-3DR MOSDAC / Sentinel-3 SLSTR,0.5
5724,2026-08-22,23.5,68.5,27.28,0.53,5,GHRSST L4 / INSAT-3DR MOSDAC / Sentinel-3 SLSTR,0.5
5725,2026-08-22,23.5,69.0,27.46,0.71,5,GHRSST L4 / INSAT-3DR MOSDAC / Sentinel-3 SLSTR,0.5
5726,2026-08-22,23.5,69.5,27.28,0.53,5,GHRSST L4 / INSAT-3DR MOSDAC / Sentinel-3 SLSTR,0.5
5727,2026-08-22,23.5,70.0,27.56,0.81,5,GHRSST L4 / INSAT-3DR MOSDAC / Sentinel-3 SLSTR,0.5
5728,2026-08-22,23.5,70.5,27.71,0.96,5,GHRSST L4 / INSAT-3DR MOSDAC / Sentinel-3 SLSTR,0.5
5729,2026-08-22,23.5,71.0,27.07,0.32,5,GHRSST L4 / INSAT-3DR MOSDAC / Sentinel-3 SLSTR,0.5
5730,2026-08-22,23.5,71.5,27.38,0.63,5,GHRSST L4 / INSAT-3DR MOSDAC / Sentinel-3 SLSTR,0.5
5731,2026-08-22,23.5,72.0,27.61,0.86,5,GHRSST L4 / INSAT-3DR MOSDAC / Sentinel-3 SLSTR,0.5
5732,2026-08-22,23.5,72.5,27.53,0.78,5,GHRSST L4 / INSAT-3DR MOSDAC / Sentinel-3 SLSTR,0.5
5733,2026-08-22,23.5,73.0,27.18,0.43,5,GHRSST L4 / INSAT-3DR MOSDAC / Sentinel-3 SLSTR,0.5
5734,2026-08-22,23.5,73.5,27.32,0.57,5,GHRSST L4 / INSAT-3DR MOSDAC / Sentinel-3 SLSTR,0.5
5735,2026-08-22,23.5,74.0,27.38,0.63,5,GHRSST L4 / INSAT-3DR MOSDAC / Sentinel-3 SLSTR,0.5
5736,2026-08-22,23.5,74.5,27.57,0.82,5,GHRSST L4 / INSAT-3DR MOSDAC / Sentinel-3 SLSTR,0.5
5737,2026-08-22,23.5,75.0,27.37,0.62,5,GHRSST L4 / INSAT-3DR MOSDAC / Sentinel-3 SLSTR,0.5
5738,2026-08-22,23.5,75.5,27.27,0.52,5,GHRSST L4 / INSAT-3DR MOSDAC / Sentinel-3 SLSTR,0.5
5739,2026-08-22,23.5,76.0,27.34,0.59,5,GHRSST L4 / INSAT-3DR MOSDAC / Sentinel-3 SLSTR,0.5
5740,2026-08-22,23.5,76.5,27.73,0.98,5,GHRSST L4 / INSAT-3DR MOSDAC / Sentinel-3 SLSTR,0.5
5741,2026-08-22,23.5,77.0,27.08,0.33,5,GHRSST L4 / INSAT-3DR MOSDAC / Sentinel-3 SLSTR,0.5
5742,2026-08-22,23.5,77.5,27.28,0.53,5,GHRSST L4 / INSAT-3DR MOSDAC / Sentinel-3 SLSTR,0.5
5743,2026-08-22,23.5,78.0,27.19,0.44,5,GHRSST L4 / INSAT-3DR MOSDAC / Sentinel-3 SLSTR,0.5
5744,2026-08-22,23.5,78.5,27.33,0.58,5,GHRSST L4 / INSAT-3DR MOSDAC / Sentinel-3 SLSTR,0.5
5745,2026-08-22,23.5,79.0,27.46,0.71,5,GHRSST L4 / INSAT-3DR MOSDAC / Sentinel-3 SLSTR,0.5
5746,2026-08-22,23.5,79.5,27.19,0.44,5,GHRSST L4 / INSAT-3DR MOSDAC / Sentinel-3 SLSTR,0.5
5747,2026-08-22,23.5,80.0,27.35,0.6,5,GHRSST L4 / INSAT-3DR MOSDAC / Sentinel-3 SLSTR,0.5
5748,2026-08-22,23.5,80.5,27.63,0.88,5,GHRSST L4 / INSAT-3DR MOSDAC / Sentinel-3 SLSTR,0.5
5749,2026-08-22,23.5,81.0,27.5,0.75,5,GHRSST L4 / INSAT-3DR MOSDAC / Sentinel-3 SLSTR,0.5
5750,2026-08-22,23.5,81.5,27.53,0.78,5,GHRSST L4 / INSAT-3DR MOSDAC / Sentinel-3 SLSTR,0.5
5751,2026-08-22,23.5,82.0,27.71,0.96,5,GHRSST L4 / INSAT-3DR MOSDAC / Sentinel-3 SLSTR,0.5
5752,2026-08-22,23.5,82.5,27.34,0.59,5,GHRSST L4 / INSAT-3DR MOSDAC / Sentinel-3 SLSTR,0.5
5753,2026-08-22,23.5,83.0,27.75,1.0,5,GHRSST L4 / INSAT-3DR MOSDAC / Sentinel-3 SLSTR,0.5
5754,2026-08-22,23.5,83.5,27.32,0.57,5,GHRSST L4 / INSAT-3DR MOSDAC / Sentinel-3 SLSTR,0.5
5755,2026-08-22,23.5,84.0,27.18,0.43,5,GHRSST L4 / INSAT-3DR MOSDAC / Sentinel-3 SLSTR,0.5
5756,2026-08-22,23.5,84.5,27.62,0.87,5,GHRSST L4 / INSAT-3DR MOSDAC / Sentinel-3 SLSTR,0.5
5757,2026-08-22,23.5,85.0,27.41,0.66,5,GHRSST L4 / INSAT-3DR MOSDAC / Sentinel-3 SLSTR,0.5
5758,2026-08-22,23.5,85.5,27.29,0.54,5,GHRSST L4 / INSAT-3DR MOSDAC / Sentinel-3 SLSTR,0.5
5759,2026-08-22,23.5,86.0,27.22,0.47,5,GHRSST L4 / INSAT-3DR MOSDAC / Sentinel-3 SLSTR,0.5
5760,2026-08-22,23.5,86.5,27.63,0.88,5,GHRSST L4 / INSAT-3DR MOSDAC / Sentinel-3 SLSTR,0.5
5761,2026-08-22,23.5,87.0,27.44,0.69,5,GHRSST L4 / INSAT-3DR MOSDAC / Sentinel-3 SLSTR,0.5
5762,2026-08-22,23.5,87.5,27.49,0.74,5,GHRSST L4 / INSAT-3DR MOSDAC / Sentinel-3 SLSTR,0.5
5763,2026-08-22,23.5,88.0,27.37,0.62,5,GHRSST L4 / INSAT-3DR MOSDAC / Sentinel-3 SLSTR,0.5
5764,2026-08-22,23.5,88.5,27.2,0.45,5,GHRSST L4 / INSAT-3DR MOSDAC / Sentinel-3 SLSTR,0.5
5765,2026-08-22,23.5,89.0,27.29,0.54,5,GHRSST L4 / INSAT-3DR MOSDAC / Sentinel-3 SLSTR,0.5
5766,2026-08-22,23.5,89.5,27.14,0.39,5,GHRSST L4 / INSAT-3DR MOSDAC / Sentinel-3 SLSTR,0.5
5767,2026-08-22,23.5,90.0,27.29,0.54,5,GHRSST L4 / INSAT-3DR MOSDAC / Sentinel-3 SLSTR,0.5
5768,2026-08-22,23.5,90.5,27.69,0.94,5,GHRSST L4 / INSAT-3DR MOSDAC / Sentinel-3 SLSTR,0.5
5769,2026-08-22,23.5,91.0,27.45,0.7,5,GHRSST L4 / INSAT-3DR MOSDAC / Sentinel-3 SLSTR,0.5
5770,2026-08-22,23.5,91.5,27.08,0.33,5,GHRSST L4 / INSAT-3DR MOSDAC / Sentinel-3 SLSTR,0.5
5771,2026-08-22,23.5,92.0,27.58,0.83,5,GHRSST L4 / INSAT-3DR MOSDAC / Sentinel-3 SLSTR,0.5
5772,2026-08-22,23.5,92.5,27.59,0.84,5,GHRSST L4 / INSAT-3DR MOSDAC / Sentinel-3 SLSTR,0.5
5773,2026-08-22,23.5,93.0,27.58,0.83,5,GHRSST L4 / INSAT-3DR MOSDAC / Sentinel-3 SLSTR,0.5
5774,2026-08-22,23.5,93.5,27.48,0.73,5,GHRSST L4 / INSAT-3DR MOSDAC / Sentinel-3 SLSTR,0.5
5775,2026-08-22,23.5,94.0,27.07,0.32,5,GHRSST L4 / INSAT-3DR MOSDAC / Sentinel-3 SLSTR,0.5
5776,2026-08-22,24.0,68.0,27.26,0.56,5,GHRSST L4 / INSAT-3DR MOSDAC / Sentinel-3 SLSTR,0.5
5777,2026-08-22,24.0,68.5,27.22,0.52,5,GHRSST L4 / INSAT-3DR MOSDAC / Sentinel-3 SLSTR,0.5
5778,2026-08-22,24.0,69.0,27.0,0.3,5,GHRSST L4 / INSAT-3DR MOSDAC / Sentinel-3 SLSTR,0.5
5779,2026-08-22,24.0,69.5,27.05,0.35,5,GHRSST L4 / INSAT-3DR MOSDAC / Sentinel-3 SLSTR,0.5
5780,2026-08-22,24.0,70.0,27.28,0.58,5,GHRSST L4 / INSAT-3DR MOSDAC / Sentinel-3 SLSTR,0.5
5781,2026-08-22,24.0,70.5,27.61,0.91,5,GHRSST L4 / INSAT-3DR MOSDAC / Sentinel-3 SLSTR,0.5
5782,2026-08-22,24.0,71.0,27.66,0.96,5,GHRSST L4 / INSAT-3DR MOSDAC / Sentinel-3 SLSTR,0.5
5783,2026-08-22,24.0,71.5,27.51,0.81,5,GHRSST L4 / INSAT-3DR MOSDAC / Sentinel-3 SLSTR,0.5
5784,2026-08-22,24.0,72.0,27.15,0.45,5,GHRSST L4 / INSAT-3DR MOSDAC / Sentinel-3 SLSTR,0.5
5785,2026-08-22,24.0,72.5,27.64,0.94,5,GHRSST L4 / INSAT-3DR MOSDAC / Sentinel-3 SLSTR,0.5
5786,2026-08-22,24.0,73.0,27.67,0.97,5,GHRSST L4 / INSAT-3DR MOSDAC / Sentinel-3 SLSTR,0.5
5787,2026-08-22,24.0,73.5,27.29,0.59,5,GHRSST L4 / INSAT-3DR MOSDAC / Sentinel-3 SLSTR,0.5
5788,2026-08-22,24.0,74.0,27.36,0.66,5,GHRSST L4 / INSAT-3DR MOSDAC / Sentinel-3 SLSTR,0.5
5789,2026-08-22,24.0,74.5,27.23,0.53,5,GHRSST L4 / INSAT-3DR MOSDAC / Sentinel-3 SLSTR,0.5
5790,2026-08-22,24.0,75.0,27.59,0.89,5,GHRSST L4 / INSAT-3DR MOSDAC / Sentinel-3 SLSTR,0.5
5791,2026-08-22,24.0,75.5,27.2,0.5,5,GHRSST L4 / INSAT-3DR MOSDAC / Sentinel-3 SLSTR,0.5
5792,2026-08-22,24.0,76.0,27.07,0.37,5,GHRSST L4 / INSAT-3DR MOSDAC / Sentinel-3 SLSTR,0.5
5793,2026-08-22,24.0,76.5,27.31,0.61,5,GHRSST L4 / INSAT-3DR MOSDAC / Sentinel-3 SLSTR,0.5
5794,2026-08-22,24.0,77.0,27.11,0.41,5,GHRSST L4 / INSAT-3DR MOSDAC / Sentinel-3 SLSTR,0.5
5795,2026-08-22,24.0,77.5,27.29,0.59,5,GHRSST L4 / INSAT-3DR MOSDAC / Sentinel-3 SLSTR,0.5
5796,2026-08-22,24.0,78.0,27.4,0.7,5,GHRSST L4 / INSAT-3DR MOSDAC / Sentinel-3 SLSTR,0.5
5797,2026-08-22,24.0,78.5,27.55,0.85,5,GHRSST L4 / INSAT-3DR MOSDAC / Sentinel-3 SLSTR,0.5
5798,2026-08-22,24.0,79.0,27.47,0.77,5,GHRSST L4 / INSAT-3DR MOSDAC / Sentinel-3 SLSTR,0.5
5799,2026-08-22,24.0,79.5,27.51,0.81,5,GHRSST L4 / INSAT-3DR MOSDAC / Sentinel-3 SLSTR,0.5
5800,2026-08-22,24.0,80.0,27.4,0.7,5,GHRSST L4 / INSAT-3DR MOSDAC / Sentinel-3 SLSTR,0.5
5801,2026-08-22,24.0,80.5,27.05,0.35,5,GHRSST L4 / INSAT-3DR MOSDAC / Sentinel-3 SLSTR,0.5
5802,2026-08-22,24.0,81.0,27.61,0.91,5,GHRSST L4 / INSAT-3DR MOSDAC / Sentinel-3 SLSTR,0.5
5803,2026-08-22,24.0,81.5,27.48,0.78,5,GHRSST L4 / INSAT-3DR MOSDAC / Sentinel-3 SLSTR,0.5
5804,2026-08-22,24.0,82.0,27.54,0.84,5,GHRSST L4 / INSAT-3DR MOSDAC / Sentinel-3 SLSTR,0.5
5805,2026-08-22,24.0,82.5,27.65,0.95,5,GHRSST L4 / INSAT-3DR MOSDAC / Sentinel-3 SLSTR,0.5
5806,2026-08-22,24.0,83.0,27.67,0.97,5,GHRSST L4 / INSAT-3DR MOSDAC / Sentinel-3 SLSTR,0.5
5807,2026-08-22,24.0,83.5,27.66,0.96,5,GHRSST L4 / INSAT-3DR MOSDAC / Sentinel-3 SLSTR,0.5
5808,2026-08-22,24.0,84.0,27.18,0.48,5,GHRSST L4 / INSAT-3DR MOSDAC / Sentinel-3 SLSTR,0.5
5809,2026-08-22,24.0,84.5,27.59,0.89,5,GHRSST L4 / INSAT-3DR MOSDAC / Sentinel-3 SLSTR,0.5
5810,2026-08-22,24.0,85.0,27.66,0.96,5,GHRSST L4 / INSAT-3DR MOSDAC / Sentinel-3 SLSTR,0.5
5811,2026-08-22,24.0,85.5,27.48,0.78,5,GHRSST L4 / INSAT-3DR MOSDAC / Sentinel-3 SLSTR,0.5
5812,2026-08-22,24.0,86.0,27.49,0.79,5,GHRSST L4 / INSAT-3DR MOSDAC / Sentinel-3 SLSTR,0.5
5813,2026-08-22,24.0,86.5,27.61,0.91,5,GHRSST L4 / INSAT-3DR MOSDAC / Sentinel-3 SLSTR,0.5
5814,2026-08-22,24.0,87.0,27.19,0.49,5,GHRSST L4 / INSAT-3DR MOSDAC / Sentinel-3 SLSTR,0.5
5815,2026-08-22,24.0,87.5,27.12,0.42,5,GHRSST L4 / INSAT-3DR MOSDAC / Sentinel-3 SLSTR,0.5
5816,2026-08-22,24.0,88.0,27.3,0.6,5,GHRSST L4 / INSAT-3DR MOSDAC / Sentinel-3 SLSTR,0.5
5817,2026-08-22,24.0,88.5,27.65,0.95,5,GHRSST L4 / INSAT-3DR MOSDAC / Sentinel-3 SLSTR,0.5
5818,2026-08-22,24.0,89.0,27.03,0.33,5,GHRSST L4 / INSAT-3DR MOSDAC / Sentinel-3 SLSTR,0.5
5819,2026-08-22,24.0,89.5,27.3,0.6,5,GHRSST L4 / INSAT-3DR MOSDAC / Sentinel-3 SLSTR,0.5
5820,2026-08-22,24.0,90.0,27.47,0.77,5,GHRSST L4 / INSAT-3DR MOSDAC / Sentinel-3 SLSTR,0.5
5821,2026-08-22,24.0,90.5,27.45,0.75,5,GHRSST L4 / INSAT-3DR MOSDAC / Sentinel-3 SLSTR,0.5
5822,2026-08-22,24.0,91.0,27.56,0.86,5,GHRSST L4 / INSAT-3DR MOSDAC / Sentinel-3 SLSTR,0.5
5823,2026-08-22,24.0,91.5,27.18,0.48,5,GHRSST L4 / INSAT-3DR MOSDAC / Sentinel-3 SLSTR,0.5
5824,2026-08-22,24.0,92.0,27.15,0.45,5,GHRSST L4 / INSAT-3DR MOSDAC / Sentinel-3 SLSTR,0.5
5825,2026-08-22,24.0,92.5,27.57,0.87,5,GHRSST L4 / INSAT-3DR MOSDAC / Sentinel-3 SLSTR,0.5
5826,2026-08-22,24.0,93.0,27.57,0.87,5,GHRSST L4 / INSAT-3DR MOSDAC / Sentinel-3 SLSTR,0.5
5827,2026-08-22,24.0,93.5,27.16,0.46,5,GHRSST L4 / INSAT-3DR MOSDAC / Sentinel-3 SLSTR,0.5
5828,2026-08-22,24.0,94.0,27.3,0.6,5,GHRSST L4 / INSAT-3DR MOSDAC / Sentinel-3 SLSTR,0.5
5829,2026-08-21,6.0,68.0,29.47,0.97,5,GHRSST L4 / INSAT-3DR MOSDAC / Sentinel-3 SLSTR,0.5
5830,2026-08-21,6.0,68.5,29.51,1.01,5,GHRSST L4 / INSAT-3DR MOSDAC / Sentinel-3 SLSTR,0.5
5831,2026-08-21,6.0,69.0,29.74,1.24,5,GHRSST L4 / INSAT-3DR MOSDAC / Sentinel-3 SLSTR,0.5
5832,2026-08-21,6.0,69.5,29.57,1.07,5,GHRSST L4 / INSAT-3DR MOSDAC / Sentinel-3 SLSTR,0.5
5833,2026-08-21,6.0,70.0,29.51,1.01,5,GHRSST L4 / INSAT-3DR MOSDAC / Sentinel-3 SLSTR,0.5
5834,2026-08-21,6.0,70.5,29.35,0.85,5,GHRSST L4 / INSAT-3DR MOSDAC / Sentinel-3 SLSTR,0.5
5835,2026-08-21,6.0,71.0,29.18,0.68,5,GHRSST L4 / INSAT-3DR MOSDAC / Sentinel-3 SLSTR,0.5
5836,2026-08-21,6.0,71.5,29.79,1.29,5,GHRSST L4 / INSAT-3DR MOSDAC / Sentinel-3 SLSTR,0.5
5837,2026-08-21,6.0,72.0,29.65,1.15,5,GHRSST L4 / INSAT-3DR MOSDAC / Sentinel-3 SLSTR,0.5
5838,2026-08-21,6.0,72.5,29.2,0.7,5,GHRSST L4 / INSAT-3DR MOSDAC / Sentinel-3 SLSTR,0.5
5839,2026-08-21,6.0,73.0,29.36,0.86,5,GHRSST L4 / INSAT-3DR MOSDAC / Sentinel-3 SLSTR,0.5
5840,2026-08-21,6.0,73.5,29.6,1.1,5,GHRSST L4 / INSAT-3DR MOSDAC / Sentinel-3 SLSTR,0.5
5841,2026-08-21,6.0,74.0,29.3,0.8,5,GHRSST L4 / INSAT-3DR MOSDAC / Sentinel-3 SLSTR,0.5
5842,2026-08-21,6.0,74.5,29.22,0.72,5,GHRSST L4 / INSAT-3DR MOSDAC / Sentinel-3 SLSTR,0.5
5843,2026-08-21,6.0,75.0,29.54,1.04,5,GHRSST L4 / INSAT-3DR MOSDAC / Sentinel-3 SLSTR,0.5
5844,2026-08-21,6.0,75.5,29.38,0.88,5,GHRSST L4 / INSAT-3DR MOSDAC / Sentinel-3 SLSTR,0.5
5845,2026-08-21,6.0,76.0,29.73,1.23,5,GHRSST L4 / INSAT-3DR MOSDAC / Sentinel-3 SLSTR,0.5
5846,2026-08-21,6.0,76.5,29.82,1.32,5,GHRSST L4 / INSAT-3DR MOSDAC / Sentinel-3 SLSTR,0.5
5847,2026-08-21,6.0,77.0,29.56,1.06,5,GHRSST L4 / INSAT-3DR MOSDAC / Sentinel-3 SLSTR,0.5
5848,2026-08-21,6.0,77.5,29.65,1.15,5,GHRSST L4 / INSAT-3DR MOSDAC / Sentinel-3 SLSTR,0.5
5849,2026-08-21,6.0,78.0,29.84,1.34,5,GHRSST L4 / INSAT-3DR MOSDAC / Sentinel-3 SLSTR,0.5
5850,2026-08-21,6.0,78.5,29.31,0.81,5,GHRSST L4 / INSAT-3DR MOSDAC / Sentinel-3 SLSTR,0.5
5851,2026-08-21,6.0,79.0,29.78,1.28,5,GHRSST L4 / INSAT-3DR MOSDAC / Sentinel-3 SLSTR,0.5
5852,2026-08-21,6.0,79.5,29.54,1.04,5,GHRSST L4 / INSAT-3DR MOSDAC / Sentinel-3 SLSTR,0.5
5853,2026-08-21,6.0,80.0,29.28,0.78,5,GHRSST L4 / INSAT-3DR MOSDAC / Sentinel-3 SLSTR,0.5
5854,2026-08-21,6.0,80.5,29.35,0.85,5,GHRSST L4 / INSAT-3DR MOSDAC / Sentinel-3 SLSTR,0.5
5855,2026-08-21,6.0,81.0,29.63,1.13,5,GHRSST L4 / INSAT-3DR MOSDAC / Sentinel-3 SLSTR,0.5
5856,2026-08-21,6.0,81.5,29.8,1.3,5,GHRSST L4 / INSAT-3DR MOSDAC / Sentinel-3 SLSTR,0.5
5857,2026-08-21,6.0,82.0,29.23,0.73,5,GHRSST L4 / INSAT-3DR MOSDAC / Sentinel-3 SLSTR,0.5
5858,2026-08-21,6.0,82.5,29.6,1.1,5,GHRSST L4 / INSAT-3DR MOSDAC / Sentinel-3 SLSTR,0.5
5859,2026-08-21,6.0,83.0,29.41,0.91,5,GHRSST L4 / INSAT-3DR MOSDAC / Sentinel-3 SLSTR,0.5
5860,2026-08-21,6.0,83.5,29.38,0.88,5,GHRSST L4 / INSAT-3DR MOSDAC / Sentinel-3 SLSTR,0.5
5861,2026-08-21,6.0,84.0,29.28,0.78,5,GHRSST L4 / INSAT-3DR MOSDAC / Sentinel-3 SLSTR,0.5
5862,2026-08-21,6.0,84.5,29.77,1.27,5,GHRSST L4 / INSAT-3DR MOSDAC / Sentinel-3 SLSTR,0.5
5863,2026-08-21,6.0,85.0,29.4,0.9,5,GHRSST L4 / INSAT-3DR MOSDAC / Sentinel-3 SLSTR,0.5
5864,2026-08-21,6.0,85.5,29.46,0.96,5,GHRSST L4 / INSAT-3DR MOSDAC / Sentinel-3 SLSTR,0.5
5865,2026-08-21,6.0,86.0,29.3,0.8,5,GHRSST L4 / INSAT-3DR MOSDAC / Sentinel-3 SLSTR,0.5
5866,2026-08-21,6.0,86.5,29.58,1.08,5,GHRSST L4 / INSAT-3DR MOSDAC / Sentinel-3 SLSTR,0.5
5867,2026-08-21,6.0,87.0,29.46,0.96,5,GHRSST L4 / INSAT-3DR MOSDAC / Sentinel-3 SLSTR,0.5
5868,2026-08-21,6.0,87.5,29.29,0.79,5,GHRSST L4 / INSAT-3DR MOSDAC / Sentinel-3 SLSTR,0.5
5869,2026-08-21,6.0,88.0,29.37,0.87,5,GHRSST L4 / INSAT-3DR MOSDAC / Sentinel-3 SLSTR,0.5
5870,2026-08-21,6.0,88.5,29.42,0.92,5,GHRSST L4 / INSAT-3DR MOSDAC / Sentinel-3 SLSTR,0.5
5871,2026-08-21,6.0,89.0,29.2,0.7,5,GHRSST L4 / INSAT-3DR MOSDAC / Sentinel-3 SLSTR,0.5
5872,2026-08-21,6.0,89.5,29.19,0.69,5,GHRSST L4 / INSAT-3DR MOSDAC / Sentinel-3 SLSTR,0.5
5873,2026-08-21,6.0,90.0,29.84,1.34,5,GHRSST L4 / INSAT-3DR MOSDAC / Sentinel-3 SLSTR,0.5
5874,2026-08-21,6.0,90.5,29.8,1.3,5,GHRSST L4 / INSAT-3DR MOSDAC / Sentinel-3 SLSTR,0.5
5875,2026-08-21,6.0,91.0,29.57,1.07,5,GHRSST L4 / INSAT-3DR MOSDAC / Sentinel-3 SLSTR,0.5
5876,2026-08-21,6.0,91.5,29.32,0.82,5,GHRSST L4 / INSAT-3DR MOSDAC / Sentinel-3 SLSTR,0.5
5877,2026-08-21,6.0,92.0,29.31,0.81,5,GHRSST L4 / INSAT-3DR MOSDAC / Sentinel-3 SLSTR,0.5
5878,2026-08-21,6.0,92.5,29.46,0.96,5,GHRSST L4 / INSAT-3DR MOSDAC / Sentinel-3 SLSTR,0.5
5879,2026-08-21,6.0,93.0,29.42,0.92,5,GHRSST L4 / INSAT-3DR MOSDAC / Sentinel-3 SLSTR,0.5
5880,2026-08-21,6.0,93.5,29.66,1.16,5,GHRSST L4 / INSAT-3DR MOSDAC / Sentinel-3 SLSTR,0.5
5881,2026-08-21,6.0,94.0,29.43,0.93,5,GHRSST L4 / INSAT-3DR MOSDAC / Sentinel-3 SLSTR,0.5
5882,2026-08-21,6.5,68.0,29.76,1.31,5,GHRSST L4 / INSAT-3DR MOSDAC / Sentinel-3 SLSTR,0.5
5883,2026-08-21,6.5,68.5,29.27,0.82,5,GHRSST L4 / INSAT-3DR MOSDAC / Sentinel-3 SLSTR,0.5
5884,2026-08-21,6.5,69.0,29.11,0.66,5,GHRSST L4 / INSAT-3DR MOSDAC / Sentinel-3 SLSTR,0.5
5885,2026-08-21,6.5,69.5,29.51,1.06,5,GHRSST L4 / INSAT-3DR MOSDAC / Sentinel-3 SLSTR,0.5
5886,2026-08-21,6.5,70.0,29.78,1.33,5,GHRSST L4 / INSAT-3DR MOSDAC / Sentinel-3 SLSTR,0.5
5887,2026-08-21,6.5,70.5,29.69,1.24,5,GHRSST L4 / INSAT-3DR MOSDAC / Sentinel-3 SLSTR,0.5
5888,2026-08-21,6.5,71.0,29.09,0.64,5,GHRSST L4 / INSAT-3DR MOSDAC / Sentinel-3 SLSTR,0.5
5889,2026-08-21,6.5,71.5,29.49,1.04,5,GHRSST L4 / INSAT-3DR MOSDAC / Sentinel-3 SLSTR,0.5
5890,2026-08-21,6.5,72.0,29.41,0.96,5,GHRSST L4 / INSAT-3DR MOSDAC / Sentinel-3 SLSTR,0.5
5891,2026-08-21,6.5,72.5,29.63,1.18,5,GHRSST L4 / INSAT-3DR MOSDAC / Sentinel-3 SLSTR,0.5
5892,2026-08-21,6.5,73.0,29.27,0.82,5,GHRSST L4 / INSAT-3DR MOSDAC / Sentinel-3 SLSTR,0.5
5893,2026-08-21,6.5,73.5,29.26,0.81,5,GHRSST L4 / INSAT-3DR MOSDAC / Sentinel-3 SLSTR,0.5
5894,2026-08-21,6.5,74.0,29.31,0.86,5,GHRSST L4 / INSAT-3DR MOSDAC / Sentinel-3 SLSTR,0.5
5895,2026-08-21,6.5,74.5,29.26,0.81,5,GHRSST L4 / INSAT-3DR MOSDAC / Sentinel-3 SLSTR,0.5
5896,2026-08-21,6.5,75.0,29.11,0.66,5,GHRSST L4 / INSAT-3DR MOSDAC / Sentinel-3 SLSTR,0.5
5897,2026-08-21,6.5,75.5,29.53,1.08,5,GHRSST L4 / INSAT-3DR MOSDAC / Sentinel-3 SLSTR,0.5
5898,2026-08-21,6.5,76.0,29.52,1.07,5,GHRSST L4 / INSAT-3DR MOSDAC / Sentinel-3 SLSTR,0.5
5899,2026-08-21,6.5,76.5,29.69,1.24,5,GHRSST L4 / INSAT-3DR MOSDAC / Sentinel-3 SLSTR,0.5
5900,2026-08-21,6.5,77.0,29.58,1.13,5,GHRSST L4 / INSAT-3DR MOSDAC / Sentinel-3 SLSTR,0.5
5901,2026-08-21,6.5,77.5,29.54,1.09,5,GHRSST L4 / INSAT-3DR MOSDAC / Sentinel-3 SLSTR,0.5
5902,2026-08-21,6.5,78.0,29.25,0.8,5,GHRSST L4 / INSAT-3DR MOSDAC / Sentinel-3 SLSTR,0.5
5903,2026-08-21,6.5,78.5,29.61,1.16,5,GHRSST L4 / INSAT-3DR MOSDAC / Sentinel-3 SLSTR,0.5
5904,2026-08-21,6.5,79.0,29.69,1.24,5,GHRSST L4 / INSAT-3DR MOSDAC / Sentinel-3 SLSTR,0.5
5905,2026-08-21,6.5,79.5,29.4,0.95,5,GHRSST L4 / INSAT-3DR MOSDAC / Sentinel-3 SLSTR,0.5
5906,2026-08-21,6.5,80.0,29.47,1.02,5,GHRSST L4 / INSAT-3DR MOSDAC / Sentinel-3 SLSTR,0.5
5907,2026-08-21,6.5,80.5,29.64,1.19,5,GHRSST L4 / INSAT-3DR MOSDAC / Sentinel-3 SLSTR,0.5
5908,2026-08-21,6.5,81.0,29.42,0.97,5,GHRSST L4 / INSAT-3DR MOSDAC / Sentinel-3 SLSTR,0.5
5909,2026-08-21,6.5,81.5,29.56,1.11,5,GHRSST L4 / INSAT-3DR MOSDAC / Sentinel-3 SLSTR,0.5
5910,2026-08-21,6.5,82.0,29.24,0.79,5,GHRSST L4 / INSAT-3DR MOSDAC / Sentinel-3 SLSTR,0.5
5911,2026-08-21,6.5,82.5,29.5,1.05,5,GHRSST L4 / INSAT-3DR MOSDAC / Sentinel-3 SLSTR,0.5
5912,2026-08-21,6.5,83.0,29.12,0.67,5,GHRSST L4 / INSAT-3DR MOSDAC / Sentinel-3 SLSTR,0.5
5913,2026-08-21,6.5,83.5,29.24,0.79,5,GHRSST L4 / INSAT-3DR MOSDAC / Sentinel-3 SLSTR,0.5
5914,2026-08-21,6.5,84.0,29.73,1.28,5,GHRSST L4 / INSAT-3DR MOSDAC / Sentinel-3 SLSTR,0.5
5915,2026-08-21,6.5,84.5,29.51,1.06,5,GHRSST L4 / INSAT-3DR MOSDAC / Sentinel-3 SLSTR,0.5
5916,2026-08-21,6.5,85.0,29.41,0.96,5,GHRSST L4 / INSAT-3DR MOSDAC / Sentinel-3 SLSTR,0.5
5917,2026-08-21,6.5,85.5,29.46,1.01,5,GHRSST L4 / INSAT-3DR MOSDAC / Sentinel-3 SLSTR,0.5
5918,2026-08-21,6.5,86.0,29.09,0.64,5,GHRSST L4 / INSAT-3DR MOSDAC / Sentinel-3 SLSTR,0.5
5919,2026-08-21,6.5,86.5,29.41,0.96,5,GHRSST L4 / INSAT-3DR MOSDAC / Sentinel-3 SLSTR,0.5
5920,2026-08-21,6.5,87.0,29.19,0.74,5,GHRSST L4 / INSAT-3DR MOSDAC / Sentinel-3 SLSTR,0.5
5921,2026-08-21,6.5,87.5,29.69,1.24,5,GHRSST L4 / INSAT-3DR MOSDAC / Sentinel-3 SLSTR,0.5
5922,2026-08-21,6.5,88.0,29.38,0.93,5,GHRSST L4 / INSAT-3DR MOSDAC / Sentinel-3 SLSTR,0.5
5923,2026-08-21,6.5,88.5,29.25,0.8,5,GHRSST L4 / INSAT-3DR MOSDAC / Sentinel-3 SLSTR,0.5
5924,2026-08-21,6.5,89.0,29.45,1.0,5,GHRSST L4 / INSAT-3DR MOSDAC / Sentinel-3 SLSTR,0.5
5925,2026-08-21,6.5,89.5,29.35,0.9,5,GHRSST L4 / INSAT-3DR MOSDAC / Sentinel-3 SLSTR,0.5
5926,2026-08-21,6.5,90.0,29.41,0.96,5,GHRSST L4 / INSAT-3DR MOSDAC / Sentinel-3 SLSTR,0.5
5927,2026-08-21,6.5,90.5,29.6,1.15,5,GHRSST L4 / INSAT-3DR MOSDAC / Sentinel-3 SLSTR,0.5
5928,2026-08-21,6.5,91.0,29.45,1.0,5,GHRSST L4 / INSAT-3DR MOSDAC / Sentinel-3 SLSTR,0.5
5929,2026-08-21,6.5,91.5,29.73,1.28,5,GHRSST L4 / INSAT-3DR MOSDAC / Sentinel-3 SLSTR,0.5
5930,2026-08-21,6.5,92.0,29.27,0.82,5,GHRSST L4 / INSAT-3DR MOSDAC / Sentinel-3 SLSTR,0.5
5931,2026-08-21,6.5,92.5,29.32,0.87,5,GHRSST L4 / INSAT-3DR MOSDAC / Sentinel-3 SLSTR,0.5
5932,2026-08-21,6.5,93.0,29.63,1.18,5,GHRSST L4 / INSAT-3DR MOSDAC / Sentinel-3 SLSTR,0.5
5933,2026-08-21,6.5,93.5,29.64,1.19,5,GHRSST L4 / INSAT-3DR MOSDAC / Sentinel-3 SLSTR,0.5
5934,2026-08-21,6.5,94.0,29.77,1.32,5,GHRSST L4 / INSAT-3DR MOSDAC / Sentinel-3 SLSTR,0.5
5935,2026-08-21,7.0,68.0,29.47,1.07,5,GHRSST L4 / INSAT-3DR MOSDAC / Sentinel-3 SLSTR,0.5
5936,2026-08-21,7.0,68.5,29.43,1.03,5,GHRSST L4 / INSAT-3DR MOSDAC / Sentinel-3 SLSTR,0.5
5937,2026-08-21,7.0,69.0,29.44,1.04,5,GHRSST L4 / INSAT-3DR MOSDAC / Sentinel-3 SLSTR,0.5
5938,2026-08-21,7.0,69.5,29.28,0.88,5,GHRSST L4 / INSAT-3DR MOSDAC / Sentinel-3 SLSTR,0.5
5939,2026-08-21,7.0,70.0,29.3,0.9,5,GHRSST L4 / INSAT-3DR MOSDAC / Sentinel-3 SLSTR,0.5
5940,2026-08-21,7.0,70.5,29.23,0.83,5,GHRSST L4 / INSAT-3DR MOSDAC / Sentinel-3 SLSTR,0.5
5941,2026-08-21,7.0,71.0,29.45,1.05,5,GHRSST L4 / INSAT-3DR MOSDAC / Sentinel-3 SLSTR,0.5
5942,2026-08-21,7.0,71.5,29.62,1.22,5,GHRSST L4 / INSAT-3DR MOSDAC / Sentinel-3 SLSTR,0.5
5943,2026-08-21,7.0,72.0,29.47,1.07,5,GHRSST L4 / INSAT-3DR MOSDAC / Sentinel-3 SLSTR,0.5
5944,2026-08-21,7.0,72.5,29.36,0.96,5,GHRSST L4 / INSAT-3DR MOSDAC / Sentinel-3 SLSTR,0.5
5945,2026-08-21,7.0,73.0,29.07,0.67,5,GHRSST L4 / INSAT-3DR MOSDAC / Sentinel-3 SLSTR,0.5
5946,2026-08-21,7.0,73.5,29.2,0.8,5,GHRSST L4 / INSAT-3DR MOSDAC / Sentinel-3 SLSTR,0.5
5947,2026-08-21,7.0,74.0,29.62,1.22,5,GHRSST L4 / INSAT-3DR MOSDAC / Sentinel-3 SLSTR,0.5
5948,2026-08-21,7.0,74.5,29.31,0.91,5,GHRSST L4 / INSAT-3DR MOSDAC / Sentinel-3 SLSTR,0.5
5949,2026-08-21,7.0,75.0,29.65,1.25,5,GHRSST L4 / INSAT-3DR MOSDAC / Sentinel-3 SLSTR,0.5
5950,2026-08-21,7.0,75.5,29.2,0.8,5,GHRSST L4 / INSAT-3DR MOSDAC / Sentinel-3 SLSTR,0.5
5951,2026-08-21,7.0,76.0,29.43,1.03,5,GHRSST L4 / INSAT-3DR MOSDAC / Sentinel-3 SLSTR,0.5
5952,2026-08-21,7.0,76.5,29.7,1.3,5,GHRSST L4 / INSAT-3DR MOSDAC / Sentinel-3 SLSTR,0.5
5953,2026-08-21,7.0,77.0,29.42,1.02,5,GHRSST L4 / INSAT-3DR MOSDAC / Sentinel-3 SLSTR,0.5
5954,2026-08-21,7.0,77.5,29.18,0.78,5,GHRSST L4 / INSAT-3DR MOSDAC / Sentinel-3 SLSTR,0.5
5955,2026-08-21,7.0,78.0,29.19,0.79,5,GHRSST L4 / INSAT-3DR MOSDAC / Sentinel-3 SLSTR,0.5
5956,2026-08-21,7.0,78.5,29.14,0.74,5,GHRSST L4 / INSAT-3DR MOSDAC / Sentinel-3 SLSTR,0.5
5957,2026-08-21,7.0,79.0,29.04,0.64,5,GHRSST L4 / INSAT-3DR MOSDAC / Sentinel-3 SLSTR,0.5
5958,2026-08-21,7.0,79.5,29.51,1.11,5,GHRSST L4 / INSAT-3DR MOSDAC / Sentinel-3 SLSTR,0.5
5959,2026-08-21,7.0,80.0,29.58,1.18,5,GHRSST L4 / INSAT-3DR MOSDAC / Sentinel-3 SLSTR,0.5
5960,2026-08-21,7.0,80.5,29.6,1.2,5,GHRSST L4 / INSAT-3DR MOSDAC / Sentinel-3 SLSTR,0.5
5961,2026-08-21,7.0,81.0,29.08,0.68,5,GHRSST L4 / INSAT-3DR MOSDAC / Sentinel-3 SLSTR,0.5
5962,2026-08-21,7.0,81.5,29.69,1.29,5,GHRSST L4 / INSAT-3DR MOSDAC / Sentinel-3 SLSTR,0.5
5963,2026-08-21,7.0,82.0,29.46,1.06,5,GHRSST L4 / INSAT-3DR MOSDAC / Sentinel-3 SLSTR,0.5
5964,2026-08-21,7.0,82.5,29.09,0.69,5,GHRSST L4 / INSAT-3DR MOSDAC / Sentinel-3 SLSTR,0.5
5965,2026-08-21,7.0,83.0,29.09,0.69,5,GHRSST L4 / INSAT-3DR MOSDAC / Sentinel-3 SLSTR,0.5
5966,2026-08-21,7.0,83.5,29.39,0.99,5,GHRSST L4 / INSAT-3DR MOSDAC / Sentinel-3 SLSTR,0.5
5967,2026-08-21,7.0,84.0,29.2,0.8,5,GHRSST L4 / INSAT-3DR MOSDAC / Sentinel-3 SLSTR,0.5
5968,2026-08-21,7.0,84.5,29.2,0.8,5,GHRSST L4 / INSAT-3DR MOSDAC / Sentinel-3 SLSTR,0.5
5969,2026-08-21,7.0,85.0,29.04,0.64,5,GHRSST L4 / INSAT-3DR MOSDAC / Sentinel-3 SLSTR,0.5
5970,2026-08-21,7.0,85.5,29.37,0.97,5,GHRSST L4 / INSAT-3DR MOSDAC / Sentinel-3 SLSTR,0.5
5971,2026-08-21,7.0,86.0,29.09,0.69,5,GHRSST L4 / INSAT-3DR MOSDAC / Sentinel-3 SLSTR,0.5
5972,2026-08-21,7.0,86.5,29.08,0.68,5,GHRSST L4 / INSAT-3DR MOSDAC / Sentinel-3 SLSTR,0.5
5973,2026-08-21,7.0,87.0,29.14,0.74,5,GHRSST L4 / INSAT-3DR MOSDAC / Sentinel-3 SLSTR,0.5
5974,2026-08-21,7.0,87.5,29.04,0.64,5,GHRSST L4 / INSAT-3DR MOSDAC / Sentinel-3 SLSTR,0.5
5975,2026-08-21,7.0,88.0,29.1,0.7,5,GHRSST L4 / INSAT-3DR MOSDAC / Sentinel-3 SLSTR,0.5
5976,2026-08-21,7.0,88.5,29.45,1.05,5,GHRSST L4 / INSAT-3DR MOSDAC / Sentinel-3 SLSTR,0.5
5977,2026-08-21,7.0,89.0,29.21,0.81,5,GHRSST L4 / INSAT-3DR MOSDAC / Sentinel-3 SLSTR,0.5
5978,2026-08-21,7.0,89.5,29.08,0.68,5,GHRSST L4 / INSAT-3DR MOSDAC / Sentinel-3 SLSTR,0.5
5979,2026-08-21,7.0,90.0,29.12,0.72,5,GHRSST L4 / INSAT-3DR MOSDAC / Sentinel-3 SLSTR,0.5
5980,2026-08-21,7.0,90.5,29.06,0.66,5,GHRSST L4 / INSAT-3DR MOSDAC / Sentinel-3 SLSTR,0.5
5981,2026-08-21,7.0,91.0,29.57,1.17,5,GHRSST L4 / INSAT-3DR MOSDAC / Sentinel-3 SLSTR,0.5
5982,2026-08-21,7.0,91.5,29.42,1.02,5,GHRSST L4 / INSAT-3DR MOSDAC / Sentinel-3 SLSTR,0.5
5983,2026-08-21,7.0,92.0,29.36,0.96,5,GHRSST L4 / INSAT-3DR MOSDAC / Sentinel-3 SLSTR,0.5
5984,2026-08-21,7.0,92.5,29.64,1.24,5,GHRSST L4 / INSAT-3DR MOSDAC / Sentinel-3 SLSTR,0.5
5985,2026-08-21,7.0,93.0,29.09,0.69,5,GHRSST L4 / INSAT-3DR MOSDAC / Sentinel-3 SLSTR,0.5
5986,2026-08-21,7.0,93.5,29.06,0.66,5,GHRSST L4 / INSAT-3DR MOSDAC / Sentinel-3 SLSTR,0.5
5987,2026-08-21,7.0,94.0,29.33,0.93,5,GHRSST L4 / INSAT-3DR MOSDAC / Sentinel-3 SLSTR,0.5
5988,2026-08-21,7.5,68.0,29.15,0.8,5,GHRSST L4 / INSAT-3DR MOSDAC / Sentinel-3 SLSTR,0.5
5989,2026-08-21,7.5,68.5,29.3,0.95,5,GHRSST L4 / INSAT-3DR MOSDAC / Sentinel-3 SLSTR,0.5
5990,2026-08-21,7.5,69.0,29.6,1.25,5,GHRSST L4 / INSAT-3DR MOSDAC / Sentinel-3 SLSTR,0.5
5991,2026-08-21,7.5,69.5,29.28,0.93,5,GHRSST L4 / INSAT-3DR MOSDAC / Sentinel-3 SLSTR,0.5
5992,2026-08-21,7.5,70.0,29.09,0.74,5,GHRSST L4 / INSAT-3DR MOSDAC / Sentinel-3 SLSTR,0.5
5993,2026-08-21,7.5,70.5,29.53,1.18,5,GHRSST L4 / INSAT-3DR MOSDAC / Sentinel-3 SLSTR,0.5
5994,2026-08-21,7.5,71.0,29.24,0.89,5,GHRSST L4 / INSAT-3DR MOSDAC / Sentinel-3 SLSTR,0.5
5995,2026-08-21,7.5,71.5,29.5,1.15,5,GHRSST L4 / INSAT-3DR MOSDAC / Sentinel-3 SLSTR,0.5
5996,2026-08-21,7.5,72.0,29.07,0.72,5,GHRSST L4 / INSAT-3DR MOSDAC / Sentinel-3 SLSTR,0.5
5997,2026-08-21,7.5,72.5,29.21,0.86,5,GHRSST L4 / INSAT-3DR MOSDAC / Sentinel-3 SLSTR,0.5
5998,2026-08-21,7.5,73.0,28.99,0.64,5,GHRSST L4 / INSAT-3DR MOSDAC / Sentinel-3 SLSTR,0.5
5999,2026-08-21,7.5,73.5,29.13,0.78,5,GHRSST L4 / INSAT-3DR MOSDAC / Sentinel-3 SLSTR,0.5
6000,2026-08-21,7.5,74.0,29.42,1.07,5,GHRSST L4 / INSAT-3DR MOSDAC / Sentinel-3 SLSTR,0.5
6001,2026-08-21,7.5,74.5,29.18,0.83,5,GHRSST L4 / INSAT-3DR MOSDAC / Sentinel-3 SLSTR,0.5
6002,2026-08-21,7.5,75.0,29.07,0.72,5,GHRSST L4 / INSAT-3DR MOSDAC / Sentinel-3 SLSTR,0.5
6003,2026-08-21,7.5,75.5,29.01,0.66,5,GHRSST L4 / INSAT-3DR MOSDAC / Sentinel-3 SLSTR,0.5
6004,2026-08-21,7.5,76.0,29.39,1.04,5,GHRSST L4 / INSAT-3DR MOSDAC / Sentinel-3 SLSTR,0.5
6005,2026-08-21,7.5,76.5,29.02,0.67,5,GHRSST L4 / INSAT-3DR MOSDAC / Sentinel-3 SLSTR,0.5
6006,2026-08-21,7.5,77.0,29.53,1.18,5,GHRSST L4 / INSAT-3DR MOSDAC / Sentinel-3 SLSTR,0.5
6007,2026-08-21,7.5,77.5,29.22,0.87,5,GHRSST L4 / INSAT-3DR MOSDAC / Sentinel-3 SLSTR,0.5
6008,2026-08-21,7.5,78.0,29.18,0.83,5,GHRSST L4 / INSAT-3DR MOSDAC / Sentinel-3 SLSTR,0.5
6009,2026-08-21,7.5,78.5,29.41,1.06,5,GHRSST L4 / INSAT-3DR MOSDAC / Sentinel-3 SLSTR,0.5
6010,2026-08-21,7.5,79.0,29.36,1.01,5,GHRSST L4 / INSAT-3DR MOSDAC / Sentinel-3 SLSTR,0.5
6011,2026-08-21,7.5,79.5,29.66,1.31,5,GHRSST L4 / INSAT-3DR MOSDAC / Sentinel-3 SLSTR,0.5
6012,2026-08-21,7.5,80.0,29.01,0.66,5,GHRSST L4 / INSAT-3DR MOSDAC / Sentinel-3 SLSTR,0.5
6013,2026-08-21,7.5,80.5,29.57,1.22,5,GHRSST L4 / INSAT-3DR MOSDAC / Sentinel-3 SLSTR,0.5
6014,2026-08-21,7.5,81.0,29.39,1.04,5,GHRSST L4 / INSAT-3DR MOSDAC / Sentinel-3 SLSTR,0.5
6015,2026-08-21,7.5,81.5,29.59,1.24,5,GHRSST L4 / INSAT-3DR MOSDAC / Sentinel-3 SLSTR,0.5
6016,2026-08-21,7.5,82.0,29.46,1.11,5,GHRSST L4 / INSAT-3DR MOSDAC / Sentinel-3 SLSTR,0.5
6017,2026-08-21,7.5,82.5,29.5,1.15,5,GHRSST L4 / INSAT-3DR MOSDAC / Sentinel-3 SLSTR,0.5
6018,2026-08-21,7.5,83.0,29.52,1.17,5,GHRSST L4 / INSAT-3DR MOSDAC / Sentinel-3 SLSTR,0.5
6019,2026-08-21,7.5,83.5,28.98,0.63,5,GHRSST L4 / INSAT-3DR MOSDAC / Sentinel-3 SLSTR,0.5
6020,2026-08-21,7.5,84.0,29.56,1.21,5,GHRSST L4 / INSAT-3DR MOSDAC / Sentinel-3 SLSTR,0.5
6021,2026-08-21,7.5,84.5,29.45,1.1,5,GHRSST L4 / INSAT-3DR MOSDAC / Sentinel-3 SLSTR,0.5
6022,2026-08-21,7.5,85.0,29.63,1.28,5,GHRSST L4 / INSAT-3DR MOSDAC / Sentinel-3 SLSTR,0.5
6023,2026-08-21,7.5,85.5,29.06,0.71,5,GHRSST L4 / INSAT-3DR MOSDAC / Sentinel-3 SLSTR,0.5
6024,2026-08-21,7.5,86.0,29.62,1.27,5,GHRSST L4 / INSAT-3DR MOSDAC / Sentinel-3 SLSTR,0.5
6025,2026-08-21,7.5,86.5,29.57,1.22,5,GHRSST L4 / INSAT-3DR MOSDAC / Sentinel-3 SLSTR,0.5
6026,2026-08-21,7.5,87.0,29.13,0.78,5,GHRSST L4 / INSAT-3DR MOSDAC / Sentinel-3 SLSTR,0.5
6027,2026-08-21,7.5,87.5,29.06,0.71,5,GHRSST L4 / INSAT-3DR MOSDAC / Sentinel-3 SLSTR,0.5
6028,2026-08-21,7.5,88.0,29.41,1.06,5,GHRSST L4 / INSAT-3DR MOSDAC / Sentinel-3 SLSTR,0.5
6029,2026-08-21,7.5,88.5,29.44,1.09,5,GHRSST L4 / INSAT-3DR MOSDAC / Sentinel-3 SLSTR,0.5
6030,2026-08-21,7.5,89.0,29.47,1.12,5,GHRSST L4 / INSAT-3DR MOSDAC / Sentinel-3 SLSTR,0.5
6031,2026-08-21,7.5,89.5,29.56,1.21,5,GHRSST L4 / INSAT-3DR MOSDAC / Sentinel-3 SLSTR,0.5
6032,2026-08-21,7.5,90.0,29.36,1.01,5,GHRSST L4 / INSAT-3DR MOSDAC / Sentinel-3 SLSTR,0.5
6033,2026-08-21,7.5,90.5,29.17,0.82,5,GHRSST L4 / INSAT-3DR MOSDAC / Sentinel-3 SLSTR,0.5
6034,2026-08-21,7.5,91.0,29.57,1.22,5,GHRSST L4 / INSAT-3DR MOSDAC / Sentinel-3 SLSTR,0.5
6035,2026-08-21,7.5,91.5,29.27,0.92,5,GHRSST L4 / INSAT-3DR MOSDAC / Sentinel-3 SLSTR,0.5
6036,2026-08-21,7.5,92.0,29.27,0.92,5,GHRSST L4 / INSAT-3DR MOSDAC / Sentinel-3 SLSTR,0.5
6037,2026-08-21,7.5,92.5,29.31,0.96,5,GHRSST L4 / INSAT-3DR MOSDAC / Sentinel-3 SLSTR,0.5
6038,2026-08-21,7.5,93.0,29.55,1.2,5,GHRSST L4 / INSAT-3DR MOSDAC / Sentinel-3 SLSTR,0.5
6039,2026-08-21,7.5,93.5,29.65,1.3,5,GHRSST L4 / INSAT-3DR MOSDAC / Sentinel-3 SLSTR,0.5
6040,2026-08-21,7.5,94.0,29.09,0.74,5,GHRSST L4 / INSAT-3DR MOSDAC / Sentinel-3 SLSTR,0.5
6041,2026-08-21,8.0,68.0,29.0,0.7,5,GHRSST L4 / INSAT-3DR MOSDAC / Sentinel-3 SLSTR,0.5
6042,2026-08-21,8.0,68.5,29.11,0.81,5,GHRSST L4 / INSAT-3DR MOSDAC / Sentinel-3 SLSTR,0.5
6043,2026-08-21,8.0,69.0,29.54,1.24,5,GHRSST L4 / INSAT-3DR MOSDAC / Sentinel-3 SLSTR,0.5
6044,2026-08-21,8.0,69.5,29.28,0.98,5,GHRSST L4 / INSAT-3DR MOSDAC / Sentinel-3 SLSTR,0.5
6045,2026-08-21,8.0,70.0,28.91,0.61,5,GHRSST L4 / INSAT-3DR MOSDAC / Sentinel-3 SLSTR,0.5
6046,2026-08-21,8.0,70.5,29.32,1.02,5,GHRSST L4 / INSAT-3DR MOSDAC / Sentinel-3 SLSTR,0.5
6047,2026-08-21,8.0,71.0,29.29,0.99,5,GHRSST L4 / INSAT-3DR MOSDAC / Sentinel-3 SLSTR,0.5
6048,2026-08-21,8.0,71.5,28.97,0.67,5,GHRSST L4 / INSAT-3DR MOSDAC / Sentinel-3 SLSTR,0.5
6049,2026-08-21,8.0,72.0,29.01,0.71,5,GHRSST L4 / INSAT-3DR MOSDAC / Sentinel-3 SLSTR,0.5
6050,2026-08-21,8.0,72.5,28.98,0.68,5,GHRSST L4 / INSAT-3DR MOSDAC / Sentinel-3 SLSTR,0.5
6051,2026-08-21,8.0,73.0,29.27,0.97,5,GHRSST L4 / INSAT-3DR MOSDAC / Sentinel-3 SLSTR,0.5
6052,2026-08-21,8.0,73.5,29.28,0.98,5,GHRSST L4 / INSAT-3DR MOSDAC / Sentinel-3 SLSTR,0.5
6053,2026-08-21,8.0,74.0,27.83,-0.47,5,GHRSST L4 / INSAT-3DR MOSDAC / Sentinel-3 SLSTR,0.5
6054,2026-08-21,8.0,74.5,27.83,-0.47,5,GHRSST L4 / INSAT-3DR MOSDAC / Sentinel-3 SLSTR,0.5
6055,2026-08-21,8.0,75.0,27.92,-0.38,5,GHRSST L4 / INSAT-3DR MOSDAC / Sentinel-3 SLSTR,0.5
6056,2026-08-21,8.0,75.5,27.97,-0.33,5,GHRSST L4 / INSAT-3DR MOSDAC / Sentinel-3 SLSTR,0.5
6057,2026-08-21,8.0,76.0,28.18,-0.12,5,GHRSST L4 / INSAT-3DR MOSDAC / Sentinel-3 SLSTR,0.5
6058,2026-08-21,8.0,76.5,27.89,-0.41,5,GHRSST L4 / INSAT-3DR MOSDAC / Sentinel-3 SLSTR,0.5
6059,2026-08-21,8.0,77.0,27.7,-0.6,5,GHRSST L4 / INSAT-3DR MOSDAC / Sentinel-3 SLSTR,0.5
6060,2026-08-21,8.0,77.5,29.59,1.29,5,GHRSST L4 / INSAT-3DR MOSDAC / Sentinel-3 SLSTR,0.5
6061,2026-08-21,8.0,78.0,28.98,0.68,5,GHRSST L4 / INSAT-3DR MOSDAC / Sentinel-3 SLSTR,0.5
6062,2026-08-21,8.0,78.5,29.13,0.83,5,GHRSST L4 / INSAT-3DR MOSDAC / Sentinel-3 SLSTR,0.5
6063,2026-08-21,8.0,79.0,29.54,1.24,5,GHRSST L4 / INSAT-3DR MOSDAC / Sentinel-3 SLSTR,0.5
6064,2026-08-21,8.0,79.5,29.57,1.27,5,GHRSST L4 / INSAT-3DR MOSDAC / Sentinel-3 SLSTR,0.5
6065,2026-08-21,8.0,80.0,29.36,1.06,5,GHRSST L4 / INSAT-3DR MOSDAC / Sentinel-3 SLSTR,0.5
6066,2026-08-21,8.0,80.5,28.92,0.62,5,GHRSST L4 / INSAT-3DR MOSDAC / Sentinel-3 SLSTR,0.5
6067,2026-08-21,8.0,81.0,29.22,0.92,5,GHRSST L4 / INSAT-3DR MOSDAC / Sentinel-3 SLSTR,0.5
6068,2026-08-21,8.0,81.5,29.56,1.26,5,GHRSST L4 / INSAT-3DR MOSDAC / Sentinel-3 SLSTR,0.5
6069,2026-08-21,8.0,82.0,29.53,1.23,5,GHRSST L4 / INSAT-3DR MOSDAC / Sentinel-3 SLSTR,0.5
6070,2026-08-21,8.0,82.5,29.54,1.24,5,GHRSST L4 / INSAT-3DR MOSDAC / Sentinel-3 SLSTR,0.5
6071,2026-08-21,8.0,83.0,29.12,0.82,5,GHRSST L4 / INSAT-3DR MOSDAC / Sentinel-3 SLSTR,0.5
6072,2026-08-21,8.0,83.5,29.49,1.19,5,GHRSST L4 / INSAT-3DR MOSDAC / Sentinel-3 SLSTR,0.5
6073,2026-08-21,8.0,84.0,29.38,1.08,5,GHRSST L4 / INSAT-3DR MOSDAC / Sentinel-3 SLSTR,0.5
6074,2026-08-21,8.0,84.5,29.54,1.24,5,GHRSST L4 / INSAT-3DR MOSDAC / Sentinel-3 SLSTR,0.5
6075,2026-08-21,8.0,85.0,29.36,1.06,5,GHRSST L4 / INSAT-3DR MOSDAC / Sentinel-3 SLSTR,0.5
6076,2026-08-21,8.0,85.5,29.17,0.87,5,GHRSST L4 / INSAT-3DR MOSDAC / Sentinel-3 SLSTR,0.5
6077,2026-08-21,8.0,86.0,29.35,1.05,5,GHRSST L4 / INSAT-3DR MOSDAC / Sentinel-3 SLSTR,0.5
6078,2026-08-21,8.0,86.5,29.16,0.86,5,GHRSST L4 / INSAT-3DR MOSDAC / Sentinel-3 SLSTR,0.5
6079,2026-08-21,8.0,87.0,28.91,0.61,5,GHRSST L4 / INSAT-3DR MOSDAC / Sentinel-3 SLSTR,0.5
6080,2026-08-21,8.0,87.5,29.48,1.18,5,GHRSST L4 / INSAT-3DR MOSDAC / Sentinel-3 SLSTR,0.5
6081,2026-08-21,8.0,88.0,29.5,1.2,5,GHRSST L4 / INSAT-3DR MOSDAC / Sentinel-3 SLSTR,0.5
6082,2026-08-21,8.0,88.5,29.43,1.13,5,GHRSST L4 / INSAT-3DR MOSDAC / Sentinel-3 SLSTR,0.5
6083,2026-08-21,8.0,89.0,29.07,0.77,5,GHRSST L4 / INSAT-3DR MOSDAC / Sentinel-3 SLSTR,0.5
6084,2026-08-21,8.0,89.5,29.01,0.71,5,GHRSST L4 / INSAT-3DR MOSDAC / Sentinel-3 SLSTR,0.5
6085,2026-08-21,8.0,90.0,29.03,0.73,5,GHRSST L4 / INSAT-3DR MOSDAC / Sentinel-3 SLSTR,0.5
6086,2026-08-21,8.0,90.5,29.26,0.96,5,GHRSST L4 / INSAT-3DR MOSDAC / Sentinel-3 SLSTR,0.5
6087,2026-08-21,8.0,91.0,29.09,0.79,5,GHRSST L4 / INSAT-3DR MOSDAC / Sentinel-3 SLSTR,0.5
6088,2026-08-21,8.0,91.5,29.52,1.22,5,GHRSST L4 / INSAT-3DR MOSDAC / Sentinel-3 SLSTR,0.5
6089,2026-08-21,8.0,92.0,29.29,0.99,5,GHRSST L4 / INSAT-3DR MOSDAC / Sentinel-3 SLSTR,0.5
6090,2026-08-21,8.0,92.5,29.23,0.93,5,GHRSST L4 / INSAT-3DR MOSDAC / Sentinel-3 SLSTR,0.5
6091,2026-08-21,8.0,93.0,29.52,1.22,5,GHRSST L4 / INSAT-3DR MOSDAC / Sentinel-3 SLSTR,0.5
6092,2026-08-21,8.0,93.5,28.97,0.67,5,GHRSST L4 / INSAT-3DR MOSDAC / Sentinel-3 SLSTR,0.5
6093,2026-08-21,8.0,94.0,29.52,1.22,5,GHRSST L4 / INSAT-3DR MOSDAC / Sentinel-3 SLSTR,0.5
6094,2026-08-21,8.5,68.0,29.41,1.16,5,GHRSST L4 / INSAT-3DR MOSDAC / Sentinel-3 SLSTR,0.5
6095,2026-08-21,8.5,68.5,29.33,1.08,5,GHRSST L4 / INSAT-3DR MOSDAC / Sentinel-3 SLSTR,0.5
6096,2026-08-21,8.5,69.0,28.93,0.68,5,GHRSST L4 / INSAT-3DR MOSDAC / Sentinel-3 SLSTR,0.5
6097,2026-08-21,8.5,69.5,28.89,0.64,5,GHRSST L4 / INSAT-3DR MOSDAC / Sentinel-3 SLSTR,0.5
6098,2026-08-21,8.5,70.0,28.97,0.72,5,GHRSST L4 / INSAT-3DR MOSDAC / Sentinel-3 SLSTR,0.5
6099,2026-08-21,8.5,70.5,29.04,0.79,5,GHRSST L4 / INSAT-3DR MOSDAC / Sentinel-3 SLSTR,0.5
6100,2026-08-21,8.5,71.0,29.28,1.03,5,GHRSST L4 / INSAT-3DR MOSDAC / Sentinel-3 SLSTR,0.5
6101,2026-08-21,8.5,71.5,28.91,0.66,5,GHRSST L4 / INSAT-3DR MOSDAC / Sentinel-3 SLSTR,0.5
6102,2026-08-21,8.5,72.0,28.98,0.73,5,GHRSST L4 / INSAT-3DR MOSDAC / Sentinel-3 SLSTR,0.5
6103,2026-08-21,8.5,72.5,28.99,0.74,5,GHRSST L4 / INSAT-3DR MOSDAC / Sentinel-3 SLSTR,0.5
6104,2026-08-21,8.5,73.0,29.32,1.07,5,GHRSST L4 / INSAT-3DR MOSDAC / Sentinel-3 SLSTR,0.5
6105,2026-08-21,8.5,73.5,29.09,0.84,5,GHRSST L4 / INSAT-3DR MOSDAC / Sentinel-3 SLSTR,0.5
6106,2026-08-21,8.5,74.0,27.64,-0.61,5,GHRSST L4 / INSAT-3DR MOSDAC / Sentinel-3 SLSTR,0.5
6107,2026-08-21,8.5,74.5,27.47,-0.78,5,GHRSST L4 / INSAT-3DR MOSDAC / Sentinel-3 SLSTR,0.5
6108,2026-08-21,8.5,75.0,27.52,-0.73,5,GHRSST L4 / INSAT-3DR MOSDAC / Sentinel-3 SLSTR,0.5
6109,2026-08-21,8.5,75.5,27.83,-0.42,5,GHRSST L4 / INSAT-3DR MOSDAC / Sentinel-3 SLSTR,0.5
6110,2026-08-21,8.5,76.0,27.89,-0.36,5,GHRSST L4 / INSAT-3DR MOSDAC / Sentinel-3 SLSTR,0.5
6111,2026-08-21,8.5,76.5,27.97,-0.28,5,GHRSST L4 / INSAT-3DR MOSDAC / Sentinel-3 SLSTR,0.5
6112,2026-08-21,8.5,77.0,27.8,-0.45,5,GHRSST L4 / INSAT-3DR MOSDAC / Sentinel-3 SLSTR,0.5
6113,2026-08-21,8.5,77.5,29.04,0.79,5,GHRSST L4 / INSAT-3DR MOSDAC / Sentinel-3 SLSTR,0.5
6114,2026-08-21,8.5,78.0,29.05,0.8,5,GHRSST L4 / INSAT-3DR MOSDAC / Sentinel-3 SLSTR,0.5
6115,2026-08-21,8.5,78.5,29.31,1.06,5,GHRSST L4 / INSAT-3DR MOSDAC / Sentinel-3 SLSTR,0.5
6116,2026-08-21,8.5,79.0,29.15,0.9,5,GHRSST L4 / INSAT-3DR MOSDAC / Sentinel-3 SLSTR,0.5
6117,2026-08-21,8.5,79.5,28.96,0.71,5,GHRSST L4 / INSAT-3DR MOSDAC / Sentinel-3 SLSTR,0.5
6118,2026-08-21,8.5,80.0,28.85,0.6,5,GHRSST L4 / INSAT-3DR MOSDAC / Sentinel-3 SLSTR,0.5
6119,2026-08-21,8.5,80.5,29.03,0.78,5,GHRSST L4 / INSAT-3DR MOSDAC / Sentinel-3 SLSTR,0.5
6120,2026-08-21,8.5,81.0,29.38,1.13,5,GHRSST L4 / INSAT-3DR MOSDAC / Sentinel-3 SLSTR,0.5
6121,2026-08-21,8.5,81.5,29.32,1.07,5,GHRSST L4 / INSAT-3DR MOSDAC / Sentinel-3 SLSTR,0.5
6122,2026-08-21,8.5,82.0,28.92,0.67,5,GHRSST L4 / INSAT-3DR MOSDAC / Sentinel-3 SLSTR,0.5
6123,2026-08-21,8.5,82.5,29.16,0.91,5,GHRSST L4 / INSAT-3DR MOSDAC / Sentinel-3 SLSTR,0.5
6124,2026-08-21,8.5,83.0,28.95,0.7,5,GHRSST L4 / INSAT-3DR MOSDAC / Sentinel-3 SLSTR,0.5
6125,2026-08-21,8.5,83.5,29.18,0.93,5,GHRSST L4 / INSAT-3DR MOSDAC / Sentinel-3 SLSTR,0.5
6126,2026-08-21,8.5,84.0,28.93,0.68,5,GHRSST L4 / INSAT-3DR MOSDAC / Sentinel-3 SLSTR,0.5
6127,2026-08-21,8.5,84.5,29.33,1.08,5,GHRSST L4 / INSAT-3DR MOSDAC / Sentinel-3 SLSTR,0.5
6128,2026-08-21,8.5,85.0,29.26,1.01,5,GHRSST L4 / INSAT-3DR MOSDAC / Sentinel-3 SLSTR,0.5
6129,2026-08-21,8.5,85.5,29.03,0.78,5,GHRSST L4 / INSAT-3DR MOSDAC / Sentinel-3 SLSTR,0.5
6130,2026-08-21,8.5,86.0,29.54,1.29,5,GHRSST L4 / INSAT-3DR MOSDAC / Sentinel-3 SLSTR,0.5
6131,2026-08-21,8.5,86.5,29.26,1.01,5,GHRSST L4 / INSAT-3DR MOSDAC / Sentinel-3 SLSTR,0.5
6132,2026-08-21,8.5,87.0,29.04,0.79,5,GHRSST L4 / INSAT-3DR MOSDAC / Sentinel-3 SLSTR,0.5
6133,2026-08-21,8.5,87.5,29.1,0.85,5,GHRSST L4 / INSAT-3DR MOSDAC / Sentinel-3 SLSTR,0.5
6134,2026-08-21,8.5,88.0,29.49,1.24,5,GHRSST L4 / INSAT-3DR MOSDAC / Sentinel-3 SLSTR,0.5
6135,2026-08-21,8.5,88.5,28.99,0.74,5,GHRSST L4 / INSAT-3DR MOSDAC / Sentinel-3 SLSTR,0.5
6136,2026-08-21,8.5,89.0,28.99,0.74,5,GHRSST L4 / INSAT-3DR MOSDAC / Sentinel-3 SLSTR,0.5
6137,2026-08-21,8.5,89.5,29.25,1.0,5,GHRSST L4 / INSAT-3DR MOSDAC / Sentinel-3 SLSTR,0.5
6138,2026-08-21,8.5,90.0,29.08,0.83,5,GHRSST L4 / INSAT-3DR MOSDAC / Sentinel-3 SLSTR,0.5
6139,2026-08-21,8.5,90.5,29.06,0.81,5,GHRSST L4 / INSAT-3DR MOSDAC / Sentinel-3 SLSTR,0.5
6140,2026-08-21,8.5,91.0,29.14,0.89,5,GHRSST L4 / INSAT-3DR MOSDAC / Sentinel-3 SLSTR,0.5
6141,2026-08-21,8.5,91.5,29.43,1.18,5,GHRSST L4 / INSAT-3DR MOSDAC / Sentinel-3 SLSTR,0.5
6142,2026-08-21,8.5,92.0,29.44,1.19,5,GHRSST L4 / INSAT-3DR MOSDAC / Sentinel-3 SLSTR,0.5
6143,2026-08-21,8.5,92.5,29.32,1.07,5,GHRSST L4 / INSAT-3DR MOSDAC / Sentinel-3 SLSTR,0.5
6144,2026-08-21,8.5,93.0,29.25,1.0,5,GHRSST L4 / INSAT-3DR MOSDAC / Sentinel-3 SLSTR,0.5
6145,2026-08-21,8.5,93.5,28.86,0.61,5,GHRSST L4 / INSAT-3DR MOSDAC / Sentinel-3 SLSTR,0.5
6146,2026-08-21,8.5,94.0,29.25,1.0,5,GHRSST L4 / INSAT-3DR MOSDAC / Sentinel-3 SLSTR,0.5
6147,2026-08-21,9.0,68.0,29.46,1.26,5,GHRSST L4 / INSAT-3DR MOSDAC / Sentinel-3 SLSTR,0.5
6148,2026-08-21,9.0,68.5,29.38,1.18,5,GHRSST L4 / INSAT-3DR MOSDAC / Sentinel-3 SLSTR,0.5
6149,2026-08-21,9.0,69.0,28.89,0.69,5,GHRSST L4 / INSAT-3DR MOSDAC / Sentinel-3 SLSTR,0.5
6150,2026-08-21,9.0,69.5,29.47,1.27,5,GHRSST L4 / INSAT-3DR MOSDAC / Sentinel-3 SLSTR,0.5
6151,2026-08-21,9.0,70.0,28.94,0.74,5,GHRSST L4 / INSAT-3DR MOSDAC / Sentinel-3 SLSTR,0.5
6152,2026-08-21,9.0,70.5,28.88,0.68,5,GHRSST L4 / INSAT-3DR MOSDAC / Sentinel-3 SLSTR,0.5
6153,2026-08-21,9.0,71.0,28.99,0.79,5,GHRSST L4 / INSAT-3DR MOSDAC / Sentinel-3 SLSTR,0.5
6154,2026-08-21,9.0,71.5,28.89,0.69,5,GHRSST L4 / INSAT-3DR MOSDAC / Sentinel-3 SLSTR,0.5
6155,2026-08-21,9.0,72.0,28.95,0.75,5,GHRSST L4 / INSAT-3DR MOSDAC / Sentinel-3 SLSTR,0.5
6156,2026-08-21,9.0,80.5,29.01,0.81,5,GHRSST L4 / INSAT-3DR MOSDAC / Sentinel-3 SLSTR,0.5
6157,2026-08-21,9.0,81.0,29.2,1.0,5,GHRSST L4 / INSAT-3DR MOSDAC / Sentinel-3 SLSTR,0.5
6158,2026-08-21,9.0,81.5,29.22,1.02,5,GHRSST L4 / INSAT-3DR MOSDAC / Sentinel-3 SLSTR,0.5
6159,2026-08-21,9.0,82.0,29.16,0.96,5,GHRSST L4 / INSAT-3DR MOSDAC / Sentinel-3 SLSTR,0.5
6160,2026-08-21,9.0,82.5,29.0,0.8,5,GHRSST L4 / INSAT-3DR MOSDAC / Sentinel-3 SLSTR,0.5
6161,2026-08-21,9.0,83.0,29.46,1.26,5,GHRSST L4 / INSAT-3DR MOSDAC / Sentinel-3 SLSTR,0.5
6162,2026-08-21,9.0,83.5,29.0,0.8,5,GHRSST L4 / INSAT-3DR MOSDAC / Sentinel-3 SLSTR,0.5
6163,2026-08-21,9.0,84.0,29.07,0.87,5,GHRSST L4 / INSAT-3DR MOSDAC / Sentinel-3 SLSTR,0.5
6164,2026-08-21,9.0,84.5,29.09,0.89,5,GHRSST L4 / INSAT-3DR MOSDAC / Sentinel-3 SLSTR,0.5
6165,2026-08-21,9.0,85.0,28.81,0.61,5,GHRSST L4 / INSAT-3DR MOSDAC / Sentinel-3 SLSTR,0.5
6166,2026-08-21,9.0,85.5,29.09,0.89,5,GHRSST L4 / INSAT-3DR MOSDAC / Sentinel-3 SLSTR,0.5
6167,2026-08-21,9.0,86.0,29.03,0.83,5,GHRSST L4 / INSAT-3DR MOSDAC / Sentinel-3 SLSTR,0.5
6168,2026-08-21,9.0,86.5,28.84,0.64,5,GHRSST L4 / INSAT-3DR MOSDAC / Sentinel-3 SLSTR,0.5
6169,2026-08-21,9.0,87.0,29.36,1.16,5,GHRSST L4 / INSAT-3DR MOSDAC / Sentinel-3 SLSTR,0.5
6170,2026-08-21,9.0,87.5,29.29,1.09,5,GHRSST L4 / INSAT-3DR MOSDAC / Sentinel-3 SLSTR,0.5
6171,2026-08-21,9.0,88.0,28.99,0.79,5,GHRSST L4 / INSAT-3DR MOSDAC / Sentinel-3 SLSTR,0.5
6172,2026-08-21,9.0,88.5,28.97,0.77,5,GHRSST L4 / INSAT-3DR MOSDAC / Sentinel-3 SLSTR,0.5
6173,2026-08-21,9.0,89.0,29.42,1.22,5,GHRSST L4 / INSAT-3DR MOSDAC / Sentinel-3 SLSTR,0.5
6174,2026-08-21,9.0,89.5,28.92,0.72,5,GHRSST L4 / INSAT-3DR MOSDAC / Sentinel-3 SLSTR,0.5
6175,2026-08-21,9.0,90.0,29.4,1.2,5,GHRSST L4 / INSAT-3DR MOSDAC / Sentinel-3 SLSTR,0.5
6176,2026-08-21,9.0,90.5,28.84,0.64,5,GHRSST L4 / INSAT-3DR MOSDAC / Sentinel-3 SLSTR,0.5
6177,2026-08-21,9.0,91.0,29.38,1.18,5,GHRSST L4 / INSAT-3DR MOSDAC / Sentinel-3 SLSTR,0.5
6178,2026-08-21,9.0,91.5,29.17,0.97,5,GHRSST L4 / INSAT-3DR MOSDAC / Sentinel-3 SLSTR,0.5
6179,2026-08-21,9.0,92.0,29.33,1.13,5,GHRSST L4 / INSAT-3DR MOSDAC / Sentinel-3 SLSTR,0.5
6180,2026-08-21,9.0,92.5,28.86,0.66,5,GHRSST L4 / INSAT-3DR MOSDAC / Sentinel-3 SLSTR,0.5
6181,2026-08-21,9.0,93.0,29.08,0.88,5,GHRSST L4 / INSAT-3DR MOSDAC / Sentinel-3 SLSTR,0.5
6182,2026-08-21,9.0,93.5,29.11,0.91,5,GHRSST L4 / INSAT-3DR MOSDAC / Sentinel-3 SLSTR,0.5
6183,2026-08-21,9.0,94.0,29.15,0.95,5,GHRSST L4 / INSAT-3DR MOSDAC / Sentinel-3 SLSTR,0.5
6184,2026-08-21,9.5,68.0,29.17,1.02,5,GHRSST L4 / INSAT-3DR MOSDAC / Sentinel-3 SLSTR,0.5
6185,2026-08-21,9.5,68.5,29.0,0.85,5,GHRSST L4 / INSAT-3DR MOSDAC / Sentinel-3 SLSTR,0.5
6186,2026-08-21,9.5,69.0,29.04,0.89,5,GHRSST L4 / INSAT-3DR MOSDAC / Sentinel-3 SLSTR,0.5
6187,2026-08-21,9.5,69.5,28.99,0.84,5,GHRSST L4 / INSAT-3DR MOSDAC / Sentinel-3 SLSTR,0.5
6188,2026-08-21,9.5,70.0,29.22,1.07,5,GHRSST L4 / INSAT-3DR MOSDAC / Sentinel-3 SLSTR,0.5
6189,2026-08-21,9.5,70.5,29.37,1.22,5,GHRSST L4 / INSAT-3DR MOSDAC / Sentinel-3 SLSTR,0.5
6190,2026-08-21,9.5,71.0,28.81,0.66,5,GHRSST L4 / INSAT-3DR MOSDAC / Sentinel-3 SLSTR,0.5
6191,2026-08-21,9.5,71.5,28.93,0.78,5,GHRSST L4 / INSAT-3DR MOSDAC / Sentinel-3 SLSTR,0.5
6192,2026-08-21,9.5,72.0,28.88,0.73,5,GHRSST L4 / INSAT-3DR MOSDAC / Sentinel-3 SLSTR,0.5
6193,2026-08-21,9.5,80.5,29.39,1.24,5,GHRSST L4 / INSAT-3DR MOSDAC / Sentinel-3 SLSTR,0.5
6194,2026-08-21,9.5,81.0,29.15,1.0,5,GHRSST L4 / INSAT-3DR MOSDAC / Sentinel-3 SLSTR,0.5
6195,2026-08-21,9.5,81.5,28.83,0.68,5,GHRSST L4 / INSAT-3DR MOSDAC / Sentinel-3 SLSTR,0.5
6196,2026-08-21,9.5,82.0,29.01,0.86,5,GHRSST L4 / INSAT-3DR MOSDAC / Sentinel-3 SLSTR,0.5
6197,2026-08-21,9.5,82.5,29.06,0.91,5,GHRSST L4 / INSAT-3DR MOSDAC / Sentinel-3 SLSTR,0.5
6198,2026-08-21,9.5,83.0,29.17,1.02,5,GHRSST L4 / INSAT-3DR MOSDAC / Sentinel-3 SLSTR,0.5
6199,2026-08-21,9.5,83.5,28.88,0.73,5,GHRSST L4 / INSAT-3DR MOSDAC / Sentinel-3 SLSTR,0.5
6200,2026-08-21,9.5,84.0,29.08,0.93,5,GHRSST L4 / INSAT-3DR MOSDAC / Sentinel-3 SLSTR,0.5
6201,2026-08-21,9.5,84.5,29.29,1.14,5,GHRSST L4 / INSAT-3DR MOSDAC / Sentinel-3 SLSTR,0.5
6202,2026-08-21,9.5,85.0,29.19,1.04,5,GHRSST L4 / INSAT-3DR MOSDAC / Sentinel-3 SLSTR,0.5
6203,2026-08-21,9.5,85.5,28.8,0.65,5,GHRSST L4 / INSAT-3DR MOSDAC / Sentinel-3 SLSTR,0.5
6204,2026-08-21,9.5,86.0,29.37,1.22,5,GHRSST L4 / INSAT-3DR MOSDAC / Sentinel-3 SLSTR,0.5
6205,2026-08-21,9.5,86.5,28.97,0.82,5,GHRSST L4 / INSAT-3DR MOSDAC / Sentinel-3 SLSTR,0.5
6206,2026-08-21,9.5,87.0,29.03,0.88,5,GHRSST L4 / INSAT-3DR MOSDAC / Sentinel-3 SLSTR,0.5
6207,2026-08-21,9.5,87.5,29.21,1.06,5,GHRSST L4 / INSAT-3DR MOSDAC / Sentinel-3 SLSTR,0.5
6208,2026-08-21,9.5,88.0,29.05,0.9,5,GHRSST L4 / INSAT-3DR MOSDAC / Sentinel-3 SLSTR,0.5
6209,2026-08-21,9.5,88.5,29.14,0.99,5,GHRSST L4 / INSAT-3DR MOSDAC / Sentinel-3 SLSTR,0.5
6210,2026-08-21,9.5,89.0,29.06,0.91,5,GHRSST L4 / INSAT-3DR MOSDAC / Sentinel-3 SLSTR,0.5
6211,2026-08-21,9.5,89.5,28.95,0.8,5,GHRSST L4 / INSAT-3DR MOSDAC / Sentinel-3 SLSTR,0.5
6212,2026-08-21,9.5,90.0,29.04,0.89,5,GHRSST L4 / INSAT-3DR MOSDAC / Sentinel-3 SLSTR,0.5
6213,2026-08-21,9.5,90.5,28.95,0.8,5,GHRSST L4 / INSAT-3DR MOSDAC / Sentinel-3 SLSTR,0.5
6214,2026-08-21,9.5,91.0,29.04,0.89,5,GHRSST L4 / INSAT-3DR MOSDAC / Sentinel-3 SLSTR,0.5
6215,2026-08-21,9.5,91.5,28.87,0.72,5,GHRSST L4 / INSAT-3DR MOSDAC / Sentinel-3 SLSTR,0.5
6216,2026-08-21,9.5,92.0,28.77,0.62,5,GHRSST L4 / INSAT-3DR MOSDAC / Sentinel-3 SLSTR,0.5
6217,2026-08-21,9.5,92.5,29.22,1.07,5,GHRSST L4 / INSAT-3DR MOSDAC / Sentinel-3 SLSTR,0.5
6218,2026-08-21,9.5,93.0,28.82,0.67,5,GHRSST L4 / INSAT-3DR MOSDAC / Sentinel-3 SLSTR,0.5
6219,2026-08-21,9.5,93.5,29.31,1.16,5,GHRSST L4 / INSAT-3DR MOSDAC / Sentinel-3 SLSTR,0.5
6220,2026-08-21,9.5,94.0,28.98,0.83,5,GHRSST L4 / INSAT-3DR MOSDAC / Sentinel-3 SLSTR,0.5
6221,2026-08-21,10.0,68.0,28.84,0.74,5,GHRSST L4 / INSAT-3DR MOSDAC / Sentinel-3 SLSTR,0.5
6222,2026-08-21,10.0,68.5,28.96,0.86,5,GHRSST L4 / INSAT-3DR MOSDAC / Sentinel-3 SLSTR,0.5
6223,2026-08-21,10.0,69.0,28.77,0.67,5,GHRSST L4 / INSAT-3DR MOSDAC / Sentinel-3 SLSTR,0.5
6224,2026-08-21,10.0,69.5,29.26,1.16,5,GHRSST L4 / INSAT-3DR MOSDAC / Sentinel-3 SLSTR,0.5
6225,2026-08-21,10.0,70.0,28.79,0.69,5,GHRSST L4 / INSAT-3DR MOSDAC / Sentinel-3 SLSTR,0.5
6226,2026-08-21,10.0,70.5,29.02,0.92,5,GHRSST L4 / INSAT-3DR MOSDAC / Sentinel-3 SLSTR,0.5
6227,2026-08-21,10.0,71.0,28.78,0.68,5,GHRSST L4 / INSAT-3DR MOSDAC / Sentinel-3 SLSTR,0.5
6228,2026-08-21,10.0,71.5,28.7,0.6,5,GHRSST L4 / INSAT-3DR MOSDAC / Sentinel-3 SLSTR,0.5
6229,2026-08-21,10.0,72.0,29.23,1.13,5,GHRSST L4 / INSAT-3DR MOSDAC / Sentinel-3 SLSTR,0.5
6230,2026-08-21,10.0,81.0,29.06,0.96,5,GHRSST L4 / INSAT-3DR MOSDAC / Sentinel-3 SLSTR,0.5
6231,2026-08-21,10.0,81.5,28.72,0.62,5,GHRSST L4 / INSAT-3DR MOSDAC / Sentinel-3 SLSTR,0.5
6232,2026-08-21,10.0,82.0,29.3,1.2,5,GHRSST L4 / INSAT-3DR MOSDAC / Sentinel-3 SLSTR,0.5
6233,2026-08-21,10.0,82.5,28.94,0.84,5,GHRSST L4 / INSAT-3DR MOSDAC / Sentinel-3 SLSTR,0.5
6234,2026-08-21,10.0,83.0,28.97,0.87,5,GHRSST L4 / INSAT-3DR MOSDAC / Sentinel-3 SLSTR,0.5
6235,2026-08-21,10.0,83.5,29.02,0.92,5,GHRSST L4 / INSAT-3DR MOSDAC / Sentinel-3 SLSTR,0.5
6236,2026-08-21,10.0,84.0,28.83,0.73,5,GHRSST L4 / INSAT-3DR MOSDAC / Sentinel-3 SLSTR,0.5
6237,2026-08-21,10.0,84.5,29.06,0.96,5,GHRSST L4 / INSAT-3DR MOSDAC / Sentinel-3 SLSTR,0.5
6238,2026-08-21,10.0,85.0,28.84,0.74,5,GHRSST L4 / INSAT-3DR MOSDAC / Sentinel-3 SLSTR,0.5
6239,2026-08-21,10.0,85.5,29.26,1.16,5,GHRSST L4 / INSAT-3DR MOSDAC / Sentinel-3 SLSTR,0.5
6240,2026-08-21,10.0,86.0,29.25,1.15,5,GHRSST L4 / INSAT-3DR MOSDAC / Sentinel-3 SLSTR,0.5
6241,2026-08-21,10.0,86.5,29.0,0.9,5,GHRSST L4 / INSAT-3DR MOSDAC / Sentinel-3 SLSTR,0.5
6242,2026-08-21,10.0,87.0,29.04,0.94,5,GHRSST L4 / INSAT-3DR MOSDAC / Sentinel-3 SLSTR,0.5
6243,2026-08-21,10.0,87.5,29.37,1.27,5,GHRSST L4 / INSAT-3DR MOSDAC / Sentinel-3 SLSTR,0.5
6244,2026-08-21,10.0,88.0,29.23,1.13,5,GHRSST L4 / INSAT-3DR MOSDAC / Sentinel-3 SLSTR,0.5
6245,2026-08-21,10.0,88.5,28.71,0.61,5,GHRSST L4 / INSAT-3DR MOSDAC / Sentinel-3 SLSTR,0.5
6246,2026-08-21,10.0,89.0,28.79,0.69,5,GHRSST L4 / INSAT-3DR MOSDAC / Sentinel-3 SLSTR,0.5
6247,2026-08-21,10.0,89.5,29.09,0.99,5,GHRSST L4 / INSAT-3DR MOSDAC / Sentinel-3 SLSTR,0.5
6248,2026-08-21,10.0,90.0,28.93,0.83,5,GHRSST L4 / INSAT-3DR MOSDAC / Sentinel-3 SLSTR,0.5
6249,2026-08-21,10.0,90.5,29.23,1.13,5,GHRSST L4 / INSAT-3DR MOSDAC / Sentinel-3 SLSTR,0.5
6250,2026-08-21,10.0,91.0,29.12,1.02,5,GHRSST L4 / INSAT-3DR MOSDAC / Sentinel-3 SLSTR,0.5
6251,2026-08-21,10.0,91.5,29.36,1.26,5,GHRSST L4 / INSAT-3DR MOSDAC / Sentinel-3 SLSTR,0.5
6252,2026-08-21,10.0,92.0,28.68,0.58,5,GHRSST L4 / INSAT-3DR MOSDAC / Sentinel-3 SLSTR,0.5
6253,2026-08-21,10.0,92.5,28.98,0.88,5,GHRSST L4 / INSAT-3DR MOSDAC / Sentinel-3 SLSTR,0.5
6254,2026-08-21,10.0,93.0,28.96,0.86,5,GHRSST L4 / INSAT-3DR MOSDAC / Sentinel-3 SLSTR,0.5
6255,2026-08-21,10.0,93.5,28.97,0.87,5,GHRSST L4 / INSAT-3DR MOSDAC / Sentinel-3 SLSTR,0.5
6256,2026-08-21,10.0,94.0,29.29,1.19,5,GHRSST L4 / INSAT-3DR MOSDAC / Sentinel-3 SLSTR,0.5
6257,2026-08-21,10.5,68.0,28.89,0.84,5,GHRSST L4 / INSAT-3DR MOSDAC / Sentinel-3 SLSTR,0.5
6258,2026-08-21,10.5,68.5,29.17,1.12,5,GHRSST L4 / INSAT-3DR MOSDAC / Sentinel-3 SLSTR,0.5
6259,2026-08-21,10.5,69.0,29.05,1.0,5,GHRSST L4 / INSAT-3DR MOSDAC / Sentinel-3 SLSTR,0.5
6260,2026-08-21,10.5,69.5,28.95,0.9,5,GHRSST L4 / INSAT-3DR MOSDAC / Sentinel-3 SLSTR,0.5
6261,2026-08-21,10.5,70.0,29.09,1.04,5,GHRSST L4 / INSAT-3DR MOSDAC / Sentinel-3 SLSTR,0.5
6262,2026-08-21,10.5,70.5,28.77,0.72,5,GHRSST L4 / INSAT-3DR MOSDAC / Sentinel-3 SLSTR,0.5
6263,2026-08-21,10.5,71.0,28.71,0.66,5,GHRSST L4 / INSAT-3DR MOSDAC / Sentinel-3 SLSTR,0.5
6264,2026-08-21,10.5,71.5,29.29,1.24,5,GHRSST L4 / INSAT-3DR MOSDAC / Sentinel-3 SLSTR,0.5
6265,2026-08-21,10.5,72.0,28.88,0.83,5,GHRSST L4 / INSAT-3DR MOSDAC / Sentinel-3 SLSTR,0.5
6266,2026-08-21,10.5,81.0,28.82,0.77,5,GHRSST L4 / INSAT-3DR MOSDAC / Sentinel-3 SLSTR,0.5
6267,2026-08-21,10.5,81.5,28.8,0.75,5,GHRSST L4 / INSAT-3DR MOSDAC / Sentinel-3 SLSTR,0.5
6268,2026-08-21,10.5,82.0,29.05,1.0,5,GHRSST L4 / INSAT-3DR MOSDAC / Sentinel-3 SLSTR,0.5
6269,2026-08-21,10.5,82.5,29.31,1.26,5,GHRSST L4 / INSAT-3DR MOSDAC / Sentinel-3 SLSTR,0.5
6270,2026-08-21,10.5,83.0,29.24,1.19,5,GHRSST L4 / INSAT-3DR MOSDAC / Sentinel-3 SLSTR,0.5
6271,2026-08-21,10.5,83.5,28.89,0.84,5,GHRSST L4 / INSAT-3DR MOSDAC / Sentinel-3 SLSTR,0.5
6272,2026-08-21,10.5,84.0,29.24,1.19,5,GHRSST L4 / INSAT-3DR MOSDAC / Sentinel-3 SLSTR,0.5
6273,2026-08-21,10.5,84.5,28.93,0.88,5,GHRSST L4 / INSAT-3DR MOSDAC / Sentinel-3 SLSTR,0.5
6274,2026-08-21,10.5,85.0,28.69,0.64,5,GHRSST L4 / INSAT-3DR MOSDAC / Sentinel-3 SLSTR,0.5
6275,2026-08-21,10.5,85.5,28.74,0.69,5,GHRSST L4 / INSAT-3DR MOSDAC / Sentinel-3 SLSTR,0.5
6276,2026-08-21,10.5,86.0,28.78,0.73,5,GHRSST L4 / INSAT-3DR MOSDAC / Sentinel-3 SLSTR,0.5
6277,2026-08-21,10.5,86.5,29.25,1.2,5,GHRSST L4 / INSAT-3DR MOSDAC / Sentinel-3 SLSTR,0.5
6278,2026-08-21,10.5,87.0,29.3,1.25,5,GHRSST L4 / INSAT-3DR MOSDAC / Sentinel-3 SLSTR,0.5
6279,2026-08-21,10.5,87.5,28.77,0.72,5,GHRSST L4 / INSAT-3DR MOSDAC / Sentinel-3 SLSTR,0.5
6280,2026-08-21,10.5,88.0,28.89,0.84,5,GHRSST L4 / INSAT-3DR MOSDAC / Sentinel-3 SLSTR,0.5
6281,2026-08-21,10.5,88.5,29.3,1.25,5,GHRSST L4 / INSAT-3DR MOSDAC / Sentinel-3 SLSTR,0.5
6282,2026-08-21,10.5,89.0,29.2,1.15,5,GHRSST L4 / INSAT-3DR MOSDAC / Sentinel-3 SLSTR,0.5
6283,2026-08-21,10.5,89.5,28.92,0.87,5,GHRSST L4 / INSAT-3DR MOSDAC / Sentinel-3 SLSTR,0.5
6284,2026-08-21,10.5,90.0,28.93,0.88,5,GHRSST L4 / INSAT-3DR MOSDAC / Sentinel-3 SLSTR,0.5
6285,2026-08-21,10.5,90.5,29.23,1.18,5,GHRSST L4 / INSAT-3DR MOSDAC / Sentinel-3 SLSTR,0.5
6286,2026-08-21,10.5,91.0,28.63,0.58,5,GHRSST L4 / INSAT-3DR MOSDAC / Sentinel-3 SLSTR,0.5
6287,2026-08-21,10.5,91.5,29.26,1.21,5,GHRSST L4 / INSAT-3DR MOSDAC / Sentinel-3 SLSTR,0.5
6288,2026-08-21,10.5,92.0,28.67,0.62,5,GHRSST L4 / INSAT-3DR MOSDAC / Sentinel-3 SLSTR,0.5
6289,2026-08-21,10.5,92.5,29.24,1.19,5,GHRSST L4 / INSAT-3DR MOSDAC / Sentinel-3 SLSTR,0.5
6290,2026-08-21,10.5,93.0,28.65,0.6,5,GHRSST L4 / INSAT-3DR MOSDAC / Sentinel-3 SLSTR,0.5
6291,2026-08-21,10.5,93.5,29.29,1.24,5,GHRSST L4 / INSAT-3DR MOSDAC / Sentinel-3 SLSTR,0.5
6292,2026-08-21,10.5,94.0,28.62,0.57,5,GHRSST L4 / INSAT-3DR MOSDAC / Sentinel-3 SLSTR,0.5
6293,2026-08-21,11.0,68.0,29.23,1.23,5,GHRSST L4 / INSAT-3DR MOSDAC / Sentinel-3 SLSTR,0.5
6294,2026-08-21,11.0,68.5,28.59,0.59,5,GHRSST L4 / INSAT-3DR MOSDAC / Sentinel-3 SLSTR,0.5
6295,2026-08-21,11.0,69.0,28.64,0.64,5,GHRSST L4 / INSAT-3DR MOSDAC / Sentinel-3 SLSTR,0.5
6296,2026-08-21,11.0,69.5,29.22,1.22,5,GHRSST L4 / INSAT-3DR MOSDAC / Sentinel-3 SLSTR,0.5
6297,2026-08-21,11.0,70.0,29.1,1.1,5,GHRSST L4 / INSAT-3DR MOSDAC / Sentinel-3 SLSTR,0.5
6298,2026-08-21,11.0,70.5,29.14,1.14,5,GHRSST L4 / INSAT-3DR MOSDAC / Sentinel-3 SLSTR,0.5
6299,2026-08-21,11.0,71.0,28.85,0.85,5,GHRSST L4 / INSAT-3DR MOSDAC / Sentinel-3 SLSTR,0.5
6300,2026-08-21,11.0,71.5,28.61,0.61,5,GHRSST L4 / INSAT-3DR MOSDAC / Sentinel-3 SLSTR,0.5
6301,2026-08-21,11.0,81.5,28.65,0.65,5,GHRSST L4 / INSAT-3DR MOSDAC / Sentinel-3 SLSTR,0.5
6302,2026-08-21,11.0,82.0,29.2,1.2,5,GHRSST L4 / INSAT-3DR MOSDAC / Sentinel-3 SLSTR,0.5
6303,2026-08-21,11.0,82.5,28.82,0.82,5,GHRSST L4 / INSAT-3DR MOSDAC / Sentinel-3 SLSTR,0.5
6304,2026-08-21,11.0,83.0,29.08,1.08,5,GHRSST L4 / INSAT-3DR MOSDAC / Sentinel-3 SLSTR,0.5
6305,2026-08-21,11.0,83.5,29.03,1.03,5,GHRSST L4 / INSAT-3DR MOSDAC / Sentinel-3 SLSTR,0.5
6306,2026-08-21,11.0,84.0,28.88,0.88,5,GHRSST L4 / INSAT-3DR MOSDAC / Sentinel-3 SLSTR,0.5
6307,2026-08-21,11.0,84.5,29.15,1.15,5,GHRSST L4 / INSAT-3DR MOSDAC / Sentinel-3 SLSTR,0.5
6308,2026-08-21,11.0,85.0,29.01,1.01,5,GHRSST L4 / INSAT-3DR MOSDAC / Sentinel-3 SLSTR,0.5
6309,2026-08-21,11.0,85.5,29.07,1.07,5,GHRSST L4 / INSAT-3DR MOSDAC / Sentinel-3 SLSTR,0.5
6310,2026-08-21,11.0,86.0,29.14,1.14,5,GHRSST L4 / INSAT-3DR MOSDAC / Sentinel-3 SLSTR,0.5
6311,2026-08-21,11.0,86.5,28.71,0.71,5,GHRSST L4 / INSAT-3DR MOSDAC / Sentinel-3 SLSTR,0.5
6312,2026-08-21,11.0,87.0,28.76,0.76,5,GHRSST L4 / INSAT-3DR MOSDAC / Sentinel-3 SLSTR,0.5
6313,2026-08-21,11.0,87.5,29.08,1.08,5,GHRSST L4 / INSAT-3DR MOSDAC / Sentinel-3 SLSTR,0.5
6314,2026-08-21,11.0,88.0,29.13,1.13,5,GHRSST L4 / INSAT-3DR MOSDAC / Sentinel-3 SLSTR,0.5
6315,2026-08-21,11.0,88.5,28.97,0.97,5,GHRSST L4 / INSAT-3DR MOSDAC / Sentinel-3 SLSTR,0.5
6316,2026-08-21,11.0,89.0,29.25,1.25,5,GHRSST L4 / INSAT-3DR MOSDAC / Sentinel-3 SLSTR,0.5
6317,2026-08-21,11.0,89.5,29.16,1.16,5,GHRSST L4 / INSAT-3DR MOSDAC / Sentinel-3 SLSTR,0.5
6318,2026-08-21,11.0,90.0,29.11,1.11,5,GHRSST L4 / INSAT-3DR MOSDAC / Sentinel-3 SLSTR,0.5
6319,2026-08-21,11.0,90.5,28.72,0.72,5,GHRSST L4 / INSAT-3DR MOSDAC / Sentinel-3 SLSTR,0.5
6320,2026-08-21,11.0,91.0,28.78,0.78,5,GHRSST L4 / INSAT-3DR MOSDAC / Sentinel-3 SLSTR,0.5
6321,2026-08-21,11.0,91.5,28.8,0.8,5,GHRSST L4 / INSAT-3DR MOSDAC / Sentinel-3 SLSTR,0.5
6322,2026-08-21,11.0,92.0,28.61,0.61,5,GHRSST L4 / INSAT-3DR MOSDAC / Sentinel-3 SLSTR,0.5
6323,2026-08-21,11.0,92.5,29.06,1.06,5,GHRSST L4 / INSAT-3DR MOSDAC / Sentinel-3 SLSTR,0.5
6324,2026-08-21,11.0,93.0,28.84,0.84,5,GHRSST L4 / INSAT-3DR MOSDAC / Sentinel-3 SLSTR,0.5
6325,2026-08-21,11.0,93.5,28.98,0.98,5,GHRSST L4 / INSAT-3DR MOSDAC / Sentinel-3 SLSTR,0.5
6326,2026-08-21,11.0,94.0,29.05,1.05,5,GHRSST L4 / INSAT-3DR MOSDAC / Sentinel-3 SLSTR,0.5
6327,2026-08-21,11.5,68.0,28.5,0.55,5,GHRSST L4 / INSAT-3DR MOSDAC / Sentinel-3 SLSTR,0.5
6328,2026-08-21,11.5,68.5,28.52,0.57,5,GHRSST L4 / INSAT-3DR MOSDAC / Sentinel-3 SLSTR,0.5
6329,2026-08-21,11.5,69.0,28.72,0.77,5,GHRSST L4 / INSAT-3DR MOSDAC / Sentinel-3 SLSTR,0.5
6330,2026-08-21,11.5,69.5,28.95,1.0,5,GHRSST L4 / INSAT-3DR MOSDAC / Sentinel-3 SLSTR,0.5
6331,2026-08-21,11.5,70.0,28.82,0.87,5,GHRSST L4 / INSAT-3DR MOSDAC / Sentinel-3 SLSTR,0.5
6332,2026-08-21,11.5,70.5,29.15,1.2,5,GHRSST L4 / INSAT-3DR MOSDAC / Sentinel-3 SLSTR,0.5
6333,2026-08-21,11.5,71.0,28.67,0.72,5,GHRSST L4 / INSAT-3DR MOSDAC / Sentinel-3 SLSTR,0.5
6334,2026-08-21,11.5,71.5,28.56,0.61,5,GHRSST L4 / INSAT-3DR MOSDAC / Sentinel-3 SLSTR,0.5
6335,2026-08-21,11.5,81.5,28.57,0.62,5,GHRSST L4 / INSAT-3DR MOSDAC / Sentinel-3 SLSTR,0.5
6336,2026-08-21,11.5,82.0,28.65,0.7,5,GHRSST L4 / INSAT-3DR MOSDAC / Sentinel-3 SLSTR,0.5
6337,2026-08-21,11.5,82.5,28.66,0.71,5,GHRSST L4 / INSAT-3DR MOSDAC / Sentinel-3 SLSTR,0.5
6338,2026-08-21,11.5,83.0,28.76,0.81,5,GHRSST L4 / INSAT-3DR MOSDAC / Sentinel-3 SLSTR,0.5
6339,2026-08-21,11.5,83.5,28.88,0.93,5,GHRSST L4 / INSAT-3DR MOSDAC / Sentinel-3 SLSTR,0.5
6340,2026-08-21,11.5,84.0,28.66,0.71,5,GHRSST L4 / INSAT-3DR MOSDAC / Sentinel-3 SLSTR,0.5
6341,2026-08-21,11.5,84.5,28.85,0.9,5,GHRSST L4 / INSAT-3DR MOSDAC / Sentinel-3 SLSTR,0.5
6342,2026-08-21,11.5,85.0,28.82,0.87,5,GHRSST L4 / INSAT-3DR MOSDAC / Sentinel-3 SLSTR,0.5
6343,2026-08-21,11.5,85.5,28.71,0.76,5,GHRSST L4 / INSAT-3DR MOSDAC / Sentinel-3 SLSTR,0.5
6344,2026-08-21,11.5,86.0,28.79,0.84,5,GHRSST L4 / INSAT-3DR MOSDAC / Sentinel-3 SLSTR,0.5
6345,2026-08-21,11.5,86.5,28.76,0.81,5,GHRSST L4 / INSAT-3DR MOSDAC / Sentinel-3 SLSTR,0.5
6346,2026-08-21,11.5,87.0,29.16,1.21,5,GHRSST L4 / INSAT-3DR MOSDAC / Sentinel-3 SLSTR,0.5
6347,2026-08-21,11.5,87.5,28.54,0.59,5,GHRSST L4 / INSAT-3DR MOSDAC / Sentinel-3 SLSTR,0.5
6348,2026-08-21,11.5,88.0,29.03,1.08,5,GHRSST L4 / INSAT-3DR MOSDAC / Sentinel-3 SLSTR,0.5
6349,2026-08-21,11.5,88.5,28.71,0.76,5,GHRSST L4 / INSAT-3DR MOSDAC / Sentinel-3 SLSTR,0.5
6350,2026-08-21,11.5,89.0,28.62,0.67,5,GHRSST L4 / INSAT-3DR MOSDAC / Sentinel-3 SLSTR,0.5
6351,2026-08-21,11.5,89.5,29.1,1.15,5,GHRSST L4 / INSAT-3DR MOSDAC / Sentinel-3 SLSTR,0.5
6352,2026-08-21,11.5,90.0,28.82,0.87,5,GHRSST L4 / INSAT-3DR MOSDAC / Sentinel-3 SLSTR,0.5
6353,2026-08-21,11.5,90.5,28.85,0.9,5,GHRSST L4 / INSAT-3DR MOSDAC / Sentinel-3 SLSTR,0.5
6354,2026-08-21,11.5,91.0,28.78,0.83,5,GHRSST L4 / INSAT-3DR MOSDAC / Sentinel-3 SLSTR,0.5
6355,2026-08-21,11.5,91.5,28.77,0.82,5,GHRSST L4 / INSAT-3DR MOSDAC / Sentinel-3 SLSTR,0.5
6356,2026-08-21,11.5,92.0,28.97,1.02,5,GHRSST L4 / INSAT-3DR MOSDAC / Sentinel-3 SLSTR,0.5
6357,2026-08-21,11.5,92.5,29.02,1.07,5,GHRSST L4 / INSAT-3DR MOSDAC / Sentinel-3 SLSTR,0.5
6358,2026-08-21,11.5,93.0,29.04,1.09,5,GHRSST L4 / INSAT-3DR MOSDAC / Sentinel-3 SLSTR,0.5
6359,2026-08-21,11.5,93.5,28.86,0.91,5,GHRSST L4 / INSAT-3DR MOSDAC / Sentinel-3 SLSTR,0.5
6360,2026-08-21,11.5,94.0,28.98,1.03,5,GHRSST L4 / INSAT-3DR MOSDAC / Sentinel-3 SLSTR,0.5
6361,2026-08-21,12.0,68.0,28.97,1.07,5,GHRSST L4 / INSAT-3DR MOSDAC / Sentinel-3 SLSTR,0.5
6362,2026-08-21,12.0,68.5,28.91,1.01,5,GHRSST L4 / INSAT-3DR MOSDAC / Sentinel-3 SLSTR,0.5
6363,2026-08-21,12.0,69.0,28.57,0.67,5,GHRSST L4 / INSAT-3DR MOSDAC / Sentinel-3 SLSTR,0.5
6364,2026-08-21,12.0,69.5,28.93,1.03,5,GHRSST L4 / INSAT-3DR MOSDAC / Sentinel-3 SLSTR,0.5
6365,2026-08-21,12.0,70.0,28.88,0.98,5,GHRSST L4 / INSAT-3DR MOSDAC / Sentinel-3 SLSTR,0.5
6366,2026-08-21,12.0,70.5,28.5,0.6,5,GHRSST L4 / INSAT-3DR MOSDAC / Sentinel-3 SLSTR,0.5
6367,2026-08-21,12.0,71.0,28.88,0.98,5,GHRSST L4 / INSAT-3DR MOSDAC / Sentinel-3 SLSTR,0.5
6368,2026-08-21,12.0,71.5,29.04,1.14,5,GHRSST L4 / INSAT-3DR MOSDAC / Sentinel-3 SLSTR,0.5
6369,2026-08-21,12.0,82.0,28.72,0.82,5,GHRSST L4 / INSAT-3DR MOSDAC / Sentinel-3 SLSTR,0.5
6370,2026-08-21,12.0,82.5,28.52,0.62,5,GHRSST L4 / INSAT-3DR MOSDAC / Sentinel-3 SLSTR,0.5
6371,2026-08-21,12.0,83.0,28.86,0.96,5,GHRSST L4 / INSAT-3DR MOSDAC / Sentinel-3 SLSTR,0.5
6372,2026-08-21,12.0,83.5,28.6,0.7,5,GHRSST L4 / INSAT-3DR MOSDAC / Sentinel-3 SLSTR,0.5
6373,2026-08-21,12.0,84.0,28.81,0.91,5,GHRSST L4 / INSAT-3DR MOSDAC / Sentinel-3 SLSTR,0.5
6374,2026-08-21,12.0,84.5,28.9,1.0,5,GHRSST L4 / INSAT-3DR MOSDAC / Sentinel-3 SLSTR,0.5
6375,2026-08-21,12.0,85.0,28.79,0.89,5,GHRSST L4 / INSAT-3DR MOSDAC / Sentinel-3 SLSTR,0.5
6376,2026-08-21,12.0,85.5,28.65,0.75,5,GHRSST L4 / INSAT-3DR MOSDAC / Sentinel-3 SLSTR,0.5
6377,2026-08-21,12.0,86.0,29.03,1.13,5,GHRSST L4 / INSAT-3DR MOSDAC / Sentinel-3 SLSTR,0.5
6378,2026-08-21,12.0,86.5,28.53,0.63,5,GHRSST L4 / INSAT-3DR MOSDAC / Sentinel-3 SLSTR,0.5
6379,2026-08-21,12.0,87.0,28.46,0.56,5,GHRSST L4 / INSAT-3DR MOSDAC / Sentinel-3 SLSTR,0.5
6380,2026-08-21,12.0,87.5,29.01,1.11,5,GHRSST L4 / INSAT-3DR MOSDAC / Sentinel-3 SLSTR,0.5
6381,2026-08-21,12.0,88.0,28.45,0.55,5,GHRSST L4 / INSAT-3DR MOSDAC / Sentinel-3 SLSTR,0.5
6382,2026-08-21,12.0,88.5,28.77,0.87,5,GHRSST L4 / INSAT-3DR MOSDAC / Sentinel-3 SLSTR,0.5
6383,2026-08-21,12.0,89.0,28.81,0.91,5,GHRSST L4 / INSAT-3DR MOSDAC / Sentinel-3 SLSTR,0.5
6384,2026-08-21,12.0,89.5,28.67,0.77,5,GHRSST L4 / INSAT-3DR MOSDAC / Sentinel-3 SLSTR,0.5
6385,2026-08-21,12.0,90.0,28.62,0.72,5,GHRSST L4 / INSAT-3DR MOSDAC / Sentinel-3 SLSTR,0.5
6386,2026-08-21,12.0,90.5,28.95,1.05,5,GHRSST L4 / INSAT-3DR MOSDAC / Sentinel-3 SLSTR,0.5
6387,2026-08-21,12.0,91.0,28.69,0.79,5,GHRSST L4 / INSAT-3DR MOSDAC / Sentinel-3 SLSTR,0.5
6388,2026-08-21,12.0,91.5,28.52,0.62,5,GHRSST L4 / INSAT-3DR MOSDAC / Sentinel-3 SLSTR,0.5
6389,2026-08-21,12.0,92.0,28.75,0.85,5,GHRSST L4 / INSAT-3DR MOSDAC / Sentinel-3 SLSTR,0.5
6390,2026-08-21,12.0,92.5,28.94,1.04,5,GHRSST L4 / INSAT-3DR MOSDAC / Sentinel-3 SLSTR,0.5
6391,2026-08-21,12.0,93.0,28.65,0.75,5,GHRSST L4 / INSAT-3DR MOSDAC / Sentinel-3 SLSTR,0.5
6392,2026-08-21,12.0,93.5,28.52,0.62,5,GHRSST L4 / INSAT-3DR MOSDAC / Sentinel-3 SLSTR,0.5
6393,2026-08-21,12.0,94.0,28.67,0.77,5,GHRSST L4 / INSAT-3DR MOSDAC / Sentinel-3 SLSTR,0.5
6394,2026-08-21,12.5,68.0,28.75,0.9,5,GHRSST L4 / INSAT-3DR MOSDAC / Sentinel-3 SLSTR,0.5
6395,2026-08-21,12.5,68.5,28.44,0.59,5,GHRSST L4 / INSAT-3DR MOSDAC / Sentinel-3 SLSTR,0.5
6396,2026-08-21,12.5,69.0,28.53,0.68,5,GHRSST L4 / INSAT-3DR MOSDAC / Sentinel-3 SLSTR,0.5
6397,2026-08-21,12.5,69.5,29.05,1.2,5,GHRSST L4 / INSAT-3DR MOSDAC / Sentinel-3 SLSTR,0.5
6398,2026-08-21,12.5,70.0,28.51,0.66,5,GHRSST L4 / INSAT-3DR MOSDAC / Sentinel-3 SLSTR,0.5
6399,2026-08-21,12.5,70.5,28.41,0.56,5,GHRSST L4 / INSAT-3DR MOSDAC / Sentinel-3 SLSTR,0.5
6400,2026-08-21,12.5,71.0,28.67,0.82,5,GHRSST L4 / INSAT-3DR MOSDAC / Sentinel-3 SLSTR,0.5
6401,2026-08-21,12.5,71.5,28.42,0.57,5,GHRSST L4 / INSAT-3DR MOSDAC / Sentinel-3 SLSTR,0.5
6402,2026-08-21,12.5,82.0,28.38,0.53,5,GHRSST L4 / INSAT-3DR MOSDAC / Sentinel-3 SLSTR,0.5
6403,2026-08-21,12.5,82.5,28.38,0.53,5,GHRSST L4 / INSAT-3DR MOSDAC / Sentinel-3 SLSTR,0.5
6404,2026-08-21,12.5,83.0,28.58,0.73,5,GHRSST L4 / INSAT-3DR MOSDAC / Sentinel-3 SLSTR,0.5
6405,2026-08-21,12.5,83.5,28.42,0.57,5,GHRSST L4 / INSAT-3DR MOSDAC / Sentinel-3 SLSTR,0.5
6406,2026-08-21,12.5,84.0,28.51,0.66,5,GHRSST L4 / INSAT-3DR MOSDAC / Sentinel-3 SLSTR,0.5
6407,2026-08-21,12.5,84.5,28.82,0.97,5,GHRSST L4 / INSAT-3DR MOSDAC / Sentinel-3 SLSTR,0.5
6408,2026-08-21,12.5,85.0,28.57,0.72,5,GHRSST L4 / INSAT-3DR MOSDAC / Sentinel-3 SLSTR,0.5
6409,2026-08-21,12.5,85.5,28.77,0.92,5,GHRSST L4 / INSAT-3DR MOSDAC / Sentinel-3 SLSTR,0.5
6410,2026-08-21,12.5,86.0,28.66,0.81,5,GHRSST L4 / INSAT-3DR MOSDAC / Sentinel-3 SLSTR,0.5
6411,2026-08-21,12.5,86.5,28.99,1.14,5,GHRSST L4 / INSAT-3DR MOSDAC / Sentinel-3 SLSTR,0.5
6412,2026-08-21,12.5,87.0,28.86,1.01,5,GHRSST L4 / INSAT-3DR MOSDAC / Sentinel-3 SLSTR,0.5
6413,2026-08-21,12.5,87.5,28.97,1.12,5,GHRSST L4 / INSAT-3DR MOSDAC / Sentinel-3 SLSTR,0.5
6414,2026-08-21,12.5,88.0,28.73,0.88,5,GHRSST L4 / INSAT-3DR MOSDAC / Sentinel-3 SLSTR,0.5
6415,2026-08-21,12.5,88.5,28.92,1.07,5,GHRSST L4 / INSAT-3DR MOSDAC / Sentinel-3 SLSTR,0.5
6416,2026-08-21,12.5,89.0,28.8,0.95,5,GHRSST L4 / INSAT-3DR MOSDAC / Sentinel-3 SLSTR,0.5
6417,2026-08-21,12.5,89.5,28.89,1.04,5,GHRSST L4 / INSAT-3DR MOSDAC / Sentinel-3 SLSTR,0.5
6418,2026-08-21,12.5,90.0,28.85,1.0,5,GHRSST L4 / INSAT-3DR MOSDAC / Sentinel-3 SLSTR,0.5
6419,2026-08-21,12.5,90.5,28.58,0.73,5,GHRSST L4 / INSAT-3DR MOSDAC / Sentinel-3 SLSTR,0.5
6420,2026-08-21,12.5,91.0,28.46,0.61,5,GHRSST L4 / INSAT-3DR MOSDAC / Sentinel-3 SLSTR,0.5
6421,2026-08-21,12.5,91.5,28.93,1.08,5,GHRSST L4 / INSAT-3DR MOSDAC / Sentinel-3 SLSTR,0.5
6422,2026-08-21,12.5,92.0,28.42,0.57,5,GHRSST L4 / INSAT-3DR MOSDAC / Sentinel-3 SLSTR,0.5
6423,2026-08-21,12.5,92.5,28.79,0.94,5,GHRSST L4 / INSAT-3DR MOSDAC / Sentinel-3 SLSTR,0.5
6424,2026-08-21,12.5,93.0,29.06,1.21,5,GHRSST L4 / INSAT-3DR MOSDAC / Sentinel-3 SLSTR,0.5
6425,2026-08-21,12.5,93.5,28.5,0.65,5,GHRSST L4 / INSAT-3DR MOSDAC / Sentinel-3 SLSTR,0.5
6426,2026-08-21,12.5,94.0,28.89,1.04,5,GHRSST L4 / INSAT-3DR MOSDAC / Sentinel-3 SLSTR,0.5
6427,2026-08-21,13.0,68.0,28.98,1.18,5,GHRSST L4 / INSAT-3DR MOSDAC / Sentinel-3 SLSTR,0.5
6428,2026-08-21,13.0,68.5,28.66,0.86,5,GHRSST L4 / INSAT-3DR MOSDAC / Sentinel-3 SLSTR,0.5
6429,2026-08-21,13.0,69.0,28.71,0.91,5,GHRSST L4 / INSAT-3DR MOSDAC / Sentinel-3 SLSTR,0.5
6430,2026-08-21,13.0,69.5,28.57,0.77,5,GHRSST L4 / INSAT-3DR MOSDAC / Sentinel-3 SLSTR,0.5
6431,2026-08-21,13.0,70.0,28.62,0.82,5,GHRSST L4 / INSAT-3DR MOSDAC / Sentinel-3 SLSTR,0.5
6432,2026-08-21,13.0,70.5,28.75,0.95,5,GHRSST L4 / INSAT-3DR MOSDAC / Sentinel-3 SLSTR,0.5
6433,2026-08-21,13.0,71.0,28.92,1.12,5,GHRSST L4 / INSAT-3DR MOSDAC / Sentinel-3 SLSTR,0.5
6434,2026-08-21,13.0,82.5,28.98,1.18,5,GHRSST L4 / INSAT-3DR MOSDAC / Sentinel-3 SLSTR,0.5
6435,2026-08-21,13.0,83.0,28.69,0.89,5,GHRSST L4 / INSAT-3DR MOSDAC / Sentinel-3 SLSTR,0.5
6436,2026-08-21,13.0,83.5,28.86,1.06,5,GHRSST L4 / INSAT-3DR MOSDAC / Sentinel-3 SLSTR,0.5
6437,2026-08-21,13.0,84.0,28.83,1.03,5,GHRSST L4 / INSAT-3DR MOSDAC / Sentinel-3 SLSTR,0.5
6438,2026-08-21,13.0,84.5,28.48,0.68,5,GHRSST L4 / INSAT-3DR MOSDAC / Sentinel-3 SLSTR,0.5
6439,2026-08-21,13.0,85.0,28.63,0.83,5,GHRSST L4 / INSAT-3DR MOSDAC / Sentinel-3 SLSTR,0.5
6440,2026-08-21,13.0,85.5,28.79,0.99,5,GHRSST L4 / INSAT-3DR MOSDAC / Sentinel-3 SLSTR,0.5
6441,2026-08-21,13.0,86.0,28.4,0.6,5,GHRSST L4 / INSAT-3DR MOSDAC / Sentinel-3 SLSTR,0.5
6442,2026-08-21,13.0,86.5,28.93,1.13,5,GHRSST L4 / INSAT-3DR MOSDAC / Sentinel-3 SLSTR,0.5
6443,2026-08-21,13.0,87.0,28.59,0.79,5,GHRSST L4 / INSAT-3DR MOSDAC / Sentinel-3 SLSTR,0.5
6444,2026-08-21,13.0,87.5,28.63,0.83,5,GHRSST L4 / INSAT-3DR MOSDAC / Sentinel-3 SLSTR,0.5
6445,2026-08-21,13.0,88.0,28.92,1.12,5,GHRSST L4 / INSAT-3DR MOSDAC / Sentinel-3 SLSTR,0.5
6446,2026-08-21,13.0,88.5,28.43,0.63,5,GHRSST L4 / INSAT-3DR MOSDAC / Sentinel-3 SLSTR,0.5
6447,2026-08-21,13.0,89.0,28.33,0.53,5,GHRSST L4 / INSAT-3DR MOSDAC / Sentinel-3 SLSTR,0.5
6448,2026-08-21,13.0,89.5,28.51,0.71,5,GHRSST L4 / INSAT-3DR MOSDAC / Sentinel-3 SLSTR,0.5
6449,2026-08-21,13.0,90.0,28.42,0.62,5,GHRSST L4 / INSAT-3DR MOSDAC / Sentinel-3 SLSTR,0.5
6450,2026-08-21,13.0,90.5,29.0,1.2,5,GHRSST L4 / INSAT-3DR MOSDAC / Sentinel-3 SLSTR,0.5
6451,2026-08-21,13.0,91.0,28.71,0.91,5,GHRSST L4 / INSAT-3DR MOSDAC / Sentinel-3 SLSTR,0.5
6452,2026-08-21,13.0,91.5,28.71,0.91,5,GHRSST L4 / INSAT-3DR MOSDAC / Sentinel-3 SLSTR,0.5
6453,2026-08-21,13.0,92.0,28.87,1.07,5,GHRSST L4 / INSAT-3DR MOSDAC / Sentinel-3 SLSTR,0.5
6454,2026-08-21,13.0,92.5,28.49,0.69,5,GHRSST L4 / INSAT-3DR MOSDAC / Sentinel-3 SLSTR,0.5
6455,2026-08-21,13.0,93.0,28.68,0.88,5,GHRSST L4 / INSAT-3DR MOSDAC / Sentinel-3 SLSTR,0.5
6456,2026-08-21,13.0,93.5,28.41,0.61,5,GHRSST L4 / INSAT-3DR MOSDAC / Sentinel-3 SLSTR,0.5
6457,2026-08-21,13.0,94.0,28.38,0.58,5,GHRSST L4 / INSAT-3DR MOSDAC / Sentinel-3 SLSTR,0.5
6458,2026-08-21,13.5,68.0,28.56,0.81,5,GHRSST L4 / INSAT-3DR MOSDAC / Sentinel-3 SLSTR,0.5
6459,2026-08-21,13.5,68.5,28.89,1.14,5,GHRSST L4 / INSAT-3DR MOSDAC / Sentinel-3 SLSTR,0.5
6460,2026-08-21,13.5,69.0,28.56,0.81,5,GHRSST L4 / INSAT-3DR MOSDAC / Sentinel-3 SLSTR,0.5
6461,2026-08-21,13.5,69.5,28.57,0.82,5,GHRSST L4 / INSAT-3DR MOSDAC / Sentinel-3 SLSTR,0.5
6462,2026-08-21,13.5,70.0,28.86,1.11,5,GHRSST L4 / INSAT-3DR MOSDAC / Sentinel-3 SLSTR,0.5
6463,2026-08-21,13.5,70.5,28.45,0.7,5,GHRSST L4 / INSAT-3DR MOSDAC / Sentinel-3 SLSTR,0.5
6464,2026-08-21,13.5,71.0,28.59,0.84,5,GHRSST L4 / INSAT-3DR MOSDAC / Sentinel-3 SLSTR,0.5
6465,2026-08-21,13.5,82.5,28.37,0.62,5,GHRSST L4 / INSAT-3DR MOSDAC / Sentinel-3 SLSTR,0.5
6466,2026-08-21,13.5,83.0,28.84,1.09,5,GHRSST L4 / INSAT-3DR MOSDAC / Sentinel-3 SLSTR,0.5
6467,2026-08-21,13.5,83.5,28.28,0.53,5,GHRSST L4 / INSAT-3DR MOSDAC / Sentinel-3 SLSTR,0.5
6468,2026-08-21,13.5,84.0,28.54,0.79,5,GHRSST L4 / INSAT-3DR MOSDAC / Sentinel-3 SLSTR,0.5
6469,2026-08-21,13.5,84.5,28.44,0.69,5,GHRSST L4 / INSAT-3DR MOSDAC / Sentinel-3 SLSTR,0.5
6470,2026-08-21,13.5,85.0,28.43,0.68,5,GHRSST L4 / INSAT-3DR MOSDAC / Sentinel-3 SLSTR,0.5
6471,2026-08-21,13.5,85.5,28.42,0.67,5,GHRSST L4 / INSAT-3DR MOSDAC / Sentinel-3 SLSTR,0.5
6472,2026-08-21,13.5,86.0,28.51,0.76,5,GHRSST L4 / INSAT-3DR MOSDAC / Sentinel-3 SLSTR,0.5
6473,2026-08-21,13.5,86.5,28.88,1.13,5,GHRSST L4 / INSAT-3DR MOSDAC / Sentinel-3 SLSTR,0.5
6474,2026-08-21,13.5,87.0,28.75,1.0,5,GHRSST L4 / INSAT-3DR MOSDAC / Sentinel-3 SLSTR,0.5
6475,2026-08-21,13.5,87.5,28.87,1.12,5,GHRSST L4 / INSAT-3DR MOSDAC / Sentinel-3 SLSTR,0.5
6476,2026-08-21,13.5,88.0,28.39,0.64,5,GHRSST L4 / INSAT-3DR MOSDAC / Sentinel-3 SLSTR,0.5
6477,2026-08-21,13.5,88.5,28.84,1.09,5,GHRSST L4 / INSAT-3DR MOSDAC / Sentinel-3 SLSTR,0.5
6478,2026-08-21,13.5,89.0,28.55,0.8,5,GHRSST L4 / INSAT-3DR MOSDAC / Sentinel-3 SLSTR,0.5
6479,2026-08-21,13.5,89.5,28.94,1.19,5,GHRSST L4 / INSAT-3DR MOSDAC / Sentinel-3 SLSTR,0.5
6480,2026-08-21,13.5,90.0,28.67,0.92,5,GHRSST L4 / INSAT-3DR MOSDAC / Sentinel-3 SLSTR,0.5
6481,2026-08-21,13.5,90.5,28.59,0.84,5,GHRSST L4 / INSAT-3DR MOSDAC / Sentinel-3 SLSTR,0.5
6482,2026-08-21,13.5,91.0,28.9,1.15,5,GHRSST L4 / INSAT-3DR MOSDAC / Sentinel-3 SLSTR,0.5
6483,2026-08-21,13.5,91.5,28.52,0.77,5,GHRSST L4 / INSAT-3DR MOSDAC / Sentinel-3 SLSTR,0.5
6484,2026-08-21,13.5,92.0,28.77,1.02,5,GHRSST L4 / INSAT-3DR MOSDAC / Sentinel-3 SLSTR,0.5
6485,2026-08-21,13.5,92.5,28.58,0.83,5,GHRSST L4 / INSAT-3DR MOSDAC / Sentinel-3 SLSTR,0.5
6486,2026-08-21,13.5,93.0,28.76,1.01,5,GHRSST L4 / INSAT-3DR MOSDAC / Sentinel-3 SLSTR,0.5
6487,2026-08-21,13.5,93.5,28.44,0.69,5,GHRSST L4 / INSAT-3DR MOSDAC / Sentinel-3 SLSTR,0.5
6488,2026-08-21,13.5,94.0,28.53,0.78,5,GHRSST L4 / INSAT-3DR MOSDAC / Sentinel-3 SLSTR,0.5
6489,2026-08-21,14.0,68.0,28.43,0.73,5,GHRSST L4 / INSAT-3DR MOSDAC / Sentinel-3 SLSTR,0.5
6490,2026-08-21,14.0,68.5,28.8,1.1,5,GHRSST L4 / INSAT-3DR MOSDAC / Sentinel-3 SLSTR,0.5
6491,2026-08-21,14.0,69.0,28.84,1.14,5,GHRSST L4 / INSAT-3DR MOSDAC / Sentinel-3 SLSTR,0.5
6492,2026-08-21,14.0,69.5,28.7,1.0,5,GHRSST L4 / INSAT-3DR MOSDAC / Sentinel-3 SLSTR,0.5
6493,2026-08-21,14.0,70.0,28.77,1.07,5,GHRSST L4 / INSAT-3DR MOSDAC / Sentinel-3 SLSTR,0.5
6494,2026-08-21,14.0,70.5,28.44,0.74,5,GHRSST L4 / INSAT-3DR MOSDAC / Sentinel-3 SLSTR,0.5
6495,2026-08-21,14.0,71.0,28.3,0.6,5,GHRSST L4 / INSAT-3DR MOSDAC / Sentinel-3 SLSTR,0.5
6496,2026-08-21,14.0,82.5,28.67,0.97,5,GHRSST L4 / INSAT-3DR MOSDAC / Sentinel-3 SLSTR,0.5
6497,2026-08-21,14.0,83.0,28.64,0.94,5,GHRSST L4 / INSAT-3DR MOSDAC / Sentinel-3 SLSTR,0.5
6498,2026-08-21,14.0,83.5,28.37,0.67,5,GHRSST L4 / INSAT-3DR MOSDAC / Sentinel-3 SLSTR,0.5
6499,2026-08-21,14.0,84.0,28.83,1.13,5,GHRSST L4 / INSAT-3DR MOSDAC / Sentinel-3 SLSTR,0.5
6500,2026-08-21,14.0,84.5,28.44,0.74,5,GHRSST L4 / INSAT-3DR MOSDAC / Sentinel-3 SLSTR,0.5
6501,2026-08-21,14.0,85.0,28.76,1.06,5,GHRSST L4 / INSAT-3DR MOSDAC / Sentinel-3 SLSTR,0.5
6502,2026-08-21,14.0,85.5,28.28,0.58,5,GHRSST L4 / INSAT-3DR MOSDAC / Sentinel-3 SLSTR,0.5
6503,2026-08-21,14.0,86.0,28.39,0.69,5,GHRSST L4 / INSAT-3DR MOSDAC / Sentinel-3 SLSTR,0.5
6504,2026-08-21,14.0,86.5,28.62,0.92,5,GHRSST L4 / INSAT-3DR MOSDAC / Sentinel-3 SLSTR,0.5
6505,2026-08-21,14.0,87.0,28.36,0.66,5,GHRSST L4 / INSAT-3DR MOSDAC / Sentinel-3 SLSTR,0.5
6506,2026-08-21,14.0,87.5,28.86,1.16,5,GHRSST L4 / INSAT-3DR MOSDAC / Sentinel-3 SLSTR,0.5
6507,2026-08-21,14.0,88.0,28.58,0.88,5,GHRSST L4 / INSAT-3DR MOSDAC / Sentinel-3 SLSTR,0.5
6508,2026-08-21,14.0,88.5,28.7,1.0,5,GHRSST L4 / INSAT-3DR MOSDAC / Sentinel-3 SLSTR,0.5
6509,2026-08-21,14.0,89.0,28.58,0.88,5,GHRSST L4 / INSAT-3DR MOSDAC / Sentinel-3 SLSTR,0.5
6510,2026-08-21,14.0,89.5,28.47,0.77,5,GHRSST L4 / INSAT-3DR MOSDAC / Sentinel-3 SLSTR,0.5
6511,2026-08-21,14.0,90.0,28.77,1.07,5,GHRSST L4 / INSAT-3DR MOSDAC / Sentinel-3 SLSTR,0.5
6512,2026-08-21,14.0,90.5,28.21,0.51,5,GHRSST L4 / INSAT-3DR MOSDAC / Sentinel-3 SLSTR,0.5
6513,2026-08-21,14.0,91.0,28.49,0.79,5,GHRSST L4 / INSAT-3DR MOSDAC / Sentinel-3 SLSTR,0.5
6514,2026-08-21,14.0,91.5,28.81,1.11,5,GHRSST L4 / INSAT-3DR MOSDAC / Sentinel-3 SLSTR,0.5
6515,2026-08-21,14.0,92.0,28.25,0.55,5,GHRSST L4 / INSAT-3DR MOSDAC / Sentinel-3 SLSTR,0.5
6516,2026-08-21,14.0,92.5,28.34,0.64,5,GHRSST L4 / INSAT-3DR MOSDAC / Sentinel-3 SLSTR,0.5
6517,2026-08-21,14.0,93.0,28.86,1.16,5,GHRSST L4 / INSAT-3DR MOSDAC / Sentinel-3 SLSTR,0.5
6518,2026-08-21,14.0,93.5,28.86,1.16,5,GHRSST L4 / INSAT-3DR MOSDAC / Sentinel-3 SLSTR,0.5
6519,2026-08-21,14.0,94.0,28.46,0.76,5,GHRSST L4 / INSAT-3DR MOSDAC / Sentinel-3 SLSTR,0.5
6520,2026-08-21,14.5,68.0,28.66,1.01,5,GHRSST L4 / INSAT-3DR MOSDAC / Sentinel-3 SLSTR,0.5
6521,2026-08-21,14.5,68.5,28.57,0.92,5,GHRSST L4 / INSAT-3DR MOSDAC / Sentinel-3 SLSTR,0.5
6522,2026-08-21,14.5,69.0,28.48,0.83,5,GHRSST L4 / INSAT-3DR MOSDAC / Sentinel-3 SLSTR,0.5
6523,2026-08-21,14.5,69.5,28.7,1.05,5,GHRSST L4 / INSAT-3DR MOSDAC / Sentinel-3 SLSTR,0.5
6524,2026-08-21,14.5,70.0,28.59,0.94,5,GHRSST L4 / INSAT-3DR MOSDAC / Sentinel-3 SLSTR,0.5
6525,2026-08-21,14.5,70.5,28.19,0.54,5,GHRSST L4 / INSAT-3DR MOSDAC / Sentinel-3 SLSTR,0.5
6526,2026-08-21,14.5,71.0,28.72,1.07,5,GHRSST L4 / INSAT-3DR MOSDAC / Sentinel-3 SLSTR,0.5
6527,2026-08-21,14.5,83.0,28.32,0.67,5,GHRSST L4 / INSAT-3DR MOSDAC / Sentinel-3 SLSTR,0.5
6528,2026-08-21,14.5,83.5,28.57,0.92,5,GHRSST L4 / INSAT-3DR MOSDAC / Sentinel-3 SLSTR,0.5
6529,2026-08-21,14.5,84.0,28.67,1.02,5,GHRSST L4 / INSAT-3DR MOSDAC / Sentinel-3 SLSTR,0.5
6530,2026-08-21,14.5,84.5,28.76,1.11,5,GHRSST L4 / INSAT-3DR MOSDAC / Sentinel-3 SLSTR,0.5
6531,2026-08-21,14.5,85.0,28.78,1.13,5,GHRSST L4 / INSAT-3DR MOSDAC / Sentinel-3 SLSTR,0.5
6532,2026-08-21,14.5,85.5,28.78,1.13,5,GHRSST L4 / INSAT-3DR MOSDAC / Sentinel-3 SLSTR,0.5
6533,2026-08-21,14.5,86.0,28.59,0.94,5,GHRSST L4 / INSAT-3DR MOSDAC / Sentinel-3 SLSTR,0.5
6534,2026-08-21,14.5,86.5,28.57,0.92,5,GHRSST L4 / INSAT-3DR MOSDAC / Sentinel-3 SLSTR,0.5
6535,2026-08-21,14.5,87.0,28.14,0.49,5,GHRSST L4 / INSAT-3DR MOSDAC / Sentinel-3 SLSTR,0.5
6536,2026-08-21,14.5,87.5,28.19,0.54,5,GHRSST L4 / INSAT-3DR MOSDAC / Sentinel-3 SLSTR,0.5
6537,2026-08-21,14.5,88.0,28.4,0.75,5,GHRSST L4 / INSAT-3DR MOSDAC / Sentinel-3 SLSTR,0.5
6538,2026-08-21,14.5,88.5,28.68,1.03,5,GHRSST L4 / INSAT-3DR MOSDAC / Sentinel-3 SLSTR,0.5
6539,2026-08-21,14.5,89.0,28.54,0.89,5,GHRSST L4 / INSAT-3DR MOSDAC / Sentinel-3 SLSTR,0.5
6540,2026-08-21,14.5,89.5,28.29,0.64,5,GHRSST L4 / INSAT-3DR MOSDAC / Sentinel-3 SLSTR,0.5
6541,2026-08-21,14.5,90.0,28.22,0.57,5,GHRSST L4 / INSAT-3DR MOSDAC / Sentinel-3 SLSTR,0.5
6542,2026-08-21,14.5,90.5,28.46,0.81,5,GHRSST L4 / INSAT-3DR MOSDAC / Sentinel-3 SLSTR,0.5
6543,2026-08-21,14.5,91.0,28.77,1.12,5,GHRSST L4 / INSAT-3DR MOSDAC / Sentinel-3 SLSTR,0.5
6544,2026-08-21,14.5,91.5,28.17,0.52,5,GHRSST L4 / INSAT-3DR MOSDAC / Sentinel-3 SLSTR,0.5
6545,2026-08-21,14.5,92.0,28.45,0.8,5,GHRSST L4 / INSAT-3DR MOSDAC / Sentinel-3 SLSTR,0.5
6546,2026-08-21,14.5,92.5,28.17,0.52,5,GHRSST L4 / INSAT-3DR MOSDAC / Sentinel-3 SLSTR,0.5
6547,2026-08-21,14.5,93.0,28.31,0.66,5,GHRSST L4 / INSAT-3DR MOSDAC / Sentinel-3 SLSTR,0.5
6548,2026-08-21,14.5,93.5,28.8,1.15,5,GHRSST L4 / INSAT-3DR MOSDAC / Sentinel-3 SLSTR,0.5
6549,2026-08-21,14.5,94.0,28.2,0.55,5,GHRSST L4 / INSAT-3DR MOSDAC / Sentinel-3 SLSTR,0.5
6550,2026-08-21,15.0,68.0,28.11,0.51,5,GHRSST L4 / INSAT-3DR MOSDAC / Sentinel-3 SLSTR,0.5
6551,2026-08-21,15.0,68.5,28.13,0.53,5,GHRSST L4 / INSAT-3DR MOSDAC / Sentinel-3 SLSTR,0.5
6552,2026-08-21,15.0,69.0,28.55,0.95,5,GHRSST L4 / INSAT-3DR MOSDAC / Sentinel-3 SLSTR,0.5
6553,2026-08-21,15.0,69.5,28.08,0.48,5,GHRSST L4 / INSAT-3DR MOSDAC / Sentinel-3 SLSTR,0.5
6554,2026-08-21,15.0,70.0,28.35,0.75,5,GHRSST L4 / INSAT-3DR MOSDAC / Sentinel-3 SLSTR,0.5
6555,2026-08-21,15.0,70.5,28.74,1.14,5,GHRSST L4 / INSAT-3DR MOSDAC / Sentinel-3 SLSTR,0.5
6556,2026-08-21,15.0,83.0,28.12,0.52,5,GHRSST L4 / INSAT-3DR MOSDAC / Sentinel-3 SLSTR,0.5
6557,2026-08-21,15.0,83.5,28.72,1.12,5,GHRSST L4 / INSAT-3DR MOSDAC / Sentinel-3 SLSTR,0.5
6558,2026-08-21,15.0,84.0,28.15,0.55,5,GHRSST L4 / INSAT-3DR MOSDAC / Sentinel-3 SLSTR,0.5
6559,2026-08-21,15.0,84.5,28.16,0.56,5,GHRSST L4 / INSAT-3DR MOSDAC / Sentinel-3 SLSTR,0.5
6560,2026-08-21,15.0,85.0,28.49,0.89,5,GHRSST L4 / INSAT-3DR MOSDAC / Sentinel-3 SLSTR,0.5
6561,2026-08-21,15.0,85.5,28.24,0.64,5,GHRSST L4 / INSAT-3DR MOSDAC / Sentinel-3 SLSTR,0.5
6562,2026-08-21,15.0,86.0,28.07,0.47,5,GHRSST L4 / INSAT-3DR MOSDAC / Sentinel-3 SLSTR,0.5
6563,2026-08-21,15.0,86.5,28.59,0.99,5,GHRSST L4 / INSAT-3DR MOSDAC / Sentinel-3 SLSTR,0.5
6564,2026-08-21,15.0,87.0,28.33,0.73,5,GHRSST L4 / INSAT-3DR MOSDAC / Sentinel-3 SLSTR,0.5
6565,2026-08-21,15.0,87.5,28.71,1.11,5,GHRSST L4 / INSAT-3DR MOSDAC / Sentinel-3 SLSTR,0.5
6566,2026-08-21,15.0,88.0,28.26,0.66,5,GHRSST L4 / INSAT-3DR MOSDAC / Sentinel-3 SLSTR,0.5
6567,2026-08-21,15.0,88.5,28.54,0.94,5,GHRSST L4 / INSAT-3DR MOSDAC / Sentinel-3 SLSTR,0.5
6568,2026-08-21,15.0,89.0,28.3,0.7,5,GHRSST L4 / INSAT-3DR MOSDAC / Sentinel-3 SLSTR,0.5
6569,2026-08-21,15.0,89.5,28.17,0.57,5,GHRSST L4 / INSAT-3DR MOSDAC / Sentinel-3 SLSTR,0.5
6570,2026-08-21,15.0,90.0,28.75,1.15,5,GHRSST L4 / INSAT-3DR MOSDAC / Sentinel-3 SLSTR,0.5
6571,2026-08-21,15.0,90.5,28.48,0.88,5,GHRSST L4 / INSAT-3DR MOSDAC / Sentinel-3 SLSTR,0.5
6572,2026-08-21,15.0,91.0,28.66,1.06,5,GHRSST L4 / INSAT-3DR MOSDAC / Sentinel-3 SLSTR,0.5
6573,2026-08-21,15.0,91.5,28.25,0.65,5,GHRSST L4 / INSAT-3DR MOSDAC / Sentinel-3 SLSTR,0.5
6574,2026-08-21,15.0,92.0,28.35,0.75,5,GHRSST L4 / INSAT-3DR MOSDAC / Sentinel-3 SLSTR,0.5
6575,2026-08-21,15.0,92.5,28.4,0.8,5,GHRSST L4 / INSAT-3DR MOSDAC / Sentinel-3 SLSTR,0.5
6576,2026-08-21,15.0,93.0,28.51,0.91,5,GHRSST L4 / INSAT-3DR MOSDAC / Sentinel-3 SLSTR,0.5
6577,2026-08-21,15.0,93.5,28.35,0.75,5,GHRSST L4 / INSAT-3DR MOSDAC / Sentinel-3 SLSTR,0.5
6578,2026-08-21,15.0,94.0,28.24,0.64,5,GHRSST L4 / INSAT-3DR MOSDAC / Sentinel-3 SLSTR,0.5
6579,2026-08-21,15.5,68.0,28.14,0.59,5,GHRSST L4 / INSAT-3DR MOSDAC / Sentinel-3 SLSTR,0.5
6580,2026-08-21,15.5,68.5,28.43,0.88,5,GHRSST L4 / INSAT-3DR MOSDAC / Sentinel-3 SLSTR,0.5
6581,2026-08-21,15.5,69.0,28.18,0.63,5,GHRSST L4 / INSAT-3DR MOSDAC / Sentinel-3 SLSTR,0.5
6582,2026-08-21,15.5,69.5,28.29,0.74,5,GHRSST L4 / INSAT-3DR MOSDAC / Sentinel-3 SLSTR,0.5
6583,2026-08-21,15.5,70.0,28.03,0.48,5,GHRSST L4 / INSAT-3DR MOSDAC / Sentinel-3 SLSTR,0.5
6584,2026-08-21,15.5,70.5,28.19,0.64,5,GHRSST L4 / INSAT-3DR MOSDAC / Sentinel-3 SLSTR,0.5
6585,2026-08-21,15.5,83.5,28.35,0.8,5,GHRSST L4 / INSAT-3DR MOSDAC / Sentinel-3 SLSTR,0.5
6586,2026-08-21,15.5,84.0,28.57,1.02,5,GHRSST L4 / INSAT-3DR MOSDAC / Sentinel-3 SLSTR,0.5
6587,2026-08-21,15.5,84.5,28.27,0.72,5,GHRSST L4 / INSAT-3DR MOSDAC / Sentinel-3 SLSTR,0.5
6588,2026-08-21,15.5,85.0,28.22,0.67,5,GHRSST L4 / INSAT-3DR MOSDAC / Sentinel-3 SLSTR,0.5
6589,2026-08-21,15.5,85.5,28.37,0.82,5,GHRSST L4 / INSAT-3DR MOSDAC / Sentinel-3 SLSTR,0.5
6590,2026-08-21,15.5,86.0,28.04,0.49,5,GHRSST L4 / INSAT-3DR MOSDAC / Sentinel-3 SLSTR,0.5
6591,2026-08-21,15.5,86.5,28.26,0.71,5,GHRSST L4 / INSAT-3DR MOSDAC / Sentinel-3 SLSTR,0.5
6592,2026-08-21,15.5,87.0,28.1,0.55,5,GHRSST L4 / INSAT-3DR MOSDAC / Sentinel-3 SLSTR,0.5
6593,2026-08-21,15.5,87.5,28.19,0.64,5,GHRSST L4 / INSAT-3DR MOSDAC / Sentinel-3 SLSTR,0.5
6594,2026-08-21,15.5,88.0,28.28,0.73,5,GHRSST L4 / INSAT-3DR MOSDAC / Sentinel-3 SLSTR,0.5
6595,2026-08-21,15.5,88.5,28.05,0.5,5,GHRSST L4 / INSAT-3DR MOSDAC / Sentinel-3 SLSTR,0.5
6596,2026-08-21,15.5,89.0,28.57,1.02,5,GHRSST L4 / INSAT-3DR MOSDAC / Sentinel-3 SLSTR,0.5
6597,2026-08-21,15.5,89.5,28.2,0.65,5,GHRSST L4 / INSAT-3DR MOSDAC / Sentinel-3 SLSTR,0.5
6598,2026-08-21,15.5,90.0,28.17,0.62,5,GHRSST L4 / INSAT-3DR MOSDAC / Sentinel-3 SLSTR,0.5
6599,2026-08-21,15.5,90.5,28.25,0.7,5,GHRSST L4 / INSAT-3DR MOSDAC / Sentinel-3 SLSTR,0.5
6600,2026-08-21,15.5,91.0,28.27,0.72,5,GHRSST L4 / INSAT-3DR MOSDAC / Sentinel-3 SLSTR,0.5
6601,2026-08-21,15.5,91.5,28.58,1.03,5,GHRSST L4 / INSAT-3DR MOSDAC / Sentinel-3 SLSTR,0.5
6602,2026-08-21,15.5,92.0,28.21,0.66,5,GHRSST L4 / INSAT-3DR MOSDAC / Sentinel-3 SLSTR,0.5
6603,2026-08-21,15.5,92.5,28.33,0.78,5,GHRSST L4 / INSAT-3DR MOSDAC / Sentinel-3 SLSTR,0.5
6604,2026-08-21,15.5,93.0,28.36,0.81,5,GHRSST L4 / INSAT-3DR MOSDAC / Sentinel-3 SLSTR,0.5
6605,2026-08-21,15.5,93.5,28.22,0.67,5,GHRSST L4 / INSAT-3DR MOSDAC / Sentinel-3 SLSTR,0.5
6606,2026-08-21,15.5,94.0,28.56,1.01,5,GHRSST L4 / INSAT-3DR MOSDAC / Sentinel-3 SLSTR,0.5
6607,2026-08-21,16.0,68.0,28.39,0.89,5,GHRSST L4 / INSAT-3DR MOSDAC / Sentinel-3 SLSTR,0.5
6608,2026-08-21,16.0,68.5,28.45,0.95,5,GHRSST L4 / INSAT-3DR MOSDAC / Sentinel-3 SLSTR,0.5
6609,2026-08-21,16.0,69.0,27.99,0.49,5,GHRSST L4 / INSAT-3DR MOSDAC / Sentinel-3 SLSTR,0.5
6610,2026-08-21,16.0,69.5,28.52,1.02,5,GHRSST L4 / INSAT-3DR MOSDAC / Sentinel-3 SLSTR,0.5
6611,2026-08-21,16.0,70.0,28.12,0.62,5,GHRSST L4 / INSAT-3DR MOSDAC / Sentinel-3 SLSTR,0.5
6612,2026-08-21,16.0,70.5,28.01,0.51,5,GHRSST L4 / INSAT-3DR MOSDAC / Sentinel-3 SLSTR,0.5
6613,2026-08-21,16.0,83.5,28.41,0.91,5,GHRSST L4 / INSAT-3DR MOSDAC / Sentinel-3 SLSTR,0.5
6614,2026-08-21,16.0,84.0,28.1,0.6,5,GHRSST L4 / INSAT-3DR MOSDAC / Sentinel-3 SLSTR,0.5
6615,2026-08-21,16.0,84.5,28.23,0.73,5,GHRSST L4 / INSAT-3DR MOSDAC / Sentinel-3 SLSTR,0.5
6616,2026-08-21,16.0,85.0,28.45,0.95,5,GHRSST L4 / INSAT-3DR MOSDAC / Sentinel-3 SLSTR,0.5
6617,2026-08-21,16.0,85.5,28.02,0.52,5,GHRSST L4 / INSAT-3DR MOSDAC / Sentinel-3 SLSTR,0.5
6618,2026-08-21,16.0,86.0,28.04,0.54,5,GHRSST L4 / INSAT-3DR MOSDAC / Sentinel-3 SLSTR,0.5
6619,2026-08-21,16.0,86.5,28.42,0.92,5,GHRSST L4 / INSAT-3DR MOSDAC / Sentinel-3 SLSTR,0.5
6620,2026-08-21,16.0,87.0,28.26,0.76,5,GHRSST L4 / INSAT-3DR MOSDAC / Sentinel-3 SLSTR,0.5
6621,2026-08-21,16.0,87.5,28.1,0.6,5,GHRSST L4 / INSAT-3DR MOSDAC / Sentinel-3 SLSTR,0.5
6622,2026-08-21,16.0,88.0,28.31,0.81,5,GHRSST L4 / INSAT-3DR MOSDAC / Sentinel-3 SLSTR,0.5
6623,2026-08-21,16.0,88.5,28.38,0.88,5,GHRSST L4 / INSAT-3DR MOSDAC / Sentinel-3 SLSTR,0.5
6624,2026-08-21,16.0,89.0,28.23,0.73,5,GHRSST L4 / INSAT-3DR MOSDAC / Sentinel-3 SLSTR,0.5
6625,2026-08-21,16.0,89.5,28.07,0.57,5,GHRSST L4 / INSAT-3DR MOSDAC / Sentinel-3 SLSTR,0.5
6626,2026-08-21,16.0,90.0,28.4,0.9,5,GHRSST L4 / INSAT-3DR MOSDAC / Sentinel-3 SLSTR,0.5
6627,2026-08-21,16.0,90.5,28.03,0.53,5,GHRSST L4 / INSAT-3DR MOSDAC / Sentinel-3 SLSTR,0.5
6628,2026-08-21,16.0,91.0,28.41,0.91,5,GHRSST L4 / INSAT-3DR MOSDAC / Sentinel-3 SLSTR,0.5
6629,2026-08-21,16.0,91.5,28.14,0.64,5,GHRSST L4 / INSAT-3DR MOSDAC / Sentinel-3 SLSTR,0.5
6630,2026-08-21,16.0,92.0,27.95,0.45,5,GHRSST L4 / INSAT-3DR MOSDAC / Sentinel-3 SLSTR,0.5
6631,2026-08-21,16.0,92.5,28.28,0.78,5,GHRSST L4 / INSAT-3DR MOSDAC / Sentinel-3 SLSTR,0.5
6632,2026-08-21,16.0,93.0,28.17,0.67,5,GHRSST L4 / INSAT-3DR MOSDAC / Sentinel-3 SLSTR,0.5
6633,2026-08-21,16.0,93.5,28.11,0.61,5,GHRSST L4 / INSAT-3DR MOSDAC / Sentinel-3 SLSTR,0.5
6634,2026-08-21,16.0,94.0,28.3,0.8,5,GHRSST L4 / INSAT-3DR MOSDAC / Sentinel-3 SLSTR,0.5
6635,2026-08-21,16.5,68.0,28.13,0.68,5,GHRSST L4 / INSAT-3DR MOSDAC / Sentinel-3 SLSTR,0.5
6636,2026-08-21,16.5,68.5,28.1,0.65,5,GHRSST L4 / INSAT-3DR MOSDAC / Sentinel-3 SLSTR,0.5
6637,2026-08-21,16.5,69.0,28.42,0.97,5,GHRSST L4 / INSAT-3DR MOSDAC / Sentinel-3 SLSTR,0.5
6638,2026-08-21,16.5,69.5,27.95,0.5,5,GHRSST L4 / INSAT-3DR MOSDAC / Sentinel-3 SLSTR,0.5
6639,2026-08-21,16.5,70.0,28.17,0.72,5,GHRSST L4 / INSAT-3DR MOSDAC / Sentinel-3 SLSTR,0.5
6640,2026-08-21,16.5,70.5,28.06,0.61,5,GHRSST L4 / INSAT-3DR MOSDAC / Sentinel-3 SLSTR,0.5
6641,2026-08-21,16.5,84.0,28.09,0.64,5,GHRSST L4 / INSAT-3DR MOSDAC / Sentinel-3 SLSTR,0.5
6642,2026-08-21,16.5,84.5,28.2,0.75,5,GHRSST L4 / INSAT-3DR MOSDAC / Sentinel-3 SLSTR,0.5
6643,2026-08-21,16.5,85.0,28.54,1.09,5,GHRSST L4 / INSAT-3DR MOSDAC / Sentinel-3 SLSTR,0.5
6644,2026-08-21,16.5,85.5,28.35,0.9,5,GHRSST L4 / INSAT-3DR MOSDAC / Sentinel-3 SLSTR,0.5
6645,2026-08-21,16.5,86.0,28.03,0.58,5,GHRSST L4 / INSAT-3DR MOSDAC / Sentinel-3 SLSTR,0.5
6646,2026-08-21,16.5,86.5,28.29,0.84,5,GHRSST L4 / INSAT-3DR MOSDAC / Sentinel-3 SLSTR,0.5
6647,2026-08-21,16.5,87.0,28.0,0.55,5,GHRSST L4 / INSAT-3DR MOSDAC / Sentinel-3 SLSTR,0.5
6648,2026-08-21,16.5,87.5,28.51,1.06,5,GHRSST L4 / INSAT-3DR MOSDAC / Sentinel-3 SLSTR,0.5
6649,2026-08-21,16.5,88.0,28.19,0.74,5,GHRSST L4 / INSAT-3DR MOSDAC / Sentinel-3 SLSTR,0.5
6650,2026-08-21,16.5,88.5,28.55,1.1,5,GHRSST L4 / INSAT-3DR MOSDAC / Sentinel-3 SLSTR,0.5
6651,2026-08-21,16.5,89.0,28.35,0.9,5,GHRSST L4 / INSAT-3DR MOSDAC / Sentinel-3 SLSTR,0.5
6652,2026-08-21,16.5,89.5,28.47,1.02,5,GHRSST L4 / INSAT-3DR MOSDAC / Sentinel-3 SLSTR,0.5
6653,2026-08-21,16.5,90.0,28.02,0.57,5,GHRSST L4 / INSAT-3DR MOSDAC / Sentinel-3 SLSTR,0.5
6654,2026-08-21,16.5,90.5,28.49,1.04,5,GHRSST L4 / INSAT-3DR MOSDAC / Sentinel-3 SLSTR,0.5
6655,2026-08-21,16.5,91.0,28.02,0.57,5,GHRSST L4 / INSAT-3DR MOSDAC / Sentinel-3 SLSTR,0.5
6656,2026-08-21,16.5,91.5,28.57,1.12,5,GHRSST L4 / INSAT-3DR MOSDAC / Sentinel-3 SLSTR,0.5
6657,2026-08-21,16.5,92.0,28.09,0.64,5,GHRSST L4 / INSAT-3DR MOSDAC / Sentinel-3 SLSTR,0.5
6658,2026-08-21,16.5,92.5,28.37,0.92,5,GHRSST L4 / INSAT-3DR MOSDAC / Sentinel-3 SLSTR,0.5
6659,2026-08-21,16.5,93.0,28.27,0.82,5,GHRSST L4 / INSAT-3DR MOSDAC / Sentinel-3 SLSTR,0.5
6660,2026-08-21,16.5,93.5,28.22,0.77,5,GHRSST L4 / INSAT-3DR MOSDAC / Sentinel-3 SLSTR,0.5
6661,2026-08-21,16.5,94.0,28.19,0.74,5,GHRSST L4 / INSAT-3DR MOSDAC / Sentinel-3 SLSTR,0.5
6662,2026-08-21,17.0,68.0,28.1,0.7,5,GHRSST L4 / INSAT-3DR MOSDAC / Sentinel-3 SLSTR,0.5
6663,2026-08-21,17.0,68.5,28.04,0.64,5,GHRSST L4 / INSAT-3DR MOSDAC / Sentinel-3 SLSTR,0.5
6664,2026-08-21,17.0,69.0,28.25,0.85,5,GHRSST L4 / INSAT-3DR MOSDAC / Sentinel-3 SLSTR,0.5
6665,2026-08-21,17.0,69.5,28.52,1.12,5,GHRSST L4 / INSAT-3DR MOSDAC / Sentinel-3 SLSTR,0.5
6666,2026-08-21,17.0,70.0,28.3,0.9,5,GHRSST L4 / INSAT-3DR MOSDAC / Sentinel-3 SLSTR,0.5
6667,2026-08-21,17.0,84.0,28.36,0.96,5,GHRSST L4 / INSAT-3DR MOSDAC / Sentinel-3 SLSTR,0.5
6668,2026-08-21,17.0,84.5,28.29,0.89,5,GHRSST L4 / INSAT-3DR MOSDAC / Sentinel-3 SLSTR,0.5
6669,2026-08-21,17.0,85.0,28.19,0.79,5,GHRSST L4 / INSAT-3DR MOSDAC / Sentinel-3 SLSTR,0.5
6670,2026-08-21,17.0,85.5,28.4,1.0,5,GHRSST L4 / INSAT-3DR MOSDAC / Sentinel-3 SLSTR,0.5
6671,2026-08-21,17.0,86.0,28.06,0.66,5,GHRSST L4 / INSAT-3DR MOSDAC / Sentinel-3 SLSTR,0.5
6672,2026-08-21,17.0,86.5,28.02,0.62,5,GHRSST L4 / INSAT-3DR MOSDAC / Sentinel-3 SLSTR,0.5
6673,2026-08-21,17.0,87.0,28.1,0.7,5,GHRSST L4 / INSAT-3DR MOSDAC / Sentinel-3 SLSTR,0.5
6674,2026-08-21,17.0,87.5,28.24,0.84,5,GHRSST L4 / INSAT-3DR MOSDAC / Sentinel-3 SLSTR,0.5
6675,2026-08-21,17.0,88.0,27.83,0.43,5,GHRSST L4 / INSAT-3DR MOSDAC / Sentinel-3 SLSTR,0.5
6676,2026-08-21,17.0,88.5,28.41,1.01,5,GHRSST L4 / INSAT-3DR MOSDAC / Sentinel-3 SLSTR,0.5
6677,2026-08-21,17.0,89.0,28.04,0.64,5,GHRSST L4 / INSAT-3DR MOSDAC / Sentinel-3 SLSTR,0.5
6678,2026-08-21,17.0,89.5,28.25,0.85,5,GHRSST L4 / INSAT-3DR MOSDAC / Sentinel-3 SLSTR,0.5
6679,2026-08-21,17.0,90.0,27.87,0.47,5,GHRSST L4 / INSAT-3DR MOSDAC / Sentinel-3 SLSTR,0.5
6680,2026-08-21,17.0,90.5,28.13,0.73,5,GHRSST L4 / INSAT-3DR MOSDAC / Sentinel-3 SLSTR,0.5
6681,2026-08-21,17.0,91.0,27.88,0.48,5,GHRSST L4 / INSAT-3DR MOSDAC / Sentinel-3 SLSTR,0.5
6682,2026-08-21,17.0,91.5,27.84,0.44,5,GHRSST L4 / INSAT-3DR MOSDAC / Sentinel-3 SLSTR,0.5
6683,2026-08-21,17.0,92.0,28.38,0.98,5,GHRSST L4 / INSAT-3DR MOSDAC / Sentinel-3 SLSTR,0.5
6684,2026-08-21,17.0,92.5,28.11,0.71,5,GHRSST L4 / INSAT-3DR MOSDAC / Sentinel-3 SLSTR,0.5
6685,2026-08-21,17.0,93.0,28.4,1.0,5,GHRSST L4 / INSAT-3DR MOSDAC / Sentinel-3 SLSTR,0.5
6686,2026-08-21,17.0,93.5,28.07,0.67,5,GHRSST L4 / INSAT-3DR MOSDAC / Sentinel-3 SLSTR,0.5
6687,2026-08-21,17.0,94.0,28.28,0.88,5,GHRSST L4 / INSAT-3DR MOSDAC / Sentinel-3 SLSTR,0.5
6688,2026-08-21,17.5,68.0,27.84,0.49,5,GHRSST L4 / INSAT-3DR MOSDAC / Sentinel-3 SLSTR,0.5
6689,2026-08-21,17.5,68.5,27.9,0.55,5,GHRSST L4 / INSAT-3DR MOSDAC / Sentinel-3 SLSTR,0.5
6690,2026-08-21,17.5,69.0,28.1,0.75,5,GHRSST L4 / INSAT-3DR MOSDAC / Sentinel-3 SLSTR,0.5
6691,2026-08-21,17.5,69.5,28.08,0.73,5,GHRSST L4 / INSAT-3DR MOSDAC / Sentinel-3 SLSTR,0.5
6692,2026-08-21,17.5,70.0,27.91,0.56,5,GHRSST L4 / INSAT-3DR MOSDAC / Sentinel-3 SLSTR,0.5
6693,2026-08-21,17.5,84.5,28.38,1.03,5,GHRSST L4 / INSAT-3DR MOSDAC / Sentinel-3 SLSTR,0.5
6694,2026-08-21,17.5,85.0,27.97,0.62,5,GHRSST L4 / INSAT-3DR MOSDAC / Sentinel-3 SLSTR,0.5
6695,2026-08-21,17.5,85.5,28.07,0.72,5,GHRSST L4 / INSAT-3DR MOSDAC / Sentinel-3 SLSTR,0.5
6696,2026-08-21,17.5,86.0,28.01,0.66,5,GHRSST L4 / INSAT-3DR MOSDAC / Sentinel-3 SLSTR,0.5
6697,2026-08-21,17.5,86.5,28.47,1.12,5,GHRSST L4 / INSAT-3DR MOSDAC / Sentinel-3 SLSTR,0.5
6698,2026-08-21,17.5,87.0,28.01,0.66,5,GHRSST L4 / INSAT-3DR MOSDAC / Sentinel-3 SLSTR,0.5
6699,2026-08-21,17.5,87.5,27.96,0.61,5,GHRSST L4 / INSAT-3DR MOSDAC / Sentinel-3 SLSTR,0.5
6700,2026-08-21,17.5,88.0,28.4,1.05,5,GHRSST L4 / INSAT-3DR MOSDAC / Sentinel-3 SLSTR,0.5
6701,2026-08-21,17.5,88.5,27.88,0.53,5,GHRSST L4 / INSAT-3DR MOSDAC / Sentinel-3 SLSTR,0.5
6702,2026-08-21,17.5,89.0,28.41,1.06,5,GHRSST L4 / INSAT-3DR MOSDAC / Sentinel-3 SLSTR,0.5
6703,2026-08-21,17.5,89.5,28.17,0.82,5,GHRSST L4 / INSAT-3DR MOSDAC / Sentinel-3 SLSTR,0.5
6704,2026-08-21,17.5,90.0,27.93,0.58,5,GHRSST L4 / INSAT-3DR MOSDAC / Sentinel-3 SLSTR,0.5
6705,2026-08-21,17.5,90.5,27.95,0.6,5,GHRSST L4 / INSAT-3DR MOSDAC / Sentinel-3 SLSTR,0.5
6706,2026-08-21,17.5,91.0,28.27,0.92,5,GHRSST L4 / INSAT-3DR MOSDAC / Sentinel-3 SLSTR,0.5
6707,2026-08-21,17.5,91.5,27.8,0.45,5,GHRSST L4 / INSAT-3DR MOSDAC / Sentinel-3 SLSTR,0.5
6708,2026-08-21,17.5,92.0,28.27,0.92,5,GHRSST L4 / INSAT-3DR MOSDAC / Sentinel-3 SLSTR,0.5
6709,2026-08-21,17.5,92.5,27.99,0.64,5,GHRSST L4 / INSAT-3DR MOSDAC / Sentinel-3 SLSTR,0.5
6710,2026-08-21,17.5,93.0,28.34,0.99,5,GHRSST L4 / INSAT-3DR MOSDAC / Sentinel-3 SLSTR,0.5
6711,2026-08-21,17.5,93.5,27.86,0.51,5,GHRSST L4 / INSAT-3DR MOSDAC / Sentinel-3 SLSTR,0.5
6712,2026-08-21,17.5,94.0,27.94,0.59,5,GHRSST L4 / INSAT-3DR MOSDAC / Sentinel-3 SLSTR,0.5
6713,2026-08-21,18.0,68.0,28.02,0.72,5,GHRSST L4 / INSAT-3DR MOSDAC / Sentinel-3 SLSTR,0.5
6714,2026-08-21,18.0,68.5,28.33,1.03,5,GHRSST L4 / INSAT-3DR MOSDAC / Sentinel-3 SLSTR,0.5
6715,2026-08-21,18.0,69.0,27.91,0.61,5,GHRSST L4 / INSAT-3DR MOSDAC / Sentinel-3 SLSTR,0.5
6716,2026-08-21,18.0,69.5,28.3,1.0,5,GHRSST L4 / INSAT-3DR MOSDAC / Sentinel-3 SLSTR,0.5
6717,2026-08-21,18.0,70.0,27.78,0.48,5,GHRSST L4 / INSAT-3DR MOSDAC / Sentinel-3 SLSTR,0.5
6718,2026-08-21,18.0,84.5,27.83,0.53,5,GHRSST L4 / INSAT-3DR MOSDAC / Sentinel-3 SLSTR,0.5
6719,2026-08-21,18.0,85.0,27.82,0.52,5,GHRSST L4 / INSAT-3DR MOSDAC / Sentinel-3 SLSTR,0.5
6720,2026-08-21,18.0,85.5,28.14,0.84,5,GHRSST L4 / INSAT-3DR MOSDAC / Sentinel-3 SLSTR,0.5
6721,2026-08-21,18.0,86.0,27.98,0.68,5,GHRSST L4 / INSAT-3DR MOSDAC / Sentinel-3 SLSTR,0.5
6722,2026-08-21,18.0,86.5,28.31,1.01,5,GHRSST L4 / INSAT-3DR MOSDAC / Sentinel-3 SLSTR,0.5
6723,2026-08-21,18.0,87.0,28.05,0.75,5,GHRSST L4 / INSAT-3DR MOSDAC / Sentinel-3 SLSTR,0.5
6724,2026-08-21,18.0,87.5,28.3,1.0,5,GHRSST L4 / INSAT-3DR MOSDAC / Sentinel-3 SLSTR,0.5
6725,2026-08-21,18.0,88.0,27.88,0.58,5,GHRSST L4 / INSAT-3DR MOSDAC / Sentinel-3 SLSTR,0.5
6726,2026-08-21,18.0,88.5,28.36,1.06,5,GHRSST L4 / INSAT-3DR MOSDAC / Sentinel-3 SLSTR,0.5
6727,2026-08-21,18.0,89.0,28.15,0.85,5,GHRSST L4 / INSAT-3DR MOSDAC / Sentinel-3 SLSTR,0.5
6728,2026-08-21,18.0,89.5,28.06,0.76,5,GHRSST L4 / INSAT-3DR MOSDAC / Sentinel-3 SLSTR,0.5
6729,2026-08-21,18.0,90.0,28.14,0.84,5,GHRSST L4 / INSAT-3DR MOSDAC / Sentinel-3 SLSTR,0.5
6730,2026-08-21,18.0,90.5,28.35,1.05,5,GHRSST L4 / INSAT-3DR MOSDAC / Sentinel-3 SLSTR,0.5
6731,2026-08-21,18.0,91.0,27.95,0.65,5,GHRSST L4 / INSAT-3DR MOSDAC / Sentinel-3 SLSTR,0.5
6732,2026-08-21,18.0,91.5,27.88,0.58,5,GHRSST L4 / INSAT-3DR MOSDAC / Sentinel-3 SLSTR,0.5
6733,2026-08-21,18.0,92.0,27.88,0.58,5,GHRSST L4 / INSAT-3DR MOSDAC / Sentinel-3 SLSTR,0.5
6734,2026-08-21,18.0,92.5,28.39,1.09,5,GHRSST L4 / INSAT-3DR MOSDAC / Sentinel-3 SLSTR,0.5
6735,2026-08-21,18.0,93.0,27.95,0.65,5,GHRSST L4 / INSAT-3DR MOSDAC / Sentinel-3 SLSTR,0.5
6736,2026-08-21,18.0,93.5,28.33,1.03,5,GHRSST L4 / INSAT-3DR MOSDAC / Sentinel-3 SLSTR,0.5
6737,2026-08-21,18.0,94.0,27.81,0.51,5,GHRSST L4 / INSAT-3DR MOSDAC / Sentinel-3 SLSTR,0.5
6738,2026-08-21,18.5,68.0,27.95,0.7,5,GHRSST L4 / INSAT-3DR MOSDAC / Sentinel-3 SLSTR,0.5
6739,2026-08-21,18.5,68.5,28.08,0.83,5,GHRSST L4 / INSAT-3DR MOSDAC / Sentinel-3 SLSTR,0.5
6740,2026-08-21,18.5,69.0,28.32,1.07,5,GHRSST L4 / INSAT-3DR MOSDAC / Sentinel-3 SLSTR,0.5
6741,2026-08-21,18.5,69.5,28.12,0.87,5,GHRSST L4 / INSAT-3DR MOSDAC / Sentinel-3 SLSTR,0.5
6742,2026-08-21,18.5,70.0,27.65,0.4,5,GHRSST L4 / INSAT-3DR MOSDAC / Sentinel-3 SLSTR,0.5
6743,2026-08-21,18.5,84.5,28.18,0.93,5,GHRSST L4 / INSAT-3DR MOSDAC / Sentinel-3 SLSTR,0.5
6744,2026-08-21,18.5,85.0,28.1,0.85,5,GHRSST L4 / INSAT-3DR MOSDAC / Sentinel-3 SLSTR,0.5
6745,2026-08-21,18.5,85.5,27.78,0.53,5,GHRSST L4 / INSAT-3DR MOSDAC / Sentinel-3 SLSTR,0.5
6746,2026-08-21,18.5,86.0,28.08,0.83,5,GHRSST L4 / INSAT-3DR MOSDAC / Sentinel-3 SLSTR,0.5
6747,2026-08-21,18.5,86.5,28.3,1.05,5,GHRSST L4 / INSAT-3DR MOSDAC / Sentinel-3 SLSTR,0.5
6748,2026-08-21,18.5,87.0,27.65,0.4,5,GHRSST L4 / INSAT-3DR MOSDAC / Sentinel-3 SLSTR,0.5
6749,2026-08-21,18.5,87.5,28.33,1.08,5,GHRSST L4 / INSAT-3DR MOSDAC / Sentinel-3 SLSTR,0.5
6750,2026-08-21,18.5,88.0,27.86,0.61,5,GHRSST L4 / INSAT-3DR MOSDAC / Sentinel-3 SLSTR,0.5
6751,2026-08-21,18.5,88.5,28.08,0.83,5,GHRSST L4 / INSAT-3DR MOSDAC / Sentinel-3 SLSTR,0.5
6752,2026-08-21,18.5,89.0,27.84,0.59,5,GHRSST L4 / INSAT-3DR MOSDAC / Sentinel-3 SLSTR,0.5
6753,2026-08-21,18.5,89.5,28.16,0.91,5,GHRSST L4 / INSAT-3DR MOSDAC / Sentinel-3 SLSTR,0.5
6754,2026-08-21,18.5,90.0,28.01,0.76,5,GHRSST L4 / INSAT-3DR MOSDAC / Sentinel-3 SLSTR,0.5
6755,2026-08-21,18.5,90.5,27.83,0.58,5,GHRSST L4 / INSAT-3DR MOSDAC / Sentinel-3 SLSTR,0.5
6756,2026-08-21,18.5,91.0,28.0,0.75,5,GHRSST L4 / INSAT-3DR MOSDAC / Sentinel-3 SLSTR,0.5
6757,2026-08-21,18.5,91.5,27.9,0.65,5,GHRSST L4 / INSAT-3DR MOSDAC / Sentinel-3 SLSTR,0.5
6758,2026-08-21,18.5,92.0,27.82,0.57,5,GHRSST L4 / INSAT-3DR MOSDAC / Sentinel-3 SLSTR,0.5
6759,2026-08-21,18.5,92.5,28.06,0.81,5,GHRSST L4 / INSAT-3DR MOSDAC / Sentinel-3 SLSTR,0.5
6760,2026-08-21,18.5,93.0,28.1,0.85,5,GHRSST L4 / INSAT-3DR MOSDAC / Sentinel-3 SLSTR,0.5
6761,2026-08-21,18.5,93.5,27.75,0.5,5,GHRSST L4 / INSAT-3DR MOSDAC / Sentinel-3 SLSTR,0.5
6762,2026-08-21,18.5,94.0,28.3,1.05,5,GHRSST L4 / INSAT-3DR MOSDAC / Sentinel-3 SLSTR,0.5
6763,2026-08-21,19.0,68.0,27.59,0.39,5,GHRSST L4 / INSAT-3DR MOSDAC / Sentinel-3 SLSTR,0.5
6764,2026-08-21,19.0,68.5,27.78,0.58,5,GHRSST L4 / INSAT-3DR MOSDAC / Sentinel-3 SLSTR,0.5
6765,2026-08-21,19.0,69.0,27.83,0.63,5,GHRSST L4 / INSAT-3DR MOSDAC / Sentinel-3 SLSTR,0.5
6766,2026-08-21,19.0,69.5,27.64,0.44,5,GHRSST L4 / INSAT-3DR MOSDAC / Sentinel-3 SLSTR,0.5
6767,2026-08-21,19.0,85.0,27.65,0.45,5,GHRSST L4 / INSAT-3DR MOSDAC / Sentinel-3 SLSTR,0.5
6768,2026-08-21,19.0,85.5,28.18,0.98,5,GHRSST L4 / INSAT-3DR MOSDAC / Sentinel-3 SLSTR,0.5
6769,2026-08-21,19.0,86.0,27.84,0.64,5,GHRSST L4 / INSAT-3DR MOSDAC / Sentinel-3 SLSTR,0.5
6770,2026-08-21,19.0,86.5,27.85,0.65,5,GHRSST L4 / INSAT-3DR MOSDAC / Sentinel-3 SLSTR,0.5
6771,2026-08-21,19.0,87.0,28.07,0.87,5,GHRSST L4 / INSAT-3DR MOSDAC / Sentinel-3 SLSTR,0.5
6772,2026-08-21,19.0,87.5,28.1,0.9,5,GHRSST L4 / INSAT-3DR MOSDAC / Sentinel-3 SLSTR,0.5
6773,2026-08-21,19.0,88.0,28.09,0.89,5,GHRSST L4 / INSAT-3DR MOSDAC / Sentinel-3 SLSTR,0.5
6774,2026-08-21,19.0,88.5,27.92,0.72,5,GHRSST L4 / INSAT-3DR MOSDAC / Sentinel-3 SLSTR,0.5
6775,2026-08-21,19.0,89.0,28.08,0.88,5,GHRSST L4 / INSAT-3DR MOSDAC / Sentinel-3 SLSTR,0.5
6776,2026-08-21,19.0,89.5,28.24,1.04,5,GHRSST L4 / INSAT-3DR MOSDAC / Sentinel-3 SLSTR,0.5
6777,2026-08-21,19.0,90.0,27.68,0.48,5,GHRSST L4 / INSAT-3DR MOSDAC / Sentinel-3 SLSTR,0.5
6778,2026-08-21,19.0,90.5,27.99,0.79,5,GHRSST L4 / INSAT-3DR MOSDAC / Sentinel-3 SLSTR,0.5
6779,2026-08-21,19.0,91.0,28.21,1.01,5,GHRSST L4 / INSAT-3DR MOSDAC / Sentinel-3 SLSTR,0.5
6780,2026-08-21,19.0,91.5,28.27,1.07,5,GHRSST L4 / INSAT-3DR MOSDAC / Sentinel-3 SLSTR,0.5
6781,2026-08-21,19.0,92.0,27.65,0.45,5,GHRSST L4 / INSAT-3DR MOSDAC / Sentinel-3 SLSTR,0.5
6782,2026-08-21,19.0,92.5,28.25,1.05,5,GHRSST L4 / INSAT-3DR MOSDAC / Sentinel-3 SLSTR,0.5
6783,2026-08-21,19.0,93.0,28.1,0.9,5,GHRSST L4 / INSAT-3DR MOSDAC / Sentinel-3 SLSTR,0.5
6784,2026-08-21,19.0,93.5,28.1,0.9,5,GHRSST L4 / INSAT-3DR MOSDAC / Sentinel-3 SLSTR,0.5
6785,2026-08-21,19.0,94.0,27.69,0.49,5,GHRSST L4 / INSAT-3DR MOSDAC / Sentinel-3 SLSTR,0.5
6786,2026-08-21,19.5,68.0,27.93,0.78,5,GHRSST L4 / INSAT-3DR MOSDAC / Sentinel-3 SLSTR,0.5
6787,2026-08-21,19.5,68.5,27.78,0.63,5,GHRSST L4 / INSAT-3DR MOSDAC / Sentinel-3 SLSTR,0.5
6788,2026-08-21,19.5,69.0,27.94,0.79,5,GHRSST L4 / INSAT-3DR MOSDAC / Sentinel-3 SLSTR,0.5
6789,2026-08-21,19.5,69.5,28.05,0.9,5,GHRSST L4 / INSAT-3DR MOSDAC / Sentinel-3 SLSTR,0.5
6790,2026-08-21,19.5,85.0,27.66,0.51,5,GHRSST L4 / INSAT-3DR MOSDAC / Sentinel-3 SLSTR,0.5
6791,2026-08-21,19.5,85.5,27.64,0.49,5,GHRSST L4 / INSAT-3DR MOSDAC / Sentinel-3 SLSTR,0.5
6792,2026-08-21,19.5,86.0,27.78,0.63,5,GHRSST L4 / INSAT-3DR MOSDAC / Sentinel-3 SLSTR,0.5
6793,2026-08-21,19.5,86.5,27.98,0.83,5,GHRSST L4 / INSAT-3DR MOSDAC / Sentinel-3 SLSTR,0.5
6794,2026-08-21,19.5,87.0,28.0,0.85,5,GHRSST L4 / INSAT-3DR MOSDAC / Sentinel-3 SLSTR,0.5
6795,2026-08-21,19.5,87.5,27.96,0.81,5,GHRSST L4 / INSAT-3DR MOSDAC / Sentinel-3 SLSTR,0.5
6796,2026-08-21,19.5,88.0,28.12,0.97,5,GHRSST L4 / INSAT-3DR MOSDAC / Sentinel-3 SLSTR,0.5
6797,2026-08-21,19.5,88.5,28.04,0.89,5,GHRSST L4 / INSAT-3DR MOSDAC / Sentinel-3 SLSTR,0.5
6798,2026-08-21,19.5,89.0,27.88,0.73,5,GHRSST L4 / INSAT-3DR MOSDAC / Sentinel-3 SLSTR,0.5
6799,2026-08-21,19.5,89.5,27.87,0.72,5,GHRSST L4 / INSAT-3DR MOSDAC / Sentinel-3 SLSTR,0.5
6800,2026-08-21,19.5,90.0,28.09,0.94,5,GHRSST L4 / INSAT-3DR MOSDAC / Sentinel-3 SLSTR,0.5
6801,2026-08-21,19.5,90.5,28.15,1.0,5,GHRSST L4 / INSAT-3DR MOSDAC / Sentinel-3 SLSTR,0.5
6802,2026-08-21,19.5,91.0,28.12,0.97,5,GHRSST L4 / INSAT-3DR MOSDAC / Sentinel-3 SLSTR,0.5
6803,2026-08-21,19.5,91.5,27.88,0.73,5,GHRSST L4 / INSAT-3DR MOSDAC / Sentinel-3 SLSTR,0.5
6804,2026-08-21,19.5,92.0,27.94,0.79,5,GHRSST L4 / INSAT-3DR MOSDAC / Sentinel-3 SLSTR,0.5
6805,2026-08-21,19.5,92.5,28.08,0.93,5,GHRSST L4 / INSAT-3DR MOSDAC / Sentinel-3 SLSTR,0.5
6806,2026-08-21,19.5,93.0,27.94,0.79,5,GHRSST L4 / INSAT-3DR MOSDAC / Sentinel-3 SLSTR,0.5
6807,2026-08-21,19.5,93.5,27.69,0.54,5,GHRSST L4 / INSAT-3DR MOSDAC / Sentinel-3 SLSTR,0.5
6808,2026-08-21,19.5,94.0,28.15,1.0,5,GHRSST L4 / INSAT-3DR MOSDAC / Sentinel-3 SLSTR,0.5
6809,2026-08-21,20.0,68.0,27.82,0.72,5,GHRSST L4 / INSAT-3DR MOSDAC / Sentinel-3 SLSTR,0.5
6810,2026-08-21,20.0,68.5,28.16,1.06,5,GHRSST L4 / INSAT-3DR MOSDAC / Sentinel-3 SLSTR,0.5
6811,2026-08-21,20.0,69.0,27.86,0.76,5,GHRSST L4 / INSAT-3DR MOSDAC / Sentinel-3 SLSTR,0.5
6812,2026-08-21,20.0,69.5,27.74,0.64,5,GHRSST L4 / INSAT-3DR MOSDAC / Sentinel-3 SLSTR,0.5
6813,2026-08-21,20.0,70.0,27.62,0.52,5,GHRSST L4 / INSAT-3DR MOSDAC / Sentinel-3 SLSTR,0.5
6814,2026-08-21,20.0,70.5,27.71,0.61,5,GHRSST L4 / INSAT-3DR MOSDAC / Sentinel-3 SLSTR,0.5
6815,2026-08-21,20.0,71.0,27.62,0.52,5,GHRSST L4 / INSAT-3DR MOSDAC / Sentinel-3 SLSTR,0.5
6816,2026-08-21,20.0,71.5,28.12,1.02,5,GHRSST L4 / INSAT-3DR MOSDAC / Sentinel-3 SLSTR,0.5
6817,2026-08-21,20.0,72.0,27.89,0.79,5,GHRSST L4 / INSAT-3DR MOSDAC / Sentinel-3 SLSTR,0.5
6818,2026-08-21,20.0,72.5,28.04,0.94,5,GHRSST L4 / INSAT-3DR MOSDAC / Sentinel-3 SLSTR,0.5
6819,2026-08-21,20.0,73.0,27.62,0.52,5,GHRSST L4 / INSAT-3DR MOSDAC / Sentinel-3 SLSTR,0.5
6820,2026-08-21,20.0,73.5,27.51,0.41,5,GHRSST L4 / INSAT-3DR MOSDAC / Sentinel-3 SLSTR,0.5
6821,2026-08-21,20.0,74.0,27.76,0.66,5,GHRSST L4 / INSAT-3DR MOSDAC / Sentinel-3 SLSTR,0.5
6822,2026-08-21,20.0,74.5,28.13,1.03,5,GHRSST L4 / INSAT-3DR MOSDAC / Sentinel-3 SLSTR,0.5
6823,2026-08-21,20.0,75.0,27.55,0.45,5,GHRSST L4 / INSAT-3DR MOSDAC / Sentinel-3 SLSTR,0.5
6824,2026-08-21,20.0,75.5,28.02,0.92,5,GHRSST L4 / INSAT-3DR MOSDAC / Sentinel-3 SLSTR,0.5
6825,2026-08-21,20.0,76.0,27.51,0.41,5,GHRSST L4 / INSAT-3DR MOSDAC / Sentinel-3 SLSTR,0.5
6826,2026-08-21,20.0,76.5,27.59,0.49,5,GHRSST L4 / INSAT-3DR MOSDAC / Sentinel-3 SLSTR,0.5
6827,2026-08-21,20.0,77.0,27.98,0.88,5,GHRSST L4 / INSAT-3DR MOSDAC / Sentinel-3 SLSTR,0.5
6828,2026-08-21,20.0,77.5,27.62,0.52,5,GHRSST L4 / INSAT-3DR MOSDAC / Sentinel-3 SLSTR,0.5
6829,2026-08-21,20.0,78.0,27.49,0.39,5,GHRSST L4 / INSAT-3DR MOSDAC / Sentinel-3 SLSTR,0.5
6830,2026-08-21,20.0,78.5,27.62,0.52,5,GHRSST L4 / INSAT-3DR MOSDAC / Sentinel-3 SLSTR,0.5
6831,2026-08-21,20.0,79.0,27.98,0.88,5,GHRSST L4 / INSAT-3DR MOSDAC / Sentinel-3 SLSTR,0.5
6832,2026-08-21,20.0,79.5,27.84,0.74,5,GHRSST L4 / INSAT-3DR MOSDAC / Sentinel-3 SLSTR,0.5
6833,2026-08-21,20.0,80.0,27.85,0.75,5,GHRSST L4 / INSAT-3DR MOSDAC / Sentinel-3 SLSTR,0.5
6834,2026-08-21,20.0,80.5,27.76,0.66,5,GHRSST L4 / INSAT-3DR MOSDAC / Sentinel-3 SLSTR,0.5
6835,2026-08-21,20.0,81.0,27.57,0.47,5,GHRSST L4 / INSAT-3DR MOSDAC / Sentinel-3 SLSTR,0.5
6836,2026-08-21,20.0,81.5,27.62,0.52,5,GHRSST L4 / INSAT-3DR MOSDAC / Sentinel-3 SLSTR,0.5
6837,2026-08-21,20.0,82.0,27.6,0.5,5,GHRSST L4 / INSAT-3DR MOSDAC / Sentinel-3 SLSTR,0.5
6838,2026-08-21,20.0,82.5,27.97,0.87,5,GHRSST L4 / INSAT-3DR MOSDAC / Sentinel-3 SLSTR,0.5
6839,2026-08-21,20.0,83.0,28.06,0.96,5,GHRSST L4 / INSAT-3DR MOSDAC / Sentinel-3 SLSTR,0.5
6840,2026-08-21,20.0,83.5,27.64,0.54,5,GHRSST L4 / INSAT-3DR MOSDAC / Sentinel-3 SLSTR,0.5
6841,2026-08-21,20.0,84.0,27.59,0.49,5,GHRSST L4 / INSAT-3DR MOSDAC / Sentinel-3 SLSTR,0.5
6842,2026-08-21,20.0,84.5,27.65,0.55,5,GHRSST L4 / INSAT-3DR MOSDAC / Sentinel-3 SLSTR,0.5
6843,2026-08-21,20.0,85.0,28.13,1.03,5,GHRSST L4 / INSAT-3DR MOSDAC / Sentinel-3 SLSTR,0.5
6844,2026-08-21,20.0,85.5,27.62,0.52,5,GHRSST L4 / INSAT-3DR MOSDAC / Sentinel-3 SLSTR,0.5
6845,2026-08-21,20.0,86.0,27.95,0.85,5,GHRSST L4 / INSAT-3DR MOSDAC / Sentinel-3 SLSTR,0.5
6846,2026-08-21,20.0,86.5,27.55,0.45,5,GHRSST L4 / INSAT-3DR MOSDAC / Sentinel-3 SLSTR,0.5
6847,2026-08-21,20.0,87.0,27.93,0.83,5,GHRSST L4 / INSAT-3DR MOSDAC / Sentinel-3 SLSTR,0.5
6848,2026-08-21,20.0,87.5,27.64,0.54,5,GHRSST L4 / INSAT-3DR MOSDAC / Sentinel-3 SLSTR,0.5
6849,2026-08-21,20.0,88.0,28.06,0.96,5,GHRSST L4 / INSAT-3DR MOSDAC / Sentinel-3 SLSTR,0.5
6850,2026-08-21,20.0,88.5,27.49,0.39,5,GHRSST L4 / INSAT-3DR MOSDAC / Sentinel-3 SLSTR,0.5
6851,2026-08-21,20.0,89.0,27.82,0.72,5,GHRSST L4 / INSAT-3DR MOSDAC / Sentinel-3 SLSTR,0.5
6852,2026-08-21,20.0,89.5,27.93,0.83,5,GHRSST L4 / INSAT-3DR MOSDAC / Sentinel-3 SLSTR,0.5
6853,2026-08-21,20.0,90.0,27.99,0.89,5,GHRSST L4 / INSAT-3DR MOSDAC / Sentinel-3 SLSTR,0.5
6854,2026-08-21,20.0,90.5,28.1,1.0,5,GHRSST L4 / INSAT-3DR MOSDAC / Sentinel-3 SLSTR,0.5
6855,2026-08-21,20.0,91.0,27.91,0.81,5,GHRSST L4 / INSAT-3DR MOSDAC / Sentinel-3 SLSTR,0.5
6856,2026-08-21,20.0,91.5,27.56,0.46,5,GHRSST L4 / INSAT-3DR MOSDAC / Sentinel-3 SLSTR,0.5
6857,2026-08-21,20.0,92.0,27.98,0.88,5,GHRSST L4 / INSAT-3DR MOSDAC / Sentinel-3 SLSTR,0.5
6858,2026-08-21,20.0,92.5,27.84,0.74,5,GHRSST L4 / INSAT-3DR MOSDAC / Sentinel-3 SLSTR,0.5
6859,2026-08-21,20.0,93.0,27.54,0.44,5,GHRSST L4 / INSAT-3DR MOSDAC / Sentinel-3 SLSTR,0.5
6860,2026-08-21,20.0,93.5,27.57,0.47,5,GHRSST L4 / INSAT-3DR MOSDAC / Sentinel-3 SLSTR,0.5
6861,2026-08-21,20.0,94.0,28.05,0.95,5,GHRSST L4 / INSAT-3DR MOSDAC / Sentinel-3 SLSTR,0.5
6862,2026-08-21,20.5,68.0,27.81,0.76,5,GHRSST L4 / INSAT-3DR MOSDAC / Sentinel-3 SLSTR,0.5
6863,2026-08-21,20.5,68.5,27.52,0.47,5,GHRSST L4 / INSAT-3DR MOSDAC / Sentinel-3 SLSTR,0.5
6864,2026-08-21,20.5,69.0,27.96,0.91,5,GHRSST L4 / INSAT-3DR MOSDAC / Sentinel-3 SLSTR,0.5
6865,2026-08-21,20.5,69.5,27.82,0.77,5,GHRSST L4 / INSAT-3DR MOSDAC / Sentinel-3 SLSTR,0.5
6866,2026-08-21,20.5,70.0,27.53,0.48,5,GHRSST L4 / INSAT-3DR MOSDAC / Sentinel-3 SLSTR,0.5
6867,2026-08-21,20.5,70.5,27.72,0.67,5,GHRSST L4 / INSAT-3DR MOSDAC / Sentinel-3 SLSTR,0.5
6868,2026-08-21,20.5,71.0,28.06,1.01,5,GHRSST L4 / INSAT-3DR MOSDAC / Sentinel-3 SLSTR,0.5
6869,2026-08-21,20.5,71.5,27.94,0.89,5,GHRSST L4 / INSAT-3DR MOSDAC / Sentinel-3 SLSTR,0.5
6870,2026-08-21,20.5,72.0,27.68,0.63,5,GHRSST L4 / INSAT-3DR MOSDAC / Sentinel-3 SLSTR,0.5
6871,2026-08-21,20.5,72.5,27.41,0.36,5,GHRSST L4 / INSAT-3DR MOSDAC / Sentinel-3 SLSTR,0.5
6872,2026-08-21,20.5,73.0,27.57,0.52,5,GHRSST L4 / INSAT-3DR MOSDAC / Sentinel-3 SLSTR,0.5
6873,2026-08-21,20.5,73.5,27.54,0.49,5,GHRSST L4 / INSAT-3DR MOSDAC / Sentinel-3 SLSTR,0.5
6874,2026-08-21,20.5,74.0,27.67,0.62,5,GHRSST L4 / INSAT-3DR MOSDAC / Sentinel-3 SLSTR,0.5
6875,2026-08-21,20.5,74.5,28.03,0.98,5,GHRSST L4 / INSAT-3DR MOSDAC / Sentinel-3 SLSTR,0.5
6876,2026-08-21,20.5,75.0,27.54,0.49,5,GHRSST L4 / INSAT-3DR MOSDAC / Sentinel-3 SLSTR,0.5
6877,2026-08-21,20.5,75.5,27.44,0.39,5,GHRSST L4 / INSAT-3DR MOSDAC / Sentinel-3 SLSTR,0.5
6878,2026-08-21,20.5,76.0,27.5,0.45,5,GHRSST L4 / INSAT-3DR MOSDAC / Sentinel-3 SLSTR,0.5
6879,2026-08-21,20.5,76.5,27.72,0.67,5,GHRSST L4 / INSAT-3DR MOSDAC / Sentinel-3 SLSTR,0.5
6880,2026-08-21,20.5,77.0,27.46,0.41,5,GHRSST L4 / INSAT-3DR MOSDAC / Sentinel-3 SLSTR,0.5
6881,2026-08-21,20.5,77.5,27.8,0.75,5,GHRSST L4 / INSAT-3DR MOSDAC / Sentinel-3 SLSTR,0.5
6882,2026-08-21,20.5,78.0,27.6,0.55,5,GHRSST L4 / INSAT-3DR MOSDAC / Sentinel-3 SLSTR,0.5
6883,2026-08-21,20.5,78.5,27.67,0.62,5,GHRSST L4 / INSAT-3DR MOSDAC / Sentinel-3 SLSTR,0.5
6884,2026-08-21,20.5,79.0,27.52,0.47,5,GHRSST L4 / INSAT-3DR MOSDAC / Sentinel-3 SLSTR,0.5
6885,2026-08-21,20.5,79.5,27.93,0.88,5,GHRSST L4 / INSAT-3DR MOSDAC / Sentinel-3 SLSTR,0.5
6886,2026-08-21,20.5,80.0,27.68,0.63,5,GHRSST L4 / INSAT-3DR MOSDAC / Sentinel-3 SLSTR,0.5
6887,2026-08-21,20.5,80.5,27.49,0.44,5,GHRSST L4 / INSAT-3DR MOSDAC / Sentinel-3 SLSTR,0.5
6888,2026-08-21,20.5,81.0,27.66,0.61,5,GHRSST L4 / INSAT-3DR MOSDAC / Sentinel-3 SLSTR,0.5
6889,2026-08-21,20.5,81.5,28.1,1.05,5,GHRSST L4 / INSAT-3DR MOSDAC / Sentinel-3 SLSTR,0.5
6890,2026-08-21,20.5,82.0,27.91,0.86,5,GHRSST L4 / INSAT-3DR MOSDAC / Sentinel-3 SLSTR,0.5
6891,2026-08-21,20.5,82.5,28.02,0.97,5,GHRSST L4 / INSAT-3DR MOSDAC / Sentinel-3 SLSTR,0.5
6892,2026-08-21,20.5,83.0,28.03,0.98,5,GHRSST L4 / INSAT-3DR MOSDAC / Sentinel-3 SLSTR,0.5
6893,2026-08-21,20.5,83.5,27.79,0.74,5,GHRSST L4 / INSAT-3DR MOSDAC / Sentinel-3 SLSTR,0.5
6894,2026-08-21,20.5,84.0,27.8,0.75,5,GHRSST L4 / INSAT-3DR MOSDAC / Sentinel-3 SLSTR,0.5
6895,2026-08-21,20.5,84.5,28.04,0.99,5,GHRSST L4 / INSAT-3DR MOSDAC / Sentinel-3 SLSTR,0.5
6896,2026-08-21,20.5,85.0,28.02,0.97,5,GHRSST L4 / INSAT-3DR MOSDAC / Sentinel-3 SLSTR,0.5
6897,2026-08-21,20.5,85.5,27.91,0.86,5,GHRSST L4 / INSAT-3DR MOSDAC / Sentinel-3 SLSTR,0.5
6898,2026-08-21,20.5,86.0,27.99,0.94,5,GHRSST L4 / INSAT-3DR MOSDAC / Sentinel-3 SLSTR,0.5
6899,2026-08-21,20.5,86.5,27.93,0.88,5,GHRSST L4 / INSAT-3DR MOSDAC / Sentinel-3 SLSTR,0.5
6900,2026-08-21,20.5,87.0,27.63,0.58,5,GHRSST L4 / INSAT-3DR MOSDAC / Sentinel-3 SLSTR,0.5
6901,2026-08-21,20.5,87.5,27.49,0.44,5,GHRSST L4 / INSAT-3DR MOSDAC / Sentinel-3 SLSTR,0.5
6902,2026-08-21,20.5,88.0,27.91,0.86,5,GHRSST L4 / INSAT-3DR MOSDAC / Sentinel-3 SLSTR,0.5
6903,2026-08-21,20.5,88.5,28.04,0.99,5,GHRSST L4 / INSAT-3DR MOSDAC / Sentinel-3 SLSTR,0.5
6904,2026-08-21,20.5,89.0,28.09,1.04,5,GHRSST L4 / INSAT-3DR MOSDAC / Sentinel-3 SLSTR,0.5
6905,2026-08-21,20.5,89.5,27.44,0.39,5,GHRSST L4 / INSAT-3DR MOSDAC / Sentinel-3 SLSTR,0.5
6906,2026-08-21,20.5,90.0,27.86,0.81,5,GHRSST L4 / INSAT-3DR MOSDAC / Sentinel-3 SLSTR,0.5
6907,2026-08-21,20.5,90.5,27.84,0.79,5,GHRSST L4 / INSAT-3DR MOSDAC / Sentinel-3 SLSTR,0.5
6908,2026-08-21,20.5,91.0,27.67,0.62,5,GHRSST L4 / INSAT-3DR MOSDAC / Sentinel-3 SLSTR,0.5
6909,2026-08-21,20.5,91.5,27.8,0.75,5,GHRSST L4 / INSAT-3DR MOSDAC / Sentinel-3 SLSTR,0.5
6910,2026-08-21,20.5,92.0,27.73,0.68,5,GHRSST L4 / INSAT-3DR MOSDAC / Sentinel-3 SLSTR,0.5
6911,2026-08-21,20.5,92.5,28.06,1.01,5,GHRSST L4 / INSAT-3DR MOSDAC / Sentinel-3 SLSTR,0.5
6912,2026-08-21,20.5,93.0,27.62,0.57,5,GHRSST L4 / INSAT-3DR MOSDAC / Sentinel-3 SLSTR,0.5
6913,2026-08-21,20.5,93.5,27.54,0.49,5,GHRSST L4 / INSAT-3DR MOSDAC / Sentinel-3 SLSTR,0.5
6914,2026-08-21,20.5,94.0,27.88,0.83,5,GHRSST L4 / INSAT-3DR MOSDAC / Sentinel-3 SLSTR,0.5
6915,2026-08-21,21.0,68.0,27.55,0.55,5,GHRSST L4 / INSAT-3DR MOSDAC / Sentinel-3 SLSTR,0.5
6916,2026-08-21,21.0,68.5,27.39,0.39,5,GHRSST L4 / INSAT-3DR MOSDAC / Sentinel-3 SLSTR,0.5
6917,2026-08-21,21.0,69.0,27.91,0.91,5,GHRSST L4 / INSAT-3DR MOSDAC / Sentinel-3 SLSTR,0.5
6918,2026-08-21,21.0,69.5,27.58,0.58,5,GHRSST L4 / INSAT-3DR MOSDAC / Sentinel-3 SLSTR,0.5
6919,2026-08-21,21.0,70.0,28.04,1.04,5,GHRSST L4 / INSAT-3DR MOSDAC / Sentinel-3 SLSTR,0.5
6920,2026-08-21,21.0,70.5,27.57,0.57,5,GHRSST L4 / INSAT-3DR MOSDAC / Sentinel-3 SLSTR,0.5
6921,2026-08-21,21.0,71.0,27.74,0.74,5,GHRSST L4 / INSAT-3DR MOSDAC / Sentinel-3 SLSTR,0.5
6922,2026-08-21,21.0,71.5,27.46,0.46,5,GHRSST L4 / INSAT-3DR MOSDAC / Sentinel-3 SLSTR,0.5
6923,2026-08-21,21.0,72.0,27.72,0.72,5,GHRSST L4 / INSAT-3DR MOSDAC / Sentinel-3 SLSTR,0.5
6924,2026-08-21,21.0,72.5,27.54,0.54,5,GHRSST L4 / INSAT-3DR MOSDAC / Sentinel-3 SLSTR,0.5
6925,2026-08-21,21.0,73.0,27.83,0.83,5,GHRSST L4 / INSAT-3DR MOSDAC / Sentinel-3 SLSTR,0.5
6926,2026-08-21,21.0,73.5,27.37,0.37,5,GHRSST L4 / INSAT-3DR MOSDAC / Sentinel-3 SLSTR,0.5
6927,2026-08-21,21.0,74.0,27.84,0.84,5,GHRSST L4 / INSAT-3DR MOSDAC / Sentinel-3 SLSTR,0.5
6928,2026-08-21,21.0,74.5,27.71,0.71,5,GHRSST L4 / INSAT-3DR MOSDAC / Sentinel-3 SLSTR,0.5
6929,2026-08-21,21.0,75.0,27.62,0.62,5,GHRSST L4 / INSAT-3DR MOSDAC / Sentinel-3 SLSTR,0.5
6930,2026-08-21,21.0,75.5,27.4,0.4,5,GHRSST L4 / INSAT-3DR MOSDAC / Sentinel-3 SLSTR,0.5
6931,2026-08-21,21.0,76.0,27.39,0.39,5,GHRSST L4 / INSAT-3DR MOSDAC / Sentinel-3 SLSTR,0.5
6932,2026-08-21,21.0,76.5,27.9,0.9,5,GHRSST L4 / INSAT-3DR MOSDAC / Sentinel-3 SLSTR,0.5
6933,2026-08-21,21.0,77.0,27.87,0.87,5,GHRSST L4 / INSAT-3DR MOSDAC / Sentinel-3 SLSTR,0.5
6934,2026-08-21,21.0,77.5,27.68,0.68,5,GHRSST L4 / INSAT-3DR MOSDAC / Sentinel-3 SLSTR,0.5
6935,2026-08-21,21.0,78.0,27.35,0.35,5,GHRSST L4 / INSAT-3DR MOSDAC / Sentinel-3 SLSTR,0.5
6936,2026-08-21,21.0,78.5,27.92,0.92,5,GHRSST L4 / INSAT-3DR MOSDAC / Sentinel-3 SLSTR,0.5
6937,2026-08-21,21.0,79.0,27.82,0.82,5,GHRSST L4 / INSAT-3DR MOSDAC / Sentinel-3 SLSTR,0.5
6938,2026-08-21,21.0,79.5,27.4,0.4,5,GHRSST L4 / INSAT-3DR MOSDAC / Sentinel-3 SLSTR,0.5
6939,2026-08-21,21.0,80.0,27.54,0.54,5,GHRSST L4 / INSAT-3DR MOSDAC / Sentinel-3 SLSTR,0.5
6940,2026-08-21,21.0,80.5,27.4,0.4,5,GHRSST L4 / INSAT-3DR MOSDAC / Sentinel-3 SLSTR,0.5
6941,2026-08-21,21.0,81.0,27.96,0.96,5,GHRSST L4 / INSAT-3DR MOSDAC / Sentinel-3 SLSTR,0.5
6942,2026-08-21,21.0,81.5,27.7,0.7,5,GHRSST L4 / INSAT-3DR MOSDAC / Sentinel-3 SLSTR,0.5
6943,2026-08-21,21.0,82.0,27.61,0.61,5,GHRSST L4 / INSAT-3DR MOSDAC / Sentinel-3 SLSTR,0.5
6944,2026-08-21,21.0,82.5,27.79,0.79,5,GHRSST L4 / INSAT-3DR MOSDAC / Sentinel-3 SLSTR,0.5
6945,2026-08-21,21.0,83.0,27.87,0.87,5,GHRSST L4 / INSAT-3DR MOSDAC / Sentinel-3 SLSTR,0.5
6946,2026-08-21,21.0,83.5,27.81,0.81,5,GHRSST L4 / INSAT-3DR MOSDAC / Sentinel-3 SLSTR,0.5
6947,2026-08-21,21.0,84.0,27.93,0.93,5,GHRSST L4 / INSAT-3DR MOSDAC / Sentinel-3 SLSTR,0.5
6948,2026-08-21,21.0,84.5,27.77,0.77,5,GHRSST L4 / INSAT-3DR MOSDAC / Sentinel-3 SLSTR,0.5
6949,2026-08-21,21.0,85.0,27.35,0.35,5,GHRSST L4 / INSAT-3DR MOSDAC / Sentinel-3 SLSTR,0.5
6950,2026-08-21,21.0,85.5,27.45,0.45,5,GHRSST L4 / INSAT-3DR MOSDAC / Sentinel-3 SLSTR,0.5
6951,2026-08-21,21.0,86.0,27.96,0.96,5,GHRSST L4 / INSAT-3DR MOSDAC / Sentinel-3 SLSTR,0.5
6952,2026-08-21,21.0,86.5,27.44,0.44,5,GHRSST L4 / INSAT-3DR MOSDAC / Sentinel-3 SLSTR,0.5
6953,2026-08-21,21.0,87.0,27.78,0.78,5,GHRSST L4 / INSAT-3DR MOSDAC / Sentinel-3 SLSTR,0.5
6954,2026-08-21,21.0,87.5,27.49,0.49,5,GHRSST L4 / INSAT-3DR MOSDAC / Sentinel-3 SLSTR,0.5
6955,2026-08-21,21.0,88.0,28.02,1.02,5,GHRSST L4 / INSAT-3DR MOSDAC / Sentinel-3 SLSTR,0.5
6956,2026-08-21,21.0,88.5,27.51,0.51,5,GHRSST L4 / INSAT-3DR MOSDAC / Sentinel-3 SLSTR,0.5
6957,2026-08-21,21.0,89.0,27.6,0.6,5,GHRSST L4 / INSAT-3DR MOSDAC / Sentinel-3 SLSTR,0.5
6958,2026-08-21,21.0,89.5,27.89,0.89,5,GHRSST L4 / INSAT-3DR MOSDAC / Sentinel-3 SLSTR,0.5
6959,2026-08-21,21.0,90.0,27.81,0.81,5,GHRSST L4 / INSAT-3DR MOSDAC / Sentinel-3 SLSTR,0.5
6960,2026-08-21,21.0,90.5,27.58,0.58,5,GHRSST L4 / INSAT-3DR MOSDAC / Sentinel-3 SLSTR,0.5
6961,2026-08-21,21.0,91.0,27.84,0.84,5,GHRSST L4 / INSAT-3DR MOSDAC / Sentinel-3 SLSTR,0.5
6962,2026-08-21,21.0,91.5,28.04,1.04,5,GHRSST L4 / INSAT-3DR MOSDAC / Sentinel-3 SLSTR,0.5
6963,2026-08-21,21.0,92.0,27.45,0.45,5,GHRSST L4 / INSAT-3DR MOSDAC / Sentinel-3 SLSTR,0.5
6964,2026-08-21,21.0,92.5,27.52,0.52,5,GHRSST L4 / INSAT-3DR MOSDAC / Sentinel-3 SLSTR,0.5
6965,2026-08-21,21.0,93.0,27.66,0.66,5,GHRSST L4 / INSAT-3DR MOSDAC / Sentinel-3 SLSTR,0.5
6966,2026-08-21,21.0,93.5,27.57,0.57,5,GHRSST L4 / INSAT-3DR MOSDAC / Sentinel-3 SLSTR,0.5
6967,2026-08-21,21.0,94.0,27.57,0.57,5,GHRSST L4 / INSAT-3DR MOSDAC / Sentinel-3 SLSTR,0.5
6968,2026-08-21,21.5,68.0,27.59,0.64,5,GHRSST L4 / INSAT-3DR MOSDAC / Sentinel-3 SLSTR,0.5
6969,2026-08-21,21.5,68.5,27.84,0.89,5,GHRSST L4 / INSAT-3DR MOSDAC / Sentinel-3 SLSTR,0.5
6970,2026-08-21,21.5,69.0,27.54,0.59,5,GHRSST L4 / INSAT-3DR MOSDAC / Sentinel-3 SLSTR,0.5
6971,2026-08-21,21.5,69.5,27.47,0.52,5,GHRSST L4 / INSAT-3DR MOSDAC / Sentinel-3 SLSTR,0.5
6972,2026-08-21,21.5,70.0,27.68,0.73,5,GHRSST L4 / INSAT-3DR MOSDAC / Sentinel-3 SLSTR,0.5
6973,2026-08-21,21.5,70.5,27.9,0.95,5,GHRSST L4 / INSAT-3DR MOSDAC / Sentinel-3 SLSTR,0.5
6974,2026-08-21,21.5,71.0,27.78,0.83,5,GHRSST L4 / INSAT-3DR MOSDAC / Sentinel-3 SLSTR,0.5
6975,2026-08-21,21.5,71.5,27.53,0.58,5,GHRSST L4 / INSAT-3DR MOSDAC / Sentinel-3 SLSTR,0.5
6976,2026-08-21,21.5,72.0,27.97,1.02,5,GHRSST L4 / INSAT-3DR MOSDAC / Sentinel-3 SLSTR,0.5
6977,2026-08-21,21.5,72.5,27.77,0.82,5,GHRSST L4 / INSAT-3DR MOSDAC / Sentinel-3 SLSTR,0.5
6978,2026-08-21,21.5,73.0,27.39,0.44,5,GHRSST L4 / INSAT-3DR MOSDAC / Sentinel-3 SLSTR,0.5
6979,2026-08-21,21.5,73.5,27.78,0.83,5,GHRSST L4 / INSAT-3DR MOSDAC / Sentinel-3 SLSTR,0.5
6980,2026-08-21,21.5,74.0,27.92,0.97,5,GHRSST L4 / INSAT-3DR MOSDAC / Sentinel-3 SLSTR,0.5
6981,2026-08-21,21.5,74.5,27.62,0.67,5,GHRSST L4 / INSAT-3DR MOSDAC / Sentinel-3 SLSTR,0.5
6982,2026-08-21,21.5,75.0,27.8,0.85,5,GHRSST L4 / INSAT-3DR MOSDAC / Sentinel-3 SLSTR,0.5
6983,2026-08-21,21.5,75.5,27.4,0.45,5,GHRSST L4 / INSAT-3DR MOSDAC / Sentinel-3 SLSTR,0.5
6984,2026-08-21,21.5,76.0,27.37,0.42,5,GHRSST L4 / INSAT-3DR MOSDAC / Sentinel-3 SLSTR,0.5
6985,2026-08-21,21.5,76.5,27.73,0.78,5,GHRSST L4 / INSAT-3DR MOSDAC / Sentinel-3 SLSTR,0.5
6986,2026-08-21,21.5,77.0,27.57,0.62,5,GHRSST L4 / INSAT-3DR MOSDAC / Sentinel-3 SLSTR,0.5
6987,2026-08-21,21.5,77.5,27.61,0.66,5,GHRSST L4 / INSAT-3DR MOSDAC / Sentinel-3 SLSTR,0.5
6988,2026-08-21,21.5,78.0,27.51,0.56,5,GHRSST L4 / INSAT-3DR MOSDAC / Sentinel-3 SLSTR,0.5
6989,2026-08-21,21.5,78.5,27.61,0.66,5,GHRSST L4 / INSAT-3DR MOSDAC / Sentinel-3 SLSTR,0.5
6990,2026-08-21,21.5,79.0,27.36,0.41,5,GHRSST L4 / INSAT-3DR MOSDAC / Sentinel-3 SLSTR,0.5
6991,2026-08-21,21.5,79.5,27.37,0.42,5,GHRSST L4 / INSAT-3DR MOSDAC / Sentinel-3 SLSTR,0.5
6992,2026-08-21,21.5,80.0,27.6,0.65,5,GHRSST L4 / INSAT-3DR MOSDAC / Sentinel-3 SLSTR,0.5
6993,2026-08-21,21.5,80.5,27.61,0.66,5,GHRSST L4 / INSAT-3DR MOSDAC / Sentinel-3 SLSTR,0.5
6994,2026-08-21,21.5,81.0,27.9,0.95,5,GHRSST L4 / INSAT-3DR MOSDAC / Sentinel-3 SLSTR,0.5
6995,2026-08-21,21.5,81.5,27.52,0.57,5,GHRSST L4 / INSAT-3DR MOSDAC / Sentinel-3 SLSTR,0.5
6996,2026-08-21,21.5,82.0,27.76,0.81,5,GHRSST L4 / INSAT-3DR MOSDAC / Sentinel-3 SLSTR,0.5
6997,2026-08-21,21.5,82.5,27.5,0.55,5,GHRSST L4 / INSAT-3DR MOSDAC / Sentinel-3 SLSTR,0.5
6998,2026-08-21,21.5,83.0,27.51,0.56,5,GHRSST L4 / INSAT-3DR MOSDAC / Sentinel-3 SLSTR,0.5
6999,2026-08-21,21.5,83.5,27.79,0.84,5,GHRSST L4 / INSAT-3DR MOSDAC / Sentinel-3 SLSTR,0.5
7000,2026-08-21,21.5,84.0,27.68,0.73,5,GHRSST L4 / INSAT-3DR MOSDAC / Sentinel-3 SLSTR,0.5
7001,2026-08-21,21.5,84.5,27.55,0.6,5,GHRSST L4 / INSAT-3DR MOSDAC / Sentinel-3 SLSTR,0.5
7002,2026-08-21,21.5,85.0,27.63,0.68,5,GHRSST L4 / INSAT-3DR MOSDAC / Sentinel-3 SLSTR,0.5
7003,2026-08-21,21.5,85.5,27.88,0.93,5,GHRSST L4 / INSAT-3DR MOSDAC / Sentinel-3 SLSTR,0.5
7004,2026-08-21,21.5,86.0,27.81,0.86,5,GHRSST L4 / INSAT-3DR MOSDAC / Sentinel-3 SLSTR,0.5
7005,2026-08-21,21.5,86.5,27.94,0.99,5,GHRSST L4 / INSAT-3DR MOSDAC / Sentinel-3 SLSTR,0.5
7006,2026-08-21,21.5,87.0,27.9,0.95,5,GHRSST L4 / INSAT-3DR MOSDAC / Sentinel-3 SLSTR,0.5
7007,2026-08-21,21.5,87.5,27.76,0.81,5,GHRSST L4 / INSAT-3DR MOSDAC / Sentinel-3 SLSTR,0.5
7008,2026-08-21,21.5,88.0,27.42,0.47,5,GHRSST L4 / INSAT-3DR MOSDAC / Sentinel-3 SLSTR,0.5
7009,2026-08-21,21.5,88.5,27.54,0.59,5,GHRSST L4 / INSAT-3DR MOSDAC / Sentinel-3 SLSTR,0.5
7010,2026-08-21,21.5,89.0,27.68,0.73,5,GHRSST L4 / INSAT-3DR MOSDAC / Sentinel-3 SLSTR,0.5
7011,2026-08-21,21.5,89.5,27.31,0.36,5,GHRSST L4 / INSAT-3DR MOSDAC / Sentinel-3 SLSTR,0.5
7012,2026-08-21,21.5,90.0,27.77,0.82,5,GHRSST L4 / INSAT-3DR MOSDAC / Sentinel-3 SLSTR,0.5
7013,2026-08-21,21.5,90.5,27.98,1.03,5,GHRSST L4 / INSAT-3DR MOSDAC / Sentinel-3 SLSTR,0.5
7014,2026-08-21,21.5,91.0,27.87,0.92,5,GHRSST L4 / INSAT-3DR MOSDAC / Sentinel-3 SLSTR,0.5
7015,2026-08-21,21.5,91.5,27.77,0.82,5,GHRSST L4 / INSAT-3DR MOSDAC / Sentinel-3 SLSTR,0.5
7016,2026-08-21,21.5,92.0,27.76,0.81,5,GHRSST L4 / INSAT-3DR MOSDAC / Sentinel-3 SLSTR,0.5
7017,2026-08-21,21.5,92.5,27.92,0.97,5,GHRSST L4 / INSAT-3DR MOSDAC / Sentinel-3 SLSTR,0.5
7018,2026-08-21,21.5,93.0,27.51,0.56,5,GHRSST L4 / INSAT-3DR MOSDAC / Sentinel-3 SLSTR,0.5
7019,2026-08-21,21.5,93.5,27.6,0.65,5,GHRSST L4 / INSAT-3DR MOSDAC / Sentinel-3 SLSTR,0.5
7020,2026-08-21,21.5,94.0,27.75,0.8,5,GHRSST L4 / INSAT-3DR MOSDAC / Sentinel-3 SLSTR,0.5
7021,2026-08-21,22.0,68.0,27.63,0.73,5,GHRSST L4 / INSAT-3DR MOSDAC / Sentinel-3 SLSTR,0.5
7022,2026-08-21,22.0,68.5,27.82,0.92,5,GHRSST L4 / INSAT-3DR MOSDAC / Sentinel-3 SLSTR,0.5
7023,2026-08-21,22.0,69.0,27.49,0.59,5,GHRSST L4 / INSAT-3DR MOSDAC / Sentinel-3 SLSTR,0.5
7024,2026-08-21,22.0,69.5,27.52,0.62,5,GHRSST L4 / INSAT-3DR MOSDAC / Sentinel-3 SLSTR,0.5
7025,2026-08-21,22.0,70.0,27.4,0.5,5,GHRSST L4 / INSAT-3DR MOSDAC / Sentinel-3 SLSTR,0.5
7026,2026-08-21,22.0,70.5,27.68,0.78,5,GHRSST L4 / INSAT-3DR MOSDAC / Sentinel-3 SLSTR,0.5
7027,2026-08-21,22.0,71.0,27.5,0.6,5,GHRSST L4 / INSAT-3DR MOSDAC / Sentinel-3 SLSTR,0.5
7028,2026-08-21,22.0,71.5,27.61,0.71,5,GHRSST L4 / INSAT-3DR MOSDAC / Sentinel-3 SLSTR,0.5
7029,2026-08-21,22.0,72.0,27.27,0.37,5,GHRSST L4 / INSAT-3DR MOSDAC / Sentinel-3 SLSTR,0.5
7030,2026-08-21,22.0,72.5,27.72,0.82,5,GHRSST L4 / INSAT-3DR MOSDAC / Sentinel-3 SLSTR,0.5
7031,2026-08-21,22.0,73.0,27.6,0.7,5,GHRSST L4 / INSAT-3DR MOSDAC / Sentinel-3 SLSTR,0.5
7032,2026-08-21,22.0,73.5,27.75,0.85,5,GHRSST L4 / INSAT-3DR MOSDAC / Sentinel-3 SLSTR,0.5
7033,2026-08-21,22.0,74.0,27.41,0.51,5,GHRSST L4 / INSAT-3DR MOSDAC / Sentinel-3 SLSTR,0.5
7034,2026-08-21,22.0,74.5,27.83,0.93,5,GHRSST L4 / INSAT-3DR MOSDAC / Sentinel-3 SLSTR,0.5
7035,2026-08-21,22.0,75.0,27.84,0.94,5,GHRSST L4 / INSAT-3DR MOSDAC / Sentinel-3 SLSTR,0.5
7036,2026-08-21,22.0,75.5,27.54,0.64,5,GHRSST L4 / INSAT-3DR MOSDAC / Sentinel-3 SLSTR,0.5
7037,2026-08-21,22.0,76.0,27.3,0.4,5,GHRSST L4 / INSAT-3DR MOSDAC / Sentinel-3 SLSTR,0.5
7038,2026-08-21,22.0,76.5,27.59,0.69,5,GHRSST L4 / INSAT-3DR MOSDAC / Sentinel-3 SLSTR,0.5
7039,2026-08-21,22.0,77.0,27.68,0.78,5,GHRSST L4 / INSAT-3DR MOSDAC / Sentinel-3 SLSTR,0.5
7040,2026-08-21,22.0,77.5,27.65,0.75,5,GHRSST L4 / INSAT-3DR MOSDAC / Sentinel-3 SLSTR,0.5
7041,2026-08-21,22.0,78.0,27.86,0.96,5,GHRSST L4 / INSAT-3DR MOSDAC / Sentinel-3 SLSTR,0.5
7042,2026-08-21,22.0,78.5,27.87,0.97,5,GHRSST L4 / INSAT-3DR MOSDAC / Sentinel-3 SLSTR,0.5
7043,2026-08-21,22.0,79.0,27.67,0.77,5,GHRSST L4 / INSAT-3DR MOSDAC / Sentinel-3 SLSTR,0.5
7044,2026-08-21,22.0,79.5,27.68,0.78,5,GHRSST L4 / INSAT-3DR MOSDAC / Sentinel-3 SLSTR,0.5
7045,2026-08-21,22.0,80.0,27.32,0.42,5,GHRSST L4 / INSAT-3DR MOSDAC / Sentinel-3 SLSTR,0.5
7046,2026-08-21,22.0,80.5,27.51,0.61,5,GHRSST L4 / INSAT-3DR MOSDAC / Sentinel-3 SLSTR,0.5
7047,2026-08-21,22.0,81.0,27.46,0.56,5,GHRSST L4 / INSAT-3DR MOSDAC / Sentinel-3 SLSTR,0.5
7048,2026-08-21,22.0,81.5,27.47,0.57,5,GHRSST L4 / INSAT-3DR MOSDAC / Sentinel-3 SLSTR,0.5
7049,2026-08-21,22.0,82.0,27.74,0.84,5,GHRSST L4 / INSAT-3DR MOSDAC / Sentinel-3 SLSTR,0.5
7050,2026-08-21,22.0,82.5,27.57,0.67,5,GHRSST L4 / INSAT-3DR MOSDAC / Sentinel-3 SLSTR,0.5
7051,2026-08-21,22.0,83.0,27.58,0.68,5,GHRSST L4 / INSAT-3DR MOSDAC / Sentinel-3 SLSTR,0.5
7052,2026-08-21,22.0,83.5,27.4,0.5,5,GHRSST L4 / INSAT-3DR MOSDAC / Sentinel-3 SLSTR,0.5
7053,2026-08-21,22.0,84.0,27.35,0.45,5,GHRSST L4 / INSAT-3DR MOSDAC / Sentinel-3 SLSTR,0.5
7054,2026-08-21,22.0,84.5,27.52,0.62,5,GHRSST L4 / INSAT-3DR MOSDAC / Sentinel-3 SLSTR,0.5
7055,2026-08-21,22.0,85.0,27.27,0.37,5,GHRSST L4 / INSAT-3DR MOSDAC / Sentinel-3 SLSTR,0.5
7056,2026-08-21,22.0,85.5,27.34,0.44,5,GHRSST L4 / INSAT-3DR MOSDAC / Sentinel-3 SLSTR,0.5
7057,2026-08-21,22.0,86.0,27.8,0.9,5,GHRSST L4 / INSAT-3DR MOSDAC / Sentinel-3 SLSTR,0.5
7058,2026-08-21,22.0,86.5,27.54,0.64,5,GHRSST L4 / INSAT-3DR MOSDAC / Sentinel-3 SLSTR,0.5
7059,2026-08-21,22.0,87.0,27.91,1.01,5,GHRSST L4 / INSAT-3DR MOSDAC / Sentinel-3 SLSTR,0.5
7060,2026-08-21,22.0,87.5,27.23,0.33,5,GHRSST L4 / INSAT-3DR MOSDAC / Sentinel-3 SLSTR,0.5
7061,2026-08-21,22.0,88.0,27.87,0.97,5,GHRSST L4 / INSAT-3DR MOSDAC / Sentinel-3 SLSTR,0.5
7062,2026-08-21,22.0,88.5,27.69,0.79,5,GHRSST L4 / INSAT-3DR MOSDAC / Sentinel-3 SLSTR,0.5
7063,2026-08-21,22.0,89.0,27.67,0.77,5,GHRSST L4 / INSAT-3DR MOSDAC / Sentinel-3 SLSTR,0.5
7064,2026-08-21,22.0,89.5,27.82,0.92,5,GHRSST L4 / INSAT-3DR MOSDAC / Sentinel-3 SLSTR,0.5
7065,2026-08-21,22.0,90.0,27.67,0.77,5,GHRSST L4 / INSAT-3DR MOSDAC / Sentinel-3 SLSTR,0.5
7066,2026-08-21,22.0,90.5,27.25,0.35,5,GHRSST L4 / INSAT-3DR MOSDAC / Sentinel-3 SLSTR,0.5
7067,2026-08-21,22.0,91.0,27.86,0.96,5,GHRSST L4 / INSAT-3DR MOSDAC / Sentinel-3 SLSTR,0.5
7068,2026-08-21,22.0,91.5,27.84,0.94,5,GHRSST L4 / INSAT-3DR MOSDAC / Sentinel-3 SLSTR,0.5
7069,2026-08-21,22.0,92.0,27.59,0.69,5,GHRSST L4 / INSAT-3DR MOSDAC / Sentinel-3 SLSTR,0.5
7070,2026-08-21,22.0,92.5,27.32,0.42,5,GHRSST L4 / INSAT-3DR MOSDAC / Sentinel-3 SLSTR,0.5
7071,2026-08-21,22.0,93.0,27.81,0.91,5,GHRSST L4 / INSAT-3DR MOSDAC / Sentinel-3 SLSTR,0.5
7072,2026-08-21,22.0,93.5,27.6,0.7,5,GHRSST L4 / INSAT-3DR MOSDAC / Sentinel-3 SLSTR,0.5
7073,2026-08-21,22.0,94.0,27.46,0.56,5,GHRSST L4 / INSAT-3DR MOSDAC / Sentinel-3 SLSTR,0.5
7074,2026-08-21,22.5,68.0,27.87,1.02,5,GHRSST L4 / INSAT-3DR MOSDAC / Sentinel-3 SLSTR,0.5
7075,2026-08-21,22.5,68.5,27.29,0.44,5,GHRSST L4 / INSAT-3DR MOSDAC / Sentinel-3 SLSTR,0.5
7076,2026-08-21,22.5,69.0,27.29,0.44,5,GHRSST L4 / INSAT-3DR MOSDAC / Sentinel-3 SLSTR,0.5
7077,2026-08-21,22.5,69.5,27.59,0.74,5,GHRSST L4 / INSAT-3DR MOSDAC / Sentinel-3 SLSTR,0.5
7078,2026-08-21,22.5,70.0,27.36,0.51,5,GHRSST L4 / INSAT-3DR MOSDAC / Sentinel-3 SLSTR,0.5
7079,2026-08-21,22.5,70.5,27.46,0.61,5,GHRSST L4 / INSAT-3DR MOSDAC / Sentinel-3 SLSTR,0.5
7080,2026-08-21,22.5,71.0,27.34,0.49,5,GHRSST L4 / INSAT-3DR MOSDAC / Sentinel-3 SLSTR,0.5
7081,2026-08-21,22.5,71.5,27.72,0.87,5,GHRSST L4 / INSAT-3DR MOSDAC / Sentinel-3 SLSTR,0.5
7082,2026-08-21,22.5,72.0,27.36,0.51,5,GHRSST L4 / INSAT-3DR MOSDAC / Sentinel-3 SLSTR,0.5
7083,2026-08-21,22.5,72.5,27.76,0.91,5,GHRSST L4 / INSAT-3DR MOSDAC / Sentinel-3 SLSTR,0.5
7084,2026-08-21,22.5,73.0,27.69,0.84,5,GHRSST L4 / INSAT-3DR MOSDAC / Sentinel-3 SLSTR,0.5
7085,2026-08-21,22.5,73.5,27.38,0.53,5,GHRSST L4 / INSAT-3DR MOSDAC / Sentinel-3 SLSTR,0.5
7086,2026-08-21,22.5,74.0,27.73,0.88,5,GHRSST L4 / INSAT-3DR MOSDAC / Sentinel-3 SLSTR,0.5
7087,2026-08-21,22.5,74.5,27.39,0.54,5,GHRSST L4 / INSAT-3DR MOSDAC / Sentinel-3 SLSTR,0.5
7088,2026-08-21,22.5,75.0,27.45,0.6,5,GHRSST L4 / INSAT-3DR MOSDAC / Sentinel-3 SLSTR,0.5
7089,2026-08-21,22.5,75.5,27.22,0.37,5,GHRSST L4 / INSAT-3DR MOSDAC / Sentinel-3 SLSTR,0.5
7090,2026-08-21,22.5,76.0,27.57,0.72,5,GHRSST L4 / INSAT-3DR MOSDAC / Sentinel-3 SLSTR,0.5
7091,2026-08-21,22.5,76.5,27.74,0.89,5,GHRSST L4 / INSAT-3DR MOSDAC / Sentinel-3 SLSTR,0.5
7092,2026-08-21,22.5,77.0,27.61,0.76,5,GHRSST L4 / INSAT-3DR MOSDAC / Sentinel-3 SLSTR,0.5
7093,2026-08-21,22.5,77.5,27.56,0.71,5,GHRSST L4 / INSAT-3DR MOSDAC / Sentinel-3 SLSTR,0.5
7094,2026-08-21,22.5,78.0,27.8,0.95,5,GHRSST L4 / INSAT-3DR MOSDAC / Sentinel-3 SLSTR,0.5
7095,2026-08-21,22.5,78.5,27.48,0.63,5,GHRSST L4 / INSAT-3DR MOSDAC / Sentinel-3 SLSTR,0.5
7096,2026-08-21,22.5,79.0,27.87,1.02,5,GHRSST L4 / INSAT-3DR MOSDAC / Sentinel-3 SLSTR,0.5
7097,2026-08-21,22.5,79.5,27.49,0.64,5,GHRSST L4 / INSAT-3DR MOSDAC / Sentinel-3 SLSTR,0.5
7098,2026-08-21,22.5,80.0,27.62,0.77,5,GHRSST L4 / INSAT-3DR MOSDAC / Sentinel-3 SLSTR,0.5
7099,2026-08-21,22.5,80.5,27.2,0.35,5,GHRSST L4 / INSAT-3DR MOSDAC / Sentinel-3 SLSTR,0.5
7100,2026-08-21,22.5,81.0,27.66,0.81,5,GHRSST L4 / INSAT-3DR MOSDAC / Sentinel-3 SLSTR,0.5
7101,2026-08-21,22.5,81.5,27.39,0.54,5,GHRSST L4 / INSAT-3DR MOSDAC / Sentinel-3 SLSTR,0.5
7102,2026-08-21,22.5,82.0,27.26,0.41,5,GHRSST L4 / INSAT-3DR MOSDAC / Sentinel-3 SLSTR,0.5
7103,2026-08-21,22.5,82.5,27.27,0.42,5,GHRSST L4 / INSAT-3DR MOSDAC / Sentinel-3 SLSTR,0.5
7104,2026-08-21,22.5,83.0,27.53,0.68,5,GHRSST L4 / INSAT-3DR MOSDAC / Sentinel-3 SLSTR,0.5
7105,2026-08-21,22.5,83.5,27.58,0.73,5,GHRSST L4 / INSAT-3DR MOSDAC / Sentinel-3 SLSTR,0.5
7106,2026-08-21,22.5,84.0,27.66,0.81,5,GHRSST L4 / INSAT-3DR MOSDAC / Sentinel-3 SLSTR,0.5
7107,2026-08-21,22.5,84.5,27.48,0.63,5,GHRSST L4 / INSAT-3DR MOSDAC / Sentinel-3 SLSTR,0.5
7108,2026-08-21,22.5,85.0,27.78,0.93,5,GHRSST L4 / INSAT-3DR MOSDAC / Sentinel-3 SLSTR,0.5
7109,2026-08-21,22.5,85.5,27.22,0.37,5,GHRSST L4 / INSAT-3DR MOSDAC / Sentinel-3 SLSTR,0.5
7110,2026-08-21,22.5,86.0,27.26,0.41,5,GHRSST L4 / INSAT-3DR MOSDAC / Sentinel-3 SLSTR,0.5
7111,2026-08-21,22.5,86.5,27.33,0.48,5,GHRSST L4 / INSAT-3DR MOSDAC / Sentinel-3 SLSTR,0.5
7112,2026-08-21,22.5,87.0,27.24,0.39,5,GHRSST L4 / INSAT-3DR MOSDAC / Sentinel-3 SLSTR,0.5
7113,2026-08-21,22.5,87.5,27.7,0.85,5,GHRSST L4 / INSAT-3DR MOSDAC / Sentinel-3 SLSTR,0.5
7114,2026-08-21,22.5,88.0,27.42,0.57,5,GHRSST L4 / INSAT-3DR MOSDAC / Sentinel-3 SLSTR,0.5
7115,2026-08-21,22.5,88.5,27.59,0.74,5,GHRSST L4 / INSAT-3DR MOSDAC / Sentinel-3 SLSTR,0.5
7116,2026-08-21,22.5,89.0,27.71,0.86,5,GHRSST L4 / INSAT-3DR MOSDAC / Sentinel-3 SLSTR,0.5
7117,2026-08-21,22.5,89.5,27.55,0.7,5,GHRSST L4 / INSAT-3DR MOSDAC / Sentinel-3 SLSTR,0.5
7118,2026-08-21,22.5,90.0,27.54,0.69,5,GHRSST L4 / INSAT-3DR MOSDAC / Sentinel-3 SLSTR,0.5
7119,2026-08-21,22.5,90.5,27.49,0.64,5,GHRSST L4 / INSAT-3DR MOSDAC / Sentinel-3 SLSTR,0.5
7120,2026-08-21,22.5,91.0,27.66,0.81,5,GHRSST L4 / INSAT-3DR MOSDAC / Sentinel-3 SLSTR,0.5
7121,2026-08-21,22.5,91.5,27.54,0.69,5,GHRSST L4 / INSAT-3DR MOSDAC / Sentinel-3 SLSTR,0.5
7122,2026-08-21,22.5,92.0,27.45,0.6,5,GHRSST L4 / INSAT-3DR MOSDAC / Sentinel-3 SLSTR,0.5
7123,2026-08-21,22.5,92.5,27.6,0.75,5,GHRSST L4 / INSAT-3DR MOSDAC / Sentinel-3 SLSTR,0.5
7124,2026-08-21,22.5,93.0,27.84,0.99,5,GHRSST L4 / INSAT-3DR MOSDAC / Sentinel-3 SLSTR,0.5
7125,2026-08-21,22.5,93.5,27.74,0.89,5,GHRSST L4 / INSAT-3DR MOSDAC / Sentinel-3 SLSTR,0.5
7126,2026-08-21,22.5,94.0,27.48,0.63,5,GHRSST L4 / INSAT-3DR MOSDAC / Sentinel-3 SLSTR,0.5
7127,2026-08-21,23.0,68.0,27.54,0.74,5,GHRSST L4 / INSAT-3DR MOSDAC / Sentinel-3 SLSTR,0.5
7128,2026-08-21,23.0,68.5,27.38,0.58,5,GHRSST L4 / INSAT-3DR MOSDAC / Sentinel-3 SLSTR,0.5
7129,2026-08-21,23.0,69.0,27.47,0.67,5,GHRSST L4 / INSAT-3DR MOSDAC / Sentinel-3 SLSTR,0.5
7130,2026-08-21,23.0,69.5,27.62,0.82,5,GHRSST L4 / INSAT-3DR MOSDAC / Sentinel-3 SLSTR,0.5
7131,2026-08-21,23.0,70.0,27.7,0.9,5,GHRSST L4 / INSAT-3DR MOSDAC / Sentinel-3 SLSTR,0.5
7132,2026-08-21,23.0,70.5,27.15,0.35,5,GHRSST L4 / INSAT-3DR MOSDAC / Sentinel-3 SLSTR,0.5
7133,2026-08-21,23.0,71.0,27.23,0.43,5,GHRSST L4 / INSAT-3DR MOSDAC / Sentinel-3 SLSTR,0.5
7134,2026-08-21,23.0,71.5,27.52,0.72,5,GHRSST L4 / INSAT-3DR MOSDAC / Sentinel-3 SLSTR,0.5
7135,2026-08-21,23.0,72.0,27.6,0.8,5,GHRSST L4 / INSAT-3DR MOSDAC / Sentinel-3 SLSTR,0.5
7136,2026-08-21,23.0,72.5,27.57,0.77,5,GHRSST L4 / INSAT-3DR MOSDAC / Sentinel-3 SLSTR,0.5
7137,2026-08-21,23.0,73.0,27.28,0.48,5,GHRSST L4 / INSAT-3DR MOSDAC / Sentinel-3 SLSTR,0.5
7138,2026-08-21,23.0,73.5,27.57,0.77,5,GHRSST L4 / INSAT-3DR MOSDAC / Sentinel-3 SLSTR,0.5
7139,2026-08-21,23.0,74.0,27.43,0.63,5,GHRSST L4 / INSAT-3DR MOSDAC / Sentinel-3 SLSTR,0.5
7140,2026-08-21,23.0,74.5,27.28,0.48,5,GHRSST L4 / INSAT-3DR MOSDAC / Sentinel-3 SLSTR,0.5
7141,2026-08-21,23.0,75.0,27.73,0.93,5,GHRSST L4 / INSAT-3DR MOSDAC / Sentinel-3 SLSTR,0.5
7142,2026-08-21,23.0,75.5,27.48,0.68,5,GHRSST L4 / INSAT-3DR MOSDAC / Sentinel-3 SLSTR,0.5
7143,2026-08-21,23.0,76.0,27.71,0.91,5,GHRSST L4 / INSAT-3DR MOSDAC / Sentinel-3 SLSTR,0.5
7144,2026-08-21,23.0,76.5,27.4,0.6,5,GHRSST L4 / INSAT-3DR MOSDAC / Sentinel-3 SLSTR,0.5
7145,2026-08-21,23.0,77.0,27.55,0.75,5,GHRSST L4 / INSAT-3DR MOSDAC / Sentinel-3 SLSTR,0.5
7146,2026-08-21,23.0,77.5,27.68,0.88,5,GHRSST L4 / INSAT-3DR MOSDAC / Sentinel-3 SLSTR,0.5
7147,2026-08-21,23.0,78.0,27.34,0.54,5,GHRSST L4 / INSAT-3DR MOSDAC / Sentinel-3 SLSTR,0.5
7148,2026-08-21,23.0,78.5,27.71,0.91,5,GHRSST L4 / INSAT-3DR MOSDAC / Sentinel-3 SLSTR,0.5
7149,2026-08-21,23.0,79.0,27.36,0.56,5,GHRSST L4 / INSAT-3DR MOSDAC / Sentinel-3 SLSTR,0.5
7150,2026-08-21,23.0,79.5,27.25,0.45,5,GHRSST L4 / INSAT-3DR MOSDAC / Sentinel-3 SLSTR,0.5
7151,2026-08-21,23.0,80.0,27.63,0.83,5,GHRSST L4 / INSAT-3DR MOSDAC / Sentinel-3 SLSTR,0.5
7152,2026-08-21,23.0,80.5,27.34,0.54,5,GHRSST L4 / INSAT-3DR MOSDAC / Sentinel-3 SLSTR,0.5
7153,2026-08-21,23.0,81.0,27.78,0.98,5,GHRSST L4 / INSAT-3DR MOSDAC / Sentinel-3 SLSTR,0.5
7154,2026-08-21,23.0,81.5,27.67,0.87,5,GHRSST L4 / INSAT-3DR MOSDAC / Sentinel-3 SLSTR,0.5
7155,2026-08-21,23.0,82.0,27.27,0.47,5,GHRSST L4 / INSAT-3DR MOSDAC / Sentinel-3 SLSTR,0.5
7156,2026-08-21,23.0,82.5,27.8,1.0,5,GHRSST L4 / INSAT-3DR MOSDAC / Sentinel-3 SLSTR,0.5
7157,2026-08-21,23.0,83.0,27.36,0.56,5,GHRSST L4 / INSAT-3DR MOSDAC / Sentinel-3 SLSTR,0.5
7158,2026-08-21,23.0,83.5,27.5,0.7,5,GHRSST L4 / INSAT-3DR MOSDAC / Sentinel-3 SLSTR,0.5
7159,2026-08-21,23.0,84.0,27.16,0.36,5,GHRSST L4 / INSAT-3DR MOSDAC / Sentinel-3 SLSTR,0.5
7160,2026-08-21,23.0,84.5,27.14,0.34,5,GHRSST L4 / INSAT-3DR MOSDAC / Sentinel-3 SLSTR,0.5
7161,2026-08-21,23.0,85.0,27.32,0.52,5,GHRSST L4 / INSAT-3DR MOSDAC / Sentinel-3 SLSTR,0.5
7162,2026-08-21,23.0,85.5,27.12,0.32,5,GHRSST L4 / INSAT-3DR MOSDAC / Sentinel-3 SLSTR,0.5
7163,2026-08-21,23.0,86.0,27.3,0.5,5,GHRSST L4 / INSAT-3DR MOSDAC / Sentinel-3 SLSTR,0.5
7164,2026-08-21,23.0,86.5,27.48,0.68,5,GHRSST L4 / INSAT-3DR MOSDAC / Sentinel-3 SLSTR,0.5
7165,2026-08-21,23.0,87.0,27.59,0.79,5,GHRSST L4 / INSAT-3DR MOSDAC / Sentinel-3 SLSTR,0.5
7166,2026-08-21,23.0,87.5,27.29,0.49,5,GHRSST L4 / INSAT-3DR MOSDAC / Sentinel-3 SLSTR,0.5
7167,2026-08-21,23.0,88.0,27.4,0.6,5,GHRSST L4 / INSAT-3DR MOSDAC / Sentinel-3 SLSTR,0.5
7168,2026-08-21,23.0,88.5,27.38,0.58,5,GHRSST L4 / INSAT-3DR MOSDAC / Sentinel-3 SLSTR,0.5
7169,2026-08-21,23.0,89.0,27.34,0.54,5,GHRSST L4 / INSAT-3DR MOSDAC / Sentinel-3 SLSTR,0.5
7170,2026-08-21,23.0,89.5,27.38,0.58,5,GHRSST L4 / INSAT-3DR MOSDAC / Sentinel-3 SLSTR,0.5
7171,2026-08-21,23.0,90.0,27.45,0.65,5,GHRSST L4 / INSAT-3DR MOSDAC / Sentinel-3 SLSTR,0.5
7172,2026-08-21,23.0,90.5,27.25,0.45,5,GHRSST L4 / INSAT-3DR MOSDAC / Sentinel-3 SLSTR,0.5
7173,2026-08-21,23.0,91.0,27.44,0.64,5,GHRSST L4 / INSAT-3DR MOSDAC / Sentinel-3 SLSTR,0.5
7174,2026-08-21,23.0,91.5,27.29,0.49,5,GHRSST L4 / INSAT-3DR MOSDAC / Sentinel-3 SLSTR,0.5
7175,2026-08-21,23.0,92.0,27.15,0.35,5,GHRSST L4 / INSAT-3DR MOSDAC / Sentinel-3 SLSTR,0.5
7176,2026-08-21,23.0,92.5,27.26,0.46,5,GHRSST L4 / INSAT-3DR MOSDAC / Sentinel-3 SLSTR,0.5
7177,2026-08-21,23.0,93.0,27.76,0.96,5,GHRSST L4 / INSAT-3DR MOSDAC / Sentinel-3 SLSTR,0.5
7178,2026-08-21,23.0,93.5,27.46,0.66,5,GHRSST L4 / INSAT-3DR MOSDAC / Sentinel-3 SLSTR,0.5
7179,2026-08-21,23.0,94.0,27.8,1.0,5,GHRSST L4 / INSAT-3DR MOSDAC / Sentinel-3 SLSTR,0.5
7180,2026-08-21,23.5,68.0,27.21,0.46,5,GHRSST L4 / INSAT-3DR MOSDAC / Sentinel-3 SLSTR,0.5
7181,2026-08-21,23.5,68.5,27.25,0.5,5,GHRSST L4 / INSAT-3DR MOSDAC / Sentinel-3 SLSTR,0.5
7182,2026-08-21,23.5,69.0,27.5,0.75,5,GHRSST L4 / INSAT-3DR MOSDAC / Sentinel-3 SLSTR,0.5
7183,2026-08-21,23.5,69.5,27.3,0.55,5,GHRSST L4 / INSAT-3DR MOSDAC / Sentinel-3 SLSTR,0.5
7184,2026-08-21,23.5,70.0,27.3,0.55,5,GHRSST L4 / INSAT-3DR MOSDAC / Sentinel-3 SLSTR,0.5
7185,2026-08-21,23.5,70.5,27.64,0.89,5,GHRSST L4 / INSAT-3DR MOSDAC / Sentinel-3 SLSTR,0.5
7186,2026-08-21,23.5,71.0,27.07,0.32,5,GHRSST L4 / INSAT-3DR MOSDAC / Sentinel-3 SLSTR,0.5
7187,2026-08-21,23.5,71.5,27.52,0.77,5,GHRSST L4 / INSAT-3DR MOSDAC / Sentinel-3 SLSTR,0.5
7188,2026-08-21,23.5,72.0,27.67,0.92,5,GHRSST L4 / INSAT-3DR MOSDAC / Sentinel-3 SLSTR,0.5
7189,2026-08-21,23.5,72.5,27.17,0.42,5,GHRSST L4 / INSAT-3DR MOSDAC / Sentinel-3 SLSTR,0.5
7190,2026-08-21,23.5,73.0,27.33,0.58,5,GHRSST L4 / INSAT-3DR MOSDAC / Sentinel-3 SLSTR,0.5
7191,2026-08-21,23.5,73.5,27.62,0.87,5,GHRSST L4 / INSAT-3DR MOSDAC / Sentinel-3 SLSTR,0.5
7192,2026-08-21,23.5,74.0,27.42,0.67,5,GHRSST L4 / INSAT-3DR MOSDAC / Sentinel-3 SLSTR,0.5
7193,2026-08-21,23.5,74.5,27.3,0.55,5,GHRSST L4 / INSAT-3DR MOSDAC / Sentinel-3 SLSTR,0.5
7194,2026-08-21,23.5,75.0,27.49,0.74,5,GHRSST L4 / INSAT-3DR MOSDAC / Sentinel-3 SLSTR,0.5
7195,2026-08-21,23.5,75.5,27.28,0.53,5,GHRSST L4 / INSAT-3DR MOSDAC / Sentinel-3 SLSTR,0.5
7196,2026-08-21,23.5,76.0,27.49,0.74,5,GHRSST L4 / INSAT-3DR MOSDAC / Sentinel-3 SLSTR,0.5
7197,2026-08-21,23.5,76.5,27.15,0.4,5,GHRSST L4 / INSAT-3DR MOSDAC / Sentinel-3 SLSTR,0.5
7198,2026-08-21,23.5,77.0,27.21,0.46,5,GHRSST L4 / INSAT-3DR MOSDAC / Sentinel-3 SLSTR,0.5
7199,2026-08-21,23.5,77.5,27.06,0.31,5,GHRSST L4 / INSAT-3DR MOSDAC / Sentinel-3 SLSTR,0.5
7200,2026-08-21,23.5,78.0,27.18,0.43,5,GHRSST L4 / INSAT-3DR MOSDAC / Sentinel-3 SLSTR,0.5
7201,2026-08-21,23.5,78.5,27.14,0.39,5,GHRSST L4 / INSAT-3DR MOSDAC / Sentinel-3 SLSTR,0.5
7202,2026-08-21,23.5,79.0,27.47,0.72,5,GHRSST L4 / INSAT-3DR MOSDAC / Sentinel-3 SLSTR,0.5
7203,2026-08-21,23.5,79.5,27.71,0.96,5,GHRSST L4 / INSAT-3DR MOSDAC / Sentinel-3 SLSTR,0.5
7204,2026-08-21,23.5,80.0,27.2,0.45,5,GHRSST L4 / INSAT-3DR MOSDAC / Sentinel-3 SLSTR,0.5
7205,2026-08-21,23.5,80.5,27.14,0.39,5,GHRSST L4 / INSAT-3DR MOSDAC / Sentinel-3 SLSTR,0.5
7206,2026-08-21,23.5,81.0,27.42,0.67,5,GHRSST L4 / INSAT-3DR MOSDAC / Sentinel-3 SLSTR,0.5
7207,2026-08-21,23.5,81.5,27.18,0.43,5,GHRSST L4 / INSAT-3DR MOSDAC / Sentinel-3 SLSTR,0.5
7208,2026-08-21,23.5,82.0,27.43,0.68,5,GHRSST L4 / INSAT-3DR MOSDAC / Sentinel-3 SLSTR,0.5
7209,2026-08-21,23.5,82.5,27.4,0.65,5,GHRSST L4 / INSAT-3DR MOSDAC / Sentinel-3 SLSTR,0.5
7210,2026-08-21,23.5,83.0,27.06,0.31,5,GHRSST L4 / INSAT-3DR MOSDAC / Sentinel-3 SLSTR,0.5
7211,2026-08-21,23.5,83.5,27.73,0.98,5,GHRSST L4 / INSAT-3DR MOSDAC / Sentinel-3 SLSTR,0.5
7212,2026-08-21,23.5,84.0,27.19,0.44,5,GHRSST L4 / INSAT-3DR MOSDAC / Sentinel-3 SLSTR,0.5
7213,2026-08-21,23.5,84.5,27.68,0.93,5,GHRSST L4 / INSAT-3DR MOSDAC / Sentinel-3 SLSTR,0.5
7214,2026-08-21,23.5,85.0,27.32,0.57,5,GHRSST L4 / INSAT-3DR MOSDAC / Sentinel-3 SLSTR,0.5
7215,2026-08-21,23.5,85.5,27.16,0.41,5,GHRSST L4 / INSAT-3DR MOSDAC / Sentinel-3 SLSTR,0.5
7216,2026-08-21,23.5,86.0,27.12,0.37,5,GHRSST L4 / INSAT-3DR MOSDAC / Sentinel-3 SLSTR,0.5
7217,2026-08-21,23.5,86.5,27.41,0.66,5,GHRSST L4 / INSAT-3DR MOSDAC / Sentinel-3 SLSTR,0.5
7218,2026-08-21,23.5,87.0,27.3,0.55,5,GHRSST L4 / INSAT-3DR MOSDAC / Sentinel-3 SLSTR,0.5
7219,2026-08-21,23.5,87.5,27.69,0.94,5,GHRSST L4 / INSAT-3DR MOSDAC / Sentinel-3 SLSTR,0.5
7220,2026-08-21,23.5,88.0,27.19,0.44,5,GHRSST L4 / INSAT-3DR MOSDAC / Sentinel-3 SLSTR,0.5
7221,2026-08-21,23.5,88.5,27.56,0.81,5,GHRSST L4 / INSAT-3DR MOSDAC / Sentinel-3 SLSTR,0.5
7222,2026-08-21,23.5,89.0,27.18,0.43,5,GHRSST L4 / INSAT-3DR MOSDAC / Sentinel-3 SLSTR,0.5
7223,2026-08-21,23.5,89.5,27.66,0.91,5,GHRSST L4 / INSAT-3DR MOSDAC / Sentinel-3 SLSTR,0.5
7224,2026-08-21,23.5,90.0,27.41,0.66,5,GHRSST L4 / INSAT-3DR MOSDAC / Sentinel-3 SLSTR,0.5
7225,2026-08-21,23.5,90.5,27.63,0.88,5,GHRSST L4 / INSAT-3DR MOSDAC / Sentinel-3 SLSTR,0.5
7226,2026-08-21,23.5,91.0,27.36,0.61,5,GHRSST L4 / INSAT-3DR MOSDAC / Sentinel-3 SLSTR,0.5
7227,2026-08-21,23.5,91.5,27.17,0.42,5,GHRSST L4 / INSAT-3DR MOSDAC / Sentinel-3 SLSTR,0.5
7228,2026-08-21,23.5,92.0,27.43,0.68,5,GHRSST L4 / INSAT-3DR MOSDAC / Sentinel-3 SLSTR,0.5
7229,2026-08-21,23.5,92.5,27.24,0.49,5,GHRSST L4 / INSAT-3DR MOSDAC / Sentinel-3 SLSTR,0.5
7230,2026-08-21,23.5,93.0,27.18,0.43,5,GHRSST L4 / INSAT-3DR MOSDAC / Sentinel-3 SLSTR,0.5
7231,2026-08-21,23.5,93.5,27.68,0.93,5,GHRSST L4 / INSAT-3DR MOSDAC / Sentinel-3 SLSTR,0.5
7232,2026-08-21,23.5,94.0,27.44,0.69,5,GHRSST L4 / INSAT-3DR MOSDAC / Sentinel-3 SLSTR,0.5
7233,2026-08-21,24.0,68.0,27.55,0.85,5,GHRSST L4 / INSAT-3DR MOSDAC / Sentinel-3 SLSTR,0.5
7234,2026-08-21,24.0,68.5,27.53,0.83,5,GHRSST L4 / INSAT-3DR MOSDAC / Sentinel-3 SLSTR,0.5
7235,2026-08-21,24.0,69.0,26.99,0.29,5,GHRSST L4 / INSAT-3DR MOSDAC / Sentinel-3 SLSTR,0.5
7236,2026-08-21,24.0,69.5,27.61,0.91,5,GHRSST L4 / INSAT-3DR MOSDAC / Sentinel-3 SLSTR,0.5
7237,2026-08-21,24.0,70.0,27.53,0.83,5,GHRSST L4 / INSAT-3DR MOSDAC / Sentinel-3 SLSTR,0.5
7238,2026-08-21,24.0,70.5,27.18,0.48,5,GHRSST L4 / INSAT-3DR MOSDAC / Sentinel-3 SLSTR,0.5
7239,2026-08-21,24.0,71.0,27.15,0.45,5,GHRSST L4 / INSAT-3DR MOSDAC / Sentinel-3 SLSTR,0.5
7240,2026-08-21,24.0,71.5,27.03,0.33,5,GHRSST L4 / INSAT-3DR MOSDAC / Sentinel-3 SLSTR,0.5
7241,2026-08-21,24.0,72.0,27.05,0.35,5,GHRSST L4 / INSAT-3DR MOSDAC / Sentinel-3 SLSTR,0.5
7242,2026-08-21,24.0,72.5,27.13,0.43,5,GHRSST L4 / INSAT-3DR MOSDAC / Sentinel-3 SLSTR,0.5
7243,2026-08-21,24.0,73.0,26.99,0.29,5,GHRSST L4 / INSAT-3DR MOSDAC / Sentinel-3 SLSTR,0.5
7244,2026-08-21,24.0,73.5,27.21,0.51,5,GHRSST L4 / INSAT-3DR MOSDAC / Sentinel-3 SLSTR,0.5
7245,2026-08-21,24.0,74.0,27.64,0.94,5,GHRSST L4 / INSAT-3DR MOSDAC / Sentinel-3 SLSTR,0.5
7246,2026-08-21,24.0,74.5,27.38,0.68,5,GHRSST L4 / INSAT-3DR MOSDAC / Sentinel-3 SLSTR,0.5
7247,2026-08-21,24.0,75.0,27.4,0.7,5,GHRSST L4 / INSAT-3DR MOSDAC / Sentinel-3 SLSTR,0.5
7248,2026-08-21,24.0,75.5,27.16,0.46,5,GHRSST L4 / INSAT-3DR MOSDAC / Sentinel-3 SLSTR,0.5
7249,2026-08-21,24.0,76.0,27.15,0.45,5,GHRSST L4 / INSAT-3DR MOSDAC / Sentinel-3 SLSTR,0.5
7250,2026-08-21,24.0,76.5,27.25,0.55,5,GHRSST L4 / INSAT-3DR MOSDAC / Sentinel-3 SLSTR,0.5
7251,2026-08-21,24.0,77.0,27.17,0.47,5,GHRSST L4 / INSAT-3DR MOSDAC / Sentinel-3 SLSTR,0.5
7252,2026-08-21,24.0,77.5,27.59,0.89,5,GHRSST L4 / INSAT-3DR MOSDAC / Sentinel-3 SLSTR,0.5
7253,2026-08-21,24.0,78.0,27.11,0.41,5,GHRSST L4 / INSAT-3DR MOSDAC / Sentinel-3 SLSTR,0.5
7254,2026-08-21,24.0,78.5,27.46,0.76,5,GHRSST L4 / INSAT-3DR MOSDAC / Sentinel-3 SLSTR,0.5
7255,2026-08-21,24.0,79.0,27.33,0.63,5,GHRSST L4 / INSAT-3DR MOSDAC / Sentinel-3 SLSTR,0.5
7256,2026-08-21,24.0,79.5,27.46,0.76,5,GHRSST L4 / INSAT-3DR MOSDAC / Sentinel-3 SLSTR,0.5
7257,2026-08-21,24.0,80.0,27.57,0.87,5,GHRSST L4 / INSAT-3DR MOSDAC / Sentinel-3 SLSTR,0.5
7258,2026-08-21,24.0,80.5,27.23,0.53,5,GHRSST L4 / INSAT-3DR MOSDAC / Sentinel-3 SLSTR,0.5
7259,2026-08-21,24.0,81.0,27.37,0.67,5,GHRSST L4 / INSAT-3DR MOSDAC / Sentinel-3 SLSTR,0.5
7260,2026-08-21,24.0,81.5,27.34,0.64,5,GHRSST L4 / INSAT-3DR MOSDAC / Sentinel-3 SLSTR,0.5
7261,2026-08-21,24.0,82.0,27.25,0.55,5,GHRSST L4 / INSAT-3DR MOSDAC / Sentinel-3 SLSTR,0.5
7262,2026-08-21,24.0,82.5,27.56,0.86,5,GHRSST L4 / INSAT-3DR MOSDAC / Sentinel-3 SLSTR,0.5
7263,2026-08-21,24.0,83.0,27.0,0.3,5,GHRSST L4 / INSAT-3DR MOSDAC / Sentinel-3 SLSTR,0.5
7264,2026-08-21,24.0,83.5,27.21,0.51,5,GHRSST L4 / INSAT-3DR MOSDAC / Sentinel-3 SLSTR,0.5
7265,2026-08-21,24.0,84.0,27.57,0.87,5,GHRSST L4 / INSAT-3DR MOSDAC / Sentinel-3 SLSTR,0.5
7266,2026-08-21,24.0,84.5,27.6,0.9,5,GHRSST L4 / INSAT-3DR MOSDAC / Sentinel-3 SLSTR,0.5
7267,2026-08-21,24.0,85.0,27.48,0.78,5,GHRSST L4 / INSAT-3DR MOSDAC / Sentinel-3 SLSTR,0.5
7268,2026-08-21,24.0,85.5,27.23,0.53,5,GHRSST L4 / INSAT-3DR MOSDAC / Sentinel-3 SLSTR,0.5
7269,2026-08-21,24.0,86.0,27.57,0.87,5,GHRSST L4 / INSAT-3DR MOSDAC / Sentinel-3 SLSTR,0.5
7270,2026-08-21,24.0,86.5,27.05,0.35,5,GHRSST L4 / INSAT-3DR MOSDAC / Sentinel-3 SLSTR,0.5
7271,2026-08-21,24.0,87.0,27.18,0.48,5,GHRSST L4 / INSAT-3DR MOSDAC / Sentinel-3 SLSTR,0.5
7272,2026-08-21,24.0,87.5,27.05,0.35,5,GHRSST L4 / INSAT-3DR MOSDAC / Sentinel-3 SLSTR,0.5
7273,2026-08-21,24.0,88.0,27.07,0.37,5,GHRSST L4 / INSAT-3DR MOSDAC / Sentinel-3 SLSTR,0.5
7274,2026-08-21,24.0,88.5,27.41,0.71,5,GHRSST L4 / INSAT-3DR MOSDAC / Sentinel-3 SLSTR,0.5
7275,2026-08-21,24.0,89.0,27.04,0.34,5,GHRSST L4 / INSAT-3DR MOSDAC / Sentinel-3 SLSTR,0.5
7276,2026-08-21,24.0,89.5,27.47,0.77,5,GHRSST L4 / INSAT-3DR MOSDAC / Sentinel-3 SLSTR,0.5
7277,2026-08-21,24.0,90.0,27.23,0.53,5,GHRSST L4 / INSAT-3DR MOSDAC / Sentinel-3 SLSTR,0.5
7278,2026-08-21,24.0,90.5,27.03,0.33,5,GHRSST L4 / INSAT-3DR MOSDAC / Sentinel-3 SLSTR,0.5
7279,2026-08-21,24.0,91.0,27.19,0.49,5,GHRSST L4 / INSAT-3DR MOSDAC / Sentinel-3 SLSTR,0.5
7280,2026-08-21,24.0,91.5,27.27,0.57,5,GHRSST L4 / INSAT-3DR MOSDAC / Sentinel-3 SLSTR,0.5
7281,2026-08-21,24.0,92.0,27.25,0.55,5,GHRSST L4 / INSAT-3DR MOSDAC / Sentinel-3 SLSTR,0.5
7282,2026-08-21,24.0,92.5,27.35,0.65,5,GHRSST L4 / INSAT-3DR MOSDAC / Sentinel-3 SLSTR,0.5
7283,2026-08-21,24.0,93.0,27.34,0.64,5,GHRSST L4 / INSAT-3DR MOSDAC / Sentinel-3 SLSTR,0.5
7284,2026-08-21,24.0,93.5,27.24,0.54,5,GHRSST L4 / INSAT-3DR MOSDAC / Sentinel-3 SLSTR,0.5
7285,2026-08-21,24.0,94.0,27.62,0.92,5,GHRSST L4 / INSAT-3DR MOSDAC / Sentinel-3 SLSTR,0.5
7286,2026-08-20,6.0,68.0,29.3,0.8,5,GHRSST L4 / INSAT-3DR MOSDAC / Sentinel-3 SLSTR,0.5
7287,2026-08-20,6.0,68.5,29.39,0.89,5,GHRSST L4 / INSAT-3DR MOSDAC / Sentinel-3 SLSTR,0.5
7288,2026-08-20,6.0,69.0,29.54,1.04,5,GHRSST L4 / INSAT-3DR MOSDAC / Sentinel-3 SLSTR,0.5
7289,2026-08-20,6.0,69.5,29.32,0.82,5,GHRSST L4 / INSAT-3DR MOSDAC / Sentinel-3 SLSTR,0.5
7290,2026-08-20,6.0,70.0,29.26,0.76,5,GHRSST L4 / INSAT-3DR MOSDAC / Sentinel-3 SLSTR,0.5
7291,2026-08-20,6.0,70.5,29.15,0.65,5,GHRSST L4 / INSAT-3DR MOSDAC / Sentinel-3 SLSTR,0.5
7292,2026-08-20,6.0,71.0,29.81,1.31,5,GHRSST L4 / INSAT-3DR MOSDAC / Sentinel-3 SLSTR,0.5
7293,2026-08-20,6.0,71.5,29.7,1.2,5,GHRSST L4 / INSAT-3DR MOSDAC / Sentinel-3 SLSTR,0.5
7294,2026-08-20,6.0,72.0,29.77,1.27,5,GHRSST L4 / INSAT-3DR MOSDAC / Sentinel-3 SLSTR,0.5
7295,2026-08-20,6.0,72.5,29.18,0.68,5,GHRSST L4 / INSAT-3DR MOSDAC / Sentinel-3 SLSTR,0.5
7296,2026-08-20,6.0,73.0,29.2,0.7,5,GHRSST L4 / INSAT-3DR MOSDAC / Sentinel-3 SLSTR,0.5
7297,2026-08-20,6.0,73.5,29.54,1.04,5,GHRSST L4 / INSAT-3DR MOSDAC / Sentinel-3 SLSTR,0.5
7298,2026-08-20,6.0,74.0,29.17,0.67,5,GHRSST L4 / INSAT-3DR MOSDAC / Sentinel-3 SLSTR,0.5
7299,2026-08-20,6.0,74.5,29.34,0.84,5,GHRSST L4 / INSAT-3DR MOSDAC / Sentinel-3 SLSTR,0.5
7300,2026-08-20,6.0,75.0,29.83,1.33,5,GHRSST L4 / INSAT-3DR MOSDAC / Sentinel-3 SLSTR,0.5
7301,2026-08-20,6.0,75.5,29.4,0.9,5,GHRSST L4 / INSAT-3DR MOSDAC / Sentinel-3 SLSTR,0.5
7302,2026-08-20,6.0,76.0,29.84,1.34,5,GHRSST L4 / INSAT-3DR MOSDAC / Sentinel-3 SLSTR,0.5
7303,2026-08-20,6.0,76.5,29.23,0.73,5,GHRSST L4 / INSAT-3DR MOSDAC / Sentinel-3 SLSTR,0.5
7304,2026-08-20,6.0,77.0,29.42,0.92,5,GHRSST L4 / INSAT-3DR MOSDAC / Sentinel-3 SLSTR,0.5
7305,2026-08-20,6.0,77.5,29.15,0.65,5,GHRSST L4 / INSAT-3DR MOSDAC / Sentinel-3 SLSTR,0.5
7306,2026-08-20,6.0,78.0,29.56,1.06,5,GHRSST L4 / INSAT-3DR MOSDAC / Sentinel-3 SLSTR,0.5
7307,2026-08-20,6.0,78.5,29.39,0.89,5,GHRSST L4 / INSAT-3DR MOSDAC / Sentinel-3 SLSTR,0.5
7308,2026-08-20,6.0,79.0,29.5,1.0,5,GHRSST L4 / INSAT-3DR MOSDAC / Sentinel-3 SLSTR,0.5
7309,2026-08-20,6.0,79.5,29.71,1.21,5,GHRSST L4 / INSAT-3DR MOSDAC / Sentinel-3 SLSTR,0.5
7310,2026-08-20,6.0,80.0,29.54,1.04,5,GHRSST L4 / INSAT-3DR MOSDAC / Sentinel-3 SLSTR,0.5
7311,2026-08-20,6.0,80.5,29.62,1.12,5,GHRSST L4 / INSAT-3DR MOSDAC / Sentinel-3 SLSTR,0.5
7312,2026-08-20,6.0,81.0,29.48,0.98,5,GHRSST L4 / INSAT-3DR MOSDAC / Sentinel-3 SLSTR,0.5
7313,2026-08-20,6.0,81.5,29.67,1.17,5,GHRSST L4 / INSAT-3DR MOSDAC / Sentinel-3 SLSTR,0.5
7314,2026-08-20,6.0,82.0,29.57,1.07,5,GHRSST L4 / INSAT-3DR MOSDAC / Sentinel-3 SLSTR,0.5
7315,2026-08-20,6.0,82.5,29.76,1.26,5,GHRSST L4 / INSAT-3DR MOSDAC / Sentinel-3 SLSTR,0.5
7316,2026-08-20,6.0,83.0,29.68,1.18,5,GHRSST L4 / INSAT-3DR MOSDAC / Sentinel-3 SLSTR,0.5
7317,2026-08-20,6.0,83.5,29.31,0.81,5,GHRSST L4 / INSAT-3DR MOSDAC / Sentinel-3 SLSTR,0.5
7318,2026-08-20,6.0,84.0,29.52,1.02,5,GHRSST L4 / INSAT-3DR MOSDAC / Sentinel-3 SLSTR,0.5
7319,2026-08-20,6.0,84.5,29.76,1.26,5,GHRSST L4 / INSAT-3DR MOSDAC / Sentinel-3 SLSTR,0.5
7320,2026-08-20,6.0,85.0,29.75,1.25,5,GHRSST L4 / INSAT-3DR MOSDAC / Sentinel-3 SLSTR,0.5
7321,2026-08-20,6.0,85.5,29.48,0.98,5,GHRSST L4 / INSAT-3DR MOSDAC / Sentinel-3 SLSTR,0.5
7322,2026-08-20,6.0,86.0,29.37,0.87,5,GHRSST L4 / INSAT-3DR MOSDAC / Sentinel-3 SLSTR,0.5
7323,2026-08-20,6.0,86.5,29.3,0.8,5,GHRSST L4 / INSAT-3DR MOSDAC / Sentinel-3 SLSTR,0.5
7324,2026-08-20,6.0,87.0,29.29,0.79,5,GHRSST L4 / INSAT-3DR MOSDAC / Sentinel-3 SLSTR,0.5
7325,2026-08-20,6.0,87.5,29.25,0.75,5,GHRSST L4 / INSAT-3DR MOSDAC / Sentinel-3 SLSTR,0.5
7326,2026-08-20,6.0,88.0,29.85,1.35,5,GHRSST L4 / INSAT-3DR MOSDAC / Sentinel-3 SLSTR,0.5
7327,2026-08-20,6.0,88.5,29.61,1.11,5,GHRSST L4 / INSAT-3DR MOSDAC / Sentinel-3 SLSTR,0.5
7328,2026-08-20,6.0,89.0,29.37,0.87,5,GHRSST L4 / INSAT-3DR MOSDAC / Sentinel-3 SLSTR,0.5
7329,2026-08-20,6.0,89.5,29.36,0.86,5,GHRSST L4 / INSAT-3DR MOSDAC / Sentinel-3 SLSTR,0.5
7330,2026-08-20,6.0,90.0,29.36,0.86,5,GHRSST L4 / INSAT-3DR MOSDAC / Sentinel-3 SLSTR,0.5
7331,2026-08-20,6.0,90.5,29.76,1.26,5,GHRSST L4 / INSAT-3DR MOSDAC / Sentinel-3 SLSTR,0.5
7332,2026-08-20,6.0,91.0,29.51,1.01,5,GHRSST L4 / INSAT-3DR MOSDAC / Sentinel-3 SLSTR,0.5
7333,2026-08-20,6.0,91.5,29.34,0.84,5,GHRSST L4 / INSAT-3DR MOSDAC / Sentinel-3 SLSTR,0.5
7334,2026-08-20,6.0,92.0,29.71,1.21,5,GHRSST L4 / INSAT-3DR MOSDAC / Sentinel-3 SLSTR,0.5
7335,2026-08-20,6.0,92.5,29.68,1.18,5,GHRSST L4 / INSAT-3DR MOSDAC / Sentinel-3 SLSTR,0.5
7336,2026-08-20,6.0,93.0,29.48,0.98,5,GHRSST L4 / INSAT-3DR MOSDAC / Sentinel-3 SLSTR,0.5
7337,2026-08-20,6.0,93.5,29.63,1.13,5,GHRSST L4 / INSAT-3DR MOSDAC / Sentinel-3 SLSTR,0.5
7338,2026-08-20,6.0,94.0,29.67,1.17,5,GHRSST L4 / INSAT-3DR MOSDAC / Sentinel-3 SLSTR,0.5
7339,2026-08-20,6.5,68.0,29.12,0.67,5,GHRSST L4 / INSAT-3DR MOSDAC / Sentinel-3 SLSTR,0.5
7340,2026-08-20,6.5,68.5,29.7,1.25,5,GHRSST L4 / INSAT-3DR MOSDAC / Sentinel-3 SLSTR,0.5
7341,2026-08-20,6.5,69.0,29.29,0.84,5,GHRSST L4 / INSAT-3DR MOSDAC / Sentinel-3 SLSTR,0.5
7342,2026-08-20,6.5,69.5,29.78,1.33,5,GHRSST L4 / INSAT-3DR MOSDAC / Sentinel-3 SLSTR,0.5
7343,2026-08-20,6.5,70.0,29.73,1.28,5,GHRSST L4 / INSAT-3DR MOSDAC / Sentinel-3 SLSTR,0.5
7344,2026-08-20,6.5,70.5,29.1,0.65,5,GHRSST L4 / INSAT-3DR MOSDAC / Sentinel-3 SLSTR,0.5
7345,2026-08-20,6.5,71.0,29.52,1.07,5,GHRSST L4 / INSAT-3DR MOSDAC / Sentinel-3 SLSTR,0.5
7346,2026-08-20,6.5,71.5,29.77,1.32,5,GHRSST L4 / INSAT-3DR MOSDAC / Sentinel-3 SLSTR,0.5
7347,2026-08-20,6.5,72.0,29.49,1.04,5,GHRSST L4 / INSAT-3DR MOSDAC / Sentinel-3 SLSTR,0.5
7348,2026-08-20,6.5,72.5,29.52,1.07,5,GHRSST L4 / INSAT-3DR MOSDAC / Sentinel-3 SLSTR,0.5
7349,2026-08-20,6.5,73.0,29.74,1.29,5,GHRSST L4 / INSAT-3DR MOSDAC / Sentinel-3 SLSTR,0.5
7350,2026-08-20,6.5,73.5,29.49,1.04,5,GHRSST L4 / INSAT-3DR MOSDAC / Sentinel-3 SLSTR,0.5
7351,2026-08-20,6.5,74.0,29.26,0.81,5,GHRSST L4 / INSAT-3DR MOSDAC / Sentinel-3 SLSTR,0.5
7352,2026-08-20,6.5,74.5,29.41,0.96,5,GHRSST L4 / INSAT-3DR MOSDAC / Sentinel-3 SLSTR,0.5
7353,2026-08-20,6.5,75.0,29.33,0.88,5,GHRSST L4 / INSAT-3DR MOSDAC / Sentinel-3 SLSTR,0.5
7354,2026-08-20,6.5,75.5,29.21,0.76,5,GHRSST L4 / INSAT-3DR MOSDAC / Sentinel-3 SLSTR,0.5
7355,2026-08-20,6.5,76.0,29.24,0.79,5,GHRSST L4 / INSAT-3DR MOSDAC / Sentinel-3 SLSTR,0.5
7356,2026-08-20,6.5,76.5,29.13,0.68,5,GHRSST L4 / INSAT-3DR MOSDAC / Sentinel-3 SLSTR,0.5
7357,2026-08-20,6.5,77.0,29.21,0.76,5,GHRSST L4 / INSAT-3DR MOSDAC / Sentinel-3 SLSTR,0.5
7358,2026-08-20,6.5,77.5,29.27,0.82,5,GHRSST L4 / INSAT-3DR MOSDAC / Sentinel-3 SLSTR,0.5
7359,2026-08-20,6.5,78.0,29.62,1.17,5,GHRSST L4 / INSAT-3DR MOSDAC / Sentinel-3 SLSTR,0.5
7360,2026-08-20,6.5,78.5,29.35,0.9,5,GHRSST L4 / INSAT-3DR MOSDAC / Sentinel-3 SLSTR,0.5
7361,2026-08-20,6.5,79.0,29.57,1.12,5,GHRSST L4 / INSAT-3DR MOSDAC / Sentinel-3 SLSTR,0.5
7362,2026-08-20,6.5,79.5,29.79,1.34,5,GHRSST L4 / INSAT-3DR MOSDAC / Sentinel-3 SLSTR,0.5
7363,2026-08-20,6.5,80.0,29.5,1.05,5,GHRSST L4 / INSAT-3DR MOSDAC / Sentinel-3 SLSTR,0.5
7364,2026-08-20,6.5,80.5,29.52,1.07,5,GHRSST L4 / INSAT-3DR MOSDAC / Sentinel-3 SLSTR,0.5
7365,2026-08-20,6.5,81.0,29.48,1.03,5,GHRSST L4 / INSAT-3DR MOSDAC / Sentinel-3 SLSTR,0.5
7366,2026-08-20,6.5,81.5,29.37,0.92,5,GHRSST L4 / INSAT-3DR MOSDAC / Sentinel-3 SLSTR,0.5
7367,2026-08-20,6.5,82.0,29.22,0.77,5,GHRSST L4 / INSAT-3DR MOSDAC / Sentinel-3 SLSTR,0.5
7368,2026-08-20,6.5,82.5,29.77,1.32,5,GHRSST L4 / INSAT-3DR MOSDAC / Sentinel-3 SLSTR,0.5
7369,2026-08-20,6.5,83.0,29.42,0.97,5,GHRSST L4 / INSAT-3DR MOSDAC / Sentinel-3 SLSTR,0.5
7370,2026-08-20,6.5,83.5,29.75,1.3,5,GHRSST L4 / INSAT-3DR MOSDAC / Sentinel-3 SLSTR,0.5
7371,2026-08-20,6.5,84.0,29.27,0.82,5,GHRSST L4 / INSAT-3DR MOSDAC / Sentinel-3 SLSTR,0.5
7372,2026-08-20,6.5,84.5,29.17,0.72,5,GHRSST L4 / INSAT-3DR MOSDAC / Sentinel-3 SLSTR,0.5
7373,2026-08-20,6.5,85.0,29.54,1.09,5,GHRSST L4 / INSAT-3DR MOSDAC / Sentinel-3 SLSTR,0.5
7374,2026-08-20,6.5,85.5,29.69,1.24,5,GHRSST L4 / INSAT-3DR MOSDAC / Sentinel-3 SLSTR,0.5
7375,2026-08-20,6.5,86.0,29.55,1.1,5,GHRSST L4 / INSAT-3DR MOSDAC / Sentinel-3 SLSTR,0.5
7376,2026-08-20,6.5,86.5,29.61,1.16,5,GHRSST L4 / INSAT-3DR MOSDAC / Sentinel-3 SLSTR,0.5
7377,2026-08-20,6.5,87.0,29.52,1.07,5,GHRSST L4 / INSAT-3DR MOSDAC / Sentinel-3 SLSTR,0.5
7378,2026-08-20,6.5,87.5,29.61,1.16,5,GHRSST L4 / INSAT-3DR MOSDAC / Sentinel-3 SLSTR,0.5
7379,2026-08-20,6.5,88.0,29.33,0.88,5,GHRSST L4 / INSAT-3DR MOSDAC / Sentinel-3 SLSTR,0.5
7380,2026-08-20,6.5,88.5,29.36,0.91,5,GHRSST L4 / INSAT-3DR MOSDAC / Sentinel-3 SLSTR,0.5
7381,2026-08-20,6.5,89.0,29.64,1.19,5,GHRSST L4 / INSAT-3DR MOSDAC / Sentinel-3 SLSTR,0.5
7382,2026-08-20,6.5,89.5,29.65,1.2,5,GHRSST L4 / INSAT-3DR MOSDAC / Sentinel-3 SLSTR,0.5
7383,2026-08-20,6.5,90.0,29.15,0.7,5,GHRSST L4 / INSAT-3DR MOSDAC / Sentinel-3 SLSTR,0.5
7384,2026-08-20,6.5,90.5,29.1,0.65,5,GHRSST L4 / INSAT-3DR MOSDAC / Sentinel-3 SLSTR,0.5
7385,2026-08-20,6.5,91.0,29.56,1.11,5,GHRSST L4 / INSAT-3DR MOSDAC / Sentinel-3 SLSTR,0.5
7386,2026-08-20,6.5,91.5,29.15,0.7,5,GHRSST L4 / INSAT-3DR MOSDAC / Sentinel-3 SLSTR,0.5
7387,2026-08-20,6.5,92.0,29.21,0.76,5,GHRSST L4 / INSAT-3DR MOSDAC / Sentinel-3 SLSTR,0.5
7388,2026-08-20,6.5,92.5,29.23,0.78,5,GHRSST L4 / INSAT-3DR MOSDAC / Sentinel-3 SLSTR,0.5
7389,2026-08-20,6.5,93.0,29.45,1.0,5,GHRSST L4 / INSAT-3DR MOSDAC / Sentinel-3 SLSTR,0.5
7390,2026-08-20,6.5,93.5,29.23,0.78,5,GHRSST L4 / INSAT-3DR MOSDAC / Sentinel-3 SLSTR,0.5
7391,2026-08-20,6.5,94.0,29.22,0.77,5,GHRSST L4 / INSAT-3DR MOSDAC / Sentinel-3 SLSTR,0.5
7392,2026-08-20,7.0,68.0,29.04,0.64,5,GHRSST L4 / INSAT-3DR MOSDAC / Sentinel-3 SLSTR,0.5
7393,2026-08-20,7.0,68.5,29.57,1.17,5,GHRSST L4 / INSAT-3DR MOSDAC / Sentinel-3 SLSTR,0.5
7394,2026-08-20,7.0,69.0,29.13,0.73,5,GHRSST L4 / INSAT-3DR MOSDAC / Sentinel-3 SLSTR,0.5
7395,2026-08-20,7.0,69.5,29.43,1.03,5,GHRSST L4 / INSAT-3DR MOSDAC / Sentinel-3 SLSTR,0.5
7396,2026-08-20,7.0,70.0,29.24,0.84,5,GHRSST L4 / INSAT-3DR MOSDAC / Sentinel-3 SLSTR,0.5
7397,2026-08-20,7.0,70.5,29.16,0.76,5,GHRSST L4 / INSAT-3DR MOSDAC / Sentinel-3 SLSTR,0.5
7398,2026-08-20,7.0,71.0,29.27,0.87,5,GHRSST L4 / INSAT-3DR MOSDAC / Sentinel-3 SLSTR,0.5
7399,2026-08-20,7.0,71.5,29.21,0.81,5,GHRSST L4 / INSAT-3DR MOSDAC / Sentinel-3 SLSTR,0.5
7400,2026-08-20,7.0,72.0,29.33,0.93,5,GHRSST L4 / INSAT-3DR MOSDAC / Sentinel-3 SLSTR,0.5
7401,2026-08-20,7.0,72.5,29.51,1.11,5,GHRSST L4 / INSAT-3DR MOSDAC / Sentinel-3 SLSTR,0.5
7402,2026-08-20,7.0,73.0,29.07,0.67,5,GHRSST L4 / INSAT-3DR MOSDAC / Sentinel-3 SLSTR,0.5
7403,2026-08-20,7.0,73.5,29.16,0.76,5,GHRSST L4 / INSAT-3DR MOSDAC / Sentinel-3 SLSTR,0.5
7404,2026-08-20,7.0,74.0,29.09,0.69,5,GHRSST L4 / INSAT-3DR MOSDAC / Sentinel-3 SLSTR,0.5
7405,2026-08-20,7.0,74.5,29.71,1.31,5,GHRSST L4 / INSAT-3DR MOSDAC / Sentinel-3 SLSTR,0.5
7406,2026-08-20,7.0,75.0,29.43,1.03,5,GHRSST L4 / INSAT-3DR MOSDAC / Sentinel-3 SLSTR,0.5
7407,2026-08-20,7.0,75.5,29.6,1.2,5,GHRSST L4 / INSAT-3DR MOSDAC / Sentinel-3 SLSTR,0.5
7408,2026-08-20,7.0,76.0,29.22,0.82,5,GHRSST L4 / INSAT-3DR MOSDAC / Sentinel-3 SLSTR,0.5
7409,2026-08-20,7.0,76.5,29.66,1.26,5,GHRSST L4 / INSAT-3DR MOSDAC / Sentinel-3 SLSTR,0.5
7410,2026-08-20,7.0,77.0,29.47,1.07,5,GHRSST L4 / INSAT-3DR MOSDAC / Sentinel-3 SLSTR,0.5
7411,2026-08-20,7.0,77.5,29.31,0.91,5,GHRSST L4 / INSAT-3DR MOSDAC / Sentinel-3 SLSTR,0.5
7412,2026-08-20,7.0,78.0,29.45,1.05,5,GHRSST L4 / INSAT-3DR MOSDAC / Sentinel-3 SLSTR,0.5
7413,2026-08-20,7.0,78.5,29.12,0.72,5,GHRSST L4 / INSAT-3DR MOSDAC / Sentinel-3 SLSTR,0.5
7414,2026-08-20,7.0,79.0,29.25,0.85,5,GHRSST L4 / INSAT-3DR MOSDAC / Sentinel-3 SLSTR,0.5
7415,2026-08-20,7.0,79.5,29.41,1.01,5,GHRSST L4 / INSAT-3DR MOSDAC / Sentinel-3 SLSTR,0.5
7416,2026-08-20,7.0,80.0,29.48,1.08,5,GHRSST L4 / INSAT-3DR MOSDAC / Sentinel-3 SLSTR,0.5
7417,2026-08-20,7.0,80.5,29.18,0.78,5,GHRSST L4 / INSAT-3DR MOSDAC / Sentinel-3 SLSTR,0.5
7418,2026-08-20,7.0,81.0,29.72,1.32,5,GHRSST L4 / INSAT-3DR MOSDAC / Sentinel-3 SLSTR,0.5
7419,2026-08-20,7.0,81.5,29.61,1.21,5,GHRSST L4 / INSAT-3DR MOSDAC / Sentinel-3 SLSTR,0.5
7420,2026-08-20,7.0,82.0,29.44,1.04,5,GHRSST L4 / INSAT-3DR MOSDAC / Sentinel-3 SLSTR,0.5
7421,2026-08-20,7.0,82.5,29.71,1.31,5,GHRSST L4 / INSAT-3DR MOSDAC / Sentinel-3 SLSTR,0.5
7422,2026-08-20,7.0,83.0,29.39,0.99,5,GHRSST L4 / INSAT-3DR MOSDAC / Sentinel-3 SLSTR,0.5
7423,2026-08-20,7.0,83.5,29.69,1.29,5,GHRSST L4 / INSAT-3DR MOSDAC / Sentinel-3 SLSTR,0.5
7424,2026-08-20,7.0,84.0,29.56,1.16,5,GHRSST L4 / INSAT-3DR MOSDAC / Sentinel-3 SLSTR,0.5
7425,2026-08-20,7.0,84.5,29.18,0.78,5,GHRSST L4 / INSAT-3DR MOSDAC / Sentinel-3 SLSTR,0.5
7426,2026-08-20,7.0,85.0,29.31,0.91,5,GHRSST L4 / INSAT-3DR MOSDAC / Sentinel-3 SLSTR,0.5
7427,2026-08-20,7.0,85.5,29.21,0.81,5,GHRSST L4 / INSAT-3DR MOSDAC / Sentinel-3 SLSTR,0.5
7428,2026-08-20,7.0,86.0,29.54,1.14,5,GHRSST L4 / INSAT-3DR MOSDAC / Sentinel-3 SLSTR,0.5
7429,2026-08-20,7.0,86.5,29.57,1.17,5,GHRSST L4 / INSAT-3DR MOSDAC / Sentinel-3 SLSTR,0.5
7430,2026-08-20,7.0,87.0,29.51,1.11,5,GHRSST L4 / INSAT-3DR MOSDAC / Sentinel-3 SLSTR,0.5
7431,2026-08-20,7.0,87.5,29.41,1.01,5,GHRSST L4 / INSAT-3DR MOSDAC / Sentinel-3 SLSTR,0.5
7432,2026-08-20,7.0,88.0,29.31,0.91,5,GHRSST L4 / INSAT-3DR MOSDAC / Sentinel-3 SLSTR,0.5
7433,2026-08-20,7.0,88.5,29.72,1.32,5,GHRSST L4 / INSAT-3DR MOSDAC / Sentinel-3 SLSTR,0.5
7434,2026-08-20,7.0,89.0,29.05,0.65,5,GHRSST L4 / INSAT-3DR MOSDAC / Sentinel-3 SLSTR,0.5
7435,2026-08-20,7.0,89.5,29.12,0.72,5,GHRSST L4 / INSAT-3DR MOSDAC / Sentinel-3 SLSTR,0.5
7436,2026-08-20,7.0,90.0,29.45,1.05,5,GHRSST L4 / INSAT-3DR MOSDAC / Sentinel-3 SLSTR,0.5
7437,2026-08-20,7.0,90.5,29.56,1.16,5,GHRSST L4 / INSAT-3DR MOSDAC / Sentinel-3 SLSTR,0.5
7438,2026-08-20,7.0,91.0,29.7,1.3,5,GHRSST L4 / INSAT-3DR MOSDAC / Sentinel-3 SLSTR,0.5
7439,2026-08-20,7.0,91.5,29.37,0.97,5,GHRSST L4 / INSAT-3DR MOSDAC / Sentinel-3 SLSTR,0.5
7440,2026-08-20,7.0,92.0,29.22,0.82,5,GHRSST L4 / INSAT-3DR MOSDAC / Sentinel-3 SLSTR,0.5
7441,2026-08-20,7.0,92.5,29.63,1.23,5,GHRSST L4 / INSAT-3DR MOSDAC / Sentinel-3 SLSTR,0.5
7442,2026-08-20,7.0,93.0,29.34,0.94,5,GHRSST L4 / INSAT-3DR MOSDAC / Sentinel-3 SLSTR,0.5
7443,2026-08-20,7.0,93.5,29.12,0.72,5,GHRSST L4 / INSAT-3DR MOSDAC / Sentinel-3 SLSTR,0.5
7444,2026-08-20,7.0,94.0,29.4,1.0,5,GHRSST L4 / INSAT-3DR MOSDAC / Sentinel-3 SLSTR,0.5
7445,2026-08-20,7.5,68.0,29.34,0.99,5,GHRSST L4 / INSAT-3DR MOSDAC / Sentinel-3 SLSTR,0.5
7446,2026-08-20,7.5,68.5,29.13,0.78,5,GHRSST L4 / INSAT-3DR MOSDAC / Sentinel-3 SLSTR,0.5
7447,2026-08-20,7.5,69.0,29.07,0.72,5,GHRSST L4 / INSAT-3DR MOSDAC / Sentinel-3 SLSTR,0.5
7448,2026-08-20,7.5,69.5,29.07,0.72,5,GHRSST L4 / INSAT-3DR MOSDAC / Sentinel-3 SLSTR,0.5
7449,2026-08-20,7.5,70.0,29.55,1.2,5,GHRSST L4 / INSAT-3DR MOSDAC / Sentinel-3 SLSTR,0.5
7450,2026-08-20,7.5,70.5,29.32,0.97,5,GHRSST L4 / INSAT-3DR MOSDAC / Sentinel-3 SLSTR,0.5
7451,2026-08-20,7.5,71.0,29.49,1.14,5,GHRSST L4 / INSAT-3DR MOSDAC / Sentinel-3 SLSTR,0.5
7452,2026-08-20,7.5,71.5,29.64,1.29,5,GHRSST L4 / INSAT-3DR MOSDAC / Sentinel-3 SLSTR,0.5
7453,2026-08-20,7.5,72.0,29.52,1.17,5,GHRSST L4 / INSAT-3DR MOSDAC / Sentinel-3 SLSTR,0.5
7454,2026-08-20,7.5,72.5,29.08,0.73,5,GHRSST L4 / INSAT-3DR MOSDAC / Sentinel-3 SLSTR,0.5
7455,2026-08-20,7.5,73.0,29.26,0.91,5,GHRSST L4 / INSAT-3DR MOSDAC / Sentinel-3 SLSTR,0.5
7456,2026-08-20,7.5,73.5,29.32,0.97,5,GHRSST L4 / INSAT-3DR MOSDAC / Sentinel-3 SLSTR,0.5
7457,2026-08-20,7.5,74.0,29.46,1.11,5,GHRSST L4 / INSAT-3DR MOSDAC / Sentinel-3 SLSTR,0.5
7458,2026-08-20,7.5,74.5,29.65,1.3,5,GHRSST L4 / INSAT-3DR MOSDAC / Sentinel-3 SLSTR,0.5
7459,2026-08-20,7.5,75.0,29.17,0.82,5,GHRSST L4 / INSAT-3DR MOSDAC / Sentinel-3 SLSTR,0.5
7460,2026-08-20,7.5,75.5,29.57,1.22,5,GHRSST L4 / INSAT-3DR MOSDAC / Sentinel-3 SLSTR,0.5
7461,2026-08-20,7.5,76.0,29.02,0.67,5,GHRSST L4 / INSAT-3DR MOSDAC / Sentinel-3 SLSTR,0.5
7462,2026-08-20,7.5,76.5,29.58,1.23,5,GHRSST L4 / INSAT-3DR MOSDAC / Sentinel-3 SLSTR,0.5
7463,2026-08-20,7.5,77.0,29.46,1.11,5,GHRSST L4 / INSAT-3DR MOSDAC / Sentinel-3 SLSTR,0.5
7464,2026-08-20,7.5,77.5,28.99,0.64,5,GHRSST L4 / INSAT-3DR MOSDAC / Sentinel-3 SLSTR,0.5
7465,2026-08-20,7.5,78.0,29.4,1.05,5,GHRSST L4 / INSAT-3DR MOSDAC / Sentinel-3 SLSTR,0.5
7466,2026-08-20,7.5,78.5,29.62,1.27,5,GHRSST L4 / INSAT-3DR MOSDAC / Sentinel-3 SLSTR,0.5
7467,2026-08-20,7.5,79.0,29.27,0.92,5,GHRSST L4 / INSAT-3DR MOSDAC / Sentinel-3 SLSTR,0.5
7468,2026-08-20,7.5,79.5,29.05,0.7,5,GHRSST L4 / INSAT-3DR MOSDAC / Sentinel-3 SLSTR,0.5
7469,2026-08-20,7.5,80.0,29.66,1.31,5,GHRSST L4 / INSAT-3DR MOSDAC / Sentinel-3 SLSTR,0.5
7470,2026-08-20,7.5,80.5,29.26,0.91,5,GHRSST L4 / INSAT-3DR MOSDAC / Sentinel-3 SLSTR,0.5
7471,2026-08-20,7.5,81.0,29.34,0.99,5,GHRSST L4 / INSAT-3DR MOSDAC / Sentinel-3 SLSTR,0.5
7472,2026-08-20,7.5,81.5,29.65,1.3,5,GHRSST L4 / INSAT-3DR MOSDAC / Sentinel-3 SLSTR,0.5
7473,2026-08-20,7.5,82.0,29.38,1.03,5,GHRSST L4 / INSAT-3DR MOSDAC / Sentinel-3 SLSTR,0.5
7474,2026-08-20,7.5,82.5,29.44,1.09,5,GHRSST L4 / INSAT-3DR MOSDAC / Sentinel-3 SLSTR,0.5
7475,2026-08-20,7.5,83.0,29.47,1.12,5,GHRSST L4 / INSAT-3DR MOSDAC / Sentinel-3 SLSTR,0.5
7476,2026-08-20,7.5,83.5,29.5,1.15,5,GHRSST L4 / INSAT-3DR MOSDAC / Sentinel-3 SLSTR,0.5
7477,2026-08-20,7.5,84.0,29.53,1.18,5,GHRSST L4 / INSAT-3DR MOSDAC / Sentinel-3 SLSTR,0.5
7478,2026-08-20,7.5,84.5,29.02,0.67,5,GHRSST L4 / INSAT-3DR MOSDAC / Sentinel-3 SLSTR,0.5
7479,2026-08-20,7.5,85.0,29.62,1.27,5,GHRSST L4 / INSAT-3DR MOSDAC / Sentinel-3 SLSTR,0.5
7480,2026-08-20,7.5,85.5,29.35,1.0,5,GHRSST L4 / INSAT-3DR MOSDAC / Sentinel-3 SLSTR,0.5
7481,2026-08-20,7.5,86.0,29.34,0.99,5,GHRSST L4 / INSAT-3DR MOSDAC / Sentinel-3 SLSTR,0.5
7482,2026-08-20,7.5,86.5,29.55,1.2,5,GHRSST L4 / INSAT-3DR MOSDAC / Sentinel-3 SLSTR,0.5
7483,2026-08-20,7.5,87.0,29.18,0.83,5,GHRSST L4 / INSAT-3DR MOSDAC / Sentinel-3 SLSTR,0.5
7484,2026-08-20,7.5,87.5,29.43,1.08,5,GHRSST L4 / INSAT-3DR MOSDAC / Sentinel-3 SLSTR,0.5
7485,2026-08-20,7.5,88.0,29.19,0.84,5,GHRSST L4 / INSAT-3DR MOSDAC / Sentinel-3 SLSTR,0.5
7486,2026-08-20,7.5,88.5,29.5,1.15,5,GHRSST L4 / INSAT-3DR MOSDAC / Sentinel-3 SLSTR,0.5
7487,2026-08-20,7.5,89.0,29.27,0.92,5,GHRSST L4 / INSAT-3DR MOSDAC / Sentinel-3 SLSTR,0.5
7488,2026-08-20,7.5,89.5,29.1,0.75,5,GHRSST L4 / INSAT-3DR MOSDAC / Sentinel-3 SLSTR,0.5
7489,2026-08-20,7.5,90.0,29.61,1.26,5,GHRSST L4 / INSAT-3DR MOSDAC / Sentinel-3 SLSTR,0.5
7490,2026-08-20,7.5,90.5,29.5,1.15,5,GHRSST L4 / INSAT-3DR MOSDAC / Sentinel-3 SLSTR,0.5
7491,2026-08-20,7.5,91.0,28.98,0.63,5,GHRSST L4 / INSAT-3DR MOSDAC / Sentinel-3 SLSTR,0.5
7492,2026-08-20,7.5,91.5,29.02,0.67,5,GHRSST L4 / INSAT-3DR MOSDAC / Sentinel-3 SLSTR,0.5
7493,2026-08-20,7.5,92.0,29.24,0.89,5,GHRSST L4 / INSAT-3DR MOSDAC / Sentinel-3 SLSTR,0.5
7494,2026-08-20,7.5,92.5,29.52,1.17,5,GHRSST L4 / INSAT-3DR MOSDAC / Sentinel-3 SLSTR,0.5
7495,2026-08-20,7.5,93.0,29.16,0.81,5,GHRSST L4 / INSAT-3DR MOSDAC / Sentinel-3 SLSTR,0.5
7496,2026-08-20,7.5,93.5,29.66,1.31,5,GHRSST L4 / INSAT-3DR MOSDAC / Sentinel-3 SLSTR,0.5
7497,2026-08-20,7.5,94.0,29.61,1.26,5,GHRSST L4 / INSAT-3DR MOSDAC / Sentinel-3 SLSTR,0.5
7498,2026-08-20,8.0,68.0,29.52,1.22,5,GHRSST L4 / INSAT-3DR MOSDAC / Sentinel-3 SLSTR,0.5
7499,2026-08-20,8.0,68.5,28.92,0.62,5,GHRSST L4 / INSAT-3DR MOSDAC / Sentinel-3 SLSTR,0.5
7500,2026-08-20,8.0,69.0,29.58,1.28,5,GHRSST L4 / INSAT-3DR MOSDAC / Sentinel-3 SLSTR,0.5
7501,2026-08-20,8.0,69.5,29.32,1.02,5,GHRSST L4 / INSAT-3DR MOSDAC / Sentinel-3 SLSTR,0.5
7502,2026-08-20,8.0,70.0,29.32,1.02,5,GHRSST L4 / INSAT-3DR MOSDAC / Sentinel-3 SLSTR,0.5
7503,2026-08-20,8.0,70.5,28.98,0.68,5,GHRSST L4 / INSAT-3DR MOSDAC / Sentinel-3 SLSTR,0.5
7504,2026-08-20,8.0,71.0,29.34,1.04,5,GHRSST L4 / INSAT-3DR MOSDAC / Sentinel-3 SLSTR,0.5
7505,2026-08-20,8.0,71.5,29.28,0.98,5,GHRSST L4 / INSAT-3DR MOSDAC / Sentinel-3 SLSTR,0.5
7506,2026-08-20,8.0,72.0,29.29,0.99,5,GHRSST L4 / INSAT-3DR MOSDAC / Sentinel-3 SLSTR,0.5
7507,2026-08-20,8.0,72.5,29.04,0.74,5,GHRSST L4 / INSAT-3DR MOSDAC / Sentinel-3 SLSTR,0.5
7508,2026-08-20,8.0,73.0,29.29,0.99,5,GHRSST L4 / INSAT-3DR MOSDAC / Sentinel-3 SLSTR,0.5
7509,2026-08-20,8.0,73.5,28.96,0.66,5,GHRSST L4 / INSAT-3DR MOSDAC / Sentinel-3 SLSTR,0.5
7510,2026-08-20,8.0,74.0,27.52,-0.78,5,GHRSST L4 / INSAT-3DR MOSDAC / Sentinel-3 SLSTR,0.5
7511,2026-08-20,8.0,74.5,27.66,-0.64,5,GHRSST L4 / INSAT-3DR MOSDAC / Sentinel-3 SLSTR,0.5
7512,2026-08-20,8.0,75.0,28.07,-0.23,5,GHRSST L4 / INSAT-3DR MOSDAC / Sentinel-3 SLSTR,0.5
7513,2026-08-20,8.0,75.5,27.93,-0.37,5,GHRSST L4 / INSAT-3DR MOSDAC / Sentinel-3 SLSTR,0.5
7514,2026-08-20,8.0,76.0,28.14,-0.16,5,GHRSST L4 / INSAT-3DR MOSDAC / Sentinel-3 SLSTR,0.5
7515,2026-08-20,8.0,76.5,27.78,-0.52,5,GHRSST L4 / INSAT-3DR MOSDAC / Sentinel-3 SLSTR,0.5
7516,2026-08-20,8.0,77.0,27.75,-0.55,5,GHRSST L4 / INSAT-3DR MOSDAC / Sentinel-3 SLSTR,0.5
7517,2026-08-20,8.0,77.5,29.4,1.1,5,GHRSST L4 / INSAT-3DR MOSDAC / Sentinel-3 SLSTR,0.5
7518,2026-08-20,8.0,78.0,29.19,0.89,5,GHRSST L4 / INSAT-3DR MOSDAC / Sentinel-3 SLSTR,0.5
7519,2026-08-20,8.0,78.5,29.18,0.88,5,GHRSST L4 / INSAT-3DR MOSDAC / Sentinel-3 SLSTR,0.5
7520,2026-08-20,8.0,79.0,29.24,0.94,5,GHRSST L4 / INSAT-3DR MOSDAC / Sentinel-3 SLSTR,0.5
7521,2026-08-20,8.0,79.5,28.99,0.69,5,GHRSST L4 / INSAT-3DR MOSDAC / Sentinel-3 SLSTR,0.5
7522,2026-08-20,8.0,80.0,29.05,0.75,5,GHRSST L4 / INSAT-3DR MOSDAC / Sentinel-3 SLSTR,0.5
7523,2026-08-20,8.0,80.5,29.33,1.03,5,GHRSST L4 / INSAT-3DR MOSDAC / Sentinel-3 SLSTR,0.5
7524,2026-08-20,8.0,81.0,29.34,1.04,5,GHRSST L4 / INSAT-3DR MOSDAC / Sentinel-3 SLSTR,0.5
7525,2026-08-20,8.0,81.5,29.32,1.02,5,GHRSST L4 / INSAT-3DR MOSDAC / Sentinel-3 SLSTR,0.5
7526,2026-08-20,8.0,82.0,29.05,0.75,5,GHRSST L4 / INSAT-3DR MOSDAC / Sentinel-3 SLSTR,0.5
7527,2026-08-20,8.0,82.5,29.21,0.91,5,GHRSST L4 / INSAT-3DR MOSDAC / Sentinel-3 SLSTR,0.5
7528,2026-08-20,8.0,83.0,29.55,1.25,5,GHRSST L4 / INSAT-3DR MOSDAC / Sentinel-3 SLSTR,0.5
7529,2026-08-20,8.0,83.5,29.51,1.21,5,GHRSST L4 / INSAT-3DR MOSDAC / Sentinel-3 SLSTR,0.5
7530,2026-08-20,8.0,84.0,29.3,1.0,5,GHRSST L4 / INSAT-3DR MOSDAC / Sentinel-3 SLSTR,0.5
7531,2026-08-20,8.0,84.5,29.54,1.24,5,GHRSST L4 / INSAT-3DR MOSDAC / Sentinel-3 SLSTR,0.5
7532,2026-08-20,8.0,85.0,29.38,1.08,5,GHRSST L4 / INSAT-3DR MOSDAC / Sentinel-3 SLSTR,0.5
7533,2026-08-20,8.0,85.5,29.2,0.9,5,GHRSST L4 / INSAT-3DR MOSDAC / Sentinel-3 SLSTR,0.5
7534,2026-08-20,8.0,86.0,29.45,1.15,5,GHRSST L4 / INSAT-3DR MOSDAC / Sentinel-3 SLSTR,0.5
7535,2026-08-20,8.0,86.5,29.12,0.82,5,GHRSST L4 / INSAT-3DR MOSDAC / Sentinel-3 SLSTR,0.5
7536,2026-08-20,8.0,87.0,29.51,1.21,5,GHRSST L4 / INSAT-3DR MOSDAC / Sentinel-3 SLSTR,0.5
7537,2026-08-20,8.0,87.5,29.14,0.84,5,GHRSST L4 / INSAT-3DR MOSDAC / Sentinel-3 SLSTR,0.5
7538,2026-08-20,8.0,88.0,29.47,1.17,5,GHRSST L4 / INSAT-3DR MOSDAC / Sentinel-3 SLSTR,0.5
7539,2026-08-20,8.0,88.5,29.11,0.81,5,GHRSST L4 / INSAT-3DR MOSDAC / Sentinel-3 SLSTR,0.5
7540,2026-08-20,8.0,89.0,29.55,1.25,5,GHRSST L4 / INSAT-3DR MOSDAC / Sentinel-3 SLSTR,0.5
7541,2026-08-20,8.0,89.5,29.04,0.74,5,GHRSST L4 / INSAT-3DR MOSDAC / Sentinel-3 SLSTR,0.5
7542,2026-08-20,8.0,90.0,29.41,1.11,5,GHRSST L4 / INSAT-3DR MOSDAC / Sentinel-3 SLSTR,0.5
7543,2026-08-20,8.0,90.5,29.2,0.9,5,GHRSST L4 / INSAT-3DR MOSDAC / Sentinel-3 SLSTR,0.5
7544,2026-08-20,8.0,91.0,28.92,0.62,5,GHRSST L4 / INSAT-3DR MOSDAC / Sentinel-3 SLSTR,0.5
7545,2026-08-20,8.0,91.5,29.14,0.84,5,GHRSST L4 / INSAT-3DR MOSDAC / Sentinel-3 SLSTR,0.5
7546,2026-08-20,8.0,92.0,29.05,0.75,5,GHRSST L4 / INSAT-3DR MOSDAC / Sentinel-3 SLSTR,0.5
7547,2026-08-20,8.0,92.5,29.3,1.0,5,GHRSST L4 / INSAT-3DR MOSDAC / Sentinel-3 SLSTR,0.5
7548,2026-08-20,8.0,93.0,29.09,0.79,5,GHRSST L4 / INSAT-3DR MOSDAC / Sentinel-3 SLSTR,0.5
7549,2026-08-20,8.0,93.5,28.96,0.66,5,GHRSST L4 / INSAT-3DR MOSDAC / Sentinel-3 SLSTR,0.5
7550,2026-08-20,8.0,94.0,29.58,1.28,5,GHRSST L4 / INSAT-3DR MOSDAC / Sentinel-3 SLSTR,0.5
7551,2026-08-20,8.5,68.0,29.44,1.19,5,GHRSST L4 / INSAT-3DR MOSDAC / Sentinel-3 SLSTR,0.5
7552,2026-08-20,8.5,68.5,28.88,0.63,5,GHRSST L4 / INSAT-3DR MOSDAC / Sentinel-3 SLSTR,0.5
7553,2026-08-20,8.5,69.0,29.04,0.79,5,GHRSST L4 / INSAT-3DR MOSDAC / Sentinel-3 SLSTR,0.5
7554,2026-08-20,8.5,69.5,29.29,1.04,5,GHRSST L4 / INSAT-3DR MOSDAC / Sentinel-3 SLSTR,0.5
7555,2026-08-20,8.5,70.0,29.07,0.82,5,GHRSST L4 / INSAT-3DR MOSDAC / Sentinel-3 SLSTR,0.5
7556,2026-08-20,8.5,70.5,29.05,0.8,5,GHRSST L4 / INSAT-3DR MOSDAC / Sentinel-3 SLSTR,0.5
7557,2026-08-20,8.5,71.0,29.27,1.02,5,GHRSST L4 / INSAT-3DR MOSDAC / Sentinel-3 SLSTR,0.5
7558,2026-08-20,8.5,71.5,28.99,0.74,5,GHRSST L4 / INSAT-3DR MOSDAC / Sentinel-3 SLSTR,0.5
7559,2026-08-20,8.5,72.0,29.3,1.05,5,GHRSST L4 / INSAT-3DR MOSDAC / Sentinel-3 SLSTR,0.5
7560,2026-08-20,8.5,72.5,28.91,0.66,5,GHRSST L4 / INSAT-3DR MOSDAC / Sentinel-3 SLSTR,0.5
7561,2026-08-20,8.5,73.0,29.08,0.83,5,GHRSST L4 / INSAT-3DR MOSDAC / Sentinel-3 SLSTR,0.5
7562,2026-08-20,8.5,73.5,28.93,0.68,5,GHRSST L4 / INSAT-3DR MOSDAC / Sentinel-3 SLSTR,0.5
7563,2026-08-20,8.5,74.0,27.66,-0.59,5,GHRSST L4 / INSAT-3DR MOSDAC / Sentinel-3 SLSTR,0.5
7564,2026-08-20,8.5,74.5,27.93,-0.32,5,GHRSST L4 / INSAT-3DR MOSDAC / Sentinel-3 SLSTR,0.5
7565,2026-08-20,8.5,75.0,27.98,-0.27,5,GHRSST L4 / INSAT-3DR MOSDAC / Sentinel-3 SLSTR,0.5
7566,2026-08-20,8.5,75.5,27.55,-0.7,5,GHRSST L4 / INSAT-3DR MOSDAC / Sentinel-3 SLSTR,0.5
7567,2026-08-20,8.5,76.0,27.97,-0.28,5,GHRSST L4 / INSAT-3DR MOSDAC / Sentinel-3 SLSTR,0.5
7568,2026-08-20,8.5,76.5,27.51,-0.74,5,GHRSST L4 / INSAT-3DR MOSDAC / Sentinel-3 SLSTR,0.5
7569,2026-08-20,8.5,77.0,27.6,-0.65,5,GHRSST L4 / INSAT-3DR MOSDAC / Sentinel-3 SLSTR,0.5
7570,2026-08-20,8.5,77.5,29.2,0.95,5,GHRSST L4 / INSAT-3DR MOSDAC / Sentinel-3 SLSTR,0.5
7571,2026-08-20,8.5,78.0,29.53,1.28,5,GHRSST L4 / INSAT-3DR MOSDAC / Sentinel-3 SLSTR,0.5
7572,2026-08-20,8.5,78.5,29.53,1.28,5,GHRSST L4 / INSAT-3DR MOSDAC / Sentinel-3 SLSTR,0.5
7573,2026-08-20,8.5,79.0,29.18,0.93,5,GHRSST L4 / INSAT-3DR MOSDAC / Sentinel-3 SLSTR,0.5
7574,2026-08-20,8.5,79.5,29.41,1.16,5,GHRSST L4 / INSAT-3DR MOSDAC / Sentinel-3 SLSTR,0.5
7575,2026-08-20,8.5,80.0,29.24,0.99,5,GHRSST L4 / INSAT-3DR MOSDAC / Sentinel-3 SLSTR,0.5
7576,2026-08-20,8.5,80.5,29.38,1.13,5,GHRSST L4 / INSAT-3DR MOSDAC / Sentinel-3 SLSTR,0.5
7577,2026-08-20,8.5,81.0,29.31,1.06,5,GHRSST L4 / INSAT-3DR MOSDAC / Sentinel-3 SLSTR,0.5
7578,2026-08-20,8.5,81.5,29.34,1.09,5,GHRSST L4 / INSAT-3DR MOSDAC / Sentinel-3 SLSTR,0.5
7579,2026-08-20,8.5,82.0,29.16,0.91,5,GHRSST L4 / INSAT-3DR MOSDAC / Sentinel-3 SLSTR,0.5
7580,2026-08-20,8.5,82.5,29.43,1.18,5,GHRSST L4 / INSAT-3DR MOSDAC / Sentinel-3 SLSTR,0.5
7581,2026-08-20,8.5,83.0,29.16,0.91,5,GHRSST L4 / INSAT-3DR MOSDAC / Sentinel-3 SLSTR,0.5
7582,2026-08-20,8.5,83.5,29.34,1.09,5,GHRSST L4 / INSAT-3DR MOSDAC / Sentinel-3 SLSTR,0.5
7583,2026-08-20,8.5,84.0,29.46,1.21,5,GHRSST L4 / INSAT-3DR MOSDAC / Sentinel-3 SLSTR,0.5
7584,2026-08-20,8.5,84.5,29.31,1.06,5,GHRSST L4 / INSAT-3DR MOSDAC / Sentinel-3 SLSTR,0.5
7585,2026-08-20,8.5,85.0,29.21,0.96,5,GHRSST L4 / INSAT-3DR MOSDAC / Sentinel-3 SLSTR,0.5
7586,2026-08-20,8.5,85.5,29.22,0.97,5,GHRSST L4 / INSAT-3DR MOSDAC / Sentinel-3 SLSTR,0.5
7587,2026-08-20,8.5,86.0,29.35,1.1,5,GHRSST L4 / INSAT-3DR MOSDAC / Sentinel-3 SLSTR,0.5
7588,2026-08-20,8.5,86.5,28.91,0.66,5,GHRSST L4 / INSAT-3DR MOSDAC / Sentinel-3 SLSTR,0.5
7589,2026-08-20,8.5,87.0,29.3,1.05,5,GHRSST L4 / INSAT-3DR MOSDAC / Sentinel-3 SLSTR,0.5
7590,2026-08-20,8.5,87.5,29.11,0.86,5,GHRSST L4 / INSAT-3DR MOSDAC / Sentinel-3 SLSTR,0.5
7591,2026-08-20,8.5,88.0,28.94,0.69,5,GHRSST L4 / INSAT-3DR MOSDAC / Sentinel-3 SLSTR,0.5
7592,2026-08-20,8.5,88.5,29.49,1.24,5,GHRSST L4 / INSAT-3DR MOSDAC / Sentinel-3 SLSTR,0.5
7593,2026-08-20,8.5,89.0,29.2,0.95,5,GHRSST L4 / INSAT-3DR MOSDAC / Sentinel-3 SLSTR,0.5
7594,2026-08-20,8.5,89.5,29.17,0.92,5,GHRSST L4 / INSAT-3DR MOSDAC / Sentinel-3 SLSTR,0.5
7595,2026-08-20,8.5,90.0,29.23,0.98,5,GHRSST L4 / INSAT-3DR MOSDAC / Sentinel-3 SLSTR,0.5
7596,2026-08-20,8.5,90.5,29.29,1.04,5,GHRSST L4 / INSAT-3DR MOSDAC / Sentinel-3 SLSTR,0.5
7597,2026-08-20,8.5,91.0,28.99,0.74,5,GHRSST L4 / INSAT-3DR MOSDAC / Sentinel-3 SLSTR,0.5
7598,2026-08-20,8.5,91.5,29.29,1.04,5,GHRSST L4 / INSAT-3DR MOSDAC / Sentinel-3 SLSTR,0.5
7599,2026-08-20,8.5,92.0,29.1,0.85,5,GHRSST L4 / INSAT-3DR MOSDAC / Sentinel-3 SLSTR,0.5
7600,2026-08-20,8.5,92.5,29.35,1.1,5,GHRSST L4 / INSAT-3DR MOSDAC / Sentinel-3 SLSTR,0.5
7601,2026-08-20,8.5,93.0,29.39,1.14,5,GHRSST L4 / INSAT-3DR MOSDAC / Sentinel-3 SLSTR,0.5
7602,2026-08-20,8.5,93.5,28.86,0.61,5,GHRSST L4 / INSAT-3DR MOSDAC / Sentinel-3 SLSTR,0.5
7603,2026-08-20,8.5,94.0,29.35,1.1,5,GHRSST L4 / INSAT-3DR MOSDAC / Sentinel-3 SLSTR,0.5
7604,2026-08-20,9.0,68.0,29.04,0.84,5,GHRSST L4 / INSAT-3DR MOSDAC / Sentinel-3 SLSTR,0.5
7605,2026-08-20,9.0,68.5,29.0,0.8,5,GHRSST L4 / INSAT-3DR MOSDAC / Sentinel-3 SLSTR,0.5
7606,2026-08-20,9.0,69.0,29.05,0.85,5,GHRSST L4 / INSAT-3DR MOSDAC / Sentinel-3 SLSTR,0.5
7607,2026-08-20,9.0,69.5,29.19,0.99,5,GHRSST L4 / INSAT-3DR MOSDAC / Sentinel-3 SLSTR,0.5
7608,2026-08-20,9.0,70.0,28.87,0.67,5,GHRSST L4 / INSAT-3DR MOSDAC / Sentinel-3 SLSTR,0.5
7609,2026-08-20,9.0,70.5,29.28,1.08,5,GHRSST L4 / INSAT-3DR MOSDAC / Sentinel-3 SLSTR,0.5
7610,2026-08-20,9.0,71.0,29.1,0.9,5,GHRSST L4 / INSAT-3DR MOSDAC / Sentinel-3 SLSTR,0.5
7611,2026-08-20,9.0,71.5,28.9,0.7,5,GHRSST L4 / INSAT-3DR MOSDAC / Sentinel-3 SLSTR,0.5
7612,2026-08-20,9.0,72.0,29.15,0.95,5,GHRSST L4 / INSAT-3DR MOSDAC / Sentinel-3 SLSTR,0.5
7613,2026-08-20,9.0,80.5,29.19,0.99,5,GHRSST L4 / INSAT-3DR MOSDAC / Sentinel-3 SLSTR,0.5
7614,2026-08-20,9.0,81.0,29.03,0.83,5,GHRSST L4 / INSAT-3DR MOSDAC / Sentinel-3 SLSTR,0.5
7615,2026-08-20,9.0,81.5,29.42,1.22,5,GHRSST L4 / INSAT-3DR MOSDAC / Sentinel-3 SLSTR,0.5
7616,2026-08-20,9.0,82.0,29.28,1.08,5,GHRSST L4 / INSAT-3DR MOSDAC / Sentinel-3 SLSTR,0.5
7617,2026-08-20,9.0,82.5,29.25,1.05,5,GHRSST L4 / INSAT-3DR MOSDAC / Sentinel-3 SLSTR,0.5
7618,2026-08-20,9.0,83.0,28.83,0.63,5,GHRSST L4 / INSAT-3DR MOSDAC / Sentinel-3 SLSTR,0.5
7619,2026-08-20,9.0,83.5,29.14,0.94,5,GHRSST L4 / INSAT-3DR MOSDAC / Sentinel-3 SLSTR,0.5
7620,2026-08-20,9.0,84.0,29.39,1.19,5,GHRSST L4 / INSAT-3DR MOSDAC / Sentinel-3 SLSTR,0.5
7621,2026-08-20,9.0,84.5,29.26,1.06,5,GHRSST L4 / INSAT-3DR MOSDAC / Sentinel-3 SLSTR,0.5
7622,2026-08-20,9.0,85.0,28.95,0.75,5,GHRSST L4 / INSAT-3DR MOSDAC / Sentinel-3 SLSTR,0.5
7623,2026-08-20,9.0,85.5,29.39,1.19,5,GHRSST L4 / INSAT-3DR MOSDAC / Sentinel-3 SLSTR,0.5
7624,2026-08-20,9.0,86.0,29.05,0.85,5,GHRSST L4 / INSAT-3DR MOSDAC / Sentinel-3 SLSTR,0.5
7625,2026-08-20,9.0,86.5,29.43,1.23,5,GHRSST L4 / INSAT-3DR MOSDAC / Sentinel-3 SLSTR,0.5
7626,2026-08-20,9.0,87.0,29.15,0.95,5,GHRSST L4 / INSAT-3DR MOSDAC / Sentinel-3 SLSTR,0.5
7627,2026-08-20,9.0,87.5,29.34,1.14,5,GHRSST L4 / INSAT-3DR MOSDAC / Sentinel-3 SLSTR,0.5
7628,2026-08-20,9.0,88.0,29.22,1.02,5,GHRSST L4 / INSAT-3DR MOSDAC / Sentinel-3 SLSTR,0.5
7629,2026-08-20,9.0,88.5,28.99,0.79,5,GHRSST L4 / INSAT-3DR MOSDAC / Sentinel-3 SLSTR,0.5
7630,2026-08-20,9.0,89.0,29.25,1.05,5,GHRSST L4 / INSAT-3DR MOSDAC / Sentinel-3 SLSTR,0.5
7631,2026-08-20,9.0,89.5,28.8,0.6,5,GHRSST L4 / INSAT-3DR MOSDAC / Sentinel-3 SLSTR,0.5
7632,2026-08-20,9.0,90.0,29.37,1.17,5,GHRSST L4 / INSAT-3DR MOSDAC / Sentinel-3 SLSTR,0.5
7633,2026-08-20,9.0,90.5,29.47,1.27,5,GHRSST L4 / INSAT-3DR MOSDAC / Sentinel-3 SLSTR,0.5
7634,2026-08-20,9.0,91.0,28.93,0.73,5,GHRSST L4 / INSAT-3DR MOSDAC / Sentinel-3 SLSTR,0.5
7635,2026-08-20,9.0,91.5,29.41,1.21,5,GHRSST L4 / INSAT-3DR MOSDAC / Sentinel-3 SLSTR,0.5
7636,2026-08-20,9.0,92.0,28.91,0.71,5,GHRSST L4 / INSAT-3DR MOSDAC / Sentinel-3 SLSTR,0.5
7637,2026-08-20,9.0,92.5,29.13,0.93,5,GHRSST L4 / INSAT-3DR MOSDAC / Sentinel-3 SLSTR,0.5
7638,2026-08-20,9.0,93.0,28.99,0.79,5,GHRSST L4 / INSAT-3DR MOSDAC / Sentinel-3 SLSTR,0.5
7639,2026-08-20,9.0,93.5,28.92,0.72,5,GHRSST L4 / INSAT-3DR MOSDAC / Sentinel-3 SLSTR,0.5
7640,2026-08-20,9.0,94.0,29.32,1.12,5,GHRSST L4 / INSAT-3DR MOSDAC / Sentinel-3 SLSTR,0.5
7641,2026-08-20,9.5,68.0,29.29,1.14,5,GHRSST L4 / INSAT-3DR MOSDAC / Sentinel-3 SLSTR,0.5
7642,2026-08-20,9.5,68.5,29.32,1.17,5,GHRSST L4 / INSAT-3DR MOSDAC / Sentinel-3 SLSTR,0.5
7643,2026-08-20,9.5,69.0,28.74,0.59,5,GHRSST L4 / INSAT-3DR MOSDAC / Sentinel-3 SLSTR,0.5
7644,2026-08-20,9.5,69.5,29.32,1.17,5,GHRSST L4 / INSAT-3DR MOSDAC / Sentinel-3 SLSTR,0.5
7645,2026-08-20,9.5,70.0,28.77,0.62,5,GHRSST L4 / INSAT-3DR MOSDAC / Sentinel-3 SLSTR,0.5
7646,2026-08-20,9.5,70.5,29.04,0.89,5,GHRSST L4 / INSAT-3DR MOSDAC / Sentinel-3 SLSTR,0.5
7647,2026-08-20,9.5,71.0,28.85,0.7,5,GHRSST L4 / INSAT-3DR MOSDAC / Sentinel-3 SLSTR,0.5
7648,2026-08-20,9.5,71.5,29.36,1.21,5,GHRSST L4 / INSAT-3DR MOSDAC / Sentinel-3 SLSTR,0.5
7649,2026-08-20,9.5,72.0,29.13,0.98,5,GHRSST L4 / INSAT-3DR MOSDAC / Sentinel-3 SLSTR,0.5
7650,2026-08-20,9.5,80.5,29.06,0.91,5,GHRSST L4 / INSAT-3DR MOSDAC / Sentinel-3 SLSTR,0.5
7651,2026-08-20,9.5,81.0,29.04,0.89,5,GHRSST L4 / INSAT-3DR MOSDAC / Sentinel-3 SLSTR,0.5
7652,2026-08-20,9.5,81.5,29.01,0.86,5,GHRSST L4 / INSAT-3DR MOSDAC / Sentinel-3 SLSTR,0.5
7653,2026-08-20,9.5,82.0,29.06,0.91,5,GHRSST L4 / INSAT-3DR MOSDAC / Sentinel-3 SLSTR,0.5
7654,2026-08-20,9.5,82.5,29.13,0.98,5,GHRSST L4 / INSAT-3DR MOSDAC / Sentinel-3 SLSTR,0.5
7655,2026-08-20,9.5,83.0,29.3,1.15,5,GHRSST L4 / INSAT-3DR MOSDAC / Sentinel-3 SLSTR,0.5
7656,2026-08-20,9.5,83.5,28.9,0.75,5,GHRSST L4 / INSAT-3DR MOSDAC / Sentinel-3 SLSTR,0.5
7657,2026-08-20,9.5,84.0,29.29,1.14,5,GHRSST L4 / INSAT-3DR MOSDAC / Sentinel-3 SLSTR,0.5
7658,2026-08-20,9.5,84.5,29.31,1.16,5,GHRSST L4 / INSAT-3DR MOSDAC / Sentinel-3 SLSTR,0.5
7659,2026-08-20,9.5,85.0,29.33,1.18,5,GHRSST L4 / INSAT-3DR MOSDAC / Sentinel-3 SLSTR,0.5
7660,2026-08-20,9.5,85.5,29.39,1.24,5,GHRSST L4 / INSAT-3DR MOSDAC / Sentinel-3 SLSTR,0.5
7661,2026-08-20,9.5,86.0,29.4,1.25,5,GHRSST L4 / INSAT-3DR MOSDAC / Sentinel-3 SLSTR,0.5
7662,2026-08-20,9.5,86.5,28.81,0.66,5,GHRSST L4 / INSAT-3DR MOSDAC / Sentinel-3 SLSTR,0.5
7663,2026-08-20,9.5,87.0,29.34,1.19,5,GHRSST L4 / INSAT-3DR MOSDAC / Sentinel-3 SLSTR,0.5
7664,2026-08-20,9.5,87.5,29.32,1.17,5,GHRSST L4 / INSAT-3DR MOSDAC / Sentinel-3 SLSTR,0.5
7665,2026-08-20,9.5,88.0,28.99,0.84,5,GHRSST L4 / INSAT-3DR MOSDAC / Sentinel-3 SLSTR,0.5
7666,2026-08-20,9.5,88.5,29.21,1.06,5,GHRSST L4 / INSAT-3DR MOSDAC / Sentinel-3 SLSTR,0.5
7667,2026-08-20,9.5,89.0,29.38,1.23,5,GHRSST L4 / INSAT-3DR MOSDAC / Sentinel-3 SLSTR,0.5
7668,2026-08-20,9.5,89.5,28.79,0.64,5,GHRSST L4 / INSAT-3DR MOSDAC / Sentinel-3 SLSTR,0.5
7669,2026-08-20,9.5,90.0,28.98,0.83,5,GHRSST L4 / INSAT-3DR MOSDAC / Sentinel-3 SLSTR,0.5
7670,2026-08-20,9.5,90.5,29.41,1.26,5,GHRSST L4 / INSAT-3DR MOSDAC / Sentinel-3 SLSTR,0.5
7671,2026-08-20,9.5,91.0,29.11,0.96,5,GHRSST L4 / INSAT-3DR MOSDAC / Sentinel-3 SLSTR,0.5
7672,2026-08-20,9.5,91.5,28.79,0.64,5,GHRSST L4 / INSAT-3DR MOSDAC / Sentinel-3 SLSTR,0.5
7673,2026-08-20,9.5,92.0,29.4,1.25,5,GHRSST L4 / INSAT-3DR MOSDAC / Sentinel-3 SLSTR,0.5
7674,2026-08-20,9.5,92.5,29.36,1.21,5,GHRSST L4 / INSAT-3DR MOSDAC / Sentinel-3 SLSTR,0.5
7675,2026-08-20,9.5,93.0,29.29,1.14,5,GHRSST L4 / INSAT-3DR MOSDAC / Sentinel-3 SLSTR,0.5
7676,2026-08-20,9.5,93.5,29.29,1.14,5,GHRSST L4 / INSAT-3DR MOSDAC / Sentinel-3 SLSTR,0.5
7677,2026-08-20,9.5,94.0,29.07,0.92,5,GHRSST L4 / INSAT-3DR MOSDAC / Sentinel-3 SLSTR,0.5
7678,2026-08-20,10.0,68.0,29.28,1.18,5,GHRSST L4 / INSAT-3DR MOSDAC / Sentinel-3 SLSTR,0.5
7679,2026-08-20,10.0,68.5,28.88,0.78,5,GHRSST L4 / INSAT-3DR MOSDAC / Sentinel-3 SLSTR,0.5
7680,2026-08-20,10.0,69.0,28.92,0.82,5,GHRSST L4 / INSAT-3DR MOSDAC / Sentinel-3 SLSTR,0.5
7681,2026-08-20,10.0,69.5,28.82,0.72,5,GHRSST L4 / INSAT-3DR MOSDAC / Sentinel-3 SLSTR,0.5
7682,2026-08-20,10.0,70.0,28.95,0.85,5,GHRSST L4 / INSAT-3DR MOSDAC / Sentinel-3 SLSTR,0.5
7683,2026-08-20,10.0,70.5,28.83,0.73,5,GHRSST L4 / INSAT-3DR MOSDAC / Sentinel-3 SLSTR,0.5
7684,2026-08-20,10.0,71.0,28.91,0.81,5,GHRSST L4 / INSAT-3DR MOSDAC / Sentinel-3 SLSTR,0.5
7685,2026-08-20,10.0,71.5,29.15,1.05,5,GHRSST L4 / INSAT-3DR MOSDAC / Sentinel-3 SLSTR,0.5
7686,2026-08-20,10.0,72.0,28.97,0.87,5,GHRSST L4 / INSAT-3DR MOSDAC / Sentinel-3 SLSTR,0.5
7687,2026-08-20,10.0,81.0,29.21,1.11,5,GHRSST L4 / INSAT-3DR MOSDAC / Sentinel-3 SLSTR,0.5
7688,2026-08-20,10.0,81.5,29.01,0.91,5,GHRSST L4 / INSAT-3DR MOSDAC / Sentinel-3 SLSTR,0.5
7689,2026-08-20,10.0,82.0,28.77,0.67,5,GHRSST L4 / INSAT-3DR MOSDAC / Sentinel-3 SLSTR,0.5
7690,2026-08-20,10.0,82.5,29.19,1.09,5,GHRSST L4 / INSAT-3DR MOSDAC / Sentinel-3 SLSTR,0.5
7691,2026-08-20,10.0,83.0,28.72,0.62,5,GHRSST L4 / INSAT-3DR MOSDAC / Sentinel-3 SLSTR,0.5
7692,2026-08-20,10.0,83.5,29.33,1.23,5,GHRSST L4 / INSAT-3DR MOSDAC / Sentinel-3 SLSTR,0.5
7693,2026-08-20,10.0,84.0,29.26,1.16,5,GHRSST L4 / INSAT-3DR MOSDAC / Sentinel-3 SLSTR,0.5
7694,2026-08-20,10.0,84.5,29.34,1.24,5,GHRSST L4 / INSAT-3DR MOSDAC / Sentinel-3 SLSTR,0.5
7695,2026-08-20,10.0,85.0,28.84,0.74,5,GHRSST L4 / INSAT-3DR MOSDAC / Sentinel-3 SLSTR,0.5
7696,2026-08-20,10.0,85.5,29.01,0.91,5,GHRSST L4 / INSAT-3DR MOSDAC / Sentinel-3 SLSTR,0.5
7697,2026-08-20,10.0,86.0,28.81,0.71,5,GHRSST L4 / INSAT-3DR MOSDAC / Sentinel-3 SLSTR,0.5
7698,2026-08-20,10.0,86.5,28.97,0.87,5,GHRSST L4 / INSAT-3DR MOSDAC / Sentinel-3 SLSTR,0.5
7699,2026-08-20,10.0,87.0,28.84,0.74,5,GHRSST L4 / INSAT-3DR MOSDAC / Sentinel-3 SLSTR,0.5
7700,2026-08-20,10.0,87.5,29.27,1.17,5,GHRSST L4 / INSAT-3DR MOSDAC / Sentinel-3 SLSTR,0.5
7701,2026-08-20,10.0,88.0,28.76,0.66,5,GHRSST L4 / INSAT-3DR MOSDAC / Sentinel-3 SLSTR,0.5
7702,2026-08-20,10.0,88.5,28.83,0.73,5,GHRSST L4 / INSAT-3DR MOSDAC / Sentinel-3 SLSTR,0.5
7703,2026-08-20,10.0,89.0,28.85,0.75,5,GHRSST L4 / INSAT-3DR MOSDAC / Sentinel-3 SLSTR,0.5
7704,2026-08-20,10.0,89.5,29.19,1.09,5,GHRSST L4 / INSAT-3DR MOSDAC / Sentinel-3 SLSTR,0.5
7705,2026-08-20,10.0,90.0,29.11,1.01,5,GHRSST L4 / INSAT-3DR MOSDAC / Sentinel-3 SLSTR,0.5
7706,2026-08-20,10.0,90.5,28.77,0.67,5,GHRSST L4 / INSAT-3DR MOSDAC / Sentinel-3 SLSTR,0.5
7707,2026-08-20,10.0,91.0,29.09,0.99,5,GHRSST L4 / INSAT-3DR MOSDAC / Sentinel-3 SLSTR,0.5
7708,2026-08-20,10.0,91.5,29.26,1.16,5,GHRSST L4 / INSAT-3DR MOSDAC / Sentinel-3 SLSTR,0.5
7709,2026-08-20,10.0,92.0,28.99,0.89,5,GHRSST L4 / INSAT-3DR MOSDAC / Sentinel-3 SLSTR,0.5
7710,2026-08-20,10.0,92.5,29.1,1.0,5,GHRSST L4 / INSAT-3DR MOSDAC / Sentinel-3 SLSTR,0.5
7711,2026-08-20,10.0,93.0,29.04,0.94,5,GHRSST L4 / INSAT-3DR MOSDAC / Sentinel-3 SLSTR,0.5
7712,2026-08-20,10.0,93.5,28.92,0.82,5,GHRSST L4 / INSAT-3DR MOSDAC / Sentinel-3 SLSTR,0.5
7713,2026-08-20,10.0,94.0,28.67,0.57,5,GHRSST L4 / INSAT-3DR MOSDAC / Sentinel-3 SLSTR,0.5
7714,2026-08-20,10.5,68.0,28.74,0.69,5,GHRSST L4 / INSAT-3DR MOSDAC / Sentinel-3 SLSTR,0.5
7715,2026-08-20,10.5,68.5,29.27,1.22,5,GHRSST L4 / INSAT-3DR MOSDAC / Sentinel-3 SLSTR,0.5
7716,2026-08-20,10.5,69.0,28.86,0.81,5,GHRSST L4 / INSAT-3DR MOSDAC / Sentinel-3 SLSTR,0.5
7717,2026-08-20,10.5,69.5,28.82,0.77,5,GHRSST L4 / INSAT-3DR MOSDAC / Sentinel-3 SLSTR,0.5
7718,2026-08-20,10.5,70.0,29.04,0.99,5,GHRSST L4 / INSAT-3DR MOSDAC / Sentinel-3 SLSTR,0.5
7719,2026-08-20,10.5,70.5,29.24,1.19,5,GHRSST L4 / INSAT-3DR MOSDAC / Sentinel-3 SLSTR,0.5
7720,2026-08-20,10.5,71.0,28.82,0.77,5,GHRSST L4 / INSAT-3DR MOSDAC / Sentinel-3 SLSTR,0.5
7721,2026-08-20,10.5,71.5,28.77,0.72,5,GHRSST L4 / INSAT-3DR MOSDAC / Sentinel-3 SLSTR,0.5
7722,2026-08-20,10.5,72.0,29.24,1.19,5,GHRSST L4 / INSAT-3DR MOSDAC / Sentinel-3 SLSTR,0.5
7723,2026-08-20,10.5,81.0,29.15,1.1,5,GHRSST L4 / INSAT-3DR MOSDAC / Sentinel-3 SLSTR,0.5
7724,2026-08-20,10.5,81.5,29.1,1.05,5,GHRSST L4 / INSAT-3DR MOSDAC / Sentinel-3 SLSTR,0.5
7725,2026-08-20,10.5,82.0,29.0,0.95,5,GHRSST L4 / INSAT-3DR MOSDAC / Sentinel-3 SLSTR,0.5
7726,2026-08-20,10.5,82.5,28.91,0.86,5,GHRSST L4 / INSAT-3DR MOSDAC / Sentinel-3 SLSTR,0.5
7727,2026-08-20,10.5,83.0,29.06,1.01,5,GHRSST L4 / INSAT-3DR MOSDAC / Sentinel-3 SLSTR,0.5
7728,2026-08-20,10.5,83.5,28.76,0.71,5,GHRSST L4 / INSAT-3DR MOSDAC / Sentinel-3 SLSTR,0.5
7729,2026-08-20,10.5,84.0,29.18,1.13,5,GHRSST L4 / INSAT-3DR MOSDAC / Sentinel-3 SLSTR,0.5
7730,2026-08-20,10.5,84.5,28.9,0.85,5,GHRSST L4 / INSAT-3DR MOSDAC / Sentinel-3 SLSTR,0.5
7731,2026-08-20,10.5,85.0,29.14,1.09,5,GHRSST L4 / INSAT-3DR MOSDAC / Sentinel-3 SLSTR,0.5
7732,2026-08-20,10.5,85.5,29.18,1.13,5,GHRSST L4 / INSAT-3DR MOSDAC / Sentinel-3 SLSTR,0.5
7733,2026-08-20,10.5,86.0,28.66,0.61,5,GHRSST L4 / INSAT-3DR MOSDAC / Sentinel-3 SLSTR,0.5
7734,2026-08-20,10.5,86.5,29.08,1.03,5,GHRSST L4 / INSAT-3DR MOSDAC / Sentinel-3 SLSTR,0.5
7735,2026-08-20,10.5,87.0,28.82,0.77,5,GHRSST L4 / INSAT-3DR MOSDAC / Sentinel-3 SLSTR,0.5
7736,2026-08-20,10.5,87.5,28.86,0.81,5,GHRSST L4 / INSAT-3DR MOSDAC / Sentinel-3 SLSTR,0.5
7737,2026-08-20,10.5,88.0,29.12,1.07,5,GHRSST L4 / INSAT-3DR MOSDAC / Sentinel-3 SLSTR,0.5
7738,2026-08-20,10.5,88.5,29.28,1.23,5,GHRSST L4 / INSAT-3DR MOSDAC / Sentinel-3 SLSTR,0.5
7739,2026-08-20,10.5,89.0,29.17,1.12,5,GHRSST L4 / INSAT-3DR MOSDAC / Sentinel-3 SLSTR,0.5
7740,2026-08-20,10.5,89.5,28.81,0.76,5,GHRSST L4 / INSAT-3DR MOSDAC / Sentinel-3 SLSTR,0.5
7741,2026-08-20,10.5,90.0,29.11,1.06,5,GHRSST L4 / INSAT-3DR MOSDAC / Sentinel-3 SLSTR,0.5
7742,2026-08-20,10.5,90.5,28.84,0.79,5,GHRSST L4 / INSAT-3DR MOSDAC / Sentinel-3 SLSTR,0.5
7743,2026-08-20,10.5,91.0,28.92,0.87,5,GHRSST L4 / INSAT-3DR MOSDAC / Sentinel-3 SLSTR,0.5
7744,2026-08-20,10.5,91.5,28.7,0.65,5,GHRSST L4 / INSAT-3DR MOSDAC / Sentinel-3 SLSTR,0.5
7745,2026-08-20,10.5,92.0,29.19,1.14,5,GHRSST L4 / INSAT-3DR MOSDAC / Sentinel-3 SLSTR,0.5
7746,2026-08-20,10.5,92.5,29.06,1.01,5,GHRSST L4 / INSAT-3DR MOSDAC / Sentinel-3 SLSTR,0.5
7747,2026-08-20,10.5,93.0,29.21,1.16,5,GHRSST L4 / INSAT-3DR MOSDAC / Sentinel-3 SLSTR,0.5
7748,2026-08-20,10.5,93.5,28.77,0.72,5,GHRSST L4 / INSAT-3DR MOSDAC / Sentinel-3 SLSTR,0.5
7749,2026-08-20,10.5,94.0,28.7,0.65,5,GHRSST L4 / INSAT-3DR MOSDAC / Sentinel-3 SLSTR,0.5
7750,2026-08-20,11.0,68.0,29.12,1.12,5,GHRSST L4 / INSAT-3DR MOSDAC / Sentinel-3 SLSTR,0.5
7751,2026-08-20,11.0,68.5,29.17,1.17,5,GHRSST L4 / INSAT-3DR MOSDAC / Sentinel-3 SLSTR,0.5
7752,2026-08-20,11.0,69.0,28.67,0.67,5,GHRSST L4 / INSAT-3DR MOSDAC / Sentinel-3 SLSTR,0.5
7753,2026-08-20,11.0,69.5,29.0,1.0,5,GHRSST L4 / INSAT-3DR MOSDAC / Sentinel-3 SLSTR,0.5
7754,2026-08-20,11.0,70.0,28.67,0.67,5,GHRSST L4 / INSAT-3DR MOSDAC / Sentinel-3 SLSTR,0.5
7755,2026-08-20,11.0,70.5,28.56,0.56,5,GHRSST L4 / INSAT-3DR MOSDAC / Sentinel-3 SLSTR,0.5
7756,2026-08-20,11.0,71.0,28.93,0.93,5,GHRSST L4 / INSAT-3DR MOSDAC / Sentinel-3 SLSTR,0.5
7757,2026-08-20,11.0,71.5,29.22,1.22,5,GHRSST L4 / INSAT-3DR MOSDAC / Sentinel-3 SLSTR,0.5
7758,2026-08-20,11.0,81.5,28.96,0.96,5,GHRSST L4 / INSAT-3DR MOSDAC / Sentinel-3 SLSTR,0.5
7759,2026-08-20,11.0,82.0,28.85,0.85,5,GHRSST L4 / INSAT-3DR MOSDAC / Sentinel-3 SLSTR,0.5
7760,2026-08-20,11.0,82.5,28.75,0.75,5,GHRSST L4 / INSAT-3DR MOSDAC / Sentinel-3 SLSTR,0.5
7761,2026-08-20,11.0,83.0,28.75,0.75,5,GHRSST L4 / INSAT-3DR MOSDAC / Sentinel-3 SLSTR,0.5
7762,2026-08-20,11.0,83.5,28.73,0.73,5,GHRSST L4 / INSAT-3DR MOSDAC / Sentinel-3 SLSTR,0.5
7763,2026-08-20,11.0,84.0,28.7,0.7,5,GHRSST L4 / INSAT-3DR MOSDAC / Sentinel-3 SLSTR,0.5
7764,2026-08-20,11.0,84.5,28.6,0.6,5,GHRSST L4 / INSAT-3DR MOSDAC / Sentinel-3 SLSTR,0.5
7765,2026-08-20,11.0,85.0,29.08,1.08,5,GHRSST L4 / INSAT-3DR MOSDAC / Sentinel-3 SLSTR,0.5
7766,2026-08-20,11.0,85.5,28.77,0.77,5,GHRSST L4 / INSAT-3DR MOSDAC / Sentinel-3 SLSTR,0.5
7767,2026-08-20,11.0,86.0,28.66,0.66,5,GHRSST L4 / INSAT-3DR MOSDAC / Sentinel-3 SLSTR,0.5
7768,2026-08-20,11.0,86.5,28.97,0.97,5,GHRSST L4 / INSAT-3DR MOSDAC / Sentinel-3 SLSTR,0.5
7769,2026-08-20,11.0,87.0,29.2,1.2,5,GHRSST L4 / INSAT-3DR MOSDAC / Sentinel-3 SLSTR,0.5
7770,2026-08-20,11.0,87.5,29.03,1.03,5,GHRSST L4 / INSAT-3DR MOSDAC / Sentinel-3 SLSTR,0.5
7771,2026-08-20,11.0,88.0,28.68,0.68,5,GHRSST L4 / INSAT-3DR MOSDAC / Sentinel-3 SLSTR,0.5
7772,2026-08-20,11.0,88.5,28.84,0.84,5,GHRSST L4 / INSAT-3DR MOSDAC / Sentinel-3 SLSTR,0.5
7773,2026-08-20,11.0,89.0,29.13,1.13,5,GHRSST L4 / INSAT-3DR MOSDAC / Sentinel-3 SLSTR,0.5
7774,2026-08-20,11.0,89.5,28.59,0.59,5,GHRSST L4 / INSAT-3DR MOSDAC / Sentinel-3 SLSTR,0.5
7775,2026-08-20,11.0,90.0,28.79,0.79,5,GHRSST L4 / INSAT-3DR MOSDAC / Sentinel-3 SLSTR,0.5
7776,2026-08-20,11.0,90.5,28.82,0.82,5,GHRSST L4 / INSAT-3DR MOSDAC / Sentinel-3 SLSTR,0.5
7777,2026-08-20,11.0,91.0,28.87,0.87,5,GHRSST L4 / INSAT-3DR MOSDAC / Sentinel-3 SLSTR,0.5
7778,2026-08-20,11.0,91.5,28.94,0.94,5,GHRSST L4 / INSAT-3DR MOSDAC / Sentinel-3 SLSTR,0.5
7779,2026-08-20,11.0,92.0,28.9,0.9,5,GHRSST L4 / INSAT-3DR MOSDAC / Sentinel-3 SLSTR,0.5
7780,2026-08-20,11.0,92.5,28.66,0.66,5,GHRSST L4 / INSAT-3DR MOSDAC / Sentinel-3 SLSTR,0.5
7781,2026-08-20,11.0,93.0,28.84,0.84,5,GHRSST L4 / INSAT-3DR MOSDAC / Sentinel-3 SLSTR,0.5
7782,2026-08-20,11.0,93.5,28.81,0.81,5,GHRSST L4 / INSAT-3DR MOSDAC / Sentinel-3 SLSTR,0.5
7783,2026-08-20,11.0,94.0,29.2,1.2,5,GHRSST L4 / INSAT-3DR MOSDAC / Sentinel-3 SLSTR,0.5
7784,2026-08-20,11.5,68.0,29.01,1.06,5,GHRSST L4 / INSAT-3DR MOSDAC / Sentinel-3 SLSTR,0.5
7785,2026-08-20,11.5,68.5,29.1,1.15,5,GHRSST L4 / INSAT-3DR MOSDAC / Sentinel-3 SLSTR,0.5
7786,2026-08-20,11.5,69.0,28.99,1.04,5,GHRSST L4 / INSAT-3DR MOSDAC / Sentinel-3 SLSTR,0.5
7787,2026-08-20,11.5,69.5,28.53,0.58,5,GHRSST L4 / INSAT-3DR MOSDAC / Sentinel-3 SLSTR,0.5
7788,2026-08-20,11.5,70.0,28.82,0.87,5,GHRSST L4 / INSAT-3DR MOSDAC / Sentinel-3 SLSTR,0.5
7789,2026-08-20,11.5,70.5,29.03,1.08,5,GHRSST L4 / INSAT-3DR MOSDAC / Sentinel-3 SLSTR,0.5
7790,2026-08-20,11.5,71.0,28.9,0.95,5,GHRSST L4 / INSAT-3DR MOSDAC / Sentinel-3 SLSTR,0.5
7791,2026-08-20,11.5,71.5,29.02,1.07,5,GHRSST L4 / INSAT-3DR MOSDAC / Sentinel-3 SLSTR,0.5
7792,2026-08-20,11.5,81.5,29.16,1.21,5,GHRSST L4 / INSAT-3DR MOSDAC / Sentinel-3 SLSTR,0.5
7793,2026-08-20,11.5,82.0,28.66,0.71,5,GHRSST L4 / INSAT-3DR MOSDAC / Sentinel-3 SLSTR,0.5
7794,2026-08-20,11.5,82.5,29.18,1.23,5,GHRSST L4 / INSAT-3DR MOSDAC / Sentinel-3 SLSTR,0.5
7795,2026-08-20,11.5,83.0,28.57,0.62,5,GHRSST L4 / INSAT-3DR MOSDAC / Sentinel-3 SLSTR,0.5
7796,2026-08-20,11.5,83.5,29.13,1.18,5,GHRSST L4 / INSAT-3DR MOSDAC / Sentinel-3 SLSTR,0.5
7797,2026-08-20,11.5,84.0,28.63,0.68,5,GHRSST L4 / INSAT-3DR MOSDAC / Sentinel-3 SLSTR,0.5
7798,2026-08-20,11.5,84.5,28.99,1.04,5,GHRSST L4 / INSAT-3DR MOSDAC / Sentinel-3 SLSTR,0.5
7799,2026-08-20,11.5,85.0,29.04,1.09,5,GHRSST L4 / INSAT-3DR MOSDAC / Sentinel-3 SLSTR,0.5
7800,2026-08-20,11.5,85.5,29.06,1.11,5,GHRSST L4 / INSAT-3DR MOSDAC / Sentinel-3 SLSTR,0.5
7801,2026-08-20,11.5,86.0,28.8,0.85,5,GHRSST L4 / INSAT-3DR MOSDAC / Sentinel-3 SLSTR,0.5
7802,2026-08-20,11.5,86.5,28.61,0.66,5,GHRSST L4 / INSAT-3DR MOSDAC / Sentinel-3 SLSTR,0.5
7803,2026-08-20,11.5,87.0,29.05,1.1,5,GHRSST L4 / INSAT-3DR MOSDAC / Sentinel-3 SLSTR,0.5
7804,2026-08-20,11.5,87.5,28.94,0.99,5,GHRSST L4 / INSAT-3DR MOSDAC / Sentinel-3 SLSTR,0.5
7805,2026-08-20,11.5,88.0,28.67,0.72,5,GHRSST L4 / INSAT-3DR MOSDAC / Sentinel-3 SLSTR,0.5
7806,2026-08-20,11.5,88.5,28.76,0.81,5,GHRSST L4 / INSAT-3DR MOSDAC / Sentinel-3 SLSTR,0.5
7807,2026-08-20,11.5,89.0,28.7,0.75,5,GHRSST L4 / INSAT-3DR MOSDAC / Sentinel-3 SLSTR,0.5
7808,2026-08-20,11.5,89.5,29.13,1.18,5,GHRSST L4 / INSAT-3DR MOSDAC / Sentinel-3 SLSTR,0.5
7809,2026-08-20,11.5,90.0,29.05,1.1,5,GHRSST L4 / INSAT-3DR MOSDAC / Sentinel-3 SLSTR,0.5
7810,2026-08-20,11.5,90.5,29.11,1.16,5,GHRSST L4 / INSAT-3DR MOSDAC / Sentinel-3 SLSTR,0.5
7811,2026-08-20,11.5,91.0,28.53,0.58,5,GHRSST L4 / INSAT-3DR MOSDAC / Sentinel-3 SLSTR,0.5
7812,2026-08-20,11.5,91.5,28.95,1.0,5,GHRSST L4 / INSAT-3DR MOSDAC / Sentinel-3 SLSTR,0.5
7813,2026-08-20,11.5,92.0,28.68,0.73,5,GHRSST L4 / INSAT-3DR MOSDAC / Sentinel-3 SLSTR,0.5
7814,2026-08-20,11.5,92.5,29.01,1.06,5,GHRSST L4 / INSAT-3DR MOSDAC / Sentinel-3 SLSTR,0.5
7815,2026-08-20,11.5,93.0,29.11,1.16,5,GHRSST L4 / INSAT-3DR MOSDAC / Sentinel-3 SLSTR,0.5
7816,2026-08-20,11.5,93.5,29.03,1.08,5,GHRSST L4 / INSAT-3DR MOSDAC / Sentinel-3 SLSTR,0.5
7817,2026-08-20,11.5,94.0,29.13,1.18,5,GHRSST L4 / INSAT-3DR MOSDAC / Sentinel-3 SLSTR,0.5
7818,2026-08-20,12.0,68.0,28.71,0.81,5,GHRSST L4 / INSAT-3DR MOSDAC / Sentinel-3 SLSTR,0.5
7819,2026-08-20,12.0,68.5,28.87,0.97,5,GHRSST L4 / INSAT-3DR MOSDAC / Sentinel-3 SLSTR,0.5
7820,2026-08-20,12.0,69.0,28.76,0.86,5,GHRSST L4 / INSAT-3DR MOSDAC / Sentinel-3 SLSTR,0.5
7821,2026-08-20,12.0,69.5,29.01,1.11,5,GHRSST L4 / INSAT-3DR MOSDAC / Sentinel-3 SLSTR,0.5
7822,2026-08-20,12.0,70.0,28.82,0.92,5,GHRSST L4 / INSAT-3DR MOSDAC / Sentinel-3 SLSTR,0.5
7823,2026-08-20,12.0,70.5,28.93,1.03,5,GHRSST L4 / INSAT-3DR MOSDAC / Sentinel-3 SLSTR,0.5
7824,2026-08-20,12.0,71.0,28.87,0.97,5,GHRSST L4 / INSAT-3DR MOSDAC / Sentinel-3 SLSTR,0.5
7825,2026-08-20,12.0,71.5,29.03,1.13,5,GHRSST L4 / INSAT-3DR MOSDAC / Sentinel-3 SLSTR,0.5
7826,2026-08-20,12.0,82.0,28.8,0.9,5,GHRSST L4 / INSAT-3DR MOSDAC / Sentinel-3 SLSTR,0.5
7827,2026-08-20,12.0,82.5,28.51,0.61,5,GHRSST L4 / INSAT-3DR MOSDAC / Sentinel-3 SLSTR,0.5
7828,2026-08-20,12.0,83.0,29.09,1.19,5,GHRSST L4 / INSAT-3DR MOSDAC / Sentinel-3 SLSTR,0.5
7829,2026-08-20,12.0,83.5,28.82,0.92,5,GHRSST L4 / INSAT-3DR MOSDAC / Sentinel-3 SLSTR,0.5
7830,2026-08-20,12.0,84.0,28.98,1.08,5,GHRSST L4 / INSAT-3DR MOSDAC / Sentinel-3 SLSTR,0.5
7831,2026-08-20,12.0,84.5,28.91,1.01,5,GHRSST L4 / INSAT-3DR MOSDAC / Sentinel-3 SLSTR,0.5
7832,2026-08-20,12.0,85.0,28.73,0.83,5,GHRSST L4 / INSAT-3DR MOSDAC / Sentinel-3 SLSTR,0.5
7833,2026-08-20,12.0,85.5,29.1,1.2,5,GHRSST L4 / INSAT-3DR MOSDAC / Sentinel-3 SLSTR,0.5
7834,2026-08-20,12.0,86.0,28.94,1.04,5,GHRSST L4 / INSAT-3DR MOSDAC / Sentinel-3 SLSTR,0.5
7835,2026-08-20,12.0,86.5,28.59,0.69,5,GHRSST L4 / INSAT-3DR MOSDAC / Sentinel-3 SLSTR,0.5
7836,2026-08-20,12.0,87.0,29.13,1.23,5,GHRSST L4 / INSAT-3DR MOSDAC / Sentinel-3 SLSTR,0.5
7837,2026-08-20,12.0,87.5,29.13,1.23,5,GHRSST L4 / INSAT-3DR MOSDAC / Sentinel-3 SLSTR,0.5
7838,2026-08-20,12.0,88.0,28.63,0.73,5,GHRSST L4 / INSAT-3DR MOSDAC / Sentinel-3 SLSTR,0.5
7839,2026-08-20,12.0,88.5,29.12,1.22,5,GHRSST L4 / INSAT-3DR MOSDAC / Sentinel-3 SLSTR,0.5
7840,2026-08-20,12.0,89.0,28.86,0.96,5,GHRSST L4 / INSAT-3DR MOSDAC / Sentinel-3 SLSTR,0.5
7841,2026-08-20,12.0,89.5,28.56,0.66,5,GHRSST L4 / INSAT-3DR MOSDAC / Sentinel-3 SLSTR,0.5
7842,2026-08-20,12.0,90.0,29.11,1.21,5,GHRSST L4 / INSAT-3DR MOSDAC / Sentinel-3 SLSTR,0.5
7843,2026-08-20,12.0,90.5,28.5,0.6,5,GHRSST L4 / INSAT-3DR MOSDAC / Sentinel-3 SLSTR,0.5
7844,2026-08-20,12.0,91.0,28.88,0.98,5,GHRSST L4 / INSAT-3DR MOSDAC / Sentinel-3 SLSTR,0.5
7845,2026-08-20,12.0,91.5,29.02,1.12,5,GHRSST L4 / INSAT-3DR MOSDAC / Sentinel-3 SLSTR,0.5
7846,2026-08-20,12.0,92.0,29.01,1.11,5,GHRSST L4 / INSAT-3DR MOSDAC / Sentinel-3 SLSTR,0.5
7847,2026-08-20,12.0,92.5,28.43,0.53,5,GHRSST L4 / INSAT-3DR MOSDAC / Sentinel-3 SLSTR,0.5
7848,2026-08-20,12.0,93.0,28.73,0.83,5,GHRSST L4 / INSAT-3DR MOSDAC / Sentinel-3 SLSTR,0.5
7849,2026-08-20,12.0,93.5,28.49,0.59,5,GHRSST L4 / INSAT-3DR MOSDAC / Sentinel-3 SLSTR,0.5
7850,2026-08-20,12.0,94.0,28.61,0.71,5,GHRSST L4 / INSAT-3DR MOSDAC / Sentinel-3 SLSTR,0.5
7851,2026-08-20,12.5,68.0,29.03,1.18,5,GHRSST L4 / INSAT-3DR MOSDAC / Sentinel-3 SLSTR,0.5
7852,2026-08-20,12.5,68.5,28.99,1.14,5,GHRSST L4 / INSAT-3DR MOSDAC / Sentinel-3 SLSTR,0.5
7853,2026-08-20,12.5,69.0,28.83,0.98,5,GHRSST L4 / INSAT-3DR MOSDAC / Sentinel-3 SLSTR,0.5
7854,2026-08-20,12.5,69.5,29.0,1.15,5,GHRSST L4 / INSAT-3DR MOSDAC / Sentinel-3 SLSTR,0.5
7855,2026-08-20,12.5,70.0,28.59,0.74,5,GHRSST L4 / INSAT-3DR MOSDAC / Sentinel-3 SLSTR,0.5
7856,2026-08-20,12.5,70.5,28.95,1.1,5,GHRSST L4 / INSAT-3DR MOSDAC / Sentinel-3 SLSTR,0.5
7857,2026-08-20,12.5,71.0,28.85,1.0,5,GHRSST L4 / INSAT-3DR MOSDAC / Sentinel-3 SLSTR,0.5
7858,2026-08-20,12.5,71.5,28.88,1.03,5,GHRSST L4 / INSAT-3DR MOSDAC / Sentinel-3 SLSTR,0.5
7859,2026-08-20,12.5,82.0,28.43,0.58,5,GHRSST L4 / INSAT-3DR MOSDAC / Sentinel-3 SLSTR,0.5
7860,2026-08-20,12.5,82.5,28.61,0.76,5,GHRSST L4 / INSAT-3DR MOSDAC / Sentinel-3 SLSTR,0.5
7861,2026-08-20,12.5,83.0,28.4,0.55,5,GHRSST L4 / INSAT-3DR MOSDAC / Sentinel-3 SLSTR,0.5
7862,2026-08-20,12.5,83.5,28.48,0.63,5,GHRSST L4 / INSAT-3DR MOSDAC / Sentinel-3 SLSTR,0.5
7863,2026-08-20,12.5,84.0,28.56,0.71,5,GHRSST L4 / INSAT-3DR MOSDAC / Sentinel-3 SLSTR,0.5
7864,2026-08-20,12.5,84.5,28.78,0.93,5,GHRSST L4 / INSAT-3DR MOSDAC / Sentinel-3 SLSTR,0.5
7865,2026-08-20,12.5,85.0,28.9,1.05,5,GHRSST L4 / INSAT-3DR MOSDAC / Sentinel-3 SLSTR,0.5
7866,2026-08-20,12.5,85.5,28.45,0.6,5,GHRSST L4 / INSAT-3DR MOSDAC / Sentinel-3 SLSTR,0.5
7867,2026-08-20,12.5,86.0,28.41,0.56,5,GHRSST L4 / INSAT-3DR MOSDAC / Sentinel-3 SLSTR,0.5
7868,2026-08-20,12.5,86.5,28.99,1.14,5,GHRSST L4 / INSAT-3DR MOSDAC / Sentinel-3 SLSTR,0.5
7869,2026-08-20,12.5,87.0,28.46,0.61,5,GHRSST L4 / INSAT-3DR MOSDAC / Sentinel-3 SLSTR,0.5
7870,2026-08-20,12.5,87.5,28.68,0.83,5,GHRSST L4 / INSAT-3DR MOSDAC / Sentinel-3 SLSTR,0.5
7871,2026-08-20,12.5,88.0,28.45,0.6,5,GHRSST L4 / INSAT-3DR MOSDAC / Sentinel-3 SLSTR,0.5
7872,2026-08-20,12.5,88.5,28.74,0.89,5,GHRSST L4 / INSAT-3DR MOSDAC / Sentinel-3 SLSTR,0.5
7873,2026-08-20,12.5,89.0,28.44,0.59,5,GHRSST L4 / INSAT-3DR MOSDAC / Sentinel-3 SLSTR,0.5
7874,2026-08-20,12.5,89.5,28.9,1.05,5,GHRSST L4 / INSAT-3DR MOSDAC / Sentinel-3 SLSTR,0.5
7875,2026-08-20,12.5,90.0,28.43,0.58,5,GHRSST L4 / INSAT-3DR MOSDAC / Sentinel-3 SLSTR,0.5
7876,2026-08-20,12.5,90.5,28.67,0.82,5,GHRSST L4 / INSAT-3DR MOSDAC / Sentinel-3 SLSTR,0.5
7877,2026-08-20,12.5,91.0,28.66,0.81,5,GHRSST L4 / INSAT-3DR MOSDAC / Sentinel-3 SLSTR,0.5
7878,2026-08-20,12.5,91.5,29.01,1.16,5,GHRSST L4 / INSAT-3DR MOSDAC / Sentinel-3 SLSTR,0.5
7879,2026-08-20,12.5,92.0,28.67,0.82,5,GHRSST L4 / INSAT-3DR MOSDAC / Sentinel-3 SLSTR,0.5
7880,2026-08-20,12.5,92.5,28.42,0.57,5,GHRSST L4 / INSAT-3DR MOSDAC / Sentinel-3 SLSTR,0.5
7881,2026-08-20,12.5,93.0,28.75,0.9,5,GHRSST L4 / INSAT-3DR MOSDAC / Sentinel-3 SLSTR,0.5
7882,2026-08-20,12.5,93.5,28.88,1.03,5,GHRSST L4 / INSAT-3DR MOSDAC / Sentinel-3 SLSTR,0.5
7883,2026-08-20,12.5,94.0,28.61,0.76,5,GHRSST L4 / INSAT-3DR MOSDAC / Sentinel-3 SLSTR,0.5
7884,2026-08-20,13.0,68.0,28.74,0.94,5,GHRSST L4 / INSAT-3DR MOSDAC / Sentinel-3 SLSTR,0.5
7885,2026-08-20,13.0,68.5,28.4,0.6,5,GHRSST L4 / INSAT-3DR MOSDAC / Sentinel-3 SLSTR,0.5
7886,2026-08-20,13.0,69.0,28.61,0.81,5,GHRSST L4 / INSAT-3DR MOSDAC / Sentinel-3 SLSTR,0.5
7887,2026-08-20,13.0,69.5,28.43,0.63,5,GHRSST L4 / INSAT-3DR MOSDAC / Sentinel-3 SLSTR,0.5
7888,2026-08-20,13.0,70.0,28.5,0.7,5,GHRSST L4 / INSAT-3DR MOSDAC / Sentinel-3 SLSTR,0.5
7889,2026-08-20,13.0,70.5,28.76,0.96,5,GHRSST L4 / INSAT-3DR MOSDAC / Sentinel-3 SLSTR,0.5
7890,2026-08-20,13.0,71.0,28.84,1.04,5,GHRSST L4 / INSAT-3DR MOSDAC / Sentinel-3 SLSTR,0.5
7891,2026-08-20,13.0,82.5,28.53,0.73,5,GHRSST L4 / INSAT-3DR MOSDAC / Sentinel-3 SLSTR,0.5
7892,2026-08-20,13.0,83.0,29.0,1.2,5,GHRSST L4 / INSAT-3DR MOSDAC / Sentinel-3 SLSTR,0.5
7893,2026-08-20,13.0,83.5,28.51,0.71,5,GHRSST L4 / INSAT-3DR MOSDAC / Sentinel-3 SLSTR,0.5
7894,2026-08-20,13.0,84.0,28.42,0.62,5,GHRSST L4 / INSAT-3DR MOSDAC / Sentinel-3 SLSTR,0.5
7895,2026-08-20,13.0,84.5,28.92,1.12,5,GHRSST L4 / INSAT-3DR MOSDAC / Sentinel-3 SLSTR,0.5
7896,2026-08-20,13.0,85.0,28.76,0.96,5,GHRSST L4 / INSAT-3DR MOSDAC / Sentinel-3 SLSTR,0.5
7897,2026-08-20,13.0,85.5,28.79,0.99,5,GHRSST L4 / INSAT-3DR MOSDAC / Sentinel-3 SLSTR,0.5
7898,2026-08-20,13.0,86.0,28.87,1.07,5,GHRSST L4 / INSAT-3DR MOSDAC / Sentinel-3 SLSTR,0.5
7899,2026-08-20,13.0,86.5,29.01,1.21,5,GHRSST L4 / INSAT-3DR MOSDAC / Sentinel-3 SLSTR,0.5
7900,2026-08-20,13.0,87.0,28.51,0.71,5,GHRSST L4 / INSAT-3DR MOSDAC / Sentinel-3 SLSTR,0.5
7901,2026-08-20,13.0,87.5,28.69,0.89,5,GHRSST L4 / INSAT-3DR MOSDAC / Sentinel-3 SLSTR,0.5
7902,2026-08-20,13.0,88.0,28.8,1.0,5,GHRSST L4 / INSAT-3DR MOSDAC / Sentinel-3 SLSTR,0.5
7903,2026-08-20,13.0,88.5,28.41,0.61,5,GHRSST L4 / INSAT-3DR MOSDAC / Sentinel-3 SLSTR,0.5
7904,2026-08-20,13.0,89.0,28.52,0.72,5,GHRSST L4 / INSAT-3DR MOSDAC / Sentinel-3 SLSTR,0.5
7905,2026-08-20,13.0,89.5,28.52,0.72,5,GHRSST L4 / INSAT-3DR MOSDAC / Sentinel-3 SLSTR,0.5
7906,2026-08-20,13.0,90.0,28.54,0.74,5,GHRSST L4 / INSAT-3DR MOSDAC / Sentinel-3 SLSTR,0.5
7907,2026-08-20,13.0,90.5,28.81,1.01,5,GHRSST L4 / INSAT-3DR MOSDAC / Sentinel-3 SLSTR,0.5
7908,2026-08-20,13.0,91.0,28.72,0.92,5,GHRSST L4 / INSAT-3DR MOSDAC / Sentinel-3 SLSTR,0.5
7909,2026-08-20,13.0,91.5,28.81,1.01,5,GHRSST L4 / INSAT-3DR MOSDAC / Sentinel-3 SLSTR,0.5
7910,2026-08-20,13.0,92.0,28.67,0.87,5,GHRSST L4 / INSAT-3DR MOSDAC / Sentinel-3 SLSTR,0.5
7911,2026-08-20,13.0,92.5,28.98,1.18,5,GHRSST L4 / INSAT-3DR MOSDAC / Sentinel-3 SLSTR,0.5
7912,2026-08-20,13.0,93.0,28.67,0.87,5,GHRSST L4 / INSAT-3DR MOSDAC / Sentinel-3 SLSTR,0.5
7913,2026-08-20,13.0,93.5,28.73,0.93,5,GHRSST L4 / INSAT-3DR MOSDAC / Sentinel-3 SLSTR,0.5
7914,2026-08-20,13.0,94.0,28.52,0.72,5,GHRSST L4 / INSAT-3DR MOSDAC / Sentinel-3 SLSTR,0.5
7915,2026-08-20,13.5,68.0,28.29,0.54,5,GHRSST L4 / INSAT-3DR MOSDAC / Sentinel-3 SLSTR,0.5
7916,2026-08-20,13.5,68.5,28.82,1.07,5,GHRSST L4 / INSAT-3DR MOSDAC / Sentinel-3 SLSTR,0.5
7917,2026-08-20,13.5,69.0,28.85,1.1,5,GHRSST L4 / INSAT-3DR MOSDAC / Sentinel-3 SLSTR,0.5
7918,2026-08-20,13.5,69.5,28.85,1.1,5,GHRSST L4 / INSAT-3DR MOSDAC / Sentinel-3 SLSTR,0.5
7919,2026-08-20,13.5,70.0,28.81,1.06,5,GHRSST L4 / INSAT-3DR MOSDAC / Sentinel-3 SLSTR,0.5
7920,2026-08-20,13.5,70.5,28.44,0.69,5,GHRSST L4 / INSAT-3DR MOSDAC / Sentinel-3 SLSTR,0.5
7921,2026-08-20,13.5,71.0,28.65,0.9,5,GHRSST L4 / INSAT-3DR MOSDAC / Sentinel-3 SLSTR,0.5
7922,2026-08-20,13.5,82.5,28.82,1.07,5,GHRSST L4 / INSAT-3DR MOSDAC / Sentinel-3 SLSTR,0.5
7923,2026-08-20,13.5,83.0,28.69,0.94,5,GHRSST L4 / INSAT-3DR MOSDAC / Sentinel-3 SLSTR,0.5
7924,2026-08-20,13.5,83.5,28.92,1.17,5,GHRSST L4 / INSAT-3DR MOSDAC / Sentinel-3 SLSTR,0.5
7925,2026-08-20,13.5,84.0,28.72,0.97,5,GHRSST L4 / INSAT-3DR MOSDAC / Sentinel-3 SLSTR,0.5
7926,2026-08-20,13.5,84.5,28.64,0.89,5,GHRSST L4 / INSAT-3DR MOSDAC / Sentinel-3 SLSTR,0.5
7927,2026-08-20,13.5,85.0,28.95,1.2,5,GHRSST L4 / INSAT-3DR MOSDAC / Sentinel-3 SLSTR,0.5
7928,2026-08-20,13.5,85.5,28.62,0.87,5,GHRSST L4 / INSAT-3DR MOSDAC / Sentinel-3 SLSTR,0.5
7929,2026-08-20,13.5,86.0,28.93,1.18,5,GHRSST L4 / INSAT-3DR MOSDAC / Sentinel-3 SLSTR,0.5
7930,2026-08-20,13.5,86.5,28.26,0.51,5,GHRSST L4 / INSAT-3DR MOSDAC / Sentinel-3 SLSTR,0.5
7931,2026-08-20,13.5,87.0,28.64,0.89,5,GHRSST L4 / INSAT-3DR MOSDAC / Sentinel-3 SLSTR,0.5
7932,2026-08-20,13.5,87.5,28.45,0.7,5,GHRSST L4 / INSAT-3DR MOSDAC / Sentinel-3 SLSTR,0.5
7933,2026-08-20,13.5,88.0,28.53,0.78,5,GHRSST L4 / INSAT-3DR MOSDAC / Sentinel-3 SLSTR,0.5
7934,2026-08-20,13.5,88.5,28.31,0.56,5,GHRSST L4 / INSAT-3DR MOSDAC / Sentinel-3 SLSTR,0.5
7935,2026-08-20,13.5,89.0,28.43,0.68,5,GHRSST L4 / INSAT-3DR MOSDAC / Sentinel-3 SLSTR,0.5
7936,2026-08-20,13.5,89.5,28.65,0.9,5,GHRSST L4 / INSAT-3DR MOSDAC / Sentinel-3 SLSTR,0.5
7937,2026-08-20,13.5,90.0,28.75,1.0,5,GHRSST L4 / INSAT-3DR MOSDAC / Sentinel-3 SLSTR,0.5
7938,2026-08-20,13.5,90.5,28.89,1.14,5,GHRSST L4 / INSAT-3DR MOSDAC / Sentinel-3 SLSTR,0.5
7939,2026-08-20,13.5,91.0,28.41,0.66,5,GHRSST L4 / INSAT-3DR MOSDAC / Sentinel-3 SLSTR,0.5
7940,2026-08-20,13.5,91.5,28.81,1.06,5,GHRSST L4 / INSAT-3DR MOSDAC / Sentinel-3 SLSTR,0.5
7941,2026-08-20,13.5,92.0,28.27,0.52,5,GHRSST L4 / INSAT-3DR MOSDAC / Sentinel-3 SLSTR,0.5
7942,2026-08-20,13.5,92.5,28.88,1.13,5,GHRSST L4 / INSAT-3DR MOSDAC / Sentinel-3 SLSTR,0.5
7943,2026-08-20,13.5,93.0,28.67,0.92,5,GHRSST L4 / INSAT-3DR MOSDAC / Sentinel-3 SLSTR,0.5
7944,2026-08-20,13.5,93.5,28.84,1.09,5,GHRSST L4 / INSAT-3DR MOSDAC / Sentinel-3 SLSTR,0.5
7945,2026-08-20,13.5,94.0,28.43,0.68,5,GHRSST L4 / INSAT-3DR MOSDAC / Sentinel-3 SLSTR,0.5
7946,2026-08-20,14.0,68.0,28.45,0.75,5,GHRSST L4 / INSAT-3DR MOSDAC / Sentinel-3 SLSTR,0.5
7947,2026-08-20,14.0,68.5,28.26,0.56,5,GHRSST L4 / INSAT-3DR MOSDAC / Sentinel-3 SLSTR,0.5
7948,2026-08-20,14.0,69.0,28.25,0.55,5,GHRSST L4 / INSAT-3DR MOSDAC / Sentinel-3 SLSTR,0.5
7949,2026-08-20,14.0,69.5,28.77,1.07,5,GHRSST L4 / INSAT-3DR MOSDAC / Sentinel-3 SLSTR,0.5
7950,2026-08-20,14.0,70.0,28.4,0.7,5,GHRSST L4 / INSAT-3DR MOSDAC / Sentinel-3 SLSTR,0.5
7951,2026-08-20,14.0,70.5,28.44,0.74,5,GHRSST L4 / INSAT-3DR MOSDAC / Sentinel-3 SLSTR,0.5
7952,2026-08-20,14.0,71.0,28.56,0.86,5,GHRSST L4 / INSAT-3DR MOSDAC / Sentinel-3 SLSTR,0.5
7953,2026-08-20,14.0,82.5,28.66,0.96,5,GHRSST L4 / INSAT-3DR MOSDAC / Sentinel-3 SLSTR,0.5
7954,2026-08-20,14.0,83.0,28.22,0.52,5,GHRSST L4 / INSAT-3DR MOSDAC / Sentinel-3 SLSTR,0.5
7955,2026-08-20,14.0,83.5,28.59,0.89,5,GHRSST L4 / INSAT-3DR MOSDAC / Sentinel-3 SLSTR,0.5
7956,2026-08-20,14.0,84.0,28.62,0.92,5,GHRSST L4 / INSAT-3DR MOSDAC / Sentinel-3 SLSTR,0.5
7957,2026-08-20,14.0,84.5,28.79,1.09,5,GHRSST L4 / INSAT-3DR MOSDAC / Sentinel-3 SLSTR,0.5
7958,2026-08-20,14.0,85.0,28.3,0.6,5,GHRSST L4 / INSAT-3DR MOSDAC / Sentinel-3 SLSTR,0.5
7959,2026-08-20,14.0,85.5,28.51,0.81,5,GHRSST L4 / INSAT-3DR MOSDAC / Sentinel-3 SLSTR,0.5
7960,2026-08-20,14.0,86.0,28.52,0.82,5,GHRSST L4 / INSAT-3DR MOSDAC / Sentinel-3 SLSTR,0.5
7961,2026-08-20,14.0,86.5,28.78,1.08,5,GHRSST L4 / INSAT-3DR MOSDAC / Sentinel-3 SLSTR,0.5
7962,2026-08-20,14.0,87.0,28.44,0.74,5,GHRSST L4 / INSAT-3DR MOSDAC / Sentinel-3 SLSTR,0.5
7963,2026-08-20,14.0,87.5,28.25,0.55,5,GHRSST L4 / INSAT-3DR MOSDAC / Sentinel-3 SLSTR,0.5
7964,2026-08-20,14.0,88.0,28.61,0.91,5,GHRSST L4 / INSAT-3DR MOSDAC / Sentinel-3 SLSTR,0.5
7965,2026-08-20,14.0,88.5,28.65,0.95,5,GHRSST L4 / INSAT-3DR MOSDAC / Sentinel-3 SLSTR,0.5
7966,2026-08-20,14.0,89.0,28.6,0.9,5,GHRSST L4 / INSAT-3DR MOSDAC / Sentinel-3 SLSTR,0.5
7967,2026-08-20,14.0,89.5,28.53,0.83,5,GHRSST L4 / INSAT-3DR MOSDAC / Sentinel-3 SLSTR,0.5
7968,2026-08-20,14.0,90.0,28.34,0.64,5,GHRSST L4 / INSAT-3DR MOSDAC / Sentinel-3 SLSTR,0.5
7969,2026-08-20,14.0,90.5,28.57,0.87,5,GHRSST L4 / INSAT-3DR MOSDAC / Sentinel-3 SLSTR,0.5
7970,2026-08-20,14.0,91.0,28.22,0.52,5,GHRSST L4 / INSAT-3DR MOSDAC / Sentinel-3 SLSTR,0.5
7971,2026-08-20,14.0,91.5,28.59,0.89,5,GHRSST L4 / INSAT-3DR MOSDAC / Sentinel-3 SLSTR,0.5
7972,2026-08-20,14.0,92.0,28.53,0.83,5,GHRSST L4 / INSAT-3DR MOSDAC / Sentinel-3 SLSTR,0.5
7973,2026-08-20,14.0,92.5,28.86,1.16,5,GHRSST L4 / INSAT-3DR MOSDAC / Sentinel-3 SLSTR,0.5
7974,2026-08-20,14.0,93.0,28.41,0.71,5,GHRSST L4 / INSAT-3DR MOSDAC / Sentinel-3 SLSTR,0.5
7975,2026-08-20,14.0,93.5,28.21,0.51,5,GHRSST L4 / INSAT-3DR MOSDAC / Sentinel-3 SLSTR,0.5
7976,2026-08-20,14.0,94.0,28.72,1.02,5,GHRSST L4 / INSAT-3DR MOSDAC / Sentinel-3 SLSTR,0.5
7977,2026-08-20,14.5,68.0,28.25,0.6,5,GHRSST L4 / INSAT-3DR MOSDAC / Sentinel-3 SLSTR,0.5
7978,2026-08-20,14.5,68.5,28.51,0.86,5,GHRSST L4 / INSAT-3DR MOSDAC / Sentinel-3 SLSTR,0.5
7979,2026-08-20,14.5,69.0,28.28,0.63,5,GHRSST L4 / INSAT-3DR MOSDAC / Sentinel-3 SLSTR,0.5
7980,2026-08-20,14.5,69.5,28.51,0.86,5,GHRSST L4 / INSAT-3DR MOSDAC / Sentinel-3 SLSTR,0.5
7981,2026-08-20,14.5,70.0,28.54,0.89,5,GHRSST L4 / INSAT-3DR MOSDAC / Sentinel-3 SLSTR,0.5
7982,2026-08-20,14.5,70.5,28.59,0.94,5,GHRSST L4 / INSAT-3DR MOSDAC / Sentinel-3 SLSTR,0.5
7983,2026-08-20,14.5,71.0,28.39,0.74,5,GHRSST L4 / INSAT-3DR MOSDAC / Sentinel-3 SLSTR,0.5
7984,2026-08-20,14.5,83.0,28.17,0.52,5,GHRSST L4 / INSAT-3DR MOSDAC / Sentinel-3 SLSTR,0.5
7985,2026-08-20,14.5,83.5,28.55,0.9,5,GHRSST L4 / INSAT-3DR MOSDAC / Sentinel-3 SLSTR,0.5
7986,2026-08-20,14.5,84.0,28.74,1.09,5,GHRSST L4 / INSAT-3DR MOSDAC / Sentinel-3 SLSTR,0.5
7987,2026-08-20,14.5,84.5,28.5,0.85,5,GHRSST L4 / INSAT-3DR MOSDAC / Sentinel-3 SLSTR,0.5
7988,2026-08-20,14.5,85.0,28.31,0.66,5,GHRSST L4 / INSAT-3DR MOSDAC / Sentinel-3 SLSTR,0.5
7989,2026-08-20,14.5,85.5,28.42,0.77,5,GHRSST L4 / INSAT-3DR MOSDAC / Sentinel-3 SLSTR,0.5
7990,2026-08-20,14.5,86.0,28.51,0.86,5,GHRSST L4 / INSAT-3DR MOSDAC / Sentinel-3 SLSTR,0.5
7991,2026-08-20,14.5,86.5,28.19,0.54,5,GHRSST L4 / INSAT-3DR MOSDAC / Sentinel-3 SLSTR,0.5
7992,2026-08-20,14.5,87.0,28.53,0.88,5,GHRSST L4 / INSAT-3DR MOSDAC / Sentinel-3 SLSTR,0.5
7993,2026-08-20,14.5,87.5,28.21,0.56,5,GHRSST L4 / INSAT-3DR MOSDAC / Sentinel-3 SLSTR,0.5
7994,2026-08-20,14.5,88.0,28.25,0.6,5,GHRSST L4 / INSAT-3DR MOSDAC / Sentinel-3 SLSTR,0.5
7995,2026-08-20,14.5,88.5,28.41,0.76,5,GHRSST L4 / INSAT-3DR MOSDAC / Sentinel-3 SLSTR,0.5
7996,2026-08-20,14.5,89.0,28.69,1.04,5,GHRSST L4 / INSAT-3DR MOSDAC / Sentinel-3 SLSTR,0.5
7997,2026-08-20,14.5,89.5,28.71,1.06,5,GHRSST L4 / INSAT-3DR MOSDAC / Sentinel-3 SLSTR,0.5
7998,2026-08-20,14.5,90.0,28.33,0.68,5,GHRSST L4 / INSAT-3DR MOSDAC / Sentinel-3 SLSTR,0.5
7999,2026-08-20,14.5,90.5,28.51,0.86,5,GHRSST L4 / INSAT-3DR MOSDAC / Sentinel-3 SLSTR,0.5
8000,2026-08-20,14.5,91.0,28.2,0.55,5,GHRSST L4 / INSAT-3DR MOSDAC / Sentinel-3 SLSTR,0.5
8001,2026-08-20,14.5,91.5,28.83,1.18,5,GHRSST L4 / INSAT-3DR MOSDAC / Sentinel-3 SLSTR,0.5
8002,2026-08-20,14.5,92.0,28.59,0.94,5,GHRSST L4 / INSAT-3DR MOSDAC / Sentinel-3 SLSTR,0.5
8003,2026-08-20,14.5,92.5,28.29,0.64,5,GHRSST L4 / INSAT-3DR MOSDAC / Sentinel-3 SLSTR,0.5
8004,2026-08-20,14.5,93.0,28.76,1.11,5,GHRSST L4 / INSAT-3DR MOSDAC / Sentinel-3 SLSTR,0.5
8005,2026-08-20,14.5,93.5,28.37,0.72,5,GHRSST L4 / INSAT-3DR MOSDAC / Sentinel-3 SLSTR,0.5
8006,2026-08-20,14.5,94.0,28.32,0.67,5,GHRSST L4 / INSAT-3DR MOSDAC / Sentinel-3 SLSTR,0.5
8007,2026-08-20,15.0,68.0,28.28,0.68,5,GHRSST L4 / INSAT-3DR MOSDAC / Sentinel-3 SLSTR,0.5
8008,2026-08-20,15.0,68.5,28.41,0.81,5,GHRSST L4 / INSAT-3DR MOSDAC / Sentinel-3 SLSTR,0.5
8009,2026-08-20,15.0,69.0,28.09,0.49,5,GHRSST L4 / INSAT-3DR MOSDAC / Sentinel-3 SLSTR,0.5
8010,2026-08-20,15.0,69.5,28.53,0.93,5,GHRSST L4 / INSAT-3DR MOSDAC / Sentinel-3 SLSTR,0.5
8011,2026-08-20,15.0,70.0,28.73,1.13,5,GHRSST L4 / INSAT-3DR MOSDAC / Sentinel-3 SLSTR,0.5
8012,2026-08-20,15.0,70.5,28.64,1.04,5,GHRSST L4 / INSAT-3DR MOSDAC / Sentinel-3 SLSTR,0.5
8013,2026-08-20,15.0,83.0,28.64,1.04,5,GHRSST L4 / INSAT-3DR MOSDAC / Sentinel-3 SLSTR,0.5
8014,2026-08-20,15.0,83.5,28.61,1.01,5,GHRSST L4 / INSAT-3DR MOSDAC / Sentinel-3 SLSTR,0.5
8015,2026-08-20,15.0,84.0,28.32,0.72,5,GHRSST L4 / INSAT-3DR MOSDAC / Sentinel-3 SLSTR,0.5
8016,2026-08-20,15.0,84.5,28.2,0.6,5,GHRSST L4 / INSAT-3DR MOSDAC / Sentinel-3 SLSTR,0.5
8017,2026-08-20,15.0,85.0,28.29,0.69,5,GHRSST L4 / INSAT-3DR MOSDAC / Sentinel-3 SLSTR,0.5
8018,2026-08-20,15.0,85.5,28.19,0.59,5,GHRSST L4 / INSAT-3DR MOSDAC / Sentinel-3 SLSTR,0.5
8019,2026-08-20,15.0,86.0,28.67,1.07,5,GHRSST L4 / INSAT-3DR MOSDAC / Sentinel-3 SLSTR,0.5
8020,2026-08-20,15.0,86.5,28.36,0.76,5,GHRSST L4 / INSAT-3DR MOSDAC / Sentinel-3 SLSTR,0.5
8021,2026-08-20,15.0,87.0,28.64,1.04,5,GHRSST L4 / INSAT-3DR MOSDAC / Sentinel-3 SLSTR,0.5
8022,2026-08-20,15.0,87.5,28.27,0.67,5,GHRSST L4 / INSAT-3DR MOSDAC / Sentinel-3 SLSTR,0.5
8023,2026-08-20,15.0,88.0,28.17,0.57,5,GHRSST L4 / INSAT-3DR MOSDAC / Sentinel-3 SLSTR,0.5
8024,2026-08-20,15.0,88.5,28.68,1.08,5,GHRSST L4 / INSAT-3DR MOSDAC / Sentinel-3 SLSTR,0.5
8025,2026-08-20,15.0,89.0,28.63,1.03,5,GHRSST L4 / INSAT-3DR MOSDAC / Sentinel-3 SLSTR,0.5
8026,2026-08-20,15.0,89.5,28.46,0.86,5,GHRSST L4 / INSAT-3DR MOSDAC / Sentinel-3 SLSTR,0.5
8027,2026-08-20,15.0,90.0,28.16,0.56,5,GHRSST L4 / INSAT-3DR MOSDAC / Sentinel-3 SLSTR,0.5
8028,2026-08-20,15.0,90.5,28.31,0.71,5,GHRSST L4 / INSAT-3DR MOSDAC / Sentinel-3 SLSTR,0.5
8029,2026-08-20,15.0,91.0,28.11,0.51,5,GHRSST L4 / INSAT-3DR MOSDAC / Sentinel-3 SLSTR,0.5
8030,2026-08-20,15.0,91.5,28.7,1.1,5,GHRSST L4 / INSAT-3DR MOSDAC / Sentinel-3 SLSTR,0.5
8031,2026-08-20,15.0,92.0,28.24,0.64,5,GHRSST L4 / INSAT-3DR MOSDAC / Sentinel-3 SLSTR,0.5
8032,2026-08-20,15.0,92.5,28.44,0.84,5,GHRSST L4 / INSAT-3DR MOSDAC / Sentinel-3 SLSTR,0.5
8033,2026-08-20,15.0,93.0,28.73,1.13,5,GHRSST L4 / INSAT-3DR MOSDAC / Sentinel-3 SLSTR,0.5
8034,2026-08-20,15.0,93.5,28.51,0.91,5,GHRSST L4 / INSAT-3DR MOSDAC / Sentinel-3 SLSTR,0.5
8035,2026-08-20,15.0,94.0,28.51,0.91,5,GHRSST L4 / INSAT-3DR MOSDAC / Sentinel-3 SLSTR,0.5
8036,2026-08-20,15.5,68.0,28.59,1.04,5,GHRSST L4 / INSAT-3DR MOSDAC / Sentinel-3 SLSTR,0.5
8037,2026-08-20,15.5,68.5,28.5,0.95,5,GHRSST L4 / INSAT-3DR MOSDAC / Sentinel-3 SLSTR,0.5
8038,2026-08-20,15.5,69.0,28.35,0.8,5,GHRSST L4 / INSAT-3DR MOSDAC / Sentinel-3 SLSTR,0.5
8039,2026-08-20,15.5,69.5,28.1,0.55,5,GHRSST L4 / INSAT-3DR MOSDAC / Sentinel-3 SLSTR,0.5
8040,2026-08-20,15.5,70.0,28.36,0.81,5,GHRSST L4 / INSAT-3DR MOSDAC / Sentinel-3 SLSTR,0.5
8041,2026-08-20,15.5,70.5,28.14,0.59,5,GHRSST L4 / INSAT-3DR MOSDAC / Sentinel-3 SLSTR,0.5
8042,2026-08-20,15.5,83.5,28.35,0.8,5,GHRSST L4 / INSAT-3DR MOSDAC / Sentinel-3 SLSTR,0.5
8043,2026-08-20,15.5,84.0,28.03,0.48,5,GHRSST L4 / INSAT-3DR MOSDAC / Sentinel-3 SLSTR,0.5
8044,2026-08-20,15.5,84.5,28.26,0.71,5,GHRSST L4 / INSAT-3DR MOSDAC / Sentinel-3 SLSTR,0.5
8045,2026-08-20,15.5,85.0,28.05,0.5,5,GHRSST L4 / INSAT-3DR MOSDAC / Sentinel-3 SLSTR,0.5
8046,2026-08-20,15.5,85.5,28.11,0.56,5,GHRSST L4 / INSAT-3DR MOSDAC / Sentinel-3 SLSTR,0.5
8047,2026-08-20,15.5,86.0,28.5,0.95,5,GHRSST L4 / INSAT-3DR MOSDAC / Sentinel-3 SLSTR,0.5
8048,2026-08-20,15.5,86.5,28.69,1.14,5,GHRSST L4 / INSAT-3DR MOSDAC / Sentinel-3 SLSTR,0.5
8049,2026-08-20,15.5,87.0,28.41,0.86,5,GHRSST L4 / INSAT-3DR MOSDAC / Sentinel-3 SLSTR,0.5
8050,2026-08-20,15.5,87.5,28.13,0.58,5,GHRSST L4 / INSAT-3DR MOSDAC / Sentinel-3 SLSTR,0.5
8051,2026-08-20,15.5,88.0,28.27,0.72,5,GHRSST L4 / INSAT-3DR MOSDAC / Sentinel-3 SLSTR,0.5
8052,2026-08-20,15.5,88.5,28.17,0.62,5,GHRSST L4 / INSAT-3DR MOSDAC / Sentinel-3 SLSTR,0.5
8053,2026-08-20,15.5,89.0,28.04,0.49,5,GHRSST L4 / INSAT-3DR MOSDAC / Sentinel-3 SLSTR,0.5
8054,2026-08-20,15.5,89.5,28.65,1.1,5,GHRSST L4 / INSAT-3DR MOSDAC / Sentinel-3 SLSTR,0.5
8055,2026-08-20,15.5,90.0,28.39,0.84,5,GHRSST L4 / INSAT-3DR MOSDAC / Sentinel-3 SLSTR,0.5
8056,2026-08-20,15.5,90.5,28.11,0.56,5,GHRSST L4 / INSAT-3DR MOSDAC / Sentinel-3 SLSTR,0.5
8057,2026-08-20,15.5,91.0,28.53,0.98,5,GHRSST L4 / INSAT-3DR MOSDAC / Sentinel-3 SLSTR,0.5
8058,2026-08-20,15.5,91.5,28.13,0.58,5,GHRSST L4 / INSAT-3DR MOSDAC / Sentinel-3 SLSTR,0.5
8059,2026-08-20,15.5,92.0,28.15,0.6,5,GHRSST L4 / INSAT-3DR MOSDAC / Sentinel-3 SLSTR,0.5
8060,2026-08-20,15.5,92.5,28.43,0.88,5,GHRSST L4 / INSAT-3DR MOSDAC / Sentinel-3 SLSTR,0.5
8061,2026-08-20,15.5,93.0,28.31,0.76,5,GHRSST L4 / INSAT-3DR MOSDAC / Sentinel-3 SLSTR,0.5
8062,2026-08-20,15.5,93.5,28.64,1.09,5,GHRSST L4 / INSAT-3DR MOSDAC / Sentinel-3 SLSTR,0.5
8063,2026-08-20,15.5,94.0,28.43,0.88,5,GHRSST L4 / INSAT-3DR MOSDAC / Sentinel-3 SLSTR,0.5
8064,2026-08-20,16.0,68.0,28.08,0.58,5,GHRSST L4 / INSAT-3DR MOSDAC / Sentinel-3 SLSTR,0.5
8065,2026-08-20,16.0,68.5,28.28,0.78,5,GHRSST L4 / INSAT-3DR MOSDAC / Sentinel-3 SLSTR,0.5
8066,2026-08-20,16.0,69.0,28.46,0.96,5,GHRSST L4 / INSAT-3DR MOSDAC / Sentinel-3 SLSTR,0.5
8067,2026-08-20,16.0,69.5,28.37,0.87,5,GHRSST L4 / INSAT-3DR MOSDAC / Sentinel-3 SLSTR,0.5
8068,2026-08-20,16.0,70.0,28.17,0.67,5,GHRSST L4 / INSAT-3DR MOSDAC / Sentinel-3 SLSTR,0.5
8069,2026-08-20,16.0,70.5,28.22,0.72,5,GHRSST L4 / INSAT-3DR MOSDAC / Sentinel-3 SLSTR,0.5
8070,2026-08-20,16.0,83.5,28.42,0.92,5,GHRSST L4 / INSAT-3DR MOSDAC / Sentinel-3 SLSTR,0.5
8071,2026-08-20,16.0,84.0,28.31,0.81,5,GHRSST L4 / INSAT-3DR MOSDAC / Sentinel-3 SLSTR,0.5
8072,2026-08-20,16.0,84.5,28.0,0.5,5,GHRSST L4 / INSAT-3DR MOSDAC / Sentinel-3 SLSTR,0.5
8073,2026-08-20,16.0,85.0,28.33,0.83,5,GHRSST L4 / INSAT-3DR MOSDAC / Sentinel-3 SLSTR,0.5
8074,2026-08-20,16.0,85.5,28.27,0.77,5,GHRSST L4 / INSAT-3DR MOSDAC / Sentinel-3 SLSTR,0.5
8075,2026-08-20,16.0,86.0,28.52,1.02,5,GHRSST L4 / INSAT-3DR MOSDAC / Sentinel-3 SLSTR,0.5
8076,2026-08-20,16.0,86.5,28.03,0.53,5,GHRSST L4 / INSAT-3DR MOSDAC / Sentinel-3 SLSTR,0.5
8077,2026-08-20,16.0,87.0,27.95,0.45,5,GHRSST L4 / INSAT-3DR MOSDAC / Sentinel-3 SLSTR,0.5
8078,2026-08-20,16.0,87.5,28.52,1.02,5,GHRSST L4 / INSAT-3DR MOSDAC / Sentinel-3 SLSTR,0.5
8079,2026-08-20,16.0,88.0,28.1,0.6,5,GHRSST L4 / INSAT-3DR MOSDAC / Sentinel-3 SLSTR,0.5
8080,2026-08-20,16.0,88.5,27.97,0.47,5,GHRSST L4 / INSAT-3DR MOSDAC / Sentinel-3 SLSTR,0.5
8081,2026-08-20,16.0,89.0,28.1,0.6,5,GHRSST L4 / INSAT-3DR MOSDAC / Sentinel-3 SLSTR,0.5
8082,2026-08-20,16.0,89.5,28.57,1.07,5,GHRSST L4 / INSAT-3DR MOSDAC / Sentinel-3 SLSTR,0.5
8083,2026-08-20,16.0,90.0,28.07,0.57,5,GHRSST L4 / INSAT-3DR MOSDAC / Sentinel-3 SLSTR,0.5
8084,2026-08-20,16.0,90.5,28.17,0.67,5,GHRSST L4 / INSAT-3DR MOSDAC / Sentinel-3 SLSTR,0.5
8085,2026-08-20,16.0,91.0,28.38,0.88,5,GHRSST L4 / INSAT-3DR MOSDAC / Sentinel-3 SLSTR,0.5
8086,2026-08-20,16.0,91.5,28.08,0.58,5,GHRSST L4 / INSAT-3DR MOSDAC / Sentinel-3 SLSTR,0.5
8087,2026-08-20,16.0,92.0,28.4,0.9,5,GHRSST L4 / INSAT-3DR MOSDAC / Sentinel-3 SLSTR,0.5
8088,2026-08-20,16.0,92.5,28.44,0.94,5,GHRSST L4 / INSAT-3DR MOSDAC / Sentinel-3 SLSTR,0.5
8089,2026-08-20,16.0,93.0,28.11,0.61,5,GHRSST L4 / INSAT-3DR MOSDAC / Sentinel-3 SLSTR,0.5
8090,2026-08-20,16.0,93.5,28.02,0.52,5,GHRSST L4 / INSAT-3DR MOSDAC / Sentinel-3 SLSTR,0.5
8091,2026-08-20,16.0,94.0,28.23,0.73,5,GHRSST L4 / INSAT-3DR MOSDAC / Sentinel-3 SLSTR,0.5
8092,2026-08-20,16.5,68.0,28.38,0.93,5,GHRSST L4 / INSAT-3DR MOSDAC / Sentinel-3 SLSTR,0.5
8093,2026-08-20,16.5,68.5,28.46,1.01,5,GHRSST L4 / INSAT-3DR MOSDAC / Sentinel-3 SLSTR,0.5
8094,2026-08-20,16.5,69.0,27.92,0.47,5,GHRSST L4 / INSAT-3DR MOSDAC / Sentinel-3 SLSTR,0.5
8095,2026-08-20,16.5,69.5,28.27,0.82,5,GHRSST L4 / INSAT-3DR MOSDAC / Sentinel-3 SLSTR,0.5
8096,2026-08-20,16.5,70.0,28.07,0.62,5,GHRSST L4 / INSAT-3DR MOSDAC / Sentinel-3 SLSTR,0.5
8097,2026-08-20,16.5,70.5,28.18,0.73,5,GHRSST L4 / INSAT-3DR MOSDAC / Sentinel-3 SLSTR,0.5
8098,2026-08-20,16.5,84.0,28.26,0.81,5,GHRSST L4 / INSAT-3DR MOSDAC / Sentinel-3 SLSTR,0.5
8099,2026-08-20,16.5,84.5,28.4,0.95,5,GHRSST L4 / INSAT-3DR MOSDAC / Sentinel-3 SLSTR,0.5
8100,2026-08-20,16.5,85.0,27.92,0.47,5,GHRSST L4 / INSAT-3DR MOSDAC / Sentinel-3 SLSTR,0.5
8101,2026-08-20,16.5,85.5,28.01,0.56,5,GHRSST L4 / INSAT-3DR MOSDAC / Sentinel-3 SLSTR,0.5
8102,2026-08-20,16.5,86.0,28.32,0.87,5,GHRSST L4 / INSAT-3DR MOSDAC / Sentinel-3 SLSTR,0.5
8103,2026-08-20,16.5,86.5,28.2,0.75,5,GHRSST L4 / INSAT-3DR MOSDAC / Sentinel-3 SLSTR,0.5
8104,2026-08-20,16.5,87.0,28.04,0.59,5,GHRSST L4 / INSAT-3DR MOSDAC / Sentinel-3 SLSTR,0.5
8105,2026-08-20,16.5,87.5,27.94,0.49,5,GHRSST L4 / INSAT-3DR MOSDAC / Sentinel-3 SLSTR,0.5
8106,2026-08-20,16.5,88.0,28.53,1.08,5,GHRSST L4 / INSAT-3DR MOSDAC / Sentinel-3 SLSTR,0.5
8107,2026-08-20,16.5,88.5,28.14,0.69,5,GHRSST L4 / INSAT-3DR MOSDAC / Sentinel-3 SLSTR,0.5
8108,2026-08-20,16.5,89.0,28.18,0.73,5,GHRSST L4 / INSAT-3DR MOSDAC / Sentinel-3 SLSTR,0.5
8109,2026-08-20,16.5,89.5,27.92,0.47,5,GHRSST L4 / INSAT-3DR MOSDAC / Sentinel-3 SLSTR,0.5
8110,2026-08-20,16.5,90.0,28.41,0.96,5,GHRSST L4 / INSAT-3DR MOSDAC / Sentinel-3 SLSTR,0.5
8111,2026-08-20,16.5,90.5,28.58,1.13,5,GHRSST L4 / INSAT-3DR MOSDAC / Sentinel-3 SLSTR,0.5
8112,2026-08-20,16.5,91.0,28.57,1.12,5,GHRSST L4 / INSAT-3DR MOSDAC / Sentinel-3 SLSTR,0.5
8113,2026-08-20,16.5,91.5,28.11,0.66,5,GHRSST L4 / INSAT-3DR MOSDAC / Sentinel-3 SLSTR,0.5
8114,2026-08-20,16.5,92.0,28.56,1.11,5,GHRSST L4 / INSAT-3DR MOSDAC / Sentinel-3 SLSTR,0.5
8115,2026-08-20,16.5,92.5,28.18,0.73,5,GHRSST L4 / INSAT-3DR MOSDAC / Sentinel-3 SLSTR,0.5
8116,2026-08-20,16.5,93.0,28.16,0.71,5,GHRSST L4 / INSAT-3DR MOSDAC / Sentinel-3 SLSTR,0.5
8117,2026-08-20,16.5,93.5,28.47,1.02,5,GHRSST L4 / INSAT-3DR MOSDAC / Sentinel-3 SLSTR,0.5
8118,2026-08-20,16.5,94.0,28.44,0.99,5,GHRSST L4 / INSAT-3DR MOSDAC / Sentinel-3 SLSTR,0.5
8119,2026-08-20,17.0,68.0,28.16,0.76,5,GHRSST L4 / INSAT-3DR MOSDAC / Sentinel-3 SLSTR,0.5
8120,2026-08-20,17.0,68.5,28.14,0.74,5,GHRSST L4 / INSAT-3DR MOSDAC / Sentinel-3 SLSTR,0.5
8121,2026-08-20,17.0,69.0,28.51,1.11,5,GHRSST L4 / INSAT-3DR MOSDAC / Sentinel-3 SLSTR,0.5
8122,2026-08-20,17.0,69.5,28.12,0.72,5,GHRSST L4 / INSAT-3DR MOSDAC / Sentinel-3 SLSTR,0.5
8123,2026-08-20,17.0,70.0,28.43,1.03,5,GHRSST L4 / INSAT-3DR MOSDAC / Sentinel-3 SLSTR,0.5
8124,2026-08-20,17.0,84.0,28.35,0.95,5,GHRSST L4 / INSAT-3DR MOSDAC / Sentinel-3 SLSTR,0.5
8125,2026-08-20,17.0,84.5,27.9,0.5,5,GHRSST L4 / INSAT-3DR MOSDAC / Sentinel-3 SLSTR,0.5
8126,2026-08-20,17.0,85.0,27.94,0.54,5,GHRSST L4 / INSAT-3DR MOSDAC / Sentinel-3 SLSTR,0.5
8127,2026-08-20,17.0,85.5,27.86,0.46,5,GHRSST L4 / INSAT-3DR MOSDAC / Sentinel-3 SLSTR,0.5
8128,2026-08-20,17.0,86.0,27.85,0.45,5,GHRSST L4 / INSAT-3DR MOSDAC / Sentinel-3 SLSTR,0.5
8129,2026-08-20,17.0,86.5,28.25,0.85,5,GHRSST L4 / INSAT-3DR MOSDAC / Sentinel-3 SLSTR,0.5
8130,2026-08-20,17.0,87.0,27.88,0.48,5,GHRSST L4 / INSAT-3DR MOSDAC / Sentinel-3 SLSTR,0.5
8131,2026-08-20,17.0,87.5,27.93,0.53,5,GHRSST L4 / INSAT-3DR MOSDAC / Sentinel-3 SLSTR,0.5
8132,2026-08-20,17.0,88.0,28.0,0.6,5,GHRSST L4 / INSAT-3DR MOSDAC / Sentinel-3 SLSTR,0.5
8133,2026-08-20,17.0,88.5,28.22,0.82,5,GHRSST L4 / INSAT-3DR MOSDAC / Sentinel-3 SLSTR,0.5
8134,2026-08-20,17.0,89.0,27.99,0.59,5,GHRSST L4 / INSAT-3DR MOSDAC / Sentinel-3 SLSTR,0.5
8135,2026-08-20,17.0,89.5,28.11,0.71,5,GHRSST L4 / INSAT-3DR MOSDAC / Sentinel-3 SLSTR,0.5
8136,2026-08-20,17.0,90.0,28.08,0.68,5,GHRSST L4 / INSAT-3DR MOSDAC / Sentinel-3 SLSTR,0.5
8137,2026-08-20,17.0,90.5,28.11,0.71,5,GHRSST L4 / INSAT-3DR MOSDAC / Sentinel-3 SLSTR,0.5
8138,2026-08-20,17.0,91.0,28.48,1.08,5,GHRSST L4 / INSAT-3DR MOSDAC / Sentinel-3 SLSTR,0.5
8139,2026-08-20,17.0,91.5,28.51,1.11,5,GHRSST L4 / INSAT-3DR MOSDAC / Sentinel-3 SLSTR,0.5
8140,2026-08-20,17.0,92.0,27.88,0.48,5,GHRSST L4 / INSAT-3DR MOSDAC / Sentinel-3 SLSTR,0.5
8141,2026-08-20,17.0,92.5,27.91,0.51,5,GHRSST L4 / INSAT-3DR MOSDAC / Sentinel-3 SLSTR,0.5
8142,2026-08-20,17.0,93.0,27.87,0.47,5,GHRSST L4 / INSAT-3DR MOSDAC / Sentinel-3 SLSTR,0.5
8143,2026-08-20,17.0,93.5,28.1,0.7,5,GHRSST L4 / INSAT-3DR MOSDAC / Sentinel-3 SLSTR,0.5
8144,2026-08-20,17.0,94.0,28.43,1.03,5,GHRSST L4 / INSAT-3DR MOSDAC / Sentinel-3 SLSTR,0.5
8145,2026-08-20,17.5,68.0,28.33,0.98,5,GHRSST L4 / INSAT-3DR MOSDAC / Sentinel-3 SLSTR,0.5
8146,2026-08-20,17.5,68.5,28.02,0.67,5,GHRSST L4 / INSAT-3DR MOSDAC / Sentinel-3 SLSTR,0.5
8147,2026-08-20,17.5,69.0,28.3,0.95,5,GHRSST L4 / INSAT-3DR MOSDAC / Sentinel-3 SLSTR,0.5
8148,2026-08-20,17.5,69.5,28.46,1.11,5,GHRSST L4 / INSAT-3DR MOSDAC / Sentinel-3 SLSTR,0.5
8149,2026-08-20,17.5,70.0,27.91,0.56,5,GHRSST L4 / INSAT-3DR MOSDAC / Sentinel-3 SLSTR,0.5
8150,2026-08-20,17.5,84.5,28.44,1.09,5,GHRSST L4 / INSAT-3DR MOSDAC / Sentinel-3 SLSTR,0.5
8151,2026-08-20,17.5,85.0,28.31,0.96,5,GHRSST L4 / INSAT-3DR MOSDAC / Sentinel-3 SLSTR,0.5
8152,2026-08-20,17.5,85.5,27.85,0.5,5,GHRSST L4 / INSAT-3DR MOSDAC / Sentinel-3 SLSTR,0.5
8153,2026-08-20,17.5,86.0,28.33,0.98,5,GHRSST L4 / INSAT-3DR MOSDAC / Sentinel-3 SLSTR,0.5
8154,2026-08-20,17.5,86.5,27.84,0.49,5,GHRSST L4 / INSAT-3DR MOSDAC / Sentinel-3 SLSTR,0.5
8155,2026-08-20,17.5,87.0,27.79,0.44,5,GHRSST L4 / INSAT-3DR MOSDAC / Sentinel-3 SLSTR,0.5
8156,2026-08-20,17.5,87.5,28.31,0.96,5,GHRSST L4 / INSAT-3DR MOSDAC / Sentinel-3 SLSTR,0.5
8157,2026-08-20,17.5,88.0,28.4,1.05,5,GHRSST L4 / INSAT-3DR MOSDAC / Sentinel-3 SLSTR,0.5
8158,2026-08-20,17.5,88.5,28.05,0.7,5,GHRSST L4 / INSAT-3DR MOSDAC / Sentinel-3 SLSTR,0.5
8159,2026-08-20,17.5,89.0,27.79,0.44,5,GHRSST L4 / INSAT-3DR MOSDAC / Sentinel-3 SLSTR,0.5
8160,2026-08-20,17.5,89.5,28.19,0.84,5,GHRSST L4 / INSAT-3DR MOSDAC / Sentinel-3 SLSTR,0.5
8161,2026-08-20,17.5,90.0,27.93,0.58,5,GHRSST L4 / INSAT-3DR MOSDAC / Sentinel-3 SLSTR,0.5
8162,2026-08-20,17.5,90.5,28.15,0.8,5,GHRSST L4 / INSAT-3DR MOSDAC / Sentinel-3 SLSTR,0.5
8163,2026-08-20,17.5,91.0,27.99,0.64,5,GHRSST L4 / INSAT-3DR MOSDAC / Sentinel-3 SLSTR,0.5
8164,2026-08-20,17.5,91.5,28.21,0.86,5,GHRSST L4 / INSAT-3DR MOSDAC / Sentinel-3 SLSTR,0.5
8165,2026-08-20,17.5,92.0,27.95,0.6,5,GHRSST L4 / INSAT-3DR MOSDAC / Sentinel-3 SLSTR,0.5
8166,2026-08-20,17.5,92.5,27.87,0.52,5,GHRSST L4 / INSAT-3DR MOSDAC / Sentinel-3 SLSTR,0.5
8167,2026-08-20,17.5,93.0,28.3,0.95,5,GHRSST L4 / INSAT-3DR MOSDAC / Sentinel-3 SLSTR,0.5
8168,2026-08-20,17.5,93.5,28.15,0.8,5,GHRSST L4 / INSAT-3DR MOSDAC / Sentinel-3 SLSTR,0.5
8169,2026-08-20,17.5,94.0,27.99,0.64,5,GHRSST L4 / INSAT-3DR MOSDAC / Sentinel-3 SLSTR,0.5
8170,2026-08-20,18.0,68.0,28.15,0.85,5,GHRSST L4 / INSAT-3DR MOSDAC / Sentinel-3 SLSTR,0.5
8171,2026-08-20,18.0,68.5,27.91,0.61,5,GHRSST L4 / INSAT-3DR MOSDAC / Sentinel-3 SLSTR,0.5
8172,2026-08-20,18.0,69.0,27.97,0.67,5,GHRSST L4 / INSAT-3DR MOSDAC / Sentinel-3 SLSTR,0.5
8173,2026-08-20,18.0,69.5,27.97,0.67,5,GHRSST L4 / INSAT-3DR MOSDAC / Sentinel-3 SLSTR,0.5
8174,2026-08-20,18.0,70.0,27.87,0.57,5,GHRSST L4 / INSAT-3DR MOSDAC / Sentinel-3 SLSTR,0.5
8175,2026-08-20,18.0,84.5,28.02,0.72,5,GHRSST L4 / INSAT-3DR MOSDAC / Sentinel-3 SLSTR,0.5
8176,2026-08-20,18.0,85.0,28.28,0.98,5,GHRSST L4 / INSAT-3DR MOSDAC / Sentinel-3 SLSTR,0.5
8177,2026-08-20,18.0,85.5,28.39,1.09,5,GHRSST L4 / INSAT-3DR MOSDAC / Sentinel-3 SLSTR,0.5
8178,2026-08-20,18.0,86.0,27.86,0.56,5,GHRSST L4 / INSAT-3DR MOSDAC / Sentinel-3 SLSTR,0.5
8179,2026-08-20,18.0,86.5,28.37,1.07,5,GHRSST L4 / INSAT-3DR MOSDAC / Sentinel-3 SLSTR,0.5
8180,2026-08-20,18.0,87.0,27.9,0.6,5,GHRSST L4 / INSAT-3DR MOSDAC / Sentinel-3 SLSTR,0.5
8181,2026-08-20,18.0,87.5,28.04,0.74,5,GHRSST L4 / INSAT-3DR MOSDAC / Sentinel-3 SLSTR,0.5
8182,2026-08-20,18.0,88.0,27.78,0.48,5,GHRSST L4 / INSAT-3DR MOSDAC / Sentinel-3 SLSTR,0.5
8183,2026-08-20,18.0,88.5,28.14,0.84,5,GHRSST L4 / INSAT-3DR MOSDAC / Sentinel-3 SLSTR,0.5
8184,2026-08-20,18.0,89.0,28.07,0.77,5,GHRSST L4 / INSAT-3DR MOSDAC / Sentinel-3 SLSTR,0.5
8185,2026-08-20,18.0,89.5,28.19,0.89,5,GHRSST L4 / INSAT-3DR MOSDAC / Sentinel-3 SLSTR,0.5
8186,2026-08-20,18.0,90.0,28.13,0.83,5,GHRSST L4 / INSAT-3DR MOSDAC / Sentinel-3 SLSTR,0.5
8187,2026-08-20,18.0,90.5,28.4,1.1,5,GHRSST L4 / INSAT-3DR MOSDAC / Sentinel-3 SLSTR,0.5
8188,2026-08-20,18.0,91.0,28.25,0.95,5,GHRSST L4 / INSAT-3DR MOSDAC / Sentinel-3 SLSTR,0.5
8189,2026-08-20,18.0,91.5,28.39,1.09,5,GHRSST L4 / INSAT-3DR MOSDAC / Sentinel-3 SLSTR,0.5
8190,2026-08-20,18.0,92.0,28.08,0.78,5,GHRSST L4 / INSAT-3DR MOSDAC / Sentinel-3 SLSTR,0.5
8191,2026-08-20,18.0,92.5,27.91,0.61,5,GHRSST L4 / INSAT-3DR MOSDAC / Sentinel-3 SLSTR,0.5
8192,2026-08-20,18.0,93.0,28.08,0.78,5,GHRSST L4 / INSAT-3DR MOSDAC / Sentinel-3 SLSTR,0.5
8193,2026-08-20,18.0,93.5,28.04,0.74,5,GHRSST L4 / INSAT-3DR MOSDAC / Sentinel-3 SLSTR,0.5
8194,2026-08-20,18.0,94.0,28.01,0.71,5,GHRSST L4 / INSAT-3DR MOSDAC / Sentinel-3 SLSTR,0.5
8195,2026-08-20,18.5,68.0,27.93,0.68,5,GHRSST L4 / INSAT-3DR MOSDAC / Sentinel-3 SLSTR,0.5
8196,2026-08-20,18.5,68.5,28.22,0.97,5,GHRSST L4 / INSAT-3DR MOSDAC / Sentinel-3 SLSTR,0.5
8197,2026-08-20,18.5,69.0,28.17,0.92,5,GHRSST L4 / INSAT-3DR MOSDAC / Sentinel-3 SLSTR,0.5
8198,2026-08-20,18.5,69.5,28.1,0.85,5,GHRSST L4 / INSAT-3DR MOSDAC / Sentinel-3 SLSTR,0.5
8199,2026-08-20,18.5,70.0,28.1,0.85,5,GHRSST L4 / INSAT-3DR MOSDAC / Sentinel-3 SLSTR,0.5
8200,2026-08-20,18.5,84.5,27.91,0.66,5,GHRSST L4 / INSAT-3DR MOSDAC / Sentinel-3 SLSTR,0.5
8201,2026-08-20,18.5,85.0,27.96,0.71,5,GHRSST L4 / INSAT-3DR MOSDAC / Sentinel-3 SLSTR,0.5
8202,2026-08-20,18.5,85.5,27.76,0.51,5,GHRSST L4 / INSAT-3DR MOSDAC / Sentinel-3 SLSTR,0.5
8203,2026-08-20,18.5,86.0,28.06,0.81,5,GHRSST L4 / INSAT-3DR MOSDAC / Sentinel-3 SLSTR,0.5
8204,2026-08-20,18.5,86.5,27.75,0.5,5,GHRSST L4 / INSAT-3DR MOSDAC / Sentinel-3 SLSTR,0.5
8205,2026-08-20,18.5,87.0,28.29,1.04,5,GHRSST L4 / INSAT-3DR MOSDAC / Sentinel-3 SLSTR,0.5
8206,2026-08-20,18.5,87.5,27.94,0.69,5,GHRSST L4 / INSAT-3DR MOSDAC / Sentinel-3 SLSTR,0.5
8207,2026-08-20,18.5,88.0,27.68,0.43,5,GHRSST L4 / INSAT-3DR MOSDAC / Sentinel-3 SLSTR,0.5
8208,2026-08-20,18.5,88.5,27.65,0.4,5,GHRSST L4 / INSAT-3DR MOSDAC / Sentinel-3 SLSTR,0.5
8209,2026-08-20,18.5,89.0,28.12,0.87,5,GHRSST L4 / INSAT-3DR MOSDAC / Sentinel-3 SLSTR,0.5
8210,2026-08-20,18.5,89.5,28.08,0.83,5,GHRSST L4 / INSAT-3DR MOSDAC / Sentinel-3 SLSTR,0.5
8211,2026-08-20,18.5,90.0,28.19,0.94,5,GHRSST L4 / INSAT-3DR MOSDAC / Sentinel-3 SLSTR,0.5
8212,2026-08-20,18.5,90.5,28.17,0.92,5,GHRSST L4 / INSAT-3DR MOSDAC / Sentinel-3 SLSTR,0.5
8213,2026-08-20,18.5,91.0,27.65,0.4,5,GHRSST L4 / INSAT-3DR MOSDAC / Sentinel-3 SLSTR,0.5
8214,2026-08-20,18.5,91.5,27.77,0.52,5,GHRSST L4 / INSAT-3DR MOSDAC / Sentinel-3 SLSTR,0.5
8215,2026-08-20,18.5,92.0,27.88,0.63,5,GHRSST L4 / INSAT-3DR MOSDAC / Sentinel-3 SLSTR,0.5
8216,2026-08-20,18.5,92.5,27.69,0.44,5,GHRSST L4 / INSAT-3DR MOSDAC / Sentinel-3 SLSTR,0.5
8217,2026-08-20,18.5,93.0,27.77,0.52,5,GHRSST L4 / INSAT-3DR MOSDAC / Sentinel-3 SLSTR,0.5
8218,2026-08-20,18.5,93.5,28.06,0.81,5,GHRSST L4 / INSAT-3DR MOSDAC / Sentinel-3 SLSTR,0.5
8219,2026-08-20,18.5,94.0,27.97,0.72,5,GHRSST L4 / INSAT-3DR MOSDAC / Sentinel-3 SLSTR,0.5
8220,2026-08-20,19.0,68.0,28.19,0.99,5,GHRSST L4 / INSAT-3DR MOSDAC / Sentinel-3 SLSTR,0.5
8221,2026-08-20,19.0,68.5,27.75,0.55,5,GHRSST L4 / INSAT-3DR MOSDAC / Sentinel-3 SLSTR,0.5
8222,2026-08-20,19.0,69.0,27.96,0.76,5,GHRSST L4 / INSAT-3DR MOSDAC / Sentinel-3 SLSTR,0.5
8223,2026-08-20,19.0,69.5,28.19,0.99,5,GHRSST L4 / INSAT-3DR MOSDAC / Sentinel-3 SLSTR,0.5
8224,2026-08-20,19.0,85.0,27.63,0.43,5,GHRSST L4 / INSAT-3DR MOSDAC / Sentinel-3 SLSTR,0.5
8225,2026-08-20,19.0,85.5,28.2,1.0,5,GHRSST L4 / INSAT-3DR MOSDAC / Sentinel-3 SLSTR,0.5
8226,2026-08-20,19.0,86.0,27.83,0.63,5,GHRSST L4 / INSAT-3DR MOSDAC / Sentinel-3 SLSTR,0.5
8227,2026-08-20,19.0,86.5,28.19,0.99,5,GHRSST L4 / INSAT-3DR MOSDAC / Sentinel-3 SLSTR,0.5
8228,2026-08-20,19.0,87.0,28.07,0.87,5,GHRSST L4 / INSAT-3DR MOSDAC / Sentinel-3 SLSTR,0.5
8229,2026-08-20,19.0,87.5,28.06,0.86,5,GHRSST L4 / INSAT-3DR MOSDAC / Sentinel-3 SLSTR,0.5
8230,2026-08-20,19.0,88.0,27.62,0.42,5,GHRSST L4 / INSAT-3DR MOSDAC / Sentinel-3 SLSTR,0.5
8231,2026-08-20,19.0,88.5,28.25,1.05,5,GHRSST L4 / INSAT-3DR MOSDAC / Sentinel-3 SLSTR,0.5
8232,2026-08-20,19.0,89.0,27.89,0.69,5,GHRSST L4 / INSAT-3DR MOSDAC / Sentinel-3 SLSTR,0.5
8233,2026-08-20,19.0,89.5,27.67,0.47,5,GHRSST L4 / INSAT-3DR MOSDAC / Sentinel-3 SLSTR,0.5
8234,2026-08-20,19.0,90.0,28.13,0.93,5,GHRSST L4 / INSAT-3DR MOSDAC / Sentinel-3 SLSTR,0.5
8235,2026-08-20,19.0,90.5,28.2,1.0,5,GHRSST L4 / INSAT-3DR MOSDAC / Sentinel-3 SLSTR,0.5
8236,2026-08-20,19.0,91.0,28.24,1.04,5,GHRSST L4 / INSAT-3DR MOSDAC / Sentinel-3 SLSTR,0.5
8237,2026-08-20,19.0,91.5,27.94,0.74,5,GHRSST L4 / INSAT-3DR MOSDAC / Sentinel-3 SLSTR,0.5
8238,2026-08-20,19.0,92.0,27.87,0.67,5,GHRSST L4 / INSAT-3DR MOSDAC / Sentinel-3 SLSTR,0.5
8239,2026-08-20,19.0,92.5,28.0,0.8,5,GHRSST L4 / INSAT-3DR MOSDAC / Sentinel-3 SLSTR,0.5
8240,2026-08-20,19.0,93.0,27.8,0.6,5,GHRSST L4 / INSAT-3DR MOSDAC / Sentinel-3 SLSTR,0.5
8241,2026-08-20,19.0,93.5,27.86,0.66,5,GHRSST L4 / INSAT-3DR MOSDAC / Sentinel-3 SLSTR,0.5
8242,2026-08-20,19.0,94.0,27.97,0.77,5,GHRSST L4 / INSAT-3DR MOSDAC / Sentinel-3 SLSTR,0.5
8243,2026-08-20,19.5,68.0,28.11,0.96,5,GHRSST L4 / INSAT-3DR MOSDAC / Sentinel-3 SLSTR,0.5
8244,2026-08-20,19.5,68.5,28.13,0.98,5,GHRSST L4 / INSAT-3DR MOSDAC / Sentinel-3 SLSTR,0.5
8245,2026-08-20,19.5,69.0,27.62,0.47,5,GHRSST L4 / INSAT-3DR MOSDAC / Sentinel-3 SLSTR,0.5
8246,2026-08-20,19.5,69.5,27.62,0.47,5,GHRSST L4 / INSAT-3DR MOSDAC / Sentinel-3 SLSTR,0.5
8247,2026-08-20,19.5,85.0,27.66,0.51,5,GHRSST L4 / INSAT-3DR MOSDAC / Sentinel-3 SLSTR,0.5
8248,2026-08-20,19.5,85.5,27.95,0.8,5,GHRSST L4 / INSAT-3DR MOSDAC / Sentinel-3 SLSTR,0.5
8249,2026-08-20,19.5,86.0,27.67,0.52,5,GHRSST L4 / INSAT-3DR MOSDAC / Sentinel-3 SLSTR,0.5
8250,2026-08-20,19.5,86.5,27.96,0.81,5,GHRSST L4 / INSAT-3DR MOSDAC / Sentinel-3 SLSTR,0.5
8251,2026-08-20,19.5,87.0,28.04,0.89,5,GHRSST L4 / INSAT-3DR MOSDAC / Sentinel-3 SLSTR,0.5
8252,2026-08-20,19.5,87.5,28.13,0.98,5,GHRSST L4 / INSAT-3DR MOSDAC / Sentinel-3 SLSTR,0.5
8253,2026-08-20,19.5,88.0,28.14,0.99,5,GHRSST L4 / INSAT-3DR MOSDAC / Sentinel-3 SLSTR,0.5
8254,2026-08-20,19.5,88.5,27.68,0.53,5,GHRSST L4 / INSAT-3DR MOSDAC / Sentinel-3 SLSTR,0.5
8255,2026-08-20,19.5,89.0,27.75,0.6,5,GHRSST L4 / INSAT-3DR MOSDAC / Sentinel-3 SLSTR,0.5
8256,2026-08-20,19.5,89.5,27.66,0.51,5,GHRSST L4 / INSAT-3DR MOSDAC / Sentinel-3 SLSTR,0.5
8257,2026-08-20,19.5,90.0,28.01,0.86,5,GHRSST L4 / INSAT-3DR MOSDAC / Sentinel-3 SLSTR,0.5
8258,2026-08-20,19.5,90.5,28.01,0.86,5,GHRSST L4 / INSAT-3DR MOSDAC / Sentinel-3 SLSTR,0.5
8259,2026-08-20,19.5,91.0,27.53,0.38,5,GHRSST L4 / INSAT-3DR MOSDAC / Sentinel-3 SLSTR,0.5
8260,2026-08-20,19.5,91.5,27.65,0.5,5,GHRSST L4 / INSAT-3DR MOSDAC / Sentinel-3 SLSTR,0.5
8261,2026-08-20,19.5,92.0,27.76,0.61,5,GHRSST L4 / INSAT-3DR MOSDAC / Sentinel-3 SLSTR,0.5
8262,2026-08-20,19.5,92.5,27.68,0.53,5,GHRSST L4 / INSAT-3DR MOSDAC / Sentinel-3 SLSTR,0.5
8263,2026-08-20,19.5,93.0,27.92,0.77,5,GHRSST L4 / INSAT-3DR MOSDAC / Sentinel-3 SLSTR,0.5
8264,2026-08-20,19.5,93.5,27.56,0.41,5,GHRSST L4 / INSAT-3DR MOSDAC / Sentinel-3 SLSTR,0.5
8265,2026-08-20,19.5,94.0,28.11,0.96,5,GHRSST L4 / INSAT-3DR MOSDAC / Sentinel-3 SLSTR,0.5
8266,2026-08-20,20.0,68.0,27.8,0.7,5,GHRSST L4 / INSAT-3DR MOSDAC / Sentinel-3 SLSTR,0.5
8267,2026-08-20,20.0,68.5,27.89,0.79,5,GHRSST L4 / INSAT-3DR MOSDAC / Sentinel-3 SLSTR,0.5
8268,2026-08-20,20.0,69.0,27.88,0.78,5,GHRSST L4 / INSAT-3DR MOSDAC / Sentinel-3 SLSTR,0.5
8269,2026-08-20,20.0,69.5,27.79,0.69,5,GHRSST L4 / INSAT-3DR MOSDAC / Sentinel-3 SLSTR,0.5
8270,2026-08-20,20.0,70.0,27.87,0.77,5,GHRSST L4 / INSAT-3DR MOSDAC / Sentinel-3 SLSTR,0.5
8271,2026-08-20,20.0,70.5,27.52,0.42,5,GHRSST L4 / INSAT-3DR MOSDAC / Sentinel-3 SLSTR,0.5
8272,2026-08-20,20.0,71.0,27.74,0.64,5,GHRSST L4 / INSAT-3DR MOSDAC / Sentinel-3 SLSTR,0.5
8273,2026-08-20,20.0,71.5,27.97,0.87,5,GHRSST L4 / INSAT-3DR MOSDAC / Sentinel-3 SLSTR,0.5
8274,2026-08-20,20.0,72.0,27.73,0.63,5,GHRSST L4 / INSAT-3DR MOSDAC / Sentinel-3 SLSTR,0.5
8275,2026-08-20,20.0,72.5,27.65,0.55,5,GHRSST L4 / INSAT-3DR MOSDAC / Sentinel-3 SLSTR,0.5
8276,2026-08-20,20.0,73.0,27.87,0.77,5,GHRSST L4 / INSAT-3DR MOSDAC / Sentinel-3 SLSTR,0.5
8277,2026-08-20,20.0,73.5,27.8,0.7,5,GHRSST L4 / INSAT-3DR MOSDAC / Sentinel-3 SLSTR,0.5
8278,2026-08-20,20.0,74.0,27.84,0.74,5,GHRSST L4 / INSAT-3DR MOSDAC / Sentinel-3 SLSTR,0.5
8279,2026-08-20,20.0,74.5,28.14,1.04,5,GHRSST L4 / INSAT-3DR MOSDAC / Sentinel-3 SLSTR,0.5
8280,2026-08-20,20.0,75.0,27.57,0.47,5,GHRSST L4 / INSAT-3DR MOSDAC / Sentinel-3 SLSTR,0.5
8281,2026-08-20,20.0,75.5,27.9,0.8,5,GHRSST L4 / INSAT-3DR MOSDAC / Sentinel-3 SLSTR,0.5
8282,2026-08-20,20.0,76.0,27.49,0.39,5,GHRSST L4 / INSAT-3DR MOSDAC / Sentinel-3 SLSTR,0.5
8283,2026-08-20,20.0,76.5,27.92,0.82,5,GHRSST L4 / INSAT-3DR MOSDAC / Sentinel-3 SLSTR,0.5
8284,2026-08-20,20.0,77.0,27.61,0.51,5,GHRSST L4 / INSAT-3DR MOSDAC / Sentinel-3 SLSTR,0.5
8285,2026-08-20,20.0,77.5,28.03,0.93,5,GHRSST L4 / INSAT-3DR MOSDAC / Sentinel-3 SLSTR,0.5
8286,2026-08-20,20.0,78.0,27.66,0.56,5,GHRSST L4 / INSAT-3DR MOSDAC / Sentinel-3 SLSTR,0.5
8287,2026-08-20,20.0,78.5,27.75,0.65,5,GHRSST L4 / INSAT-3DR MOSDAC / Sentinel-3 SLSTR,0.5
8288,2026-08-20,20.0,79.0,27.83,0.73,5,GHRSST L4 / INSAT-3DR MOSDAC / Sentinel-3 SLSTR,0.5
8289,2026-08-20,20.0,79.5,27.9,0.8,5,GHRSST L4 / INSAT-3DR MOSDAC / Sentinel-3 SLSTR,0.5
8290,2026-08-20,20.0,80.0,27.68,0.58,5,GHRSST L4 / INSAT-3DR MOSDAC / Sentinel-3 SLSTR,0.5
8291,2026-08-20,20.0,80.5,27.58,0.48,5,GHRSST L4 / INSAT-3DR MOSDAC / Sentinel-3 SLSTR,0.5
8292,2026-08-20,20.0,81.0,27.91,0.81,5,GHRSST L4 / INSAT-3DR MOSDAC / Sentinel-3 SLSTR,0.5
8293,2026-08-20,20.0,81.5,27.78,0.68,5,GHRSST L4 / INSAT-3DR MOSDAC / Sentinel-3 SLSTR,0.5
8294,2026-08-20,20.0,82.0,27.51,0.41,5,GHRSST L4 / INSAT-3DR MOSDAC / Sentinel-3 SLSTR,0.5
8295,2026-08-20,20.0,82.5,27.85,0.75,5,GHRSST L4 / INSAT-3DR MOSDAC / Sentinel-3 SLSTR,0.5
8296,2026-08-20,20.0,83.0,27.8,0.7,5,GHRSST L4 / INSAT-3DR MOSDAC / Sentinel-3 SLSTR,0.5
8297,2026-08-20,20.0,83.5,27.83,0.73,5,GHRSST L4 / INSAT-3DR MOSDAC / Sentinel-3 SLSTR,0.5
8298,2026-08-20,20.0,84.0,27.54,0.44,5,GHRSST L4 / INSAT-3DR MOSDAC / Sentinel-3 SLSTR,0.5
8299,2026-08-20,20.0,84.5,27.8,0.7,5,GHRSST L4 / INSAT-3DR MOSDAC / Sentinel-3 SLSTR,0.5
8300,2026-08-20,20.0,85.0,27.99,0.89,5,GHRSST L4 / INSAT-3DR MOSDAC / Sentinel-3 SLSTR,0.5
8301,2026-08-20,20.0,85.5,27.56,0.46,5,GHRSST L4 / INSAT-3DR MOSDAC / Sentinel-3 SLSTR,0.5
8302,2026-08-20,20.0,86.0,27.91,0.81,5,GHRSST L4 / INSAT-3DR MOSDAC / Sentinel-3 SLSTR,0.5
8303,2026-08-20,20.0,86.5,27.59,0.49,5,GHRSST L4 / INSAT-3DR MOSDAC / Sentinel-3 SLSTR,0.5
8304,2026-08-20,20.0,87.0,27.69,0.59,5,GHRSST L4 / INSAT-3DR MOSDAC / Sentinel-3 SLSTR,0.5
8305,2026-08-20,20.0,87.5,27.72,0.62,5,GHRSST L4 / INSAT-3DR MOSDAC / Sentinel-3 SLSTR,0.5
8306,2026-08-20,20.0,88.0,28.0,0.9,5,GHRSST L4 / INSAT-3DR MOSDAC / Sentinel-3 SLSTR,0.5
8307,2026-08-20,20.0,88.5,27.63,0.53,5,GHRSST L4 / INSAT-3DR MOSDAC / Sentinel-3 SLSTR,0.5
8308,2026-08-20,20.0,89.0,27.65,0.55,5,GHRSST L4 / INSAT-3DR MOSDAC / Sentinel-3 SLSTR,0.5
8309,2026-08-20,20.0,89.5,28.08,0.98,5,GHRSST L4 / INSAT-3DR MOSDAC / Sentinel-3 SLSTR,0.5
8310,2026-08-20,20.0,90.0,27.99,0.89,5,GHRSST L4 / INSAT-3DR MOSDAC / Sentinel-3 SLSTR,0.5
8311,2026-08-20,20.0,90.5,27.82,0.72,5,GHRSST L4 / INSAT-3DR MOSDAC / Sentinel-3 SLSTR,0.5
8312,2026-08-20,20.0,91.0,27.69,0.59,5,GHRSST L4 / INSAT-3DR MOSDAC / Sentinel-3 SLSTR,0.5
8313,2026-08-20,20.0,91.5,28.02,0.92,5,GHRSST L4 / INSAT-3DR MOSDAC / Sentinel-3 SLSTR,0.5
8314,2026-08-20,20.0,92.0,27.86,0.76,5,GHRSST L4 / INSAT-3DR MOSDAC / Sentinel-3 SLSTR,0.5
8315,2026-08-20,20.0,92.5,27.7,0.6,5,GHRSST L4 / INSAT-3DR MOSDAC / Sentinel-3 SLSTR,0.5
8316,2026-08-20,20.0,93.0,27.69,0.59,5,GHRSST L4 / INSAT-3DR MOSDAC / Sentinel-3 SLSTR,0.5
8317,2026-08-20,20.0,93.5,27.79,0.69,5,GHRSST L4 / INSAT-3DR MOSDAC / Sentinel-3 SLSTR,0.5
8318,2026-08-20,20.0,94.0,28.13,1.03,5,GHRSST L4 / INSAT-3DR MOSDAC / Sentinel-3 SLSTR,0.5
8319,2026-08-20,20.5,68.0,27.86,0.81,5,GHRSST L4 / INSAT-3DR MOSDAC / Sentinel-3 SLSTR,0.5
8320,2026-08-20,20.5,68.5,27.89,0.84,5,GHRSST L4 / INSAT-3DR MOSDAC / Sentinel-3 SLSTR,0.5
8321,2026-08-20,20.5,69.0,27.68,0.63,5,GHRSST L4 / INSAT-3DR MOSDAC / Sentinel-3 SLSTR,0.5
8322,2026-08-20,20.5,69.5,28.09,1.04,5,GHRSST L4 / INSAT-3DR MOSDAC / Sentinel-3 SLSTR,0.5
8323,2026-08-20,20.5,70.0,27.69,0.64,5,GHRSST L4 / INSAT-3DR MOSDAC / Sentinel-3 SLSTR,0.5
8324,2026-08-20,20.5,70.5,27.42,0.37,5,GHRSST L4 / INSAT-3DR MOSDAC / Sentinel-3 SLSTR,0.5
8325,2026-08-20,20.5,71.0,27.97,0.92,5,GHRSST L4 / INSAT-3DR MOSDAC / Sentinel-3 SLSTR,0.5
8326,2026-08-20,20.5,71.5,27.77,0.72,5,GHRSST L4 / INSAT-3DR MOSDAC / Sentinel-3 SLSTR,0.5
8327,2026-08-20,20.5,72.0,27.52,0.47,5,GHRSST L4 / INSAT-3DR MOSDAC / Sentinel-3 SLSTR,0.5
8328,2026-08-20,20.5,72.5,27.43,0.38,5,GHRSST L4 / INSAT-3DR MOSDAC / Sentinel-3 SLSTR,0.5
8329,2026-08-20,20.5,73.0,28.1,1.05,5,GHRSST L4 / INSAT-3DR MOSDAC / Sentinel-3 SLSTR,0.5
8330,2026-08-20,20.5,73.5,27.86,0.81,5,GHRSST L4 / INSAT-3DR MOSDAC / Sentinel-3 SLSTR,0.5
8331,2026-08-20,20.5,74.0,27.74,0.69,5,GHRSST L4 / INSAT-3DR MOSDAC / Sentinel-3 SLSTR,0.5
8332,2026-08-20,20.5,74.5,27.64,0.59,5,GHRSST L4 / INSAT-3DR MOSDAC / Sentinel-3 SLSTR,0.5
8333,2026-08-20,20.5,75.0,27.46,0.41,5,GHRSST L4 / INSAT-3DR MOSDAC / Sentinel-3 SLSTR,0.5
8334,2026-08-20,20.5,75.5,27.86,0.81,5,GHRSST L4 / INSAT-3DR MOSDAC / Sentinel-3 SLSTR,0.5
8335,2026-08-20,20.5,76.0,27.67,0.62,5,GHRSST L4 / INSAT-3DR MOSDAC / Sentinel-3 SLSTR,0.5
8336,2026-08-20,20.5,76.5,28.1,1.05,5,GHRSST L4 / INSAT-3DR MOSDAC / Sentinel-3 SLSTR,0.5
8337,2026-08-20,20.5,77.0,27.49,0.44,5,GHRSST L4 / INSAT-3DR MOSDAC / Sentinel-3 SLSTR,0.5
8338,2026-08-20,20.5,77.5,27.58,0.53,5,GHRSST L4 / INSAT-3DR MOSDAC / Sentinel-3 SLSTR,0.5
8339,2026-08-20,20.5,78.0,27.69,0.64,5,GHRSST L4 / INSAT-3DR MOSDAC / Sentinel-3 SLSTR,0.5
8340,2026-08-20,20.5,78.5,27.97,0.92,5,GHRSST L4 / INSAT-3DR MOSDAC / Sentinel-3 SLSTR,0.5
8341,2026-08-20,20.5,79.0,27.95,0.9,5,GHRSST L4 / INSAT-3DR MOSDAC / Sentinel-3 SLSTR,0.5
8342,2026-08-20,20.5,79.5,27.58,0.53,5,GHRSST L4 / INSAT-3DR MOSDAC / Sentinel-3 SLSTR,0.5
8343,2026-08-20,20.5,80.0,27.66,0.61,5,GHRSST L4 / INSAT-3DR MOSDAC / Sentinel-3 SLSTR,0.5
8344,2026-08-20,20.5,80.5,27.45,0.4,5,GHRSST L4 / INSAT-3DR MOSDAC / Sentinel-3 SLSTR,0.5
8345,2026-08-20,20.5,81.0,27.67,0.62,5,GHRSST L4 / INSAT-3DR MOSDAC / Sentinel-3 SLSTR,0.5
8346,2026-08-20,20.5,81.5,27.53,0.48,5,GHRSST L4 / INSAT-3DR MOSDAC / Sentinel-3 SLSTR,0.5
8347,2026-08-20,20.5,82.0,28.05,1.0,5,GHRSST L4 / INSAT-3DR MOSDAC / Sentinel-3 SLSTR,0.5
8348,2026-08-20,20.5,82.5,27.98,0.93,5,GHRSST L4 / INSAT-3DR MOSDAC / Sentinel-3 SLSTR,0.5
8349,2026-08-20,20.5,83.0,27.53,0.48,5,GHRSST L4 / INSAT-3DR MOSDAC / Sentinel-3 SLSTR,0.5
8350,2026-08-20,20.5,83.5,27.75,0.7,5,GHRSST L4 / INSAT-3DR MOSDAC / Sentinel-3 SLSTR,0.5
8351,2026-08-20,20.5,84.0,28.08,1.03,5,GHRSST L4 / INSAT-3DR MOSDAC / Sentinel-3 SLSTR,0.5
8352,2026-08-20,20.5,84.5,27.7,0.65,5,GHRSST L4 / INSAT-3DR MOSDAC / Sentinel-3 SLSTR,0.5
8353,2026-08-20,20.5,85.0,27.72,0.67,5,GHRSST L4 / INSAT-3DR MOSDAC / Sentinel-3 SLSTR,0.5
8354,2026-08-20,20.5,85.5,27.65,0.6,5,GHRSST L4 / INSAT-3DR MOSDAC / Sentinel-3 SLSTR,0.5
8355,2026-08-20,20.5,86.0,27.75,0.7,5,GHRSST L4 / INSAT-3DR MOSDAC / Sentinel-3 SLSTR,0.5
8356,2026-08-20,20.5,86.5,27.83,0.78,5,GHRSST L4 / INSAT-3DR MOSDAC / Sentinel-3 SLSTR,0.5
8357,2026-08-20,20.5,87.0,27.47,0.42,5,GHRSST L4 / INSAT-3DR MOSDAC / Sentinel-3 SLSTR,0.5
8358,2026-08-20,20.5,87.5,27.47,0.42,5,GHRSST L4 / INSAT-3DR MOSDAC / Sentinel-3 SLSTR,0.5
8359,2026-08-20,20.5,88.0,27.95,0.9,5,GHRSST L4 / INSAT-3DR MOSDAC / Sentinel-3 SLSTR,0.5
8360,2026-08-20,20.5,88.5,28.1,1.05,5,GHRSST L4 / INSAT-3DR MOSDAC / Sentinel-3 SLSTR,0.5
8361,2026-08-20,20.5,89.0,27.75,0.7,5,GHRSST L4 / INSAT-3DR MOSDAC / Sentinel-3 SLSTR,0.5
8362,2026-08-20,20.5,89.5,28.01,0.96,5,GHRSST L4 / INSAT-3DR MOSDAC / Sentinel-3 SLSTR,0.5
8363,2026-08-20,20.5,90.0,28.02,0.97,5,GHRSST L4 / INSAT-3DR MOSDAC / Sentinel-3 SLSTR,0.5
8364,2026-08-20,20.5,90.5,27.67,0.62,5,GHRSST L4 / INSAT-3DR MOSDAC / Sentinel-3 SLSTR,0.5
8365,2026-08-20,20.5,91.0,27.64,0.59,5,GHRSST L4 / INSAT-3DR MOSDAC / Sentinel-3 SLSTR,0.5
8366,2026-08-20,20.5,91.5,27.92,0.87,5,GHRSST L4 / INSAT-3DR MOSDAC / Sentinel-3 SLSTR,0.5
8367,2026-08-20,20.5,92.0,28.05,1.0,5,GHRSST L4 / INSAT-3DR MOSDAC / Sentinel-3 SLSTR,0.5
8368,2026-08-20,20.5,92.5,28.01,0.96,5,GHRSST L4 / INSAT-3DR MOSDAC / Sentinel-3 SLSTR,0.5
8369,2026-08-20,20.5,93.0,27.63,0.58,5,GHRSST L4 / INSAT-3DR MOSDAC / Sentinel-3 SLSTR,0.5
8370,2026-08-20,20.5,93.5,27.66,0.61,5,GHRSST L4 / INSAT-3DR MOSDAC / Sentinel-3 SLSTR,0.5
8371,2026-08-20,20.5,94.0,27.93,0.88,5,GHRSST L4 / INSAT-3DR MOSDAC / Sentinel-3 SLSTR,0.5
8372,2026-08-20,21.0,68.0,27.57,0.57,5,GHRSST L4 / INSAT-3DR MOSDAC / Sentinel-3 SLSTR,0.5
8373,2026-08-20,21.0,68.5,27.95,0.95,5,GHRSST L4 / INSAT-3DR MOSDAC / Sentinel-3 SLSTR,0.5
8374,2026-08-20,21.0,69.0,27.71,0.71,5,GHRSST L4 / INSAT-3DR MOSDAC / Sentinel-3 SLSTR,0.5
8375,2026-08-20,21.0,69.5,27.55,0.55,5,GHRSST L4 / INSAT-3DR MOSDAC / Sentinel-3 SLSTR,0.5
8376,2026-08-20,21.0,70.0,27.55,0.55,5,GHRSST L4 / INSAT-3DR MOSDAC / Sentinel-3 SLSTR,0.5
8377,2026-08-20,21.0,70.5,27.9,0.9,5,GHRSST L4 / INSAT-3DR MOSDAC / Sentinel-3 SLSTR,0.5
8378,2026-08-20,21.0,71.0,27.44,0.44,5,GHRSST L4 / INSAT-3DR MOSDAC / Sentinel-3 SLSTR,0.5
8379,2026-08-20,21.0,71.5,28.0,1.0,5,GHRSST L4 / INSAT-3DR MOSDAC / Sentinel-3 SLSTR,0.5
8380,2026-08-20,21.0,72.0,27.64,0.64,5,GHRSST L4 / INSAT-3DR MOSDAC / Sentinel-3 SLSTR,0.5
8381,2026-08-20,21.0,72.5,27.94,0.94,5,GHRSST L4 / INSAT-3DR MOSDAC / Sentinel-3 SLSTR,0.5
8382,2026-08-20,21.0,73.0,27.9,0.9,5,GHRSST L4 / INSAT-3DR MOSDAC / Sentinel-3 SLSTR,0.5
8383,2026-08-20,21.0,73.5,27.9,0.9,5,GHRSST L4 / INSAT-3DR MOSDAC / Sentinel-3 SLSTR,0.5
8384,2026-08-20,21.0,74.0,27.82,0.82,5,GHRSST L4 / INSAT-3DR MOSDAC / Sentinel-3 SLSTR,0.5
8385,2026-08-20,21.0,74.5,27.7,0.7,5,GHRSST L4 / INSAT-3DR MOSDAC / Sentinel-3 SLSTR,0.5
8386,2026-08-20,21.0,75.0,27.62,0.62,5,GHRSST L4 / INSAT-3DR MOSDAC / Sentinel-3 SLSTR,0.5
8387,2026-08-20,21.0,75.5,27.76,0.76,5,GHRSST L4 / INSAT-3DR MOSDAC / Sentinel-3 SLSTR,0.5
8388,2026-08-20,21.0,76.0,27.72,0.72,5,GHRSST L4 / INSAT-3DR MOSDAC / Sentinel-3 SLSTR,0.5
8389,2026-08-20,21.0,76.5,27.6,0.6,5,GHRSST L4 / INSAT-3DR MOSDAC / Sentinel-3 SLSTR,0.5
8390,2026-08-20,21.0,77.0,27.7,0.7,5,GHRSST L4 / INSAT-3DR MOSDAC / Sentinel-3 SLSTR,0.5
8391,2026-08-20,21.0,77.5,27.61,0.61,5,GHRSST L4 / INSAT-3DR MOSDAC / Sentinel-3 SLSTR,0.5
8392,2026-08-20,21.0,78.0,27.81,0.81,5,GHRSST L4 / INSAT-3DR MOSDAC / Sentinel-3 SLSTR,0.5
8393,2026-08-20,21.0,78.5,27.93,0.93,5,GHRSST L4 / INSAT-3DR MOSDAC / Sentinel-3 SLSTR,0.5
8394,2026-08-20,21.0,79.0,27.9,0.9,5,GHRSST L4 / INSAT-3DR MOSDAC / Sentinel-3 SLSTR,0.5
8395,2026-08-20,21.0,79.5,27.59,0.59,5,GHRSST L4 / INSAT-3DR MOSDAC / Sentinel-3 SLSTR,0.5
8396,2026-08-20,21.0,80.0,27.71,0.71,5,GHRSST L4 / INSAT-3DR MOSDAC / Sentinel-3 SLSTR,0.5
8397,2026-08-20,21.0,80.5,27.36,0.36,5,GHRSST L4 / INSAT-3DR MOSDAC / Sentinel-3 SLSTR,0.5
8398,2026-08-20,21.0,81.0,27.96,0.96,5,GHRSST L4 / INSAT-3DR MOSDAC / Sentinel-3 SLSTR,0.5
8399,2026-08-20,21.0,81.5,27.52,0.52,5,GHRSST L4 / INSAT-3DR MOSDAC / Sentinel-3 SLSTR,0.5
8400,2026-08-20,21.0,82.0,27.66,0.66,5,GHRSST L4 / INSAT-3DR MOSDAC / Sentinel-3 SLSTR,0.5
8401,2026-08-20,21.0,82.5,27.46,0.46,5,GHRSST L4 / INSAT-3DR MOSDAC / Sentinel-3 SLSTR,0.5
8402,2026-08-20,21.0,83.0,27.82,0.82,5,GHRSST L4 / INSAT-3DR MOSDAC / Sentinel-3 SLSTR,0.5
8403,2026-08-20,21.0,83.5,27.73,0.73,5,GHRSST L4 / INSAT-3DR MOSDAC / Sentinel-3 SLSTR,0.5
8404,2026-08-20,21.0,84.0,27.61,0.61,5,GHRSST L4 / INSAT-3DR MOSDAC / Sentinel-3 SLSTR,0.5
8405,2026-08-20,21.0,84.5,27.72,0.72,5,GHRSST L4 / INSAT-3DR MOSDAC / Sentinel-3 SLSTR,0.5
8406,2026-08-20,21.0,85.0,27.47,0.47,5,GHRSST L4 / INSAT-3DR MOSDAC / Sentinel-3 SLSTR,0.5
8407,2026-08-20,21.0,85.5,27.89,0.89,5,GHRSST L4 / INSAT-3DR MOSDAC / Sentinel-3 SLSTR,0.5
8408,2026-08-20,21.0,86.0,27.54,0.54,5,GHRSST L4 / INSAT-3DR MOSDAC / Sentinel-3 SLSTR,0.5
8409,2026-08-20,21.0,86.5,27.78,0.78,5,GHRSST L4 / INSAT-3DR MOSDAC / Sentinel-3 SLSTR,0.5
8410,2026-08-20,21.0,87.0,27.98,0.98,5,GHRSST L4 / INSAT-3DR MOSDAC / Sentinel-3 SLSTR,0.5
8411,2026-08-20,21.0,87.5,27.38,0.38,5,GHRSST L4 / INSAT-3DR MOSDAC / Sentinel-3 SLSTR,0.5
8412,2026-08-20,21.0,88.0,27.62,0.62,5,GHRSST L4 / INSAT-3DR MOSDAC / Sentinel-3 SLSTR,0.5
8413,2026-08-20,21.0,88.5,27.44,0.44,5,GHRSST L4 / INSAT-3DR MOSDAC / Sentinel-3 SLSTR,0.5
8414,2026-08-20,21.0,89.0,27.99,0.99,5,GHRSST L4 / INSAT-3DR MOSDAC / Sentinel-3 SLSTR,0.5
8415,2026-08-20,21.0,89.5,27.6,0.6,5,GHRSST L4 / INSAT-3DR MOSDAC / Sentinel-3 SLSTR,0.5
8416,2026-08-20,21.0,90.0,27.5,0.5,5,GHRSST L4 / INSAT-3DR MOSDAC / Sentinel-3 SLSTR,0.5
8417,2026-08-20,21.0,90.5,27.82,0.82,5,GHRSST L4 / INSAT-3DR MOSDAC / Sentinel-3 SLSTR,0.5
8418,2026-08-20,21.0,91.0,27.73,0.73,5,GHRSST L4 / INSAT-3DR MOSDAC / Sentinel-3 SLSTR,0.5
8419,2026-08-20,21.0,91.5,27.92,0.92,5,GHRSST L4 / INSAT-3DR MOSDAC / Sentinel-3 SLSTR,0.5
8420,2026-08-20,21.0,92.0,27.88,0.88,5,GHRSST L4 / INSAT-3DR MOSDAC / Sentinel-3 SLSTR,0.5
8421,2026-08-20,21.0,92.5,28.03,1.03,5,GHRSST L4 / INSAT-3DR MOSDAC / Sentinel-3 SLSTR,0.5
8422,2026-08-20,21.0,93.0,27.41,0.41,5,GHRSST L4 / INSAT-3DR MOSDAC / Sentinel-3 SLSTR,0.5
8423,2026-08-20,21.0,93.5,27.41,0.41,5,GHRSST L4 / INSAT-3DR MOSDAC / Sentinel-3 SLSTR,0.5
8424,2026-08-20,21.0,94.0,27.99,0.99,5,GHRSST L4 / INSAT-3DR MOSDAC / Sentinel-3 SLSTR,0.5
8425,2026-08-20,21.5,68.0,27.96,1.01,5,GHRSST L4 / INSAT-3DR MOSDAC / Sentinel-3 SLSTR,0.5
8426,2026-08-20,21.5,68.5,27.57,0.62,5,GHRSST L4 / INSAT-3DR MOSDAC / Sentinel-3 SLSTR,0.5
8427,2026-08-20,21.5,69.0,27.61,0.66,5,GHRSST L4 / INSAT-3DR MOSDAC / Sentinel-3 SLSTR,0.5
8428,2026-08-20,21.5,69.5,27.55,0.6,5,GHRSST L4 / INSAT-3DR MOSDAC / Sentinel-3 SLSTR,0.5
8429,2026-08-20,21.5,70.0,27.83,0.88,5,GHRSST L4 / INSAT-3DR MOSDAC / Sentinel-3 SLSTR,0.5
8430,2026-08-20,21.5,70.5,27.83,0.88,5,GHRSST L4 / INSAT-3DR MOSDAC / Sentinel-3 SLSTR,0.5
8431,2026-08-20,21.5,71.0,27.44,0.49,5,GHRSST L4 / INSAT-3DR MOSDAC / Sentinel-3 SLSTR,0.5
8432,2026-08-20,21.5,71.5,27.56,0.61,5,GHRSST L4 / INSAT-3DR MOSDAC / Sentinel-3 SLSTR,0.5
8433,2026-08-20,21.5,72.0,27.44,0.49,5,GHRSST L4 / INSAT-3DR MOSDAC / Sentinel-3 SLSTR,0.5
8434,2026-08-20,21.5,72.5,27.32,0.37,5,GHRSST L4 / INSAT-3DR MOSDAC / Sentinel-3 SLSTR,0.5
8435,2026-08-20,21.5,73.0,27.33,0.38,5,GHRSST L4 / INSAT-3DR MOSDAC / Sentinel-3 SLSTR,0.5
8436,2026-08-20,21.5,73.5,27.39,0.44,5,GHRSST L4 / INSAT-3DR MOSDAC / Sentinel-3 SLSTR,0.5
8437,2026-08-20,21.5,74.0,27.31,0.36,5,GHRSST L4 / INSAT-3DR MOSDAC / Sentinel-3 SLSTR,0.5
8438,2026-08-20,21.5,74.5,27.59,0.64,5,GHRSST L4 / INSAT-3DR MOSDAC / Sentinel-3 SLSTR,0.5
8439,2026-08-20,21.5,75.0,27.33,0.38,5,GHRSST L4 / INSAT-3DR MOSDAC / Sentinel-3 SLSTR,0.5
8440,2026-08-20,21.5,75.5,27.88,0.93,5,GHRSST L4 / INSAT-3DR MOSDAC / Sentinel-3 SLSTR,0.5
8441,2026-08-20,21.5,76.0,27.79,0.84,5,GHRSST L4 / INSAT-3DR MOSDAC / Sentinel-3 SLSTR,0.5
8442,2026-08-20,21.5,76.5,27.84,0.89,5,GHRSST L4 / INSAT-3DR MOSDAC / Sentinel-3 SLSTR,0.5
8443,2026-08-20,21.5,77.0,27.72,0.77,5,GHRSST L4 / INSAT-3DR MOSDAC / Sentinel-3 SLSTR,0.5
8444,2026-08-20,21.5,77.5,27.75,0.8,5,GHRSST L4 / INSAT-3DR MOSDAC / Sentinel-3 SLSTR,0.5
8445,2026-08-20,21.5,78.0,27.37,0.42,5,GHRSST L4 / INSAT-3DR MOSDAC / Sentinel-3 SLSTR,0.5
8446,2026-08-20,21.5,78.5,27.33,0.38,5,GHRSST L4 / INSAT-3DR MOSDAC / Sentinel-3 SLSTR,0.5
8447,2026-08-20,21.5,79.0,27.98,1.03,5,GHRSST L4 / INSAT-3DR MOSDAC / Sentinel-3 SLSTR,0.5
8448,2026-08-20,21.5,79.5,27.55,0.6,5,GHRSST L4 / INSAT-3DR MOSDAC / Sentinel-3 SLSTR,0.5
8449,2026-08-20,21.5,80.0,27.33,0.38,5,GHRSST L4 / INSAT-3DR MOSDAC / Sentinel-3 SLSTR,0.5
8450,2026-08-20,21.5,80.5,27.4,0.45,5,GHRSST L4 / INSAT-3DR MOSDAC / Sentinel-3 SLSTR,0.5
8451,2026-08-20,21.5,81.0,27.9,0.95,5,GHRSST L4 / INSAT-3DR MOSDAC / Sentinel-3 SLSTR,0.5
8452,2026-08-20,21.5,81.5,27.43,0.48,5,GHRSST L4 / INSAT-3DR MOSDAC / Sentinel-3 SLSTR,0.5
8453,2026-08-20,21.5,82.0,27.62,0.67,5,GHRSST L4 / INSAT-3DR MOSDAC / Sentinel-3 SLSTR,0.5
8454,2026-08-20,21.5,82.5,27.76,0.81,5,GHRSST L4 / INSAT-3DR MOSDAC / Sentinel-3 SLSTR,0.5
8455,2026-08-20,21.5,83.0,27.97,1.02,5,GHRSST L4 / INSAT-3DR MOSDAC / Sentinel-3 SLSTR,0.5
8456,2026-08-20,21.5,83.5,27.3,0.35,5,GHRSST L4 / INSAT-3DR MOSDAC / Sentinel-3 SLSTR,0.5
8457,2026-08-20,21.5,84.0,27.63,0.68,5,GHRSST L4 / INSAT-3DR MOSDAC / Sentinel-3 SLSTR,0.5
8458,2026-08-20,21.5,84.5,27.99,1.04,5,GHRSST L4 / INSAT-3DR MOSDAC / Sentinel-3 SLSTR,0.5
8459,2026-08-20,21.5,85.0,27.38,0.43,5,GHRSST L4 / INSAT-3DR MOSDAC / Sentinel-3 SLSTR,0.5
8460,2026-08-20,21.5,85.5,27.38,0.43,5,GHRSST L4 / INSAT-3DR MOSDAC / Sentinel-3 SLSTR,0.5
8461,2026-08-20,21.5,86.0,27.35,0.4,5,GHRSST L4 / INSAT-3DR MOSDAC / Sentinel-3 SLSTR,0.5
8462,2026-08-20,21.5,86.5,27.65,0.7,5,GHRSST L4 / INSAT-3DR MOSDAC / Sentinel-3 SLSTR,0.5
8463,2026-08-20,21.5,87.0,27.53,0.58,5,GHRSST L4 / INSAT-3DR MOSDAC / Sentinel-3 SLSTR,0.5
8464,2026-08-20,21.5,87.5,27.79,0.84,5,GHRSST L4 / INSAT-3DR MOSDAC / Sentinel-3 SLSTR,0.5
8465,2026-08-20,21.5,88.0,27.69,0.74,5,GHRSST L4 / INSAT-3DR MOSDAC / Sentinel-3 SLSTR,0.5
8466,2026-08-20,21.5,88.5,27.7,0.75,5,GHRSST L4 / INSAT-3DR MOSDAC / Sentinel-3 SLSTR,0.5
8467,2026-08-20,21.5,89.0,27.65,0.7,5,GHRSST L4 / INSAT-3DR MOSDAC / Sentinel-3 SLSTR,0.5
8468,2026-08-20,21.5,89.5,27.98,1.03,5,GHRSST L4 / INSAT-3DR MOSDAC / Sentinel-3 SLSTR,0.5
8469,2026-08-20,21.5,90.0,27.67,0.72,5,GHRSST L4 / INSAT-3DR MOSDAC / Sentinel-3 SLSTR,0.5
8470,2026-08-20,21.5,90.5,27.34,0.39,5,GHRSST L4 / INSAT-3DR MOSDAC / Sentinel-3 SLSTR,0.5
8471,2026-08-20,21.5,91.0,27.52,0.57,5,GHRSST L4 / INSAT-3DR MOSDAC / Sentinel-3 SLSTR,0.5
8472,2026-08-20,21.5,91.5,27.84,0.89,5,GHRSST L4 / INSAT-3DR MOSDAC / Sentinel-3 SLSTR,0.5
8473,2026-08-20,21.5,92.0,27.73,0.78,5,GHRSST L4 / INSAT-3DR MOSDAC / Sentinel-3 SLSTR,0.5
8474,2026-08-20,21.5,92.5,27.77,0.82,5,GHRSST L4 / INSAT-3DR MOSDAC / Sentinel-3 SLSTR,0.5
8475,2026-08-20,21.5,93.0,27.94,0.99,5,GHRSST L4 / INSAT-3DR MOSDAC / Sentinel-3 SLSTR,0.5
8476,2026-08-20,21.5,93.5,27.6,0.65,5,GHRSST L4 / INSAT-3DR MOSDAC / Sentinel-3 SLSTR,0.5
8477,2026-08-20,21.5,94.0,27.3,0.35,5,GHRSST L4 / INSAT-3DR MOSDAC / Sentinel-3 SLSTR,0.5
8478,2026-08-20,22.0,68.0,27.92,1.02,5,GHRSST L4 / INSAT-3DR MOSDAC / Sentinel-3 SLSTR,0.5
8479,2026-08-20,22.0,68.5,27.55,0.65,5,GHRSST L4 / INSAT-3DR MOSDAC / Sentinel-3 SLSTR,0.5
8480,2026-08-20,22.0,69.0,27.3,0.4,5,GHRSST L4 / INSAT-3DR MOSDAC / Sentinel-3 SLSTR,0.5
8481,2026-08-20,22.0,69.5,27.61,0.71,5,GHRSST L4 / INSAT-3DR MOSDAC / Sentinel-3 SLSTR,0.5
8482,2026-08-20,22.0,70.0,27.64,0.74,5,GHRSST L4 / INSAT-3DR MOSDAC / Sentinel-3 SLSTR,0.5
8483,2026-08-20,22.0,70.5,27.63,0.73,5,GHRSST L4 / INSAT-3DR MOSDAC / Sentinel-3 SLSTR,0.5
8484,2026-08-20,22.0,71.0,27.91,1.01,5,GHRSST L4 / INSAT-3DR MOSDAC / Sentinel-3 SLSTR,0.5
8485,2026-08-20,22.0,71.5,27.45,0.55,5,GHRSST L4 / INSAT-3DR MOSDAC / Sentinel-3 SLSTR,0.5
8486,2026-08-20,22.0,72.0,27.25,0.35,5,GHRSST L4 / INSAT-3DR MOSDAC / Sentinel-3 SLSTR,0.5
8487,2026-08-20,22.0,72.5,27.87,0.97,5,GHRSST L4 / INSAT-3DR MOSDAC / Sentinel-3 SLSTR,0.5
8488,2026-08-20,22.0,73.0,27.36,0.46,5,GHRSST L4 / INSAT-3DR MOSDAC / Sentinel-3 SLSTR,0.5
8489,2026-08-20,22.0,73.5,27.75,0.85,5,GHRSST L4 / INSAT-3DR MOSDAC / Sentinel-3 SLSTR,0.5
8490,2026-08-20,22.0,74.0,27.37,0.47,5,GHRSST L4 / INSAT-3DR MOSDAC / Sentinel-3 SLSTR,0.5
8491,2026-08-20,22.0,74.5,27.81,0.91,5,GHRSST L4 / INSAT-3DR MOSDAC / Sentinel-3 SLSTR,0.5
8492,2026-08-20,22.0,75.0,27.86,0.96,5,GHRSST L4 / INSAT-3DR MOSDAC / Sentinel-3 SLSTR,0.5
8493,2026-08-20,22.0,75.5,27.3,0.4,5,GHRSST L4 / INSAT-3DR MOSDAC / Sentinel-3 SLSTR,0.5
8494,2026-08-20,22.0,76.0,27.33,0.43,5,GHRSST L4 / INSAT-3DR MOSDAC / Sentinel-3 SLSTR,0.5
8495,2026-08-20,22.0,76.5,27.88,0.98,5,GHRSST L4 / INSAT-3DR MOSDAC / Sentinel-3 SLSTR,0.5
8496,2026-08-20,22.0,77.0,27.77,0.87,5,GHRSST L4 / INSAT-3DR MOSDAC / Sentinel-3 SLSTR,0.5
8497,2026-08-20,22.0,77.5,27.26,0.36,5,GHRSST L4 / INSAT-3DR MOSDAC / Sentinel-3 SLSTR,0.5
8498,2026-08-20,22.0,78.0,27.36,0.46,5,GHRSST L4 / INSAT-3DR MOSDAC / Sentinel-3 SLSTR,0.5
8499,2026-08-20,22.0,78.5,27.52,0.62,5,GHRSST L4 / INSAT-3DR MOSDAC / Sentinel-3 SLSTR,0.5
8500,2026-08-20,22.0,79.0,27.83,0.93,5,GHRSST L4 / INSAT-3DR MOSDAC / Sentinel-3 SLSTR,0.5
8501,2026-08-20,22.0,79.5,27.34,0.44,5,GHRSST L4 / INSAT-3DR MOSDAC / Sentinel-3 SLSTR,0.5
8502,2026-08-20,22.0,80.0,27.74,0.84,5,GHRSST L4 / INSAT-3DR MOSDAC / Sentinel-3 SLSTR,0.5
8503,2026-08-20,22.0,80.5,27.29,0.39,5,GHRSST L4 / INSAT-3DR MOSDAC / Sentinel-3 SLSTR,0.5
8504,2026-08-20,22.0,81.0,27.56,0.66,5,GHRSST L4 / INSAT-3DR MOSDAC / Sentinel-3 SLSTR,0.5
8505,2026-08-20,22.0,81.5,27.74,0.84,5,GHRSST L4 / INSAT-3DR MOSDAC / Sentinel-3 SLSTR,0.5
8506,2026-08-20,22.0,82.0,27.28,0.38,5,GHRSST L4 / INSAT-3DR MOSDAC / Sentinel-3 SLSTR,0.5
8507,2026-08-20,22.0,82.5,27.37,0.47,5,GHRSST L4 / INSAT-3DR MOSDAC / Sentinel-3 SLSTR,0.5
8508,2026-08-20,22.0,83.0,27.78,0.88,5,GHRSST L4 / INSAT-3DR MOSDAC / Sentinel-3 SLSTR,0.5
8509,2026-08-20,22.0,83.5,27.34,0.44,5,GHRSST L4 / INSAT-3DR MOSDAC / Sentinel-3 SLSTR,0.5
8510,2026-08-20,22.0,84.0,27.7,0.8,5,GHRSST L4 / INSAT-3DR MOSDAC / Sentinel-3 SLSTR,0.5
8511,2026-08-20,22.0,84.5,27.68,0.78,5,GHRSST L4 / INSAT-3DR MOSDAC / Sentinel-3 SLSTR,0.5
8512,2026-08-20,22.0,85.0,27.59,0.69,5,GHRSST L4 / INSAT-3DR MOSDAC / Sentinel-3 SLSTR,0.5
8513,2026-08-20,22.0,85.5,27.37,0.47,5,GHRSST L4 / INSAT-3DR MOSDAC / Sentinel-3 SLSTR,0.5
8514,2026-08-20,22.0,86.0,27.52,0.62,5,GHRSST L4 / INSAT-3DR MOSDAC / Sentinel-3 SLSTR,0.5
8515,2026-08-20,22.0,86.5,27.67,0.77,5,GHRSST L4 / INSAT-3DR MOSDAC / Sentinel-3 SLSTR,0.5
8516,2026-08-20,22.0,87.0,27.85,0.95,5,GHRSST L4 / INSAT-3DR MOSDAC / Sentinel-3 SLSTR,0.5
8517,2026-08-20,22.0,87.5,27.79,0.89,5,GHRSST L4 / INSAT-3DR MOSDAC / Sentinel-3 SLSTR,0.5
8518,2026-08-20,22.0,88.0,27.66,0.76,5,GHRSST L4 / INSAT-3DR MOSDAC / Sentinel-3 SLSTR,0.5
8519,2026-08-20,22.0,88.5,27.39,0.49,5,GHRSST L4 / INSAT-3DR MOSDAC / Sentinel-3 SLSTR,0.5
8520,2026-08-20,22.0,89.0,27.38,0.48,5,GHRSST L4 / INSAT-3DR MOSDAC / Sentinel-3 SLSTR,0.5
8521,2026-08-20,22.0,89.5,27.8,0.9,5,GHRSST L4 / INSAT-3DR MOSDAC / Sentinel-3 SLSTR,0.5
8522,2026-08-20,22.0,90.0,27.7,0.8,5,GHRSST L4 / INSAT-3DR MOSDAC / Sentinel-3 SLSTR,0.5
8523,2026-08-20,22.0,90.5,27.48,0.58,5,GHRSST L4 / INSAT-3DR MOSDAC / Sentinel-3 SLSTR,0.5
8524,2026-08-20,22.0,91.0,27.91,1.01,5,GHRSST L4 / INSAT-3DR MOSDAC / Sentinel-3 SLSTR,0.5
8525,2026-08-20,22.0,91.5,27.85,0.95,5,GHRSST L4 / INSAT-3DR MOSDAC / Sentinel-3 SLSTR,0.5
8526,2026-08-20,22.0,92.0,27.7,0.8,5,GHRSST L4 / INSAT-3DR MOSDAC / Sentinel-3 SLSTR,0.5
8527,2026-08-20,22.0,92.5,27.49,0.59,5,GHRSST L4 / INSAT-3DR MOSDAC / Sentinel-3 SLSTR,0.5
8528,2026-08-20,22.0,93.0,27.45,0.55,5,GHRSST L4 / INSAT-3DR MOSDAC / Sentinel-3 SLSTR,0.5
8529,2026-08-20,22.0,93.5,27.89,0.99,5,GHRSST L4 / INSAT-3DR MOSDAC / Sentinel-3 SLSTR,0.5
8530,2026-08-20,22.0,94.0,27.54,0.64,5,GHRSST L4 / INSAT-3DR MOSDAC / Sentinel-3 SLSTR,0.5
8531,2026-08-20,22.5,68.0,27.73,0.88,5,GHRSST L4 / INSAT-3DR MOSDAC / Sentinel-3 SLSTR,0.5
8532,2026-08-20,22.5,68.5,27.83,0.98,5,GHRSST L4 / INSAT-3DR MOSDAC / Sentinel-3 SLSTR,0.5
8533,2026-08-20,22.5,69.0,27.51,0.66,5,GHRSST L4 / INSAT-3DR MOSDAC / Sentinel-3 SLSTR,0.5
8534,2026-08-20,22.5,69.5,27.63,0.78,5,GHRSST L4 / INSAT-3DR MOSDAC / Sentinel-3 SLSTR,0.5
8535,2026-08-20,22.5,70.0,27.23,0.38,5,GHRSST L4 / INSAT-3DR MOSDAC / Sentinel-3 SLSTR,0.5
8536,2026-08-20,22.5,70.5,27.63,0.78,5,GHRSST L4 / INSAT-3DR MOSDAC / Sentinel-3 SLSTR,0.5
8537,2026-08-20,22.5,71.0,27.32,0.47,5,GHRSST L4 / INSAT-3DR MOSDAC / Sentinel-3 SLSTR,0.5
8538,2026-08-20,22.5,71.5,27.64,0.79,5,GHRSST L4 / INSAT-3DR MOSDAC / Sentinel-3 SLSTR,0.5
8539,2026-08-20,22.5,72.0,27.24,0.39,5,GHRSST L4 / INSAT-3DR MOSDAC / Sentinel-3 SLSTR,0.5
8540,2026-08-20,22.5,72.5,27.52,0.67,5,GHRSST L4 / INSAT-3DR MOSDAC / Sentinel-3 SLSTR,0.5
8541,2026-08-20,22.5,73.0,27.53,0.68,5,GHRSST L4 / INSAT-3DR MOSDAC / Sentinel-3 SLSTR,0.5
8542,2026-08-20,22.5,73.5,27.51,0.66,5,GHRSST L4 / INSAT-3DR MOSDAC / Sentinel-3 SLSTR,0.5
8543,2026-08-20,22.5,74.0,27.7,0.85,5,GHRSST L4 / INSAT-3DR MOSDAC / Sentinel-3 SLSTR,0.5
8544,2026-08-20,22.5,74.5,27.7,0.85,5,GHRSST L4 / INSAT-3DR MOSDAC / Sentinel-3 SLSTR,0.5
8545,2026-08-20,22.5,75.0,27.66,0.81,5,GHRSST L4 / INSAT-3DR MOSDAC / Sentinel-3 SLSTR,0.5
8546,2026-08-20,22.5,75.5,27.61,0.76,5,GHRSST L4 / INSAT-3DR MOSDAC / Sentinel-3 SLSTR,0.5
8547,2026-08-20,22.5,76.0,27.8,0.95,5,GHRSST L4 / INSAT-3DR MOSDAC / Sentinel-3 SLSTR,0.5
8548,2026-08-20,22.5,76.5,27.57,0.72,5,GHRSST L4 / INSAT-3DR MOSDAC / Sentinel-3 SLSTR,0.5
8549,2026-08-20,22.5,77.0,27.41,0.56,5,GHRSST L4 / INSAT-3DR MOSDAC / Sentinel-3 SLSTR,0.5
8550,2026-08-20,22.5,77.5,27.21,0.36,5,GHRSST L4 / INSAT-3DR MOSDAC / Sentinel-3 SLSTR,0.5
8551,2026-08-20,22.5,78.0,27.55,0.7,5,GHRSST L4 / INSAT-3DR MOSDAC / Sentinel-3 SLSTR,0.5
8552,2026-08-20,22.5,78.5,27.33,0.48,5,GHRSST L4 / INSAT-3DR MOSDAC / Sentinel-3 SLSTR,0.5
8553,2026-08-20,22.5,79.0,27.44,0.59,5,GHRSST L4 / INSAT-3DR MOSDAC / Sentinel-3 SLSTR,0.5
8554,2026-08-20,22.5,79.5,27.2,0.35,5,GHRSST L4 / INSAT-3DR MOSDAC / Sentinel-3 SLSTR,0.5
8555,2026-08-20,22.5,80.0,27.62,0.77,5,GHRSST L4 / INSAT-3DR MOSDAC / Sentinel-3 SLSTR,0.5
8556,2026-08-20,22.5,80.5,27.79,0.94,5,GHRSST L4 / INSAT-3DR MOSDAC / Sentinel-3 SLSTR,0.5
8557,2026-08-20,22.5,81.0,27.4,0.55,5,GHRSST L4 / INSAT-3DR MOSDAC / Sentinel-3 SLSTR,0.5
8558,2026-08-20,22.5,81.5,27.73,0.88,5,GHRSST L4 / INSAT-3DR MOSDAC / Sentinel-3 SLSTR,0.5
8559,2026-08-20,22.5,82.0,27.26,0.41,5,GHRSST L4 / INSAT-3DR MOSDAC / Sentinel-3 SLSTR,0.5
8560,2026-08-20,22.5,82.5,27.68,0.83,5,GHRSST L4 / INSAT-3DR MOSDAC / Sentinel-3 SLSTR,0.5
8561,2026-08-20,22.5,83.0,27.23,0.38,5,GHRSST L4 / INSAT-3DR MOSDAC / Sentinel-3 SLSTR,0.5
8562,2026-08-20,22.5,83.5,27.35,0.5,5,GHRSST L4 / INSAT-3DR MOSDAC / Sentinel-3 SLSTR,0.5
8563,2026-08-20,22.5,84.0,27.42,0.57,5,GHRSST L4 / INSAT-3DR MOSDAC / Sentinel-3 SLSTR,0.5
8564,2026-08-20,22.5,84.5,27.28,0.43,5,GHRSST L4 / INSAT-3DR MOSDAC / Sentinel-3 SLSTR,0.5
8565,2026-08-20,22.5,85.0,27.3,0.45,5,GHRSST L4 / INSAT-3DR MOSDAC / Sentinel-3 SLSTR,0.5
8566,2026-08-20,22.5,85.5,27.66,0.81,5,GHRSST L4 / INSAT-3DR MOSDAC / Sentinel-3 SLSTR,0.5
8567,2026-08-20,22.5,86.0,27.24,0.39,5,GHRSST L4 / INSAT-3DR MOSDAC / Sentinel-3 SLSTR,0.5
8568,2026-08-20,22.5,86.5,27.82,0.97,5,GHRSST L4 / INSAT-3DR MOSDAC / Sentinel-3 SLSTR,0.5
8569,2026-08-20,22.5,87.0,27.71,0.86,5,GHRSST L4 / INSAT-3DR MOSDAC / Sentinel-3 SLSTR,0.5
8570,2026-08-20,22.5,87.5,27.42,0.57,5,GHRSST L4 / INSAT-3DR MOSDAC / Sentinel-3 SLSTR,0.5
8571,2026-08-20,22.5,88.0,27.61,0.76,5,GHRSST L4 / INSAT-3DR MOSDAC / Sentinel-3 SLSTR,0.5
8572,2026-08-20,22.5,88.5,27.67,0.82,5,GHRSST L4 / INSAT-3DR MOSDAC / Sentinel-3 SLSTR,0.5
8573,2026-08-20,22.5,89.0,27.59,0.74,5,GHRSST L4 / INSAT-3DR MOSDAC / Sentinel-3 SLSTR,0.5
8574,2026-08-20,22.5,89.5,27.6,0.75,5,GHRSST L4 / INSAT-3DR MOSDAC / Sentinel-3 SLSTR,0.5
8575,2026-08-20,22.5,90.0,27.81,0.96,5,GHRSST L4 / INSAT-3DR MOSDAC / Sentinel-3 SLSTR,0.5
8576,2026-08-20,22.5,90.5,27.79,0.94,5,GHRSST L4 / INSAT-3DR MOSDAC / Sentinel-3 SLSTR,0.5
8577,2026-08-20,22.5,91.0,27.81,0.96,5,GHRSST L4 / INSAT-3DR MOSDAC / Sentinel-3 SLSTR,0.5
8578,2026-08-20,22.5,91.5,27.79,0.94,5,GHRSST L4 / INSAT-3DR MOSDAC / Sentinel-3 SLSTR,0.5
8579,2026-08-20,22.5,92.0,27.65,0.8,5,GHRSST L4 / INSAT-3DR MOSDAC / Sentinel-3 SLSTR,0.5
8580,2026-08-20,22.5,92.5,27.51,0.66,5,GHRSST L4 / INSAT-3DR MOSDAC / Sentinel-3 SLSTR,0.5
8581,2026-08-20,22.5,93.0,27.51,0.66,5,GHRSST L4 / INSAT-3DR MOSDAC / Sentinel-3 SLSTR,0.5
8582,2026-08-20,22.5,93.5,27.71,0.86,5,GHRSST L4 / INSAT-3DR MOSDAC / Sentinel-3 SLSTR,0.5
8583,2026-08-20,22.5,94.0,27.82,0.97,5,GHRSST L4 / INSAT-3DR MOSDAC / Sentinel-3 SLSTR,0.5
8584,2026-08-20,23.0,68.0,27.17,0.37,5,GHRSST L4 / INSAT-3DR MOSDAC / Sentinel-3 SLSTR,0.5
8585,2026-08-20,23.0,68.5,27.72,0.92,5,GHRSST L4 / INSAT-3DR MOSDAC / Sentinel-3 SLSTR,0.5
8586,2026-08-20,23.0,69.0,27.7,0.9,5,GHRSST L4 / INSAT-3DR MOSDAC / Sentinel-3 SLSTR,0.5
8587,2026-08-20,23.0,69.5,27.17,0.37,5,GHRSST L4 / INSAT-3DR MOSDAC / Sentinel-3 SLSTR,0.5
8588,2026-08-20,23.0,70.0,27.57,0.77,5,GHRSST L4 / INSAT-3DR MOSDAC / Sentinel-3 SLSTR,0.5
8589,2026-08-20,23.0,70.5,27.79,0.99,5,GHRSST L4 / INSAT-3DR MOSDAC / Sentinel-3 SLSTR,0.5
8590,2026-08-20,23.0,71.0,27.71,0.91,5,GHRSST L4 / INSAT-3DR MOSDAC / Sentinel-3 SLSTR,0.5
8591,2026-08-20,23.0,71.5,27.15,0.35,5,GHRSST L4 / INSAT-3DR MOSDAC / Sentinel-3 SLSTR,0.5
8592,2026-08-20,23.0,72.0,27.76,0.96,5,GHRSST L4 / INSAT-3DR MOSDAC / Sentinel-3 SLSTR,0.5
8593,2026-08-20,23.0,72.5,27.23,0.43,5,GHRSST L4 / INSAT-3DR MOSDAC / Sentinel-3 SLSTR,0.5
8594,2026-08-20,23.0,73.0,27.16,0.36,5,GHRSST L4 / INSAT-3DR MOSDAC / Sentinel-3 SLSTR,0.5
8595,2026-08-20,23.0,73.5,27.27,0.47,5,GHRSST L4 / INSAT-3DR MOSDAC / Sentinel-3 SLSTR,0.5
8596,2026-08-20,23.0,74.0,27.45,0.65,5,GHRSST L4 / INSAT-3DR MOSDAC / Sentinel-3 SLSTR,0.5
8597,2026-08-20,23.0,74.5,27.68,0.88,5,GHRSST L4 / INSAT-3DR MOSDAC / Sentinel-3 SLSTR,0.5
8598,2026-08-20,23.0,75.0,27.3,0.5,5,GHRSST L4 / INSAT-3DR MOSDAC / Sentinel-3 SLSTR,0.5
8599,2026-08-20,23.0,75.5,27.38,0.58,5,GHRSST L4 / INSAT-3DR MOSDAC / Sentinel-3 SLSTR,0.5
8600,2026-08-20,23.0,76.0,27.21,0.41,5,GHRSST L4 / INSAT-3DR MOSDAC / Sentinel-3 SLSTR,0.5
8601,2026-08-20,23.0,76.5,27.31,0.51,5,GHRSST L4 / INSAT-3DR MOSDAC / Sentinel-3 SLSTR,0.5
8602,2026-08-20,23.0,77.0,27.74,0.94,5,GHRSST L4 / INSAT-3DR MOSDAC / Sentinel-3 SLSTR,0.5
8603,2026-08-20,23.0,77.5,27.59,0.79,5,GHRSST L4 / INSAT-3DR MOSDAC / Sentinel-3 SLSTR,0.5
8604,2026-08-20,23.0,78.0,27.58,0.78,5,GHRSST L4 / INSAT-3DR MOSDAC / Sentinel-3 SLSTR,0.5
8605,2026-08-20,23.0,78.5,27.28,0.48,5,GHRSST L4 / INSAT-3DR MOSDAC / Sentinel-3 SLSTR,0.5
8606,2026-08-20,23.0,79.0,27.21,0.41,5,GHRSST L4 / INSAT-3DR MOSDAC / Sentinel-3 SLSTR,0.5
8607,2026-08-20,23.0,79.5,27.73,0.93,5,GHRSST L4 / INSAT-3DR MOSDAC / Sentinel-3 SLSTR,0.5
8608,2026-08-20,23.0,80.0,27.77,0.97,5,GHRSST L4 / INSAT-3DR MOSDAC / Sentinel-3 SLSTR,0.5
8609,2026-08-20,23.0,80.5,27.15,0.35,5,GHRSST L4 / INSAT-3DR MOSDAC / Sentinel-3 SLSTR,0.5
8610,2026-08-20,23.0,81.0,27.48,0.68,5,GHRSST L4 / INSAT-3DR MOSDAC / Sentinel-3 SLSTR,0.5
8611,2026-08-20,23.0,81.5,27.42,0.62,5,GHRSST L4 / INSAT-3DR MOSDAC / Sentinel-3 SLSTR,0.5
8612,2026-08-20,23.0,82.0,27.63,0.83,5,GHRSST L4 / INSAT-3DR MOSDAC / Sentinel-3 SLSTR,0.5
8613,2026-08-20,23.0,82.5,27.32,0.52,5,GHRSST L4 / INSAT-3DR MOSDAC / Sentinel-3 SLSTR,0.5
8614,2026-08-20,23.0,83.0,27.54,0.74,5,GHRSST L4 / INSAT-3DR MOSDAC / Sentinel-3 SLSTR,0.5
8615,2026-08-20,23.0,83.5,27.17,0.37,5,GHRSST L4 / INSAT-3DR MOSDAC / Sentinel-3 SLSTR,0.5
8616,2026-08-20,23.0,84.0,27.69,0.89,5,GHRSST L4 / INSAT-3DR MOSDAC / Sentinel-3 SLSTR,0.5
8617,2026-08-20,23.0,84.5,27.28,0.48,5,GHRSST L4 / INSAT-3DR MOSDAC / Sentinel-3 SLSTR,0.5
8618,2026-08-20,23.0,85.0,27.33,0.53,5,GHRSST L4 / INSAT-3DR MOSDAC / Sentinel-3 SLSTR,0.5
8619,2026-08-20,23.0,85.5,27.37,0.57,5,GHRSST L4 / INSAT-3DR MOSDAC / Sentinel-3 SLSTR,0.5
8620,2026-08-20,23.0,86.0,27.25,0.45,5,GHRSST L4 / INSAT-3DR MOSDAC / Sentinel-3 SLSTR,0.5
8621,2026-08-20,23.0,86.5,27.68,0.88,5,GHRSST L4 / INSAT-3DR MOSDAC / Sentinel-3 SLSTR,0.5
8622,2026-08-20,23.0,87.0,27.16,0.36,5,GHRSST L4 / INSAT-3DR MOSDAC / Sentinel-3 SLSTR,0.5
8623,2026-08-20,23.0,87.5,27.76,0.96,5,GHRSST L4 / INSAT-3DR MOSDAC / Sentinel-3 SLSTR,0.5
8624,2026-08-20,23.0,88.0,27.76,0.96,5,GHRSST L4 / INSAT-3DR MOSDAC / Sentinel-3 SLSTR,0.5
8625,2026-08-20,23.0,88.5,27.69,0.89,5,GHRSST L4 / INSAT-3DR MOSDAC / Sentinel-3 SLSTR,0.5
8626,2026-08-20,23.0,89.0,27.78,0.98,5,GHRSST L4 / INSAT-3DR MOSDAC / Sentinel-3 SLSTR,0.5
8627,2026-08-20,23.0,89.5,27.64,0.84,5,GHRSST L4 / INSAT-3DR MOSDAC / Sentinel-3 SLSTR,0.5
8628,2026-08-20,23.0,90.0,27.5,0.7,5,GHRSST L4 / INSAT-3DR MOSDAC / Sentinel-3 SLSTR,0.5
8629,2026-08-20,23.0,90.5,27.62,0.82,5,GHRSST L4 / INSAT-3DR MOSDAC / Sentinel-3 SLSTR,0.5
8630,2026-08-20,23.0,91.0,27.11,0.31,5,GHRSST L4 / INSAT-3DR MOSDAC / Sentinel-3 SLSTR,0.5
8631,2026-08-20,23.0,91.5,27.59,0.79,5,GHRSST L4 / INSAT-3DR MOSDAC / Sentinel-3 SLSTR,0.5
8632,2026-08-20,23.0,92.0,27.14,0.34,5,GHRSST L4 / INSAT-3DR MOSDAC / Sentinel-3 SLSTR,0.5
8633,2026-08-20,23.0,92.5,27.73,0.93,5,GHRSST L4 / INSAT-3DR MOSDAC / Sentinel-3 SLSTR,0.5
8634,2026-08-20,23.0,93.0,27.74,0.94,5,GHRSST L4 / INSAT-3DR MOSDAC / Sentinel-3 SLSTR,0.5
8635,2026-08-20,23.0,93.5,27.19,0.39,5,GHRSST L4 / INSAT-3DR MOSDAC / Sentinel-3 SLSTR,0.5
8636,2026-08-20,23.0,94.0,27.59,0.79,5,GHRSST L4 / INSAT-3DR MOSDAC / Sentinel-3 SLSTR,0.5
8637,2026-08-20,23.5,68.0,27.52,0.77,5,GHRSST L4 / INSAT-3DR MOSDAC / Sentinel-3 SLSTR,0.5
8638,2026-08-20,23.5,68.5,27.4,0.65,5,GHRSST L4 / INSAT-3DR MOSDAC / Sentinel-3 SLSTR,0.5
8639,2026-08-20,23.5,69.0,27.07,0.32,5,GHRSST L4 / INSAT-3DR MOSDAC / Sentinel-3 SLSTR,0.5
8640,2026-08-20,23.5,69.5,27.13,0.38,5,GHRSST L4 / INSAT-3DR MOSDAC / Sentinel-3 SLSTR,0.5
8641,2026-08-20,23.5,70.0,27.51,0.76,5,GHRSST L4 / INSAT-3DR MOSDAC / Sentinel-3 SLSTR,0.5
8642,2026-08-20,23.5,70.5,27.42,0.67,5,GHRSST L4 / INSAT-3DR MOSDAC / Sentinel-3 SLSTR,0.5
8643,2026-08-20,23.5,71.0,27.08,0.33,5,GHRSST L4 / INSAT-3DR MOSDAC / Sentinel-3 SLSTR,0.5
8644,2026-08-20,23.5,71.5,27.41,0.66,5,GHRSST L4 / INSAT-3DR MOSDAC / Sentinel-3 SLSTR,0.5
8645,2026-08-20,23.5,72.0,27.64,0.89,5,GHRSST L4 / INSAT-3DR MOSDAC / Sentinel-3 SLSTR,0.5
8646,2026-08-20,23.5,72.5,27.67,0.92,5,GHRSST L4 / INSAT-3DR MOSDAC / Sentinel-3 SLSTR,0.5
8647,2026-08-20,23.5,73.0,27.54,0.79,5,GHRSST L4 / INSAT-3DR MOSDAC / Sentinel-3 SLSTR,0.5
8648,2026-08-20,23.5,73.5,27.51,0.76,5,GHRSST L4 / INSAT-3DR MOSDAC / Sentinel-3 SLSTR,0.5
8649,2026-08-20,23.5,74.0,27.59,0.84,5,GHRSST L4 / INSAT-3DR MOSDAC / Sentinel-3 SLSTR,0.5
8650,2026-08-20,23.5,74.5,27.14,0.39,5,GHRSST L4 / INSAT-3DR MOSDAC / Sentinel-3 SLSTR,0.5
8651,2026-08-20,23.5,75.0,27.18,0.43,5,GHRSST L4 / INSAT-3DR MOSDAC / Sentinel-3 SLSTR,0.5
8652,2026-08-20,23.5,75.5,27.39,0.64,5,GHRSST L4 / INSAT-3DR MOSDAC / Sentinel-3 SLSTR,0.5
8653,2026-08-20,23.5,76.0,27.37,0.62,5,GHRSST L4 / INSAT-3DR MOSDAC / Sentinel-3 SLSTR,0.5
8654,2026-08-20,23.5,76.5,27.18,0.43,5,GHRSST L4 / INSAT-3DR MOSDAC / Sentinel-3 SLSTR,0.5
8655,2026-08-20,23.5,77.0,27.52,0.77,5,GHRSST L4 / INSAT-3DR MOSDAC / Sentinel-3 SLSTR,0.5
8656,2026-08-20,23.5,77.5,27.57,0.82,5,GHRSST L4 / INSAT-3DR MOSDAC / Sentinel-3 SLSTR,0.5
8657,2026-08-20,23.5,78.0,27.24,0.49,5,GHRSST L4 / INSAT-3DR MOSDAC / Sentinel-3 SLSTR,0.5
8658,2026-08-20,23.5,78.5,27.27,0.52,5,GHRSST L4 / INSAT-3DR MOSDAC / Sentinel-3 SLSTR,0.5
8659,2026-08-20,23.5,79.0,27.23,0.48,5,GHRSST L4 / INSAT-3DR MOSDAC / Sentinel-3 SLSTR,0.5
8660,2026-08-20,23.5,79.5,27.25,0.5,5,GHRSST L4 / INSAT-3DR MOSDAC / Sentinel-3 SLSTR,0.5
8661,2026-08-20,23.5,80.0,27.31,0.56,5,GHRSST L4 / INSAT-3DR MOSDAC / Sentinel-3 SLSTR,0.5
8662,2026-08-20,23.5,80.5,27.36,0.61,5,GHRSST L4 / INSAT-3DR MOSDAC / Sentinel-3 SLSTR,0.5
8663,2026-08-20,23.5,81.0,27.39,0.64,5,GHRSST L4 / INSAT-3DR MOSDAC / Sentinel-3 SLSTR,0.5
8664,2026-08-20,23.5,81.5,27.39,0.64,5,GHRSST L4 / INSAT-3DR MOSDAC / Sentinel-3 SLSTR,0.5
8665,2026-08-20,23.5,82.0,27.48,0.73,5,GHRSST L4 / INSAT-3DR MOSDAC / Sentinel-3 SLSTR,0.5
8666,2026-08-20,23.5,82.5,27.29,0.54,5,GHRSST L4 / INSAT-3DR MOSDAC / Sentinel-3 SLSTR,0.5
8667,2026-08-20,23.5,83.0,27.4,0.65,5,GHRSST L4 / INSAT-3DR MOSDAC / Sentinel-3 SLSTR,0.5
8668,2026-08-20,23.5,83.5,27.4,0.65,5,GHRSST L4 / INSAT-3DR MOSDAC / Sentinel-3 SLSTR,0.5
8669,2026-08-20,23.5,84.0,27.12,0.37,5,GHRSST L4 / INSAT-3DR MOSDAC / Sentinel-3 SLSTR,0.5
8670,2026-08-20,23.5,84.5,27.49,0.74,5,GHRSST L4 / INSAT-3DR MOSDAC / Sentinel-3 SLSTR,0.5
8671,2026-08-20,23.5,85.0,27.24,0.49,5,GHRSST L4 / INSAT-3DR MOSDAC / Sentinel-3 SLSTR,0.5
8672,2026-08-20,23.5,85.5,27.08,0.33,5,GHRSST L4 / INSAT-3DR MOSDAC / Sentinel-3 SLSTR,0.5
8673,2026-08-20,23.5,86.0,27.5,0.75,5,GHRSST L4 / INSAT-3DR MOSDAC / Sentinel-3 SLSTR,0.5
8674,2026-08-20,23.5,86.5,27.08,0.33,5,GHRSST L4 / INSAT-3DR MOSDAC / Sentinel-3 SLSTR,0.5
8675,2026-08-20,23.5,87.0,27.36,0.61,5,GHRSST L4 / INSAT-3DR MOSDAC / Sentinel-3 SLSTR,0.5
8676,2026-08-20,23.5,87.5,27.48,0.73,5,GHRSST L4 / INSAT-3DR MOSDAC / Sentinel-3 SLSTR,0.5
8677,2026-08-20,23.5,88.0,27.75,1.0,5,GHRSST L4 / INSAT-3DR MOSDAC / Sentinel-3 SLSTR,0.5
8678,2026-08-20,23.5,88.5,27.41,0.66,5,GHRSST L4 / INSAT-3DR MOSDAC / Sentinel-3 SLSTR,0.5
8679,2026-08-20,23.5,89.0,27.27,0.52,5,GHRSST L4 / INSAT-3DR MOSDAC / Sentinel-3 SLSTR,0.5
8680,2026-08-20,23.5,89.5,27.39,0.64,5,GHRSST L4 / INSAT-3DR MOSDAC / Sentinel-3 SLSTR,0.5
8681,2026-08-20,23.5,90.0,27.19,0.44,5,GHRSST L4 / INSAT-3DR MOSDAC / Sentinel-3 SLSTR,0.5
8682,2026-08-20,23.5,90.5,27.36,0.61,5,GHRSST L4 / INSAT-3DR MOSDAC / Sentinel-3 SLSTR,0.5
8683,2026-08-20,23.5,91.0,27.66,0.91,5,GHRSST L4 / INSAT-3DR MOSDAC / Sentinel-3 SLSTR,0.5
8684,2026-08-20,23.5,91.5,27.15,0.4,5,GHRSST L4 / INSAT-3DR MOSDAC / Sentinel-3 SLSTR,0.5
8685,2026-08-20,23.5,92.0,27.42,0.67,5,GHRSST L4 / INSAT-3DR MOSDAC / Sentinel-3 SLSTR,0.5
8686,2026-08-20,23.5,92.5,27.48,0.73,5,GHRSST L4 / INSAT-3DR MOSDAC / Sentinel-3 SLSTR,0.5
8687,2026-08-20,23.5,93.0,27.27,0.52,5,GHRSST L4 / INSAT-3DR MOSDAC / Sentinel-3 SLSTR,0.5
8688,2026-08-20,23.5,93.5,27.57,0.82,5,GHRSST L4 / INSAT-3DR MOSDAC / Sentinel-3 SLSTR,0.5
8689,2026-08-20,23.5,94.0,27.51,0.76,5,GHRSST L4 / INSAT-3DR MOSDAC / Sentinel-3 SLSTR,0.5
8690,2026-08-20,24.0,68.0,27.31,0.61,5,GHRSST L4 / INSAT-3DR MOSDAC / Sentinel-3 SLSTR,0.5
8691,2026-08-20,24.0,68.5,27.44,0.74,5,GHRSST L4 / INSAT-3DR MOSDAC / Sentinel-3 SLSTR,0.5
8692,2026-08-20,24.0,69.0,27.58,0.88,5,GHRSST L4 / INSAT-3DR MOSDAC / Sentinel-3 SLSTR,0.5
8693,2026-08-20,24.0,69.5,27.41,0.71,5,GHRSST L4 / INSAT-3DR MOSDAC / Sentinel-3 SLSTR,0.5
8694,2026-08-20,24.0,70.0,27.39,0.69,5,GHRSST L4 / INSAT-3DR MOSDAC / Sentinel-3 SLSTR,0.5
8695,2026-08-20,24.0,70.5,27.42,0.72,5,GHRSST L4 / INSAT-3DR MOSDAC / Sentinel-3 SLSTR,0.5
8696,2026-08-20,24.0,71.0,27.46,0.76,5,GHRSST L4 / INSAT-3DR MOSDAC / Sentinel-3 SLSTR,0.5
8697,2026-08-20,24.0,71.5,27.27,0.57,5,GHRSST L4 / INSAT-3DR MOSDAC / Sentinel-3 SLSTR,0.5
8698,2026-08-20,24.0,72.0,27.58,0.88,5,GHRSST L4 / INSAT-3DR MOSDAC / Sentinel-3 SLSTR,0.5
8699,2026-08-20,24.0,72.5,27.64,0.94,5,GHRSST L4 / INSAT-3DR MOSDAC / Sentinel-3 SLSTR,0.5
8700,2026-08-20,24.0,73.0,27.43,0.73,5,GHRSST L4 / INSAT-3DR MOSDAC / Sentinel-3 SLSTR,0.5
8701,2026-08-20,24.0,73.5,27.61,0.91,5,GHRSST L4 / INSAT-3DR MOSDAC / Sentinel-3 SLSTR,0.5
8702,2026-08-20,24.0,74.0,27.51,0.81,5,GHRSST L4 / INSAT-3DR MOSDAC / Sentinel-3 SLSTR,0.5
8703,2026-08-20,24.0,74.5,27.29,0.59,5,GHRSST L4 / INSAT-3DR MOSDAC / Sentinel-3 SLSTR,0.5
8704,2026-08-20,24.0,75.0,27.34,0.64,5,GHRSST L4 / INSAT-3DR MOSDAC / Sentinel-3 SLSTR,0.5
8705,2026-08-20,24.0,75.5,27.39,0.69,5,GHRSST L4 / INSAT-3DR MOSDAC / Sentinel-3 SLSTR,0.5
8706,2026-08-20,24.0,76.0,27.65,0.95,5,GHRSST L4 / INSAT-3DR MOSDAC / Sentinel-3 SLSTR,0.5
8707,2026-08-20,24.0,76.5,27.44,0.74,5,GHRSST L4 / INSAT-3DR MOSDAC / Sentinel-3 SLSTR,0.5
8708,2026-08-20,24.0,77.0,27.35,0.65,5,GHRSST L4 / INSAT-3DR MOSDAC / Sentinel-3 SLSTR,0.5
8709,2026-08-20,24.0,77.5,27.08,0.38,5,GHRSST L4 / INSAT-3DR MOSDAC / Sentinel-3 SLSTR,0.5
8710,2026-08-20,24.0,78.0,27.46,0.76,5,GHRSST L4 / INSAT-3DR MOSDAC / Sentinel-3 SLSTR,0.5
8711,2026-08-20,24.0,78.5,27.38,0.68,5,GHRSST L4 / INSAT-3DR MOSDAC / Sentinel-3 SLSTR,0.5
8712,2026-08-20,24.0,79.0,27.65,0.95,5,GHRSST L4 / INSAT-3DR MOSDAC / Sentinel-3 SLSTR,0.5
8713,2026-08-20,24.0,79.5,27.23,0.53,5,GHRSST L4 / INSAT-3DR MOSDAC / Sentinel-3 SLSTR,0.5
8714,2026-08-20,24.0,80.0,27.55,0.85,5,GHRSST L4 / INSAT-3DR MOSDAC / Sentinel-3 SLSTR,0.5
8715,2026-08-20,24.0,80.5,27.19,0.49,5,GHRSST L4 / INSAT-3DR MOSDAC / Sentinel-3 SLSTR,0.5
8716,2026-08-20,24.0,81.0,27.11,0.41,5,GHRSST L4 / INSAT-3DR MOSDAC / Sentinel-3 SLSTR,0.5
8717,2026-08-20,24.0,81.5,27.0,0.3,5,GHRSST L4 / INSAT-3DR MOSDAC / Sentinel-3 SLSTR,0.5
8718,2026-08-20,24.0,82.0,27.62,0.92,5,GHRSST L4 / INSAT-3DR MOSDAC / Sentinel-3 SLSTR,0.5
8719,2026-08-20,24.0,82.5,27.3,0.6,5,GHRSST L4 / INSAT-3DR MOSDAC / Sentinel-3 SLSTR,0.5
8720,2026-08-20,24.0,83.0,27.19,0.49,5,GHRSST L4 / INSAT-3DR MOSDAC / Sentinel-3 SLSTR,0.5
8721,2026-08-20,24.0,83.5,27.27,0.57,5,GHRSST L4 / INSAT-3DR MOSDAC / Sentinel-3 SLSTR,0.5
8722,2026-08-20,24.0,84.0,27.49,0.79,5,GHRSST L4 / INSAT-3DR MOSDAC / Sentinel-3 SLSTR,0.5
8723,2026-08-20,24.0,84.5,27.27,0.57,5,GHRSST L4 / INSAT-3DR MOSDAC / Sentinel-3 SLSTR,0.5
8724,2026-08-20,24.0,85.0,27.15,0.45,5,GHRSST L4 / INSAT-3DR MOSDAC / Sentinel-3 SLSTR,0.5
8725,2026-08-20,24.0,85.5,27.05,0.35,5,GHRSST L4 / INSAT-3DR MOSDAC / Sentinel-3 SLSTR,0.5
8726,2026-08-20,24.0,86.0,27.43,0.73,5,GHRSST L4 / INSAT-3DR MOSDAC / Sentinel-3 SLSTR,0.5
8727,2026-08-20,24.0,86.5,27.67,0.97,5,GHRSST L4 / INSAT-3DR MOSDAC / Sentinel-3 SLSTR,0.5
8728,2026-08-20,24.0,87.0,27.43,0.73,5,GHRSST L4 / INSAT-3DR MOSDAC / Sentinel-3 SLSTR,0.5
8729,2026-08-20,24.0,87.5,27.65,0.95,5,GHRSST L4 / INSAT-3DR MOSDAC / Sentinel-3 SLSTR,0.5
8730,2026-08-20,24.0,88.0,27.6,0.9,5,GHRSST L4 / INSAT-3DR MOSDAC / Sentinel-3 SLSTR,0.5
8731,2026-08-20,24.0,88.5,27.1,0.4,5,GHRSST L4 / INSAT-3DR MOSDAC / Sentinel-3 SLSTR,0.5
8732,2026-08-20,24.0,89.0,27.61,0.91,5,GHRSST L4 / INSAT-3DR MOSDAC / Sentinel-3 SLSTR,0.5
8733,2026-08-20,24.0,89.5,26.99,0.29,5,GHRSST L4 / INSAT-3DR MOSDAC / Sentinel-3 SLSTR,0.5
8734,2026-08-20,24.0,90.0,27.35,0.65,5,GHRSST L4 / INSAT-3DR MOSDAC / Sentinel-3 SLSTR,0.5
8735,2026-08-20,24.0,90.5,27.36,0.66,5,GHRSST L4 / INSAT-3DR MOSDAC / Sentinel-3 SLSTR,0.5
8736,2026-08-20,24.0,91.0,27.5,0.8,5,GHRSST L4 / INSAT-3DR MOSDAC / Sentinel-3 SLSTR,0.5
8737,2026-08-20,24.0,91.5,27.52,0.82,5,GHRSST L4 / INSAT-3DR MOSDAC / Sentinel-3 SLSTR,0.5
8738,2026-08-20,24.0,92.0,27.15,0.45,5,GHRSST L4 / INSAT-3DR MOSDAC / Sentinel-3 SLSTR,0.5
8739,2026-08-20,24.0,92.5,27.61,0.91,5,GHRSST L4 / INSAT-3DR MOSDAC / Sentinel-3 SLSTR,0.5
8740,2026-08-20,24.0,93.0,27.12,0.42,5,GHRSST L4 / INSAT-3DR MOSDAC / Sentinel-3 SLSTR,0.5
8741,2026-08-20,24.0,93.5,27.66,0.96,5,GHRSST L4 / INSAT-3DR MOSDAC / Sentinel-3 SLSTR,0.5
8742,2026-08-20,24.0,94.0,27.68,0.98,5,GHRSST L4 / INSAT-3DR MOSDAC / Sentinel-3 SLSTR,0.5
8743,2026-08-19,6.0,68.0,29.64,1.14,5,GHRSST L4 / INSAT-3DR MOSDAC / Sentinel-3 SLSTR,0.5
8744,2026-08-19,6.0,68.5,29.6,1.1,5,GHRSST L4 / INSAT-3DR MOSDAC / Sentinel-3 SLSTR,0.5
8745,2026-08-19,6.0,69.0,29.84,1.34,5,GHRSST L4 / INSAT-3DR MOSDAC / Sentinel-3 SLSTR,0.5
8746,2026-08-19,6.0,69.5,29.32,0.82,5,GHRSST L4 / INSAT-3DR MOSDAC / Sentinel-3 SLSTR,0.5
8747,2026-08-19,6.0,70.0,29.6,1.1,5,GHRSST L4 / INSAT-3DR MOSDAC / Sentinel-3 SLSTR,0.5
8748,2026-08-19,6.0,70.5,29.43,0.93,5,GHRSST L4 / INSAT-3DR MOSDAC / Sentinel-3 SLSTR,0.5
8749,2026-08-19,6.0,71.0,29.27,0.77,5,GHRSST L4 / INSAT-3DR MOSDAC / Sentinel-3 SLSTR,0.5
8750,2026-08-19,6.0,71.5,29.24,0.74,5,GHRSST L4 / INSAT-3DR MOSDAC / Sentinel-3 SLSTR,0.5
8751,2026-08-19,6.0,72.0,29.64,1.14,5,GHRSST L4 / INSAT-3DR MOSDAC / Sentinel-3 SLSTR,0.5
8752,2026-08-19,6.0,72.5,29.31,0.81,5,GHRSST L4 / INSAT-3DR MOSDAC / Sentinel-3 SLSTR,0.5
8753,2026-08-19,6.0,73.0,29.57,1.07,5,GHRSST L4 / INSAT-3DR MOSDAC / Sentinel-3 SLSTR,0.5
8754,2026-08-19,6.0,73.5,29.32,0.82,5,GHRSST L4 / INSAT-3DR MOSDAC / Sentinel-3 SLSTR,0.5
8755,2026-08-19,6.0,74.0,29.47,0.97,5,GHRSST L4 / INSAT-3DR MOSDAC / Sentinel-3 SLSTR,0.5
8756,2026-08-19,6.0,74.5,29.67,1.17,5,GHRSST L4 / INSAT-3DR MOSDAC / Sentinel-3 SLSTR,0.5
8757,2026-08-19,6.0,75.0,29.52,1.02,5,GHRSST L4 / INSAT-3DR MOSDAC / Sentinel-3 SLSTR,0.5
8758,2026-08-19,6.0,75.5,29.76,1.26,5,GHRSST L4 / INSAT-3DR MOSDAC / Sentinel-3 SLSTR,0.5
8759,2026-08-19,6.0,76.0,29.52,1.02,5,GHRSST L4 / INSAT-3DR MOSDAC / Sentinel-3 SLSTR,0.5
8760,2026-08-19,6.0,76.5,29.29,0.79,5,GHRSST L4 / INSAT-3DR MOSDAC / Sentinel-3 SLSTR,0.5
8761,2026-08-19,6.0,77.0,29.78,1.28,5,GHRSST L4 / INSAT-3DR MOSDAC / Sentinel-3 SLSTR,0.5
8762,2026-08-19,6.0,77.5,29.44,0.94,5,GHRSST L4 / INSAT-3DR MOSDAC / Sentinel-3 SLSTR,0.5
8763,2026-08-19,6.0,78.0,29.76,1.26,5,GHRSST L4 / INSAT-3DR MOSDAC / Sentinel-3 SLSTR,0.5
8764,2026-08-19,6.0,78.5,29.31,0.81,5,GHRSST L4 / INSAT-3DR MOSDAC / Sentinel-3 SLSTR,0.5
8765,2026-08-19,6.0,79.0,29.6,1.1,5,GHRSST L4 / INSAT-3DR MOSDAC / Sentinel-3 SLSTR,0.5
8766,2026-08-19,6.0,79.5,29.27,0.77,5,GHRSST L4 / INSAT-3DR MOSDAC / Sentinel-3 SLSTR,0.5
8767,2026-08-19,6.0,80.0,29.21,0.71,5,GHRSST L4 / INSAT-3DR MOSDAC / Sentinel-3 SLSTR,0.5
8768,2026-08-19,6.0,80.5,29.85,1.35,5,GHRSST L4 / INSAT-3DR MOSDAC / Sentinel-3 SLSTR,0.5
8769,2026-08-19,6.0,81.0,29.16,0.66,5,GHRSST L4 / INSAT-3DR MOSDAC / Sentinel-3 SLSTR,0.5
8770,2026-08-19,6.0,81.5,29.56,1.06,5,GHRSST L4 / INSAT-3DR MOSDAC / Sentinel-3 SLSTR,0.5
8771,2026-08-19,6.0,82.0,29.16,0.66,5,GHRSST L4 / INSAT-3DR MOSDAC / Sentinel-3 SLSTR,0.5
8772,2026-08-19,6.0,82.5,29.54,1.04,5,GHRSST L4 / INSAT-3DR MOSDAC / Sentinel-3 SLSTR,0.5
8773,2026-08-19,6.0,83.0,29.22,0.72,5,GHRSST L4 / INSAT-3DR MOSDAC / Sentinel-3 SLSTR,0.5
8774,2026-08-19,6.0,83.5,29.7,1.2,5,GHRSST L4 / INSAT-3DR MOSDAC / Sentinel-3 SLSTR,0.5
8775,2026-08-19,6.0,84.0,29.35,0.85,5,GHRSST L4 / INSAT-3DR MOSDAC / Sentinel-3 SLSTR,0.5
8776,2026-08-19,6.0,84.5,29.39,0.89,5,GHRSST L4 / INSAT-3DR MOSDAC / Sentinel-3 SLSTR,0.5
8777,2026-08-19,6.0,85.0,29.33,0.83,5,GHRSST L4 / INSAT-3DR MOSDAC / Sentinel-3 SLSTR,0.5
8778,2026-08-19,6.0,85.5,29.23,0.73,5,GHRSST L4 / INSAT-3DR MOSDAC / Sentinel-3 SLSTR,0.5
8779,2026-08-19,6.0,86.0,29.5,1.0,5,GHRSST L4 / INSAT-3DR MOSDAC / Sentinel-3 SLSTR,0.5
8780,2026-08-19,6.0,86.5,29.46,0.96,5,GHRSST L4 / INSAT-3DR MOSDAC / Sentinel-3 SLSTR,0.5
8781,2026-08-19,6.0,87.0,29.53,1.03,5,GHRSST L4 / INSAT-3DR MOSDAC / Sentinel-3 SLSTR,0.5
8782,2026-08-19,6.0,87.5,29.59,1.09,5,GHRSST L4 / INSAT-3DR MOSDAC / Sentinel-3 SLSTR,0.5
8783,2026-08-19,6.0,88.0,29.21,0.71,5,GHRSST L4 / INSAT-3DR MOSDAC / Sentinel-3 SLSTR,0.5
8784,2026-08-19,6.0,88.5,29.44,0.94,5,GHRSST L4 / INSAT-3DR MOSDAC / Sentinel-3 SLSTR,0.5
8785,2026-08-19,6.0,89.0,29.56,1.06,5,GHRSST L4 / INSAT-3DR MOSDAC / Sentinel-3 SLSTR,0.5
8786,2026-08-19,6.0,89.5,29.38,0.88,5,GHRSST L4 / INSAT-3DR MOSDAC / Sentinel-3 SLSTR,0.5
8787,2026-08-19,6.0,90.0,29.28,0.78,5,GHRSST L4 / INSAT-3DR MOSDAC / Sentinel-3 SLSTR,0.5
8788,2026-08-19,6.0,90.5,29.57,1.07,5,GHRSST L4 / INSAT-3DR MOSDAC / Sentinel-3 SLSTR,0.5
8789,2026-08-19,6.0,91.0,29.65,1.15,5,GHRSST L4 / INSAT-3DR MOSDAC / Sentinel-3 SLSTR,0.5
8790,2026-08-19,6.0,91.5,29.68,1.18,5,GHRSST L4 / INSAT-3DR MOSDAC / Sentinel-3 SLSTR,0.5
8791,2026-08-19,6.0,92.0,29.38,0.88,5,GHRSST L4 / INSAT-3DR MOSDAC / Sentinel-3 SLSTR,0.5
8792,2026-08-19,6.0,92.5,29.22,0.72,5,GHRSST L4 / INSAT-3DR MOSDAC / Sentinel-3 SLSTR,0.5
8793,2026-08-19,6.0,93.0,29.79,1.29,5,GHRSST L4 / INSAT-3DR MOSDAC / Sentinel-3 SLSTR,0.5
8794,2026-08-19,6.0,93.5,29.63,1.13,5,GHRSST L4 / INSAT-3DR MOSDAC / Sentinel-3 SLSTR,0.5
8795,2026-08-19,6.0,94.0,29.81,1.31,5,GHRSST L4 / INSAT-3DR MOSDAC / Sentinel-3 SLSTR,0.5
8796,2026-08-19,6.5,68.0,29.19,0.74,5,GHRSST L4 / INSAT-3DR MOSDAC / Sentinel-3 SLSTR,0.5
8797,2026-08-19,6.5,68.5,29.55,1.1,5,GHRSST L4 / INSAT-3DR MOSDAC / Sentinel-3 SLSTR,0.5
8798,2026-08-19,6.5,69.0,29.23,0.78,5,GHRSST L4 / INSAT-3DR MOSDAC / Sentinel-3 SLSTR,0.5
8799,2026-08-19,6.5,69.5,29.7,1.25,5,GHRSST L4 / INSAT-3DR MOSDAC / Sentinel-3 SLSTR,0.5
8800,2026-08-19,6.5,70.0,29.45,1.0,5,GHRSST L4 / INSAT-3DR MOSDAC / Sentinel-3 SLSTR,0.5
8801,2026-08-19,6.5,70.5,29.46,1.01,5,GHRSST L4 / INSAT-3DR MOSDAC / Sentinel-3 SLSTR,0.5
8802,2026-08-19,6.5,71.0,29.74,1.29,5,GHRSST L4 / INSAT-3DR MOSDAC / Sentinel-3 SLSTR,0.5
8803,2026-08-19,6.5,71.5,29.3,0.85,5,GHRSST L4 / INSAT-3DR MOSDAC / Sentinel-3 SLSTR,0.5
8804,2026-08-19,6.5,72.0,29.52,1.07,5,GHRSST L4 / INSAT-3DR MOSDAC / Sentinel-3 SLSTR,0.5
8805,2026-08-19,6.5,72.5,29.19,0.74,5,GHRSST L4 / INSAT-3DR MOSDAC / Sentinel-3 SLSTR,0.5
8806,2026-08-19,6.5,73.0,29.34,0.89,5,GHRSST L4 / INSAT-3DR MOSDAC / Sentinel-3 SLSTR,0.5
8807,2026-08-19,6.5,73.5,29.23,0.78,5,GHRSST L4 / INSAT-3DR MOSDAC / Sentinel-3 SLSTR,0.5
8808,2026-08-19,6.5,74.0,29.23,0.78,5,GHRSST L4 / INSAT-3DR MOSDAC / Sentinel-3 SLSTR,0.5
8809,2026-08-19,6.5,74.5,29.55,1.1,5,GHRSST L4 / INSAT-3DR MOSDAC / Sentinel-3 SLSTR,0.5
8810,2026-08-19,6.5,75.0,29.29,0.84,5,GHRSST L4 / INSAT-3DR MOSDAC / Sentinel-3 SLSTR,0.5
8811,2026-08-19,6.5,75.5,29.27,0.82,5,GHRSST L4 / INSAT-3DR MOSDAC / Sentinel-3 SLSTR,0.5
8812,2026-08-19,6.5,76.0,29.66,1.21,5,GHRSST L4 / INSAT-3DR MOSDAC / Sentinel-3 SLSTR,0.5
8813,2026-08-19,6.5,76.5,29.42,0.97,5,GHRSST L4 / INSAT-3DR MOSDAC / Sentinel-3 SLSTR,0.5
8814,2026-08-19,6.5,77.0,29.36,0.91,5,GHRSST L4 / INSAT-3DR MOSDAC / Sentinel-3 SLSTR,0.5
8815,2026-08-19,6.5,77.5,29.66,1.21,5,GHRSST L4 / INSAT-3DR MOSDAC / Sentinel-3 SLSTR,0.5
8816,2026-08-19,6.5,78.0,29.43,0.98,5,GHRSST L4 / INSAT-3DR MOSDAC / Sentinel-3 SLSTR,0.5
8817,2026-08-19,6.5,78.5,29.66,1.21,5,GHRSST L4 / INSAT-3DR MOSDAC / Sentinel-3 SLSTR,0.5
8818,2026-08-19,6.5,79.0,29.31,0.86,5,GHRSST L4 / INSAT-3DR MOSDAC / Sentinel-3 SLSTR,0.5
8819,2026-08-19,6.5,79.5,29.76,1.31,5,GHRSST L4 / INSAT-3DR MOSDAC / Sentinel-3 SLSTR,0.5
8820,2026-08-19,6.5,80.0,29.74,1.29,5,GHRSST L4 / INSAT-3DR MOSDAC / Sentinel-3 SLSTR,0.5
8821,2026-08-19,6.5,80.5,29.67,1.22,5,GHRSST L4 / INSAT-3DR MOSDAC / Sentinel-3 SLSTR,0.5
8822,2026-08-19,6.5,81.0,29.24,0.79,5,GHRSST L4 / INSAT-3DR MOSDAC / Sentinel-3 SLSTR,0.5
8823,2026-08-19,6.5,81.5,29.6,1.15,5,GHRSST L4 / INSAT-3DR MOSDAC / Sentinel-3 SLSTR,0.5
8824,2026-08-19,6.5,82.0,29.66,1.21,5,GHRSST L4 / INSAT-3DR MOSDAC / Sentinel-3 SLSTR,0.5
8825,2026-08-19,6.5,82.5,29.34,0.89,5,GHRSST L4 / INSAT-3DR MOSDAC / Sentinel-3 SLSTR,0.5
8826,2026-08-19,6.5,83.0,29.19,0.74,5,GHRSST L4 / INSAT-3DR MOSDAC / Sentinel-3 SLSTR,0.5
8827,2026-08-19,6.5,83.5,29.28,0.83,5,GHRSST L4 / INSAT-3DR MOSDAC / Sentinel-3 SLSTR,0.5
8828,2026-08-19,6.5,84.0,29.5,1.05,5,GHRSST L4 / INSAT-3DR MOSDAC / Sentinel-3 SLSTR,0.5
8829,2026-08-19,6.5,84.5,29.27,0.82,5,GHRSST L4 / INSAT-3DR MOSDAC / Sentinel-3 SLSTR,0.5
8830,2026-08-19,6.5,85.0,29.55,1.1,5,GHRSST L4 / INSAT-3DR MOSDAC / Sentinel-3 SLSTR,0.5
8831,2026-08-19,6.5,85.5,29.36,0.91,5,GHRSST L4 / INSAT-3DR MOSDAC / Sentinel-3 SLSTR,0.5
8832,2026-08-19,6.5,86.0,29.25,0.8,5,GHRSST L4 / INSAT-3DR MOSDAC / Sentinel-3 SLSTR,0.5
8833,2026-08-19,6.5,86.5,29.52,1.07,5,GHRSST L4 / INSAT-3DR MOSDAC / Sentinel-3 SLSTR,0.5
8834,2026-08-19,6.5,87.0,29.14,0.69,5,GHRSST L4 / INSAT-3DR MOSDAC / Sentinel-3 SLSTR,0.5
8835,2026-08-19,6.5,87.5,29.53,1.08,5,GHRSST L4 / INSAT-3DR MOSDAC / Sentinel-3 SLSTR,0.5
8836,2026-08-19,6.5,88.0,29.77,1.32,5,GHRSST L4 / INSAT-3DR MOSDAC / Sentinel-3 SLSTR,0.5
8837,2026-08-19,6.5,88.5,29.59,1.14,5,GHRSST L4 / INSAT-3DR MOSDAC / Sentinel-3 SLSTR,0.5
8838,2026-08-19,6.5,89.0,29.32,0.87,5,GHRSST L4 / INSAT-3DR MOSDAC / Sentinel-3 SLSTR,0.5
8839,2026-08-19,6.5,89.5,29.72,1.27,5,GHRSST L4 / INSAT-3DR MOSDAC / Sentinel-3 SLSTR,0.5
8840,2026-08-19,6.5,90.0,29.46,1.01,5,GHRSST L4 / INSAT-3DR MOSDAC / Sentinel-3 SLSTR,0.5
8841,2026-08-19,6.5,90.5,29.46,1.01,5,GHRSST L4 / INSAT-3DR MOSDAC / Sentinel-3 SLSTR,0.5
8842,2026-08-19,6.5,91.0,29.35,0.9,5,GHRSST L4 / INSAT-3DR MOSDAC / Sentinel-3 SLSTR,0.5
8843,2026-08-19,6.5,91.5,29.13,0.68,5,GHRSST L4 / INSAT-3DR MOSDAC / Sentinel-3 SLSTR,0.5
8844,2026-08-19,6.5,92.0,29.28,0.83,5,GHRSST L4 / INSAT-3DR MOSDAC / Sentinel-3 SLSTR,0.5
8845,2026-08-19,6.5,92.5,29.66,1.21,5,GHRSST L4 / INSAT-3DR MOSDAC / Sentinel-3 SLSTR,0.5
8846,2026-08-19,6.5,93.0,29.27,0.82,5,GHRSST L4 / INSAT-3DR MOSDAC / Sentinel-3 SLSTR,0.5
8847,2026-08-19,6.5,93.5,29.38,0.93,5,GHRSST L4 / INSAT-3DR MOSDAC / Sentinel-3 SLSTR,0.5
8848,2026-08-19,6.5,94.0,29.53,1.08,5,GHRSST L4 / INSAT-3DR MOSDAC / Sentinel-3 SLSTR,0.5
8849,2026-08-19,7.0,68.0,29.23,0.83,5,GHRSST L4 / INSAT-3DR MOSDAC / Sentinel-3 SLSTR,0.5
8850,2026-08-19,7.0,68.5,29.6,1.2,5,GHRSST L4 / INSAT-3DR MOSDAC / Sentinel-3 SLSTR,0.5
8851,2026-08-19,7.0,69.0,29.66,1.26,5,GHRSST L4 / INSAT-3DR MOSDAC / Sentinel-3 SLSTR,0.5
8852,2026-08-19,7.0,69.5,29.07,0.67,5,GHRSST L4 / INSAT-3DR MOSDAC / Sentinel-3 SLSTR,0.5
8853,2026-08-19,7.0,70.0,29.43,1.03,5,GHRSST L4 / INSAT-3DR MOSDAC / Sentinel-3 SLSTR,0.5
8854,2026-08-19,7.0,70.5,29.27,0.87,5,GHRSST L4 / INSAT-3DR MOSDAC / Sentinel-3 SLSTR,0.5
8855,2026-08-19,7.0,71.0,29.42,1.02,5,GHRSST L4 / INSAT-3DR MOSDAC / Sentinel-3 SLSTR,0.5
8856,2026-08-19,7.0,71.5,29.41,1.01,5,GHRSST L4 / INSAT-3DR MOSDAC / Sentinel-3 SLSTR,0.5
8857,2026-08-19,7.0,72.0,29.04,0.64,5,GHRSST L4 / INSAT-3DR MOSDAC / Sentinel-3 SLSTR,0.5
8858,2026-08-19,7.0,72.5,29.48,1.08,5,GHRSST L4 / INSAT-3DR MOSDAC / Sentinel-3 SLSTR,0.5
8859,2026-08-19,7.0,73.0,29.18,0.78,5,GHRSST L4 / INSAT-3DR MOSDAC / Sentinel-3 SLSTR,0.5
8860,2026-08-19,7.0,73.5,29.42,1.02,5,GHRSST L4 / INSAT-3DR MOSDAC / Sentinel-3 SLSTR,0.5
8861,2026-08-19,7.0,74.0,29.66,1.26,5,GHRSST L4 / INSAT-3DR MOSDAC / Sentinel-3 SLSTR,0.5
8862,2026-08-19,7.0,74.5,29.16,0.76,5,GHRSST L4 / INSAT-3DR MOSDAC / Sentinel-3 SLSTR,0.5
8863,2026-08-19,7.0,75.0,29.22,0.82,5,GHRSST L4 / INSAT-3DR MOSDAC / Sentinel-3 SLSTR,0.5
8864,2026-08-19,7.0,75.5,29.07,0.67,5,GHRSST L4 / INSAT-3DR MOSDAC / Sentinel-3 SLSTR,0.5
8865,2026-08-19,7.0,76.0,29.37,0.97,5,GHRSST L4 / INSAT-3DR MOSDAC / Sentinel-3 SLSTR,0.5
8866,2026-08-19,7.0,76.5,29.64,1.24,5,GHRSST L4 / INSAT-3DR MOSDAC / Sentinel-3 SLSTR,0.5
8867,2026-08-19,7.0,77.0,29.41,1.01,5,GHRSST L4 / INSAT-3DR MOSDAC / Sentinel-3 SLSTR,0.5
8868,2026-08-19,7.0,77.5,29.28,0.88,5,GHRSST L4 / INSAT-3DR MOSDAC / Sentinel-3 SLSTR,0.5
8869,2026-08-19,7.0,78.0,29.66,1.26,5,GHRSST L4 / INSAT-3DR MOSDAC / Sentinel-3 SLSTR,0.5
8870,2026-08-19,7.0,78.5,29.4,1.0,5,GHRSST L4 / INSAT-3DR MOSDAC / Sentinel-3 SLSTR,0.5
8871,2026-08-19,7.0,79.0,29.71,1.31,5,GHRSST L4 / INSAT-3DR MOSDAC / Sentinel-3 SLSTR,0.5
8872,2026-08-19,7.0,79.5,29.56,1.16,5,GHRSST L4 / INSAT-3DR MOSDAC / Sentinel-3 SLSTR,0.5
8873,2026-08-19,7.0,80.0,29.67,1.27,5,GHRSST L4 / INSAT-3DR MOSDAC / Sentinel-3 SLSTR,0.5
8874,2026-08-19,7.0,80.5,29.48,1.08,5,GHRSST L4 / INSAT-3DR MOSDAC / Sentinel-3 SLSTR,0.5
8875,2026-08-19,7.0,81.0,29.72,1.32,5,GHRSST L4 / INSAT-3DR MOSDAC / Sentinel-3 SLSTR,0.5
8876,2026-08-19,7.0,81.5,29.4,1.0,5,GHRSST L4 / INSAT-3DR MOSDAC / Sentinel-3 SLSTR,0.5
8877,2026-08-19,7.0,82.0,29.48,1.08,5,GHRSST L4 / INSAT-3DR MOSDAC / Sentinel-3 SLSTR,0.5
8878,2026-08-19,7.0,82.5,29.12,0.72,5,GHRSST L4 / INSAT-3DR MOSDAC / Sentinel-3 SLSTR,0.5
8879,2026-08-19,7.0,83.0,29.69,1.29,5,GHRSST L4 / INSAT-3DR MOSDAC / Sentinel-3 SLSTR,0.5
8880,2026-08-19,7.0,83.5,29.26,0.86,5,GHRSST L4 / INSAT-3DR MOSDAC / Sentinel-3 SLSTR,0.5
8881,2026-08-19,7.0,84.0,29.5,1.1,5,GHRSST L4 / INSAT-3DR MOSDAC / Sentinel-3 SLSTR,0.5
8882,2026-08-19,7.0,84.5,29.28,0.88,5,GHRSST L4 / INSAT-3DR MOSDAC / Sentinel-3 SLSTR,0.5
8883,2026-08-19,7.0,85.0,29.65,1.25,5,GHRSST L4 / INSAT-3DR MOSDAC / Sentinel-3 SLSTR,0.5
8884,2026-08-19,7.0,85.5,29.11,0.71,5,GHRSST L4 / INSAT-3DR MOSDAC / Sentinel-3 SLSTR,0.5
8885,2026-08-19,7.0,86.0,29.66,1.26,5,GHRSST L4 / INSAT-3DR MOSDAC / Sentinel-3 SLSTR,0.5
8886,2026-08-19,7.0,86.5,29.47,1.07,5,GHRSST L4 / INSAT-3DR MOSDAC / Sentinel-3 SLSTR,0.5
8887,2026-08-19,7.0,87.0,29.7,1.3,5,GHRSST L4 / INSAT-3DR MOSDAC / Sentinel-3 SLSTR,0.5
8888,2026-08-19,7.0,87.5,29.38,0.98,5,GHRSST L4 / INSAT-3DR MOSDAC / Sentinel-3 SLSTR,0.5
8889,2026-08-19,7.0,88.0,29.38,0.98,5,GHRSST L4 / INSAT-3DR MOSDAC / Sentinel-3 SLSTR,0.5
8890,2026-08-19,7.0,88.5,29.28,0.88,5,GHRSST L4 / INSAT-3DR MOSDAC / Sentinel-3 SLSTR,0.5
8891,2026-08-19,7.0,89.0,29.26,0.86,5,GHRSST L4 / INSAT-3DR MOSDAC / Sentinel-3 SLSTR,0.5
8892,2026-08-19,7.0,89.5,29.12,0.72,5,GHRSST L4 / INSAT-3DR MOSDAC / Sentinel-3 SLSTR,0.5
8893,2026-08-19,7.0,90.0,29.26,0.86,5,GHRSST L4 / INSAT-3DR MOSDAC / Sentinel-3 SLSTR,0.5
8894,2026-08-19,7.0,90.5,29.46,1.06,5,GHRSST L4 / INSAT-3DR MOSDAC / Sentinel-3 SLSTR,0.5
8895,2026-08-19,7.0,91.0,29.09,0.69,5,GHRSST L4 / INSAT-3DR MOSDAC / Sentinel-3 SLSTR,0.5
8896,2026-08-19,7.0,91.5,29.16,0.76,5,GHRSST L4 / INSAT-3DR MOSDAC / Sentinel-3 SLSTR,0.5
8897,2026-08-19,7.0,92.0,29.63,1.23,5,GHRSST L4 / INSAT-3DR MOSDAC / Sentinel-3 SLSTR,0.5
8898,2026-08-19,7.0,92.5,29.09,0.69,5,GHRSST L4 / INSAT-3DR MOSDAC / Sentinel-3 SLSTR,0.5
8899,2026-08-19,7.0,93.0,29.2,0.8,5,GHRSST L4 / INSAT-3DR MOSDAC / Sentinel-3 SLSTR,0.5
8900,2026-08-19,7.0,93.5,29.03,0.63,5,GHRSST L4 / INSAT-3DR MOSDAC / Sentinel-3 SLSTR,0.5
8901,2026-08-19,7.0,94.0,29.53,1.13,5,GHRSST L4 / INSAT-3DR MOSDAC / Sentinel-3 SLSTR,0.5
8902,2026-08-19,7.5,68.0,29.57,1.22,5,GHRSST L4 / INSAT-3DR MOSDAC / Sentinel-3 SLSTR,0.5
8903,2026-08-19,7.5,68.5,29.59,1.24,5,GHRSST L4 / INSAT-3DR MOSDAC / Sentinel-3 SLSTR,0.5
8904,2026-08-19,7.5,69.0,29.6,1.25,5,GHRSST L4 / INSAT-3DR MOSDAC / Sentinel-3 SLSTR,0.5
8905,2026-08-19,7.5,69.5,29.25,0.9,5,GHRSST L4 / INSAT-3DR MOSDAC / Sentinel-3 SLSTR,0.5
8906,2026-08-19,7.5,70.0,29.36,1.01,5,GHRSST L4 / INSAT-3DR MOSDAC / Sentinel-3 SLSTR,0.5
8907,2026-08-19,7.5,70.5,29.44,1.09,5,GHRSST L4 / INSAT-3DR MOSDAC / Sentinel-3 SLSTR,0.5
8908,2026-08-19,7.5,71.0,29.61,1.26,5,GHRSST L4 / INSAT-3DR MOSDAC / Sentinel-3 SLSTR,0.5
8909,2026-08-19,7.5,71.5,29.53,1.18,5,GHRSST L4 / INSAT-3DR MOSDAC / Sentinel-3 SLSTR,0.5
8910,2026-08-19,7.5,72.0,29.31,0.96,5,GHRSST L4 / INSAT-3DR MOSDAC / Sentinel-3 SLSTR,0.5
8911,2026-08-19,7.5,72.5,29.33,0.98,5,GHRSST L4 / INSAT-3DR MOSDAC / Sentinel-3 SLSTR,0.5
8912,2026-08-19,7.5,73.0,29.21,0.86,5,GHRSST L4 / INSAT-3DR MOSDAC / Sentinel-3 SLSTR,0.5
8913,2026-08-19,7.5,73.5,28.98,0.63,5,GHRSST L4 / INSAT-3DR MOSDAC / Sentinel-3 SLSTR,0.5
8914,2026-08-19,7.5,74.0,29.07,0.72,5,GHRSST L4 / INSAT-3DR MOSDAC / Sentinel-3 SLSTR,0.5
8915,2026-08-19,7.5,74.5,29.2,0.85,5,GHRSST L4 / INSAT-3DR MOSDAC / Sentinel-3 SLSTR,0.5
8916,2026-08-19,7.5,75.0,29.39,1.04,5,GHRSST L4 / INSAT-3DR MOSDAC / Sentinel-3 SLSTR,0.5
8917,2026-08-19,7.5,75.5,29.47,1.12,5,GHRSST L4 / INSAT-3DR MOSDAC / Sentinel-3 SLSTR,0.5
8918,2026-08-19,7.5,76.0,29.59,1.24,5,GHRSST L4 / INSAT-3DR MOSDAC / Sentinel-3 SLSTR,0.5
8919,2026-08-19,7.5,76.5,29.36,1.01,5,GHRSST L4 / INSAT-3DR MOSDAC / Sentinel-3 SLSTR,0.5
8920,2026-08-19,7.5,77.0,29.25,0.9,5,GHRSST L4 / INSAT-3DR MOSDAC / Sentinel-3 SLSTR,0.5
8921,2026-08-19,7.5,77.5,29.45,1.1,5,GHRSST L4 / INSAT-3DR MOSDAC / Sentinel-3 SLSTR,0.5
8922,2026-08-19,7.5,78.0,29.24,0.89,5,GHRSST L4 / INSAT-3DR MOSDAC / Sentinel-3 SLSTR,0.5
8923,2026-08-19,7.5,78.5,29.05,0.7,5,GHRSST L4 / INSAT-3DR MOSDAC / Sentinel-3 SLSTR,0.5
8924,2026-08-19,7.5,79.0,28.97,0.62,5,GHRSST L4 / INSAT-3DR MOSDAC / Sentinel-3 SLSTR,0.5
8925,2026-08-19,7.5,79.5,29.47,1.12,5,GHRSST L4 / INSAT-3DR MOSDAC / Sentinel-3 SLSTR,0.5
8926,2026-08-19,7.5,80.0,29.6,1.25,5,GHRSST L4 / INSAT-3DR MOSDAC / Sentinel-3 SLSTR,0.5
8927,2026-08-19,7.5,80.5,29.44,1.09,5,GHRSST L4 / INSAT-3DR MOSDAC / Sentinel-3 SLSTR,0.5
8928,2026-08-19,7.5,81.0,28.99,0.64,5,GHRSST L4 / INSAT-3DR MOSDAC / Sentinel-3 SLSTR,0.5
8929,2026-08-19,7.5,81.5,29.12,0.77,5,GHRSST L4 / INSAT-3DR MOSDAC / Sentinel-3 SLSTR,0.5
8930,2026-08-19,7.5,82.0,29.63,1.28,5,GHRSST L4 / INSAT-3DR MOSDAC / Sentinel-3 SLSTR,0.5
8931,2026-08-19,7.5,82.5,29.47,1.12,5,GHRSST L4 / INSAT-3DR MOSDAC / Sentinel-3 SLSTR,0.5
8932,2026-08-19,7.5,83.0,29.49,1.14,5,GHRSST L4 / INSAT-3DR MOSDAC / Sentinel-3 SLSTR,0.5
8933,2026-08-19,7.5,83.5,29.53,1.18,5,GHRSST L4 / INSAT-3DR MOSDAC / Sentinel-3 SLSTR,0.5
8934,2026-08-19,7.5,84.0,29.61,1.26,5,GHRSST L4 / INSAT-3DR MOSDAC / Sentinel-3 SLSTR,0.5
8935,2026-08-19,7.5,84.5,29.28,0.93,5,GHRSST L4 / INSAT-3DR MOSDAC / Sentinel-3 SLSTR,0.5
8936,2026-08-19,7.5,85.0,29.27,0.92,5,GHRSST L4 / INSAT-3DR MOSDAC / Sentinel-3 SLSTR,0.5
8937,2026-08-19,7.5,85.5,28.99,0.64,5,GHRSST L4 / INSAT-3DR MOSDAC / Sentinel-3 SLSTR,0.5
8938,2026-08-19,7.5,86.0,29.63,1.28,5,GHRSST L4 / INSAT-3DR MOSDAC / Sentinel-3 SLSTR,0.5
8939,2026-08-19,7.5,86.5,29.06,0.71,5,GHRSST L4 / INSAT-3DR MOSDAC / Sentinel-3 SLSTR,0.5
8940,2026-08-19,7.5,87.0,29.29,0.94,5,GHRSST L4 / INSAT-3DR MOSDAC / Sentinel-3 SLSTR,0.5
8941,2026-08-19,7.5,87.5,29.39,1.04,5,GHRSST L4 / INSAT-3DR MOSDAC / Sentinel-3 SLSTR,0.5
8942,2026-08-19,7.5,88.0,29.67,1.32,5,GHRSST L4 / INSAT-3DR MOSDAC / Sentinel-3 SLSTR,0.5
8943,2026-08-19,7.5,88.5,29.25,0.9,5,GHRSST L4 / INSAT-3DR MOSDAC / Sentinel-3 SLSTR,0.5
8944,2026-08-19,7.5,89.0,29.44,1.09,5,GHRSST L4 / INSAT-3DR MOSDAC / Sentinel-3 SLSTR,0.5
8945,2026-08-19,7.5,89.5,29.64,1.29,5,GHRSST L4 / INSAT-3DR MOSDAC / Sentinel-3 SLSTR,0.5
8946,2026-08-19,7.5,90.0,29.37,1.02,5,GHRSST L4 / INSAT-3DR MOSDAC / Sentinel-3 SLSTR,0.5
8947,2026-08-19,7.5,90.5,29.34,0.99,5,GHRSST L4 / INSAT-3DR MOSDAC / Sentinel-3 SLSTR,0.5
8948,2026-08-19,7.5,91.0,29.37,1.02,5,GHRSST L4 / INSAT-3DR MOSDAC / Sentinel-3 SLSTR,0.5
8949,2026-08-19,7.5,91.5,29.54,1.19,5,GHRSST L4 / INSAT-3DR MOSDAC / Sentinel-3 SLSTR,0.5
8950,2026-08-19,7.5,92.0,29.0,0.65,5,GHRSST L4 / INSAT-3DR MOSDAC / Sentinel-3 SLSTR,0.5
8951,2026-08-19,7.5,92.5,29.5,1.15,5,GHRSST L4 / INSAT-3DR MOSDAC / Sentinel-3 SLSTR,0.5
8952,2026-08-19,7.5,93.0,29.09,0.74,5,GHRSST L4 / INSAT-3DR MOSDAC / Sentinel-3 SLSTR,0.5
8953,2026-08-19,7.5,93.5,29.51,1.16,5,GHRSST L4 / INSAT-3DR MOSDAC / Sentinel-3 SLSTR,0.5
8954,2026-08-19,7.5,94.0,29.53,1.18,5,GHRSST L4 / INSAT-3DR MOSDAC / Sentinel-3 SLSTR,0.5
8955,2026-08-19,8.0,68.0,29.35,1.05,5,GHRSST L4 / INSAT-3DR MOSDAC / Sentinel-3 SLSTR,0.5
8956,2026-08-19,8.0,68.5,29.22,0.92,5,GHRSST L4 / INSAT-3DR MOSDAC / Sentinel-3 SLSTR,0.5
8957,2026-08-19,8.0,69.0,29.42,1.12,5,GHRSST L4 / INSAT-3DR MOSDAC / Sentinel-3 SLSTR,0.5
8958,2026-08-19,8.0,69.5,28.92,0.62,5,GHRSST L4 / INSAT-3DR MOSDAC / Sentinel-3 SLSTR,0.5
8959,2026-08-19,8.0,70.0,29.36,1.06,5,GHRSST L4 / INSAT-3DR MOSDAC / Sentinel-3 SLSTR,0.5
8960,2026-08-19,8.0,70.5,29.07,0.77,5,GHRSST L4 / INSAT-3DR MOSDAC / Sentinel-3 SLSTR,0.5
8961,2026-08-19,8.0,71.0,29.37,1.07,5,GHRSST L4 / INSAT-3DR MOSDAC / Sentinel-3 SLSTR,0.5
8962,2026-08-19,8.0,71.5,29.01,0.71,5,GHRSST L4 / INSAT-3DR MOSDAC / Sentinel-3 SLSTR,0.5
8963,2026-08-19,8.0,72.0,29.04,0.74,5,GHRSST L4 / INSAT-3DR MOSDAC / Sentinel-3 SLSTR,0.5
8964,2026-08-19,8.0,72.5,29.23,0.93,5,GHRSST L4 / INSAT-3DR MOSDAC / Sentinel-3 SLSTR,0.5
8965,2026-08-19,8.0,73.0,29.28,0.98,5,GHRSST L4 / INSAT-3DR MOSDAC / Sentinel-3 SLSTR,0.5
8966,2026-08-19,8.0,73.5,29.2,0.9,5,GHRSST L4 / INSAT-3DR MOSDAC / Sentinel-3 SLSTR,0.5
8967,2026-08-19,8.0,74.0,27.94,-0.36,5,GHRSST L4 / INSAT-3DR MOSDAC / Sentinel-3 SLSTR,0.5
8968,2026-08-19,8.0,74.5,27.55,-0.75,5,GHRSST L4 / INSAT-3DR MOSDAC / Sentinel-3 SLSTR,0.5
8969,2026-08-19,8.0,75.0,27.65,-0.65,5,GHRSST L4 / INSAT-3DR MOSDAC / Sentinel-3 SLSTR,0.5
8970,2026-08-19,8.0,75.5,27.51,-0.79,5,GHRSST L4 / INSAT-3DR MOSDAC / Sentinel-3 SLSTR,0.5
8971,2026-08-19,8.0,76.0,27.91,-0.39,5,GHRSST L4 / INSAT-3DR MOSDAC / Sentinel-3 SLSTR,0.5
8972,2026-08-19,8.0,76.5,27.99,-0.31,5,GHRSST L4 / INSAT-3DR MOSDAC / Sentinel-3 SLSTR,0.5
8973,2026-08-19,8.0,77.0,27.85,-0.45,5,GHRSST L4 / INSAT-3DR MOSDAC / Sentinel-3 SLSTR,0.5
8974,2026-08-19,8.0,77.5,29.23,0.93,5,GHRSST L4 / INSAT-3DR MOSDAC / Sentinel-3 SLSTR,0.5
8975,2026-08-19,8.0,78.0,29.21,0.91,5,GHRSST L4 / INSAT-3DR MOSDAC / Sentinel-3 SLSTR,0.5
8976,2026-08-19,8.0,78.5,29.15,0.85,5,GHRSST L4 / INSAT-3DR MOSDAC / Sentinel-3 SLSTR,0.5
8977,2026-08-19,8.0,79.0,29.32,1.02,5,GHRSST L4 / INSAT-3DR MOSDAC / Sentinel-3 SLSTR,0.5
8978,2026-08-19,8.0,79.5,28.91,0.61,5,GHRSST L4 / INSAT-3DR MOSDAC / Sentinel-3 SLSTR,0.5
8979,2026-08-19,8.0,80.0,29.33,1.03,5,GHRSST L4 / INSAT-3DR MOSDAC / Sentinel-3 SLSTR,0.5
8980,2026-08-19,8.0,80.5,29.25,0.95,5,GHRSST L4 / INSAT-3DR MOSDAC / Sentinel-3 SLSTR,0.5
8981,2026-08-19,8.0,81.0,29.35,1.05,5,GHRSST L4 / INSAT-3DR MOSDAC / Sentinel-3 SLSTR,0.5
8982,2026-08-19,8.0,81.5,29.51,1.21,5,GHRSST L4 / INSAT-3DR MOSDAC / Sentinel-3 SLSTR,0.5
8983,2026-08-19,8.0,82.0,29.49,1.19,5,GHRSST L4 / INSAT-3DR MOSDAC / Sentinel-3 SLSTR,0.5
8984,2026-08-19,8.0,82.5,29.47,1.17,5,GHRSST L4 / INSAT-3DR MOSDAC / Sentinel-3 SLSTR,0.5
8985,2026-08-19,8.0,83.0,29.2,0.9,5,GHRSST L4 / INSAT-3DR MOSDAC / Sentinel-3 SLSTR,0.5
8986,2026-08-19,8.0,83.5,29.18,0.88,5,GHRSST L4 / INSAT-3DR MOSDAC / Sentinel-3 SLSTR,0.5
8987,2026-08-19,8.0,84.0,29.05,0.75,5,GHRSST L4 / INSAT-3DR MOSDAC / Sentinel-3 SLSTR,0.5
8988,2026-08-19,8.0,84.5,28.93,0.63,5,GHRSST L4 / INSAT-3DR MOSDAC / Sentinel-3 SLSTR,0.5
8989,2026-08-19,8.0,85.0,29.26,0.96,5,GHRSST L4 / INSAT-3DR MOSDAC / Sentinel-3 SLSTR,0.5
8990,2026-08-19,8.0,85.5,29.59,1.29,5,GHRSST L4 / INSAT-3DR MOSDAC / Sentinel-3 SLSTR,0.5
8991,2026-08-19,8.0,86.0,29.44,1.14,5,GHRSST L4 / INSAT-3DR MOSDAC / Sentinel-3 SLSTR,0.5
8992,2026-08-19,8.0,86.5,29.29,0.99,5,GHRSST L4 / INSAT-3DR MOSDAC / Sentinel-3 SLSTR,0.5
8993,2026-08-19,8.0,87.0,29.12,0.82,5,GHRSST L4 / INSAT-3DR MOSDAC / Sentinel-3 SLSTR,0.5
8994,2026-08-19,8.0,87.5,29.0,0.7,5,GHRSST L4 / INSAT-3DR MOSDAC / Sentinel-3 SLSTR,0.5
8995,2026-08-19,8.0,88.0,29.09,0.79,5,GHRSST L4 / INSAT-3DR MOSDAC / Sentinel-3 SLSTR,0.5
8996,2026-08-19,8.0,88.5,29.28,0.98,5,GHRSST L4 / INSAT-3DR MOSDAC / Sentinel-3 SLSTR,0.5
8997,2026-08-19,8.0,89.0,29.35,1.05,5,GHRSST L4 / INSAT-3DR MOSDAC / Sentinel-3 SLSTR,0.5
8998,2026-08-19,8.0,89.5,29.17,0.87,5,GHRSST L4 / INSAT-3DR MOSDAC / Sentinel-3 SLSTR,0.5
8999,2026-08-19,8.0,90.0,28.98,0.68,5,GHRSST L4 / INSAT-3DR MOSDAC / Sentinel-3 SLSTR,0.5
9000,2026-08-19,8.0,90.5,29.09,0.79,5,GHRSST L4 / INSAT-3DR MOSDAC / Sentinel-3 SLSTR,0.5
9001,2026-08-19,8.0,91.0,29.09,0.79,5,GHRSST L4 / INSAT-3DR MOSDAC / Sentinel-3 SLSTR,0.5
9002,2026-08-19,8.0,91.5,29.28,0.98,5,GHRSST L4 / INSAT-3DR MOSDAC / Sentinel-3 SLSTR,0.5
9003,2026-08-19,8.0,92.0,28.98,0.68,5,GHRSST L4 / INSAT-3DR MOSDAC / Sentinel-3 SLSTR,0.5
9004,2026-08-19,8.0,92.5,29.11,0.81,5,GHRSST L4 / INSAT-3DR MOSDAC / Sentinel-3 SLSTR,0.5
9005,2026-08-19,8.0,93.0,29.15,0.85,5,GHRSST L4 / INSAT-3DR MOSDAC / Sentinel-3 SLSTR,0.5
9006,2026-08-19,8.0,93.5,29.28,0.98,5,GHRSST L4 / INSAT-3DR MOSDAC / Sentinel-3 SLSTR,0.5
9007,2026-08-19,8.0,94.0,29.12,0.82,5,GHRSST L4 / INSAT-3DR MOSDAC / Sentinel-3 SLSTR,0.5
9008,2026-08-19,8.5,68.0,28.95,0.7,5,GHRSST L4 / INSAT-3DR MOSDAC / Sentinel-3 SLSTR,0.5
9009,2026-08-19,8.5,68.5,28.87,0.62,5,GHRSST L4 / INSAT-3DR MOSDAC / Sentinel-3 SLSTR,0.5
9010,2026-08-19,8.5,69.0,28.97,0.72,5,GHRSST L4 / INSAT-3DR MOSDAC / Sentinel-3 SLSTR,0.5
9011,2026-08-19,8.5,69.5,29.43,1.18,5,GHRSST L4 / INSAT-3DR MOSDAC / Sentinel-3 SLSTR,0.5
9012,2026-08-19,8.5,70.0,29.1,0.85,5,GHRSST L4 / INSAT-3DR MOSDAC / Sentinel-3 SLSTR,0.5
9013,2026-08-19,8.5,70.5,29.23,0.98,5,GHRSST L4 / INSAT-3DR MOSDAC / Sentinel-3 SLSTR,0.5
9014,2026-08-19,8.5,71.0,29.19,0.94,5,GHRSST L4 / INSAT-3DR MOSDAC / Sentinel-3 SLSTR,0.5
9015,2026-08-19,8.5,71.5,29.04,0.79,5,GHRSST L4 / INSAT-3DR MOSDAC / Sentinel-3 SLSTR,0.5
9016,2026-08-19,8.5,72.0,29.44,1.19,5,GHRSST L4 / INSAT-3DR MOSDAC / Sentinel-3 SLSTR,0.5
9017,2026-08-19,8.5,72.5,29.51,1.26,5,GHRSST L4 / INSAT-3DR MOSDAC / Sentinel-3 SLSTR,0.5
9018,2026-08-19,8.5,73.0,29.0,0.75,5,GHRSST L4 / INSAT-3DR MOSDAC / Sentinel-3 SLSTR,0.5
9019,2026-08-19,8.5,73.5,29.42,1.17,5,GHRSST L4 / INSAT-3DR MOSDAC / Sentinel-3 SLSTR,0.5
9020,2026-08-19,8.5,74.0,27.98,-0.27,5,GHRSST L4 / INSAT-3DR MOSDAC / Sentinel-3 SLSTR,0.5
9021,2026-08-19,8.5,74.5,28.04,-0.21,5,GHRSST L4 / INSAT-3DR MOSDAC / Sentinel-3 SLSTR,0.5
9022,2026-08-19,8.5,75.0,27.74,-0.51,5,GHRSST L4 / INSAT-3DR MOSDAC / Sentinel-3 SLSTR,0.5
9023,2026-08-19,8.5,75.5,27.93,-0.32,5,GHRSST L4 / INSAT-3DR MOSDAC / Sentinel-3 SLSTR,0.5
9024,2026-08-19,8.5,76.0,27.58,-0.67,5,GHRSST L4 / INSAT-3DR MOSDAC / Sentinel-3 SLSTR,0.5
9025,2026-08-19,8.5,76.5,28.13,-0.12,5,GHRSST L4 / INSAT-3DR MOSDAC / Sentinel-3 SLSTR,0.5
9026,2026-08-19,8.5,77.0,27.96,-0.29,5,GHRSST L4 / INSAT-3DR MOSDAC / Sentinel-3 SLSTR,0.5
9027,2026-08-19,8.5,77.5,28.9,0.65,5,GHRSST L4 / INSAT-3DR MOSDAC / Sentinel-3 SLSTR,0.5
9028,2026-08-19,8.5,78.0,29.46,1.21,5,GHRSST L4 / INSAT-3DR MOSDAC / Sentinel-3 SLSTR,0.5
9029,2026-08-19,8.5,78.5,29.52,1.27,5,GHRSST L4 / INSAT-3DR MOSDAC / Sentinel-3 SLSTR,0.5
9030,2026-08-19,8.5,79.0,29.08,0.83,5,GHRSST L4 / INSAT-3DR MOSDAC / Sentinel-3 SLSTR,0.5
9031,2026-08-19,8.5,79.5,29.23,0.98,5,GHRSST L4 / INSAT-3DR MOSDAC / Sentinel-3 SLSTR,0.5
9032,2026-08-19,8.5,80.0,29.54,1.29,5,GHRSST L4 / INSAT-3DR MOSDAC / Sentinel-3 SLSTR,0.5
9033,2026-08-19,8.5,80.5,29.17,0.92,5,GHRSST L4 / INSAT-3DR MOSDAC / Sentinel-3 SLSTR,0.5
9034,2026-08-19,8.5,81.0,29.32,1.07,5,GHRSST L4 / INSAT-3DR MOSDAC / Sentinel-3 SLSTR,0.5
9035,2026-08-19,8.5,81.5,29.17,0.92,5,GHRSST L4 / INSAT-3DR MOSDAC / Sentinel-3 SLSTR,0.5
9036,2026-08-19,8.5,82.0,28.9,0.65,5,GHRSST L4 / INSAT-3DR MOSDAC / Sentinel-3 SLSTR,0.5
9037,2026-08-19,8.5,82.5,29.21,0.96,5,GHRSST L4 / INSAT-3DR MOSDAC / Sentinel-3 SLSTR,0.5
9038,2026-08-19,8.5,83.0,29.43,1.18,5,GHRSST L4 / INSAT-3DR MOSDAC / Sentinel-3 SLSTR,0.5
9039,2026-08-19,8.5,83.5,28.88,0.63,5,GHRSST L4 / INSAT-3DR MOSDAC / Sentinel-3 SLSTR,0.5
9040,2026-08-19,8.5,84.0,29.16,0.91,5,GHRSST L4 / INSAT-3DR MOSDAC / Sentinel-3 SLSTR,0.5
9041,2026-08-19,8.5,84.5,29.43,1.18,5,GHRSST L4 / INSAT-3DR MOSDAC / Sentinel-3 SLSTR,0.5
9042,2026-08-19,8.5,85.0,29.1,0.85,5,GHRSST L4 / INSAT-3DR MOSDAC / Sentinel-3 SLSTR,0.5
9043,2026-08-19,8.5,85.5,29.53,1.28,5,GHRSST L4 / INSAT-3DR MOSDAC / Sentinel-3 SLSTR,0.5
9044,2026-08-19,8.5,86.0,29.12,0.87,5,GHRSST L4 / INSAT-3DR MOSDAC / Sentinel-3 SLSTR,0.5
9045,2026-08-19,8.5,86.5,29.4,1.15,5,GHRSST L4 / INSAT-3DR MOSDAC / Sentinel-3 SLSTR,0.5
9046,2026-08-19,8.5,87.0,29.02,0.77,5,GHRSST L4 / INSAT-3DR MOSDAC / Sentinel-3 SLSTR,0.5
9047,2026-08-19,8.5,87.5,29.08,0.83,5,GHRSST L4 / INSAT-3DR MOSDAC / Sentinel-3 SLSTR,0.5
9048,2026-08-19,8.5,88.0,29.35,1.1,5,GHRSST L4 / INSAT-3DR MOSDAC / Sentinel-3 SLSTR,0.5
9049,2026-08-19,8.5,88.5,28.89,0.64,5,GHRSST L4 / INSAT-3DR MOSDAC / Sentinel-3 SLSTR,0.5
9050,2026-08-19,8.5,89.0,28.92,0.67,5,GHRSST L4 / INSAT-3DR MOSDAC / Sentinel-3 SLSTR,0.5
9051,2026-08-19,8.5,89.5,29.04,0.79,5,GHRSST L4 / INSAT-3DR MOSDAC / Sentinel-3 SLSTR,0.5
9052,2026-08-19,8.5,90.0,29.03,0.78,5,GHRSST L4 / INSAT-3DR MOSDAC / Sentinel-3 SLSTR,0.5
9053,2026-08-19,8.5,90.5,28.9,0.65,5,GHRSST L4 / INSAT-3DR MOSDAC / Sentinel-3 SLSTR,0.5
9054,2026-08-19,8.5,91.0,29.53,1.28,5,GHRSST L4 / INSAT-3DR MOSDAC / Sentinel-3 SLSTR,0.5
9055,2026-08-19,8.5,91.5,29.06,0.81,5,GHRSST L4 / INSAT-3DR MOSDAC / Sentinel-3 SLSTR,0.5
9056,2026-08-19,8.5,92.0,29.36,1.11,5,GHRSST L4 / INSAT-3DR MOSDAC / Sentinel-3 SLSTR,0.5
9057,2026-08-19,8.5,92.5,29.13,0.88,5,GHRSST L4 / INSAT-3DR MOSDAC / Sentinel-3 SLSTR,0.5
9058,2026-08-19,8.5,93.0,29.54,1.29,5,GHRSST L4 / INSAT-3DR MOSDAC / Sentinel-3 SLSTR,0.5
9059,2026-08-19,8.5,93.5,28.95,0.7,5,GHRSST L4 / INSAT-3DR MOSDAC / Sentinel-3 SLSTR,0.5
9060,2026-08-19,8.5,94.0,29.11,0.86,5,GHRSST L4 / INSAT-3DR MOSDAC / Sentinel-3 SLSTR,0.5
9061,2026-08-19,9.0,68.0,29.09,0.89,5,GHRSST L4 / INSAT-3DR MOSDAC / Sentinel-3 SLSTR,0.5
9062,2026-08-19,9.0,68.5,29.29,1.09,5,GHRSST L4 / INSAT-3DR MOSDAC / Sentinel-3 SLSTR,0.5
9063,2026-08-19,9.0,69.0,29.14,0.94,5,GHRSST L4 / INSAT-3DR MOSDAC / Sentinel-3 SLSTR,0.5
9064,2026-08-19,9.0,69.5,29.32,1.12,5,GHRSST L4 / INSAT-3DR MOSDAC / Sentinel-3 SLSTR,0.5
9065,2026-08-19,9.0,70.0,29.38,1.18,5,GHRSST L4 / INSAT-3DR MOSDAC / Sentinel-3 SLSTR,0.5
9066,2026-08-19,9.0,70.5,28.99,0.79,5,GHRSST L4 / INSAT-3DR MOSDAC / Sentinel-3 SLSTR,0.5
9067,2026-08-19,9.0,71.0,29.35,1.15,5,GHRSST L4 / INSAT-3DR MOSDAC / Sentinel-3 SLSTR,0.5
9068,2026-08-19,9.0,71.5,29.13,0.93,5,GHRSST L4 / INSAT-3DR MOSDAC / Sentinel-3 SLSTR,0.5
9069,2026-08-19,9.0,72.0,28.84,0.64,5,GHRSST L4 / INSAT-3DR MOSDAC / Sentinel-3 SLSTR,0.5
9070,2026-08-19,9.0,80.5,29.0,0.8,5,GHRSST L4 / INSAT-3DR MOSDAC / Sentinel-3 SLSTR,0.5
9071,2026-08-19,9.0,81.0,29.35,1.15,5,GHRSST L4 / INSAT-3DR MOSDAC / Sentinel-3 SLSTR,0.5
9072,2026-08-19,9.0,81.5,29.06,0.86,5,GHRSST L4 / INSAT-3DR MOSDAC / Sentinel-3 SLSTR,0.5
9073,2026-08-19,9.0,82.0,28.86,0.66,5,GHRSST L4 / INSAT-3DR MOSDAC / Sentinel-3 SLSTR,0.5
9074,2026-08-19,9.0,82.5,29.24,1.04,5,GHRSST L4 / INSAT-3DR MOSDAC / Sentinel-3 SLSTR,0.5
9075,2026-08-19,9.0,83.0,29.39,1.19,5,GHRSST L4 / INSAT-3DR MOSDAC / Sentinel-3 SLSTR,0.5
9076,2026-08-19,9.0,83.5,28.88,0.68,5,GHRSST L4 / INSAT-3DR MOSDAC / Sentinel-3 SLSTR,0.5
9077,2026-08-19,9.0,84.0,29.17,0.97,5,GHRSST L4 / INSAT-3DR MOSDAC / Sentinel-3 SLSTR,0.5
9078,2026-08-19,9.0,84.5,28.94,0.74,5,GHRSST L4 / INSAT-3DR MOSDAC / Sentinel-3 SLSTR,0.5
9079,2026-08-19,9.0,85.0,29.03,0.83,5,GHRSST L4 / INSAT-3DR MOSDAC / Sentinel-3 SLSTR,0.5
9080,2026-08-19,9.0,85.5,29.08,0.88,5,GHRSST L4 / INSAT-3DR MOSDAC / Sentinel-3 SLSTR,0.5
9081,2026-08-19,9.0,86.0,28.79,0.59,5,GHRSST L4 / INSAT-3DR MOSDAC / Sentinel-3 SLSTR,0.5
9082,2026-08-19,9.0,86.5,29.04,0.84,5,GHRSST L4 / INSAT-3DR MOSDAC / Sentinel-3 SLSTR,0.5
9083,2026-08-19,9.0,87.0,29.01,0.81,5,GHRSST L4 / INSAT-3DR MOSDAC / Sentinel-3 SLSTR,0.5
9084,2026-08-19,9.0,87.5,29.26,1.06,5,GHRSST L4 / INSAT-3DR MOSDAC / Sentinel-3 SLSTR,0.5
9085,2026-08-19,9.0,88.0,29.41,1.21,5,GHRSST L4 / INSAT-3DR MOSDAC / Sentinel-3 SLSTR,0.5
9086,2026-08-19,9.0,88.5,28.86,0.66,5,GHRSST L4 / INSAT-3DR MOSDAC / Sentinel-3 SLSTR,0.5
9087,2026-08-19,9.0,89.0,29.13,0.93,5,GHRSST L4 / INSAT-3DR MOSDAC / Sentinel-3 SLSTR,0.5
9088,2026-08-19,9.0,89.5,28.98,0.78,5,GHRSST L4 / INSAT-3DR MOSDAC / Sentinel-3 SLSTR,0.5
9089,2026-08-19,9.0,90.0,29.48,1.28,5,GHRSST L4 / INSAT-3DR MOSDAC / Sentinel-3 SLSTR,0.5
9090,2026-08-19,9.0,90.5,29.34,1.14,5,GHRSST L4 / INSAT-3DR MOSDAC / Sentinel-3 SLSTR,0.5
9091,2026-08-19,9.0,91.0,28.87,0.67,5,GHRSST L4 / INSAT-3DR MOSDAC / Sentinel-3 SLSTR,0.5
9092,2026-08-19,9.0,91.5,29.05,0.85,5,GHRSST L4 / INSAT-3DR MOSDAC / Sentinel-3 SLSTR,0.5
9093,2026-08-19,9.0,92.0,28.87,0.67,5,GHRSST L4 / INSAT-3DR MOSDAC / Sentinel-3 SLSTR,0.5
9094,2026-08-19,9.0,92.5,29.34,1.14,5,GHRSST L4 / INSAT-3DR MOSDAC / Sentinel-3 SLSTR,0.5
9095,2026-08-19,9.0,93.0,29.13,0.93,5,GHRSST L4 / INSAT-3DR MOSDAC / Sentinel-3 SLSTR,0.5
9096,2026-08-19,9.0,93.5,29.24,1.04,5,GHRSST L4 / INSAT-3DR MOSDAC / Sentinel-3 SLSTR,0.5
9097,2026-08-19,9.0,94.0,29.19,0.99,5,GHRSST L4 / INSAT-3DR MOSDAC / Sentinel-3 SLSTR,0.5
9098,2026-08-19,9.5,68.0,28.86,0.71,5,GHRSST L4 / INSAT-3DR MOSDAC / Sentinel-3 SLSTR,0.5
9099,2026-08-19,9.5,68.5,28.74,0.59,5,GHRSST L4 / INSAT-3DR MOSDAC / Sentinel-3 SLSTR,0.5
9100,2026-08-19,9.5,69.0,29.34,1.19,5,GHRSST L4 / INSAT-3DR MOSDAC / Sentinel-3 SLSTR,0.5
9101,2026-08-19,9.5,69.5,28.79,0.64,5,GHRSST L4 / INSAT-3DR MOSDAC / Sentinel-3 SLSTR,0.5
9102,2026-08-19,9.5,70.0,29.28,1.13,5,GHRSST L4 / INSAT-3DR MOSDAC / Sentinel-3 SLSTR,0.5
9103,2026-08-19,9.5,70.5,28.86,0.71,5,GHRSST L4 / INSAT-3DR MOSDAC / Sentinel-3 SLSTR,0.5
9104,2026-08-19,9.5,71.0,29.33,1.18,5,GHRSST L4 / INSAT-3DR MOSDAC / Sentinel-3 SLSTR,0.5
9105,2026-08-19,9.5,71.5,29.15,1.0,5,GHRSST L4 / INSAT-3DR MOSDAC / Sentinel-3 SLSTR,0.5
9106,2026-08-19,9.5,72.0,29.01,0.86,5,GHRSST L4 / INSAT-3DR MOSDAC / Sentinel-3 SLSTR,0.5
9107,2026-08-19,9.5,80.5,29.19,1.04,5,GHRSST L4 / INSAT-3DR MOSDAC / Sentinel-3 SLSTR,0.5
9108,2026-08-19,9.5,81.0,28.92,0.77,5,GHRSST L4 / INSAT-3DR MOSDAC / Sentinel-3 SLSTR,0.5
9109,2026-08-19,9.5,81.5,29.02,0.87,5,GHRSST L4 / INSAT-3DR MOSDAC / Sentinel-3 SLSTR,0.5
9110,2026-08-19,9.5,82.0,29.31,1.16,5,GHRSST L4 / INSAT-3DR MOSDAC / Sentinel-3 SLSTR,0.5
9111,2026-08-19,9.5,82.5,28.74,0.59,5,GHRSST L4 / INSAT-3DR MOSDAC / Sentinel-3 SLSTR,0.5
9112,2026-08-19,9.5,83.0,28.89,0.74,5,GHRSST L4 / INSAT-3DR MOSDAC / Sentinel-3 SLSTR,0.5
9113,2026-08-19,9.5,83.5,29.25,1.1,5,GHRSST L4 / INSAT-3DR MOSDAC / Sentinel-3 SLSTR,0.5
9114,2026-08-19,9.5,84.0,29.23,1.08,5,GHRSST L4 / INSAT-3DR MOSDAC / Sentinel-3 SLSTR,0.5
9115,2026-08-19,9.5,84.5,28.84,0.69,5,GHRSST L4 / INSAT-3DR MOSDAC / Sentinel-3 SLSTR,0.5
9116,2026-08-19,9.5,85.0,29.42,1.27,5,GHRSST L4 / INSAT-3DR MOSDAC / Sentinel-3 SLSTR,0.5
9117,2026-08-19,9.5,85.5,29.2,1.05,5,GHRSST L4 / INSAT-3DR MOSDAC / Sentinel-3 SLSTR,0.5
9118,2026-08-19,9.5,86.0,28.99,0.84,5,GHRSST L4 / INSAT-3DR MOSDAC / Sentinel-3 SLSTR,0.5
9119,2026-08-19,9.5,86.5,28.98,0.83,5,GHRSST L4 / INSAT-3DR MOSDAC / Sentinel-3 SLSTR,0.5
9120,2026-08-19,9.5,87.0,29.1,0.95,5,GHRSST L4 / INSAT-3DR MOSDAC / Sentinel-3 SLSTR,0.5
9121,2026-08-19,9.5,87.5,28.76,0.61,5,GHRSST L4 / INSAT-3DR MOSDAC / Sentinel-3 SLSTR,0.5
9122,2026-08-19,9.5,88.0,29.23,1.08,5,GHRSST L4 / INSAT-3DR MOSDAC / Sentinel-3 SLSTR,0.5
9123,2026-08-19,9.5,88.5,28.78,0.63,5,GHRSST L4 / INSAT-3DR MOSDAC / Sentinel-3 SLSTR,0.5
9124,2026-08-19,9.5,89.0,29.19,1.04,5,GHRSST L4 / INSAT-3DR MOSDAC / Sentinel-3 SLSTR,0.5
9125,2026-08-19,9.5,89.5,29.29,1.14,5,GHRSST L4 / INSAT-3DR MOSDAC / Sentinel-3 SLSTR,0.5
9126,2026-08-19,9.5,90.0,29.36,1.21,5,GHRSST L4 / INSAT-3DR MOSDAC / Sentinel-3 SLSTR,0.5
9127,2026-08-19,9.5,90.5,28.83,0.68,5,GHRSST L4 / INSAT-3DR MOSDAC / Sentinel-3 SLSTR,0.5
9128,2026-08-19,9.5,91.0,29.25,1.1,5,GHRSST L4 / INSAT-3DR MOSDAC / Sentinel-3 SLSTR,0.5
9129,2026-08-19,9.5,91.5,29.42,1.27,5,GHRSST L4 / INSAT-3DR MOSDAC / Sentinel-3 SLSTR,0.5
9130,2026-08-19,9.5,92.0,28.78,0.63,5,GHRSST L4 / INSAT-3DR MOSDAC / Sentinel-3 SLSTR,0.5
9131,2026-08-19,9.5,92.5,28.75,0.6,5,GHRSST L4 / INSAT-3DR MOSDAC / Sentinel-3 SLSTR,0.5
9132,2026-08-19,9.5,93.0,28.88,0.73,5,GHRSST L4 / INSAT-3DR MOSDAC / Sentinel-3 SLSTR,0.5
9133,2026-08-19,9.5,93.5,28.87,0.72,5,GHRSST L4 / INSAT-3DR MOSDAC / Sentinel-3 SLSTR,0.5
9134,2026-08-19,9.5,94.0,28.95,0.8,5,GHRSST L4 / INSAT-3DR MOSDAC / Sentinel-3 SLSTR,0.5
9135,2026-08-19,10.0,68.0,29.32,1.22,5,GHRSST L4 / INSAT-3DR MOSDAC / Sentinel-3 SLSTR,0.5
9136,2026-08-19,10.0,68.5,29.15,1.05,5,GHRSST L4 / INSAT-3DR MOSDAC / Sentinel-3 SLSTR,0.5
9137,2026-08-19,10.0,69.0,28.68,0.58,5,GHRSST L4 / INSAT-3DR MOSDAC / Sentinel-3 SLSTR,0.5
9138,2026-08-19,10.0,69.5,29.02,0.92,5,GHRSST L4 / INSAT-3DR MOSDAC / Sentinel-3 SLSTR,0.5
9139,2026-08-19,10.0,70.0,29.28,1.18,5,GHRSST L4 / INSAT-3DR MOSDAC / Sentinel-3 SLSTR,0.5
9140,2026-08-19,10.0,70.5,29.04,0.94,5,GHRSST L4 / INSAT-3DR MOSDAC / Sentinel-3 SLSTR,0.5
9141,2026-08-19,10.0,71.0,28.81,0.71,5,GHRSST L4 / INSAT-3DR MOSDAC / Sentinel-3 SLSTR,0.5
9142,2026-08-19,10.0,71.5,29.34,1.24,5,GHRSST L4 / INSAT-3DR MOSDAC / Sentinel-3 SLSTR,0.5
9143,2026-08-19,10.0,72.0,28.89,0.79,5,GHRSST L4 / INSAT-3DR MOSDAC / Sentinel-3 SLSTR,0.5
9144,2026-08-19,10.0,81.0,28.92,0.82,5,GHRSST L4 / INSAT-3DR MOSDAC / Sentinel-3 SLSTR,0.5
9145,2026-08-19,10.0,81.5,28.92,0.82,5,GHRSST L4 / INSAT-3DR MOSDAC / Sentinel-3 SLSTR,0.5
9146,2026-08-19,10.0,82.0,28.95,0.85,5,GHRSST L4 / INSAT-3DR MOSDAC / Sentinel-3 SLSTR,0.5
9147,2026-08-19,10.0,82.5,29.17,1.07,5,GHRSST L4 / INSAT-3DR MOSDAC / Sentinel-3 SLSTR,0.5
9148,2026-08-19,10.0,83.0,28.89,0.79,5,GHRSST L4 / INSAT-3DR MOSDAC / Sentinel-3 SLSTR,0.5
9149,2026-08-19,10.0,83.5,29.0,0.9,5,GHRSST L4 / INSAT-3DR MOSDAC / Sentinel-3 SLSTR,0.5
9150,2026-08-19,10.0,84.0,28.85,0.75,5,GHRSST L4 / INSAT-3DR MOSDAC / Sentinel-3 SLSTR,0.5
9151,2026-08-19,10.0,84.5,29.03,0.93,5,GHRSST L4 / INSAT-3DR MOSDAC / Sentinel-3 SLSTR,0.5
9152,2026-08-19,10.0,85.0,29.33,1.23,5,GHRSST L4 / INSAT-3DR MOSDAC / Sentinel-3 SLSTR,0.5
9153,2026-08-19,10.0,85.5,28.87,0.77,5,GHRSST L4 / INSAT-3DR MOSDAC / Sentinel-3 SLSTR,0.5
9154,2026-08-19,10.0,86.0,29.24,1.14,5,GHRSST L4 / INSAT-3DR MOSDAC / Sentinel-3 SLSTR,0.5
9155,2026-08-19,10.0,86.5,28.82,0.72,5,GHRSST L4 / INSAT-3DR MOSDAC / Sentinel-3 SLSTR,0.5
9156,2026-08-19,10.0,87.0,28.77,0.67,5,GHRSST L4 / INSAT-3DR MOSDAC / Sentinel-3 SLSTR,0.5
9157,2026-08-19,10.0,87.5,28.73,0.63,5,GHRSST L4 / INSAT-3DR MOSDAC / Sentinel-3 SLSTR,0.5
9158,2026-08-19,10.0,88.0,29.36,1.26,5,GHRSST L4 / INSAT-3DR MOSDAC / Sentinel-3 SLSTR,0.5
9159,2026-08-19,10.0,88.5,29.07,0.97,5,GHRSST L4 / INSAT-3DR MOSDAC / Sentinel-3 SLSTR,0.5
9160,2026-08-19,10.0,89.0,29.03,0.93,5,GHRSST L4 / INSAT-3DR MOSDAC / Sentinel-3 SLSTR,0.5
9161,2026-08-19,10.0,89.5,28.68,0.58,5,GHRSST L4 / INSAT-3DR MOSDAC / Sentinel-3 SLSTR,0.5
9162,2026-08-19,10.0,90.0,29.01,0.91,5,GHRSST L4 / INSAT-3DR MOSDAC / Sentinel-3 SLSTR,0.5
9163,2026-08-19,10.0,90.5,29.13,1.03,5,GHRSST L4 / INSAT-3DR MOSDAC / Sentinel-3 SLSTR,0.5
9164,2026-08-19,10.0,91.0,28.96,0.86,5,GHRSST L4 / INSAT-3DR MOSDAC / Sentinel-3 SLSTR,0.5
9165,2026-08-19,10.0,91.5,28.76,0.66,5,GHRSST L4 / INSAT-3DR MOSDAC / Sentinel-3 SLSTR,0.5
9166,2026-08-19,10.0,92.0,28.86,0.76,5,GHRSST L4 / INSAT-3DR MOSDAC / Sentinel-3 SLSTR,0.5
9167,2026-08-19,10.0,92.5,29.17,1.07,5,GHRSST L4 / INSAT-3DR MOSDAC / Sentinel-3 SLSTR,0.5
9168,2026-08-19,10.0,93.0,29.0,0.9,5,GHRSST L4 / INSAT-3DR MOSDAC / Sentinel-3 SLSTR,0.5
9169,2026-08-19,10.0,93.5,29.01,0.91,5,GHRSST L4 / INSAT-3DR MOSDAC / Sentinel-3 SLSTR,0.5
9170,2026-08-19,10.0,94.0,28.7,0.6,5,GHRSST L4 / INSAT-3DR MOSDAC / Sentinel-3 SLSTR,0.5
9171,2026-08-19,10.5,68.0,28.98,0.93,5,GHRSST L4 / INSAT-3DR MOSDAC / Sentinel-3 SLSTR,0.5
9172,2026-08-19,10.5,68.5,28.91,0.86,5,GHRSST L4 / INSAT-3DR MOSDAC / Sentinel-3 SLSTR,0.5
9173,2026-08-19,10.5,69.0,29.23,1.18,5,GHRSST L4 / INSAT-3DR MOSDAC / Sentinel-3 SLSTR,0.5
9174,2026-08-19,10.5,69.5,28.88,0.83,5,GHRSST L4 / INSAT-3DR MOSDAC / Sentinel-3 SLSTR,0.5
9175,2026-08-19,10.5,70.0,29.04,0.99,5,GHRSST L4 / INSAT-3DR MOSDAC / Sentinel-3 SLSTR,0.5
9176,2026-08-19,10.5,70.5,29.27,1.22,5,GHRSST L4 / INSAT-3DR MOSDAC / Sentinel-3 SLSTR,0.5
9177,2026-08-19,10.5,71.0,29.01,0.96,5,GHRSST L4 / INSAT-3DR MOSDAC / Sentinel-3 SLSTR,0.5
9178,2026-08-19,10.5,71.5,28.63,0.58,5,GHRSST L4 / INSAT-3DR MOSDAC / Sentinel-3 SLSTR,0.5
9179,2026-08-19,10.5,72.0,28.68,0.63,5,GHRSST L4 / INSAT-3DR MOSDAC / Sentinel-3 SLSTR,0.5
9180,2026-08-19,10.5,81.0,29.29,1.24,5,GHRSST L4 / INSAT-3DR MOSDAC / Sentinel-3 SLSTR,0.5
9181,2026-08-19,10.5,81.5,29.0,0.95,5,GHRSST L4 / INSAT-3DR MOSDAC / Sentinel-3 SLSTR,0.5
9182,2026-08-19,10.5,82.0,28.74,0.69,5,GHRSST L4 / INSAT-3DR MOSDAC / Sentinel-3 SLSTR,0.5
9183,2026-08-19,10.5,82.5,29.01,0.96,5,GHRSST L4 / INSAT-3DR MOSDAC / Sentinel-3 SLSTR,0.5
9184,2026-08-19,10.5,83.0,29.28,1.23,5,GHRSST L4 / INSAT-3DR MOSDAC / Sentinel-3 SLSTR,0.5
9185,2026-08-19,10.5,83.5,28.64,0.59,5,GHRSST L4 / INSAT-3DR MOSDAC / Sentinel-3 SLSTR,0.5
9186,2026-08-19,10.5,84.0,28.98,0.93,5,GHRSST L4 / INSAT-3DR MOSDAC / Sentinel-3 SLSTR,0.5
9187,2026-08-19,10.5,84.5,28.71,0.66,5,GHRSST L4 / INSAT-3DR MOSDAC / Sentinel-3 SLSTR,0.5
9188,2026-08-19,10.5,85.0,28.92,0.87,5,GHRSST L4 / INSAT-3DR MOSDAC / Sentinel-3 SLSTR,0.5
9189,2026-08-19,10.5,85.5,29.07,1.02,5,GHRSST L4 / INSAT-3DR MOSDAC / Sentinel-3 SLSTR,0.5
9190,2026-08-19,10.5,86.0,28.93,0.88,5,GHRSST L4 / INSAT-3DR MOSDAC / Sentinel-3 SLSTR,0.5
9191,2026-08-19,10.5,86.5,29.28,1.23,5,GHRSST L4 / INSAT-3DR MOSDAC / Sentinel-3 SLSTR,0.5
9192,2026-08-19,10.5,87.0,29.02,0.97,5,GHRSST L4 / INSAT-3DR MOSDAC / Sentinel-3 SLSTR,0.5
9193,2026-08-19,10.5,87.5,29.28,1.23,5,GHRSST L4 / INSAT-3DR MOSDAC / Sentinel-3 SLSTR,0.5
9194,2026-08-19,10.5,88.0,28.83,0.78,5,GHRSST L4 / INSAT-3DR MOSDAC / Sentinel-3 SLSTR,0.5
9195,2026-08-19,10.5,88.5,28.62,0.57,5,GHRSST L4 / INSAT-3DR MOSDAC / Sentinel-3 SLSTR,0.5
9196,2026-08-19,10.5,89.0,28.72,0.67,5,GHRSST L4 / INSAT-3DR MOSDAC / Sentinel-3 SLSTR,0.5
9197,2026-08-19,10.5,89.5,28.66,0.61,5,GHRSST L4 / INSAT-3DR MOSDAC / Sentinel-3 SLSTR,0.5
9198,2026-08-19,10.5,90.0,29.13,1.08,5,GHRSST L4 / INSAT-3DR MOSDAC / Sentinel-3 SLSTR,0.5
9199,2026-08-19,10.5,90.5,28.74,0.69,5,GHRSST L4 / INSAT-3DR MOSDAC / Sentinel-3 SLSTR,0.5
9200,2026-08-19,10.5,91.0,29.14,1.09,5,GHRSST L4 / INSAT-3DR MOSDAC / Sentinel-3 SLSTR,0.5
9201,2026-08-19,10.5,91.5,28.99,0.94,5,GHRSST L4 / INSAT-3DR MOSDAC / Sentinel-3 SLSTR,0.5
9202,2026-08-19,10.5,92.0,28.76,0.71,5,GHRSST L4 / INSAT-3DR MOSDAC / Sentinel-3 SLSTR,0.5
9203,2026-08-19,10.5,92.5,29.04,0.99,5,GHRSST L4 / INSAT-3DR MOSDAC / Sentinel-3 SLSTR,0.5
9204,2026-08-19,10.5,93.0,28.62,0.57,5,GHRSST L4 / INSAT-3DR MOSDAC / Sentinel-3 SLSTR,0.5
9205,2026-08-19,10.5,93.5,28.84,0.79,5,GHRSST L4 / INSAT-3DR MOSDAC / Sentinel-3 SLSTR,0.5
9206,2026-08-19,10.5,94.0,29.16,1.11,5,GHRSST L4 / INSAT-3DR MOSDAC / Sentinel-3 SLSTR,0.5
9207,2026-08-19,11.0,68.0,29.07,1.07,5,GHRSST L4 / INSAT-3DR MOSDAC / Sentinel-3 SLSTR,0.5
9208,2026-08-19,11.0,68.5,29.1,1.1,5,GHRSST L4 / INSAT-3DR MOSDAC / Sentinel-3 SLSTR,0.5
9209,2026-08-19,11.0,69.0,28.96,0.96,5,GHRSST L4 / INSAT-3DR MOSDAC / Sentinel-3 SLSTR,0.5
9210,2026-08-19,11.0,69.5,28.95,0.95,5,GHRSST L4 / INSAT-3DR MOSDAC / Sentinel-3 SLSTR,0.5
9211,2026-08-19,11.0,70.0,28.84,0.84,5,GHRSST L4 / INSAT-3DR MOSDAC / Sentinel-3 SLSTR,0.5
9212,2026-08-19,11.0,70.5,29.21,1.21,5,GHRSST L4 / INSAT-3DR MOSDAC / Sentinel-3 SLSTR,0.5
9213,2026-08-19,11.0,71.0,29.21,1.21,5,GHRSST L4 / INSAT-3DR MOSDAC / Sentinel-3 SLSTR,0.5
9214,2026-08-19,11.0,71.5,28.56,0.56,5,GHRSST L4 / INSAT-3DR MOSDAC / Sentinel-3 SLSTR,0.5
9215,2026-08-19,11.0,81.5,29.22,1.22,5,GHRSST L4 / INSAT-3DR MOSDAC / Sentinel-3 SLSTR,0.5
9216,2026-08-19,11.0,82.0,29.16,1.16,5,GHRSST L4 / INSAT-3DR MOSDAC / Sentinel-3 SLSTR,0.5
9217,2026-08-19,11.0,82.5,28.97,0.97,5,GHRSST L4 / INSAT-3DR MOSDAC / Sentinel-3 SLSTR,0.5
9218,2026-08-19,11.0,83.0,28.78,0.78,5,GHRSST L4 / INSAT-3DR MOSDAC / Sentinel-3 SLSTR,0.5
9219,2026-08-19,11.0,83.5,28.84,0.84,5,GHRSST L4 / INSAT-3DR MOSDAC / Sentinel-3 SLSTR,0.5
9220,2026-08-19,11.0,84.0,29.14,1.14,5,GHRSST L4 / INSAT-3DR MOSDAC / Sentinel-3 SLSTR,0.5
9221,2026-08-19,11.0,84.5,28.65,0.65,5,GHRSST L4 / INSAT-3DR MOSDAC / Sentinel-3 SLSTR,0.5
9222,2026-08-19,11.0,85.0,28.98,0.98,5,GHRSST L4 / INSAT-3DR MOSDAC / Sentinel-3 SLSTR,0.5
9223,2026-08-19,11.0,85.5,28.71,0.71,5,GHRSST L4 / INSAT-3DR MOSDAC / Sentinel-3 SLSTR,0.5
9224,2026-08-19,11.0,86.0,28.81,0.81,5,GHRSST L4 / INSAT-3DR MOSDAC / Sentinel-3 SLSTR,0.5
9225,2026-08-19,11.0,86.5,28.55,0.55,5,GHRSST L4 / INSAT-3DR MOSDAC / Sentinel-3 SLSTR,0.5
9226,2026-08-19,11.0,87.0,29.23,1.23,5,GHRSST L4 / INSAT-3DR MOSDAC / Sentinel-3 SLSTR,0.5
9227,2026-08-19,11.0,87.5,28.63,0.63,5,GHRSST L4 / INSAT-3DR MOSDAC / Sentinel-3 SLSTR,0.5
9228,2026-08-19,11.0,88.0,29.08,1.08,5,GHRSST L4 / INSAT-3DR MOSDAC / Sentinel-3 SLSTR,0.5
9229,2026-08-19,11.0,88.5,28.94,0.94,5,GHRSST L4 / INSAT-3DR MOSDAC / Sentinel-3 SLSTR,0.5
9230,2026-08-19,11.0,89.0,29.13,1.13,5,GHRSST L4 / INSAT-3DR MOSDAC / Sentinel-3 SLSTR,0.5
9231,2026-08-19,11.0,89.5,28.91,0.91,5,GHRSST L4 / INSAT-3DR MOSDAC / Sentinel-3 SLSTR,0.5
9232,2026-08-19,11.0,90.0,29.24,1.24,5,GHRSST L4 / INSAT-3DR MOSDAC / Sentinel-3 SLSTR,0.5
9233,2026-08-19,11.0,90.5,28.97,0.97,5,GHRSST L4 / INSAT-3DR MOSDAC / Sentinel-3 SLSTR,0.5
9234,2026-08-19,11.0,91.0,28.98,0.98,5,GHRSST L4 / INSAT-3DR MOSDAC / Sentinel-3 SLSTR,0.5
9235,2026-08-19,11.0,91.5,29.19,1.19,5,GHRSST L4 / INSAT-3DR MOSDAC / Sentinel-3 SLSTR,0.5
9236,2026-08-19,11.0,92.0,28.73,0.73,5,GHRSST L4 / INSAT-3DR MOSDAC / Sentinel-3 SLSTR,0.5
9237,2026-08-19,11.0,92.5,28.8,0.8,5,GHRSST L4 / INSAT-3DR MOSDAC / Sentinel-3 SLSTR,0.5
9238,2026-08-19,11.0,93.0,29.02,1.02,5,GHRSST L4 / INSAT-3DR MOSDAC / Sentinel-3 SLSTR,0.5
9239,2026-08-19,11.0,93.5,28.65,0.65,5,GHRSST L4 / INSAT-3DR MOSDAC / Sentinel-3 SLSTR,0.5
9240,2026-08-19,11.0,94.0,29.12,1.12,5,GHRSST L4 / INSAT-3DR MOSDAC / Sentinel-3 SLSTR,0.5
9241,2026-08-19,11.5,68.0,28.9,0.95,5,GHRSST L4 / INSAT-3DR MOSDAC / Sentinel-3 SLSTR,0.5
9242,2026-08-19,11.5,68.5,29.02,1.07,5,GHRSST L4 / INSAT-3DR MOSDAC / Sentinel-3 SLSTR,0.5
9243,2026-08-19,11.5,69.0,29.18,1.23,5,GHRSST L4 / INSAT-3DR MOSDAC / Sentinel-3 SLSTR,0.5
9244,2026-08-19,11.5,69.5,29.17,1.22,5,GHRSST L4 / INSAT-3DR MOSDAC / Sentinel-3 SLSTR,0.5
9245,2026-08-19,11.5,70.0,28.8,0.85,5,GHRSST L4 / INSAT-3DR MOSDAC / Sentinel-3 SLSTR,0.5
9246,2026-08-19,11.5,70.5,28.69,0.74,5,GHRSST L4 / INSAT-3DR MOSDAC / Sentinel-3 SLSTR,0.5
9247,2026-08-19,11.5,71.0,28.93,0.98,5,GHRSST L4 / INSAT-3DR MOSDAC / Sentinel-3 SLSTR,0.5
9248,2026-08-19,11.5,71.5,28.99,1.04,5,GHRSST L4 / INSAT-3DR MOSDAC / Sentinel-3 SLSTR,0.5
9249,2026-08-19,11.5,81.5,28.7,0.75,5,GHRSST L4 / INSAT-3DR MOSDAC / Sentinel-3 SLSTR,0.5
9250,2026-08-19,11.5,82.0,28.69,0.74,5,GHRSST L4 / INSAT-3DR MOSDAC / Sentinel-3 SLSTR,0.5
9251,2026-08-19,11.5,82.5,28.64,0.69,5,GHRSST L4 / INSAT-3DR MOSDAC / Sentinel-3 SLSTR,0.5
9252,2026-08-19,11.5,83.0,29.13,1.18,5,GHRSST L4 / INSAT-3DR MOSDAC / Sentinel-3 SLSTR,0.5
9253,2026-08-19,11.5,83.5,28.56,0.61,5,GHRSST L4 / INSAT-3DR MOSDAC / Sentinel-3 SLSTR,0.5
9254,2026-08-19,11.5,84.0,28.66,0.71,5,GHRSST L4 / INSAT-3DR MOSDAC / Sentinel-3 SLSTR,0.5
9255,2026-08-19,11.5,84.5,28.93,0.98,5,GHRSST L4 / INSAT-3DR MOSDAC / Sentinel-3 SLSTR,0.5
9256,2026-08-19,11.5,85.0,28.82,0.87,5,GHRSST L4 / INSAT-3DR MOSDAC / Sentinel-3 SLSTR,0.5
9257,2026-08-19,11.5,85.5,28.57,0.62,5,GHRSST L4 / INSAT-3DR MOSDAC / Sentinel-3 SLSTR,0.5
9258,2026-08-19,11.5,86.0,28.69,0.74,5,GHRSST L4 / INSAT-3DR MOSDAC / Sentinel-3 SLSTR,0.5
9259,2026-08-19,11.5,86.5,28.78,0.83,5,GHRSST L4 / INSAT-3DR MOSDAC / Sentinel-3 SLSTR,0.5
9260,2026-08-19,11.5,87.0,29.16,1.21,5,GHRSST L4 / INSAT-3DR MOSDAC / Sentinel-3 SLSTR,0.5
9261,2026-08-19,11.5,87.5,28.77,0.82,5,GHRSST L4 / INSAT-3DR MOSDAC / Sentinel-3 SLSTR,0.5
9262,2026-08-19,11.5,88.0,28.57,0.62,5,GHRSST L4 / INSAT-3DR MOSDAC / Sentinel-3 SLSTR,0.5
9263,2026-08-19,11.5,88.5,29.17,1.22,5,GHRSST L4 / INSAT-3DR MOSDAC / Sentinel-3 SLSTR,0.5
9264,2026-08-19,11.5,89.0,28.79,0.84,5,GHRSST L4 / INSAT-3DR MOSDAC / Sentinel-3 SLSTR,0.5
9265,2026-08-19,11.5,89.5,28.59,0.64,5,GHRSST L4 / INSAT-3DR MOSDAC / Sentinel-3 SLSTR,0.5
9266,2026-08-19,11.5,90.0,28.92,0.97,5,GHRSST L4 / INSAT-3DR MOSDAC / Sentinel-3 SLSTR,0.5
9267,2026-08-19,11.5,90.5,29.06,1.11,5,GHRSST L4 / INSAT-3DR MOSDAC / Sentinel-3 SLSTR,0.5
9268,2026-08-19,11.5,91.0,28.99,1.04,5,GHRSST L4 / INSAT-3DR MOSDAC / Sentinel-3 SLSTR,0.5
9269,2026-08-19,11.5,91.5,28.71,0.76,5,GHRSST L4 / INSAT-3DR MOSDAC / Sentinel-3 SLSTR,0.5
9270,2026-08-19,11.5,92.0,28.66,0.71,5,GHRSST L4 / INSAT-3DR MOSDAC / Sentinel-3 SLSTR,0.5
9271,2026-08-19,11.5,92.5,29.11,1.16,5,GHRSST L4 / INSAT-3DR MOSDAC / Sentinel-3 SLSTR,0.5
9272,2026-08-19,11.5,93.0,28.63,0.68,5,GHRSST L4 / INSAT-3DR MOSDAC / Sentinel-3 SLSTR,0.5
9273,2026-08-19,11.5,93.5,29.02,1.07,5,GHRSST L4 / INSAT-3DR MOSDAC / Sentinel-3 SLSTR,0.5
9274,2026-08-19,11.5,94.0,28.51,0.56,5,GHRSST L4 / INSAT-3DR MOSDAC / Sentinel-3 SLSTR,0.5
9275,2026-08-19,12.0,68.0,28.72,0.82,5,GHRSST L4 / INSAT-3DR MOSDAC / Sentinel-3 SLSTR,0.5
9276,2026-08-19,12.0,68.5,29.12,1.22,5,GHRSST L4 / INSAT-3DR MOSDAC / Sentinel-3 SLSTR,0.5
9277,2026-08-19,12.0,69.0,28.87,0.97,5,GHRSST L4 / INSAT-3DR MOSDAC / Sentinel-3 SLSTR,0.5
9278,2026-08-19,12.0,69.5,28.65,0.75,5,GHRSST L4 / INSAT-3DR MOSDAC / Sentinel-3 SLSTR,0.5
9279,2026-08-19,12.0,70.0,28.92,1.02,5,GHRSST L4 / INSAT-3DR MOSDAC / Sentinel-3 SLSTR,0.5
9280,2026-08-19,12.0,70.5,28.68,0.78,5,GHRSST L4 / INSAT-3DR MOSDAC / Sentinel-3 SLSTR,0.5
9281,2026-08-19,12.0,71.0,29.09,1.19,5,GHRSST L4 / INSAT-3DR MOSDAC / Sentinel-3 SLSTR,0.5
9282,2026-08-19,12.0,71.5,28.59,0.69,5,GHRSST L4 / INSAT-3DR MOSDAC / Sentinel-3 SLSTR,0.5
9283,2026-08-19,12.0,82.0,28.65,0.75,5,GHRSST L4 / INSAT-3DR MOSDAC / Sentinel-3 SLSTR,0.5
9284,2026-08-19,12.0,82.5,28.91,1.01,5,GHRSST L4 / INSAT-3DR MOSDAC / Sentinel-3 SLSTR,0.5
9285,2026-08-19,12.0,83.0,28.99,1.09,5,GHRSST L4 / INSAT-3DR MOSDAC / Sentinel-3 SLSTR,0.5
9286,2026-08-19,12.0,83.5,28.83,0.93,5,GHRSST L4 / INSAT-3DR MOSDAC / Sentinel-3 SLSTR,0.5
9287,2026-08-19,12.0,84.0,28.63,0.73,5,GHRSST L4 / INSAT-3DR MOSDAC / Sentinel-3 SLSTR,0.5
9288,2026-08-19,12.0,84.5,28.83,0.93,5,GHRSST L4 / INSAT-3DR MOSDAC / Sentinel-3 SLSTR,0.5
9289,2026-08-19,12.0,85.0,28.58,0.68,5,GHRSST L4 / INSAT-3DR MOSDAC / Sentinel-3 SLSTR,0.5
9290,2026-08-19,12.0,85.5,28.47,0.57,5,GHRSST L4 / INSAT-3DR MOSDAC / Sentinel-3 SLSTR,0.5
9291,2026-08-19,12.0,86.0,29.07,1.17,5,GHRSST L4 / INSAT-3DR MOSDAC / Sentinel-3 SLSTR,0.5
9292,2026-08-19,12.0,86.5,28.77,0.87,5,GHRSST L4 / INSAT-3DR MOSDAC / Sentinel-3 SLSTR,0.5
9293,2026-08-19,12.0,87.0,28.77,0.87,5,GHRSST L4 / INSAT-3DR MOSDAC / Sentinel-3 SLSTR,0.5
9294,2026-08-19,12.0,87.5,28.95,1.05,5,GHRSST L4 / INSAT-3DR MOSDAC / Sentinel-3 SLSTR,0.5
9295,2026-08-19,12.0,88.0,28.82,0.92,5,GHRSST L4 / INSAT-3DR MOSDAC / Sentinel-3 SLSTR,0.5
9296,2026-08-19,12.0,88.5,28.75,0.85,5,GHRSST L4 / INSAT-3DR MOSDAC / Sentinel-3 SLSTR,0.5
9297,2026-08-19,12.0,89.0,28.99,1.09,5,GHRSST L4 / INSAT-3DR MOSDAC / Sentinel-3 SLSTR,0.5
9298,2026-08-19,12.0,89.5,28.76,0.86,5,GHRSST L4 / INSAT-3DR MOSDAC / Sentinel-3 SLSTR,0.5
9299,2026-08-19,12.0,90.0,29.07,1.17,5,GHRSST L4 / INSAT-3DR MOSDAC / Sentinel-3 SLSTR,0.5
9300,2026-08-19,12.0,90.5,28.64,0.74,5,GHRSST L4 / INSAT-3DR MOSDAC / Sentinel-3 SLSTR,0.5
9301,2026-08-19,12.0,91.0,28.45,0.55,5,GHRSST L4 / INSAT-3DR MOSDAC / Sentinel-3 SLSTR,0.5
9302,2026-08-19,12.0,91.5,28.53,0.63,5,GHRSST L4 / INSAT-3DR MOSDAC / Sentinel-3 SLSTR,0.5
9303,2026-08-19,12.0,92.0,29.0,1.1,5,GHRSST L4 / INSAT-3DR MOSDAC / Sentinel-3 SLSTR,0.5
9304,2026-08-19,12.0,92.5,29.08,1.18,5,GHRSST L4 / INSAT-3DR MOSDAC / Sentinel-3 SLSTR,0.5
9305,2026-08-19,12.0,93.0,28.48,0.58,5,GHRSST L4 / INSAT-3DR MOSDAC / Sentinel-3 SLSTR,0.5
9306,2026-08-19,12.0,93.5,29.07,1.17,5,GHRSST L4 / INSAT-3DR MOSDAC / Sentinel-3 SLSTR,0.5
9307,2026-08-19,12.0,94.0,29.09,1.19,5,GHRSST L4 / INSAT-3DR MOSDAC / Sentinel-3 SLSTR,0.5
9308,2026-08-19,12.5,68.0,28.9,1.05,5,GHRSST L4 / INSAT-3DR MOSDAC / Sentinel-3 SLSTR,0.5
9309,2026-08-19,12.5,68.5,28.9,1.05,5,GHRSST L4 / INSAT-3DR MOSDAC / Sentinel-3 SLSTR,0.5
9310,2026-08-19,12.5,69.0,28.37,0.52,5,GHRSST L4 / INSAT-3DR MOSDAC / Sentinel-3 SLSTR,0.5
9311,2026-08-19,12.5,69.5,28.53,0.68,5,GHRSST L4 / INSAT-3DR MOSDAC / Sentinel-3 SLSTR,0.5
9312,2026-08-19,12.5,70.0,28.52,0.67,5,GHRSST L4 / INSAT-3DR MOSDAC / Sentinel-3 SLSTR,0.5
9313,2026-08-19,12.5,70.5,28.78,0.93,5,GHRSST L4 / INSAT-3DR MOSDAC / Sentinel-3 SLSTR,0.5
9314,2026-08-19,12.5,71.0,28.83,0.98,5,GHRSST L4 / INSAT-3DR MOSDAC / Sentinel-3 SLSTR,0.5
9315,2026-08-19,12.5,71.5,29.0,1.15,5,GHRSST L4 / INSAT-3DR MOSDAC / Sentinel-3 SLSTR,0.5
9316,2026-08-19,12.5,82.0,28.71,0.86,5,GHRSST L4 / INSAT-3DR MOSDAC / Sentinel-3 SLSTR,0.5
9317,2026-08-19,12.5,82.5,28.72,0.87,5,GHRSST L4 / INSAT-3DR MOSDAC / Sentinel-3 SLSTR,0.5
9318,2026-08-19,12.5,83.0,28.41,0.56,5,GHRSST L4 / INSAT-3DR MOSDAC / Sentinel-3 SLSTR,0.5
9319,2026-08-19,12.5,83.5,29.07,1.22,5,GHRSST L4 / INSAT-3DR MOSDAC / Sentinel-3 SLSTR,0.5
9320,2026-08-19,12.5,84.0,29.03,1.18,5,GHRSST L4 / INSAT-3DR MOSDAC / Sentinel-3 SLSTR,0.5
9321,2026-08-19,12.5,84.5,28.42,0.57,5,GHRSST L4 / INSAT-3DR MOSDAC / Sentinel-3 SLSTR,0.5
9322,2026-08-19,12.5,85.0,28.76,0.91,5,GHRSST L4 / INSAT-3DR MOSDAC / Sentinel-3 SLSTR,0.5
9323,2026-08-19,12.5,85.5,28.61,0.76,5,GHRSST L4 / INSAT-3DR MOSDAC / Sentinel-3 SLSTR,0.5
9324,2026-08-19,12.5,86.0,28.67,0.82,5,GHRSST L4 / INSAT-3DR MOSDAC / Sentinel-3 SLSTR,0.5
9325,2026-08-19,12.5,86.5,28.83,0.98,5,GHRSST L4 / INSAT-3DR MOSDAC / Sentinel-3 SLSTR,0.5
9326,2026-08-19,12.5,87.0,28.66,0.81,5,GHRSST L4 / INSAT-3DR MOSDAC / Sentinel-3 SLSTR,0.5
9327,2026-08-19,12.5,87.5,28.72,0.87,5,GHRSST L4 / INSAT-3DR MOSDAC / Sentinel-3 SLSTR,0.5
9328,2026-08-19,12.5,88.0,28.56,0.71,5,GHRSST L4 / INSAT-3DR MOSDAC / Sentinel-3 SLSTR,0.5
9329,2026-08-19,12.5,88.5,28.43,0.58,5,GHRSST L4 / INSAT-3DR MOSDAC / Sentinel-3 SLSTR,0.5
9330,2026-08-19,12.5,89.0,28.9,1.05,5,GHRSST L4 / INSAT-3DR MOSDAC / Sentinel-3 SLSTR,0.5
9331,2026-08-19,12.5,89.5,28.63,0.78,5,GHRSST L4 / INSAT-3DR MOSDAC / Sentinel-3 SLSTR,0.5
9332,2026-08-19,12.5,90.0,28.99,1.14,5,GHRSST L4 / INSAT-3DR MOSDAC / Sentinel-3 SLSTR,0.5
9333,2026-08-19,12.5,90.5,29.03,1.18,5,GHRSST L4 / INSAT-3DR MOSDAC / Sentinel-3 SLSTR,0.5
9334,2026-08-19,12.5,91.0,28.43,0.58,5,GHRSST L4 / INSAT-3DR MOSDAC / Sentinel-3 SLSTR,0.5
9335,2026-08-19,12.5,91.5,28.85,1.0,5,GHRSST L4 / INSAT-3DR MOSDAC / Sentinel-3 SLSTR,0.5
9336,2026-08-19,12.5,92.0,28.94,1.09,5,GHRSST L4 / INSAT-3DR MOSDAC / Sentinel-3 SLSTR,0.5
9337,2026-08-19,12.5,92.5,28.82,0.97,5,GHRSST L4 / INSAT-3DR MOSDAC / Sentinel-3 SLSTR,0.5
9338,2026-08-19,12.5,93.0,28.6,0.75,5,GHRSST L4 / INSAT-3DR MOSDAC / Sentinel-3 SLSTR,0.5
9339,2026-08-19,12.5,93.5,28.57,0.72,5,GHRSST L4 / INSAT-3DR MOSDAC / Sentinel-3 SLSTR,0.5
9340,2026-08-19,12.5,94.0,28.69,0.84,5,GHRSST L4 / INSAT-3DR MOSDAC / Sentinel-3 SLSTR,0.5
9341,2026-08-19,13.0,68.0,28.49,0.69,5,GHRSST L4 / INSAT-3DR MOSDAC / Sentinel-3 SLSTR,0.5
9342,2026-08-19,13.0,68.5,28.94,1.14,5,GHRSST L4 / INSAT-3DR MOSDAC / Sentinel-3 SLSTR,0.5
9343,2026-08-19,13.0,69.0,28.34,0.54,5,GHRSST L4 / INSAT-3DR MOSDAC / Sentinel-3 SLSTR,0.5
9344,2026-08-19,13.0,69.5,28.39,0.59,5,GHRSST L4 / INSAT-3DR MOSDAC / Sentinel-3 SLSTR,0.5
9345,2026-08-19,13.0,70.0,28.73,0.93,5,GHRSST L4 / INSAT-3DR MOSDAC / Sentinel-3 SLSTR,0.5
9346,2026-08-19,13.0,70.5,28.77,0.97,5,GHRSST L4 / INSAT-3DR MOSDAC / Sentinel-3 SLSTR,0.5
9347,2026-08-19,13.0,71.0,28.83,1.03,5,GHRSST L4 / INSAT-3DR MOSDAC / Sentinel-3 SLSTR,0.5
9348,2026-08-19,13.0,82.5,28.5,0.7,5,GHRSST L4 / INSAT-3DR MOSDAC / Sentinel-3 SLSTR,0.5
9349,2026-08-19,13.0,83.0,28.52,0.72,5,GHRSST L4 / INSAT-3DR MOSDAC / Sentinel-3 SLSTR,0.5
9350,2026-08-19,13.0,83.5,28.6,0.8,5,GHRSST L4 / INSAT-3DR MOSDAC / Sentinel-3 SLSTR,0.5
9351,2026-08-19,13.0,84.0,28.47,0.67,5,GHRSST L4 / INSAT-3DR MOSDAC / Sentinel-3 SLSTR,0.5
9352,2026-08-19,13.0,84.5,28.57,0.77,5,GHRSST L4 / INSAT-3DR MOSDAC / Sentinel-3 SLSTR,0.5
9353,2026-08-19,13.0,85.0,28.8,1.0,5,GHRSST L4 / INSAT-3DR MOSDAC / Sentinel-3 SLSTR,0.5
9354,2026-08-19,13.0,85.5,28.66,0.86,5,GHRSST L4 / INSAT-3DR MOSDAC / Sentinel-3 SLSTR,0.5
9355,2026-08-19,13.0,86.0,28.99,1.19,5,GHRSST L4 / INSAT-3DR MOSDAC / Sentinel-3 SLSTR,0.5
9356,2026-08-19,13.0,86.5,28.72,0.92,5,GHRSST L4 / INSAT-3DR MOSDAC / Sentinel-3 SLSTR,0.5
9357,2026-08-19,13.0,87.0,28.54,0.74,5,GHRSST L4 / INSAT-3DR MOSDAC / Sentinel-3 SLSTR,0.5
9358,2026-08-19,13.0,87.5,28.44,0.64,5,GHRSST L4 / INSAT-3DR MOSDAC / Sentinel-3 SLSTR,0.5
9359,2026-08-19,13.0,88.0,28.46,0.66,5,GHRSST L4 / INSAT-3DR MOSDAC / Sentinel-3 SLSTR,0.5
9360,2026-08-19,13.0,88.5,28.32,0.52,5,GHRSST L4 / INSAT-3DR MOSDAC / Sentinel-3 SLSTR,0.5
9361,2026-08-19,13.0,89.0,28.62,0.82,5,GHRSST L4 / INSAT-3DR MOSDAC / Sentinel-3 SLSTR,0.5
9362,2026-08-19,13.0,89.5,28.98,1.18,5,GHRSST L4 / INSAT-3DR MOSDAC / Sentinel-3 SLSTR,0.5
9363,2026-08-19,13.0,90.0,28.85,1.05,5,GHRSST L4 / INSAT-3DR MOSDAC / Sentinel-3 SLSTR,0.5
9364,2026-08-19,13.0,90.5,28.52,0.72,5,GHRSST L4 / INSAT-3DR MOSDAC / Sentinel-3 SLSTR,0.5
9365,2026-08-19,13.0,91.0,28.87,1.07,5,GHRSST L4 / INSAT-3DR MOSDAC / Sentinel-3 SLSTR,0.5
9366,2026-08-19,13.0,91.5,28.96,1.16,5,GHRSST L4 / INSAT-3DR MOSDAC / Sentinel-3 SLSTR,0.5
9367,2026-08-19,13.0,92.0,28.78,0.98,5,GHRSST L4 / INSAT-3DR MOSDAC / Sentinel-3 SLSTR,0.5
9368,2026-08-19,13.0,92.5,28.67,0.87,5,GHRSST L4 / INSAT-3DR MOSDAC / Sentinel-3 SLSTR,0.5
9369,2026-08-19,13.0,93.0,28.41,0.61,5,GHRSST L4 / INSAT-3DR MOSDAC / Sentinel-3 SLSTR,0.5
9370,2026-08-19,13.0,93.5,28.37,0.57,5,GHRSST L4 / INSAT-3DR MOSDAC / Sentinel-3 SLSTR,0.5
9371,2026-08-19,13.0,94.0,28.46,0.66,5,GHRSST L4 / INSAT-3DR MOSDAC / Sentinel-3 SLSTR,0.5
9372,2026-08-19,13.5,68.0,28.71,0.96,5,GHRSST L4 / INSAT-3DR MOSDAC / Sentinel-3 SLSTR,0.5
9373,2026-08-19,13.5,68.5,28.36,0.61,5,GHRSST L4 / INSAT-3DR MOSDAC / Sentinel-3 SLSTR,0.5
9374,2026-08-19,13.5,69.0,28.62,0.87,5,GHRSST L4 / INSAT-3DR MOSDAC / Sentinel-3 SLSTR,0.5
9375,2026-08-19,13.5,69.5,28.56,0.81,5,GHRSST L4 / INSAT-3DR MOSDAC / Sentinel-3 SLSTR,0.5
9376,2026-08-19,13.5,70.0,28.69,0.94,5,GHRSST L4 / INSAT-3DR MOSDAC / Sentinel-3 SLSTR,0.5
9377,2026-08-19,13.5,70.5,28.29,0.54,5,GHRSST L4 / INSAT-3DR MOSDAC / Sentinel-3 SLSTR,0.5
9378,2026-08-19,13.5,71.0,28.94,1.19,5,GHRSST L4 / INSAT-3DR MOSDAC / Sentinel-3 SLSTR,0.5
9379,2026-08-19,13.5,82.5,28.73,0.98,5,GHRSST L4 / INSAT-3DR MOSDAC / Sentinel-3 SLSTR,0.5
9380,2026-08-19,13.5,83.0,28.76,1.01,5,GHRSST L4 / INSAT-3DR MOSDAC / Sentinel-3 SLSTR,0.5
9381,2026-08-19,13.5,83.5,28.26,0.51,5,GHRSST L4 / INSAT-3DR MOSDAC / Sentinel-3 SLSTR,0.5
9382,2026-08-19,13.5,84.0,28.31,0.56,5,GHRSST L4 / INSAT-3DR MOSDAC / Sentinel-3 SLSTR,0.5
9383,2026-08-19,13.5,84.5,28.73,0.98,5,GHRSST L4 / INSAT-3DR MOSDAC / Sentinel-3 SLSTR,0.5
9384,2026-08-19,13.5,85.0,28.33,0.58,5,GHRSST L4 / INSAT-3DR MOSDAC / Sentinel-3 SLSTR,0.5
9385,2026-08-19,13.5,85.5,28.88,1.13,5,GHRSST L4 / INSAT-3DR MOSDAC / Sentinel-3 SLSTR,0.5
9386,2026-08-19,13.5,86.0,28.69,0.94,5,GHRSST L4 / INSAT-3DR MOSDAC / Sentinel-3 SLSTR,0.5
9387,2026-08-19,13.5,86.5,28.3,0.55,5,GHRSST L4 / INSAT-3DR MOSDAC / Sentinel-3 SLSTR,0.5
9388,2026-08-19,13.5,87.0,28.68,0.93,5,GHRSST L4 / INSAT-3DR MOSDAC / Sentinel-3 SLSTR,0.5
9389,2026-08-19,13.5,87.5,28.81,1.06,5,GHRSST L4 / INSAT-3DR MOSDAC / Sentinel-3 SLSTR,0.5
9390,2026-08-19,13.5,88.0,28.81,1.06,5,GHRSST L4 / INSAT-3DR MOSDAC / Sentinel-3 SLSTR,0.5
9391,2026-08-19,13.5,88.5,28.53,0.78,5,GHRSST L4 / INSAT-3DR MOSDAC / Sentinel-3 SLSTR,0.5
9392,2026-08-19,13.5,89.0,28.57,0.82,5,GHRSST L4 / INSAT-3DR MOSDAC / Sentinel-3 SLSTR,0.5
9393,2026-08-19,13.5,89.5,28.77,1.02,5,GHRSST L4 / INSAT-3DR MOSDAC / Sentinel-3 SLSTR,0.5
9394,2026-08-19,13.5,90.0,28.86,1.11,5,GHRSST L4 / INSAT-3DR MOSDAC / Sentinel-3 SLSTR,0.5
9395,2026-08-19,13.5,90.5,28.81,1.06,5,GHRSST L4 / INSAT-3DR MOSDAC / Sentinel-3 SLSTR,0.5
9396,2026-08-19,13.5,91.0,28.67,0.92,5,GHRSST L4 / INSAT-3DR MOSDAC / Sentinel-3 SLSTR,0.5
9397,2026-08-19,13.5,91.5,28.76,1.01,5,GHRSST L4 / INSAT-3DR MOSDAC / Sentinel-3 SLSTR,0.5
9398,2026-08-19,13.5,92.0,28.71,0.96,5,GHRSST L4 / INSAT-3DR MOSDAC / Sentinel-3 SLSTR,0.5
9399,2026-08-19,13.5,92.5,28.65,0.9,5,GHRSST L4 / INSAT-3DR MOSDAC / Sentinel-3 SLSTR,0.5
9400,2026-08-19,13.5,93.0,28.89,1.14,5,GHRSST L4 / INSAT-3DR MOSDAC / Sentinel-3 SLSTR,0.5
9401,2026-08-19,13.5,93.5,28.7,0.95,5,GHRSST L4 / INSAT-3DR MOSDAC / Sentinel-3 SLSTR,0.5
9402,2026-08-19,13.5,94.0,28.52,0.77,5,GHRSST L4 / INSAT-3DR MOSDAC / Sentinel-3 SLSTR,0.5
9403,2026-08-19,14.0,68.0,28.87,1.17,5,GHRSST L4 / INSAT-3DR MOSDAC / Sentinel-3 SLSTR,0.5
9404,2026-08-19,14.0,68.5,28.85,1.15,5,GHRSST L4 / INSAT-3DR MOSDAC / Sentinel-3 SLSTR,0.5
9405,2026-08-19,14.0,69.0,28.74,1.04,5,GHRSST L4 / INSAT-3DR MOSDAC / Sentinel-3 SLSTR,0.5
9406,2026-08-19,14.0,69.5,28.21,0.51,5,GHRSST L4 / INSAT-3DR MOSDAC / Sentinel-3 SLSTR,0.5
9407,2026-08-19,14.0,70.0,28.7,1.0,5,GHRSST L4 / INSAT-3DR MOSDAC / Sentinel-3 SLSTR,0.5
9408,2026-08-19,14.0,70.5,28.21,0.51,5,GHRSST L4 / INSAT-3DR MOSDAC / Sentinel-3 SLSTR,0.5
9409,2026-08-19,14.0,71.0,28.24,0.54,5,GHRSST L4 / INSAT-3DR MOSDAC / Sentinel-3 SLSTR,0.5
9410,2026-08-19,14.0,82.5,28.44,0.74,5,GHRSST L4 / INSAT-3DR MOSDAC / Sentinel-3 SLSTR,0.5
9411,2026-08-19,14.0,83.0,28.41,0.71,5,GHRSST L4 / INSAT-3DR MOSDAC / Sentinel-3 SLSTR,0.5
9412,2026-08-19,14.0,83.5,28.58,0.88,5,GHRSST L4 / INSAT-3DR MOSDAC / Sentinel-3 SLSTR,0.5
9413,2026-08-19,14.0,84.0,28.36,0.66,5,GHRSST L4 / INSAT-3DR MOSDAC / Sentinel-3 SLSTR,0.5
9414,2026-08-19,14.0,84.5,28.33,0.63,5,GHRSST L4 / INSAT-3DR MOSDAC / Sentinel-3 SLSTR,0.5
9415,2026-08-19,14.0,85.0,28.66,0.96,5,GHRSST L4 / INSAT-3DR MOSDAC / Sentinel-3 SLSTR,0.5
9416,2026-08-19,14.0,85.5,28.5,0.8,5,GHRSST L4 / INSAT-3DR MOSDAC / Sentinel-3 SLSTR,0.5
9417,2026-08-19,14.0,86.0,28.23,0.53,5,GHRSST L4 / INSAT-3DR MOSDAC / Sentinel-3 SLSTR,0.5
9418,2026-08-19,14.0,86.5,28.5,0.8,5,GHRSST L4 / INSAT-3DR MOSDAC / Sentinel-3 SLSTR,0.5
9419,2026-08-19,14.0,87.0,28.72,1.02,5,GHRSST L4 / INSAT-3DR MOSDAC / Sentinel-3 SLSTR,0.5
9420,2026-08-19,14.0,87.5,28.24,0.54,5,GHRSST L4 / INSAT-3DR MOSDAC / Sentinel-3 SLSTR,0.5
9421,2026-08-19,14.0,88.0,28.83,1.13,5,GHRSST L4 / INSAT-3DR MOSDAC / Sentinel-3 SLSTR,0.5
9422,2026-08-19,14.0,88.5,28.52,0.82,5,GHRSST L4 / INSAT-3DR MOSDAC / Sentinel-3 SLSTR,0.5
9423,2026-08-19,14.0,89.0,28.55,0.85,5,GHRSST L4 / INSAT-3DR MOSDAC / Sentinel-3 SLSTR,0.5
9424,2026-08-19,14.0,89.5,28.4,0.7,5,GHRSST L4 / INSAT-3DR MOSDAC / Sentinel-3 SLSTR,0.5
9425,2026-08-19,14.0,90.0,28.64,0.94,5,GHRSST L4 / INSAT-3DR MOSDAC / Sentinel-3 SLSTR,0.5
9426,2026-08-19,14.0,90.5,28.21,0.51,5,GHRSST L4 / INSAT-3DR MOSDAC / Sentinel-3 SLSTR,0.5
9427,2026-08-19,14.0,91.0,28.71,1.01,5,GHRSST L4 / INSAT-3DR MOSDAC / Sentinel-3 SLSTR,0.5
9428,2026-08-19,14.0,91.5,28.26,0.56,5,GHRSST L4 / INSAT-3DR MOSDAC / Sentinel-3 SLSTR,0.5
9429,2026-08-19,14.0,92.0,28.5,0.8,5,GHRSST L4 / INSAT-3DR MOSDAC / Sentinel-3 SLSTR,0.5
9430,2026-08-19,14.0,92.5,28.29,0.59,5,GHRSST L4 / INSAT-3DR MOSDAC / Sentinel-3 SLSTR,0.5
9431,2026-08-19,14.0,93.0,28.31,0.61,5,GHRSST L4 / INSAT-3DR MOSDAC / Sentinel-3 SLSTR,0.5
9432,2026-08-19,14.0,93.5,28.52,0.82,5,GHRSST L4 / INSAT-3DR MOSDAC / Sentinel-3 SLSTR,0.5
9433,2026-08-19,14.0,94.0,28.24,0.54,5,GHRSST L4 / INSAT-3DR MOSDAC / Sentinel-3 SLSTR,0.5
9434,2026-08-19,14.5,68.0,28.23,0.58,5,GHRSST L4 / INSAT-3DR MOSDAC / Sentinel-3 SLSTR,0.5
9435,2026-08-19,14.5,68.5,28.51,0.86,5,GHRSST L4 / INSAT-3DR MOSDAC / Sentinel-3 SLSTR,0.5
9436,2026-08-19,14.5,69.0,28.62,0.97,5,GHRSST L4 / INSAT-3DR MOSDAC / Sentinel-3 SLSTR,0.5
9437,2026-08-19,14.5,69.5,28.38,0.73,5,GHRSST L4 / INSAT-3DR MOSDAC / Sentinel-3 SLSTR,0.5
9438,2026-08-19,14.5,70.0,28.74,1.09,5,GHRSST L4 / INSAT-3DR MOSDAC / Sentinel-3 SLSTR,0.5
9439,2026-08-19,14.5,70.5,28.24,0.59,5,GHRSST L4 / INSAT-3DR MOSDAC / Sentinel-3 SLSTR,0.5
9440,2026-08-19,14.5,71.0,28.52,0.87,5,GHRSST L4 / INSAT-3DR MOSDAC / Sentinel-3 SLSTR,0.5
9441,2026-08-19,14.5,83.0,28.19,0.54,5,GHRSST L4 / INSAT-3DR MOSDAC / Sentinel-3 SLSTR,0.5
9442,2026-08-19,14.5,83.5,28.25,0.6,5,GHRSST L4 / INSAT-3DR MOSDAC / Sentinel-3 SLSTR,0.5
9443,2026-08-19,14.5,84.0,28.77,1.12,5,GHRSST L4 / INSAT-3DR MOSDAC / Sentinel-3 SLSTR,0.5
9444,2026-08-19,14.5,84.5,28.82,1.17,5,GHRSST L4 / INSAT-3DR MOSDAC / Sentinel-3 SLSTR,0.5
9445,2026-08-19,14.5,85.0,28.83,1.18,5,GHRSST L4 / INSAT-3DR MOSDAC / Sentinel-3 SLSTR,0.5
9446,2026-08-19,14.5,85.5,28.69,1.04,5,GHRSST L4 / INSAT-3DR MOSDAC / Sentinel-3 SLSTR,0.5
9447,2026-08-19,14.5,86.0,28.27,0.62,5,GHRSST L4 / INSAT-3DR MOSDAC / Sentinel-3 SLSTR,0.5
9448,2026-08-19,14.5,86.5,28.33,0.68,5,GHRSST L4 / INSAT-3DR MOSDAC / Sentinel-3 SLSTR,0.5
9449,2026-08-19,14.5,87.0,28.19,0.54,5,GHRSST L4 / INSAT-3DR MOSDAC / Sentinel-3 SLSTR,0.5
9450,2026-08-19,14.5,87.5,28.17,0.52,5,GHRSST L4 / INSAT-3DR MOSDAC / Sentinel-3 SLSTR,0.5
9451,2026-08-19,14.5,88.0,28.64,0.99,5,GHRSST L4 / INSAT-3DR MOSDAC / Sentinel-3 SLSTR,0.5
9452,2026-08-19,14.5,88.5,28.51,0.86,5,GHRSST L4 / INSAT-3DR MOSDAC / Sentinel-3 SLSTR,0.5
9453,2026-08-19,14.5,89.0,28.59,0.94,5,GHRSST L4 / INSAT-3DR MOSDAC / Sentinel-3 SLSTR,0.5
9454,2026-08-19,14.5,89.5,28.54,0.89,5,GHRSST L4 / INSAT-3DR MOSDAC / Sentinel-3 SLSTR,0.5
9455,2026-08-19,14.5,90.0,28.14,0.49,5,GHRSST L4 / INSAT-3DR MOSDAC / Sentinel-3 SLSTR,0.5
9456,2026-08-19,14.5,90.5,28.35,0.7,5,GHRSST L4 / INSAT-3DR MOSDAC / Sentinel-3 SLSTR,0.5
9457,2026-08-19,14.5,91.0,28.61,0.96,5,GHRSST L4 / INSAT-3DR MOSDAC / Sentinel-3 SLSTR,0.5
9458,2026-08-19,14.5,91.5,28.73,1.08,5,GHRSST L4 / INSAT-3DR MOSDAC / Sentinel-3 SLSTR,0.5
9459,2026-08-19,14.5,92.0,28.24,0.59,5,GHRSST L4 / INSAT-3DR MOSDAC / Sentinel-3 SLSTR,0.5
9460,2026-08-19,14.5,92.5,28.21,0.56,5,GHRSST L4 / INSAT-3DR MOSDAC / Sentinel-3 SLSTR,0.5
9461,2026-08-19,14.5,93.0,28.8,1.15,5,GHRSST L4 / INSAT-3DR MOSDAC / Sentinel-3 SLSTR,0.5
9462,2026-08-19,14.5,93.5,28.81,1.16,5,GHRSST L4 / INSAT-3DR MOSDAC / Sentinel-3 SLSTR,0.5
9463,2026-08-19,14.5,94.0,28.66,1.01,5,GHRSST L4 / INSAT-3DR MOSDAC / Sentinel-3 SLSTR,0.5
9464,2026-08-19,15.0,68.0,28.11,0.51,5,GHRSST L4 / INSAT-3DR MOSDAC / Sentinel-3 SLSTR,0.5
9465,2026-08-19,15.0,68.5,28.51,0.91,5,GHRSST L4 / INSAT-3DR MOSDAC / Sentinel-3 SLSTR,0.5
9466,2026-08-19,15.0,69.0,28.16,0.56,5,GHRSST L4 / INSAT-3DR MOSDAC / Sentinel-3 SLSTR,0.5
9467,2026-08-19,15.0,69.5,28.66,1.06,5,GHRSST L4 / INSAT-3DR MOSDAC / Sentinel-3 SLSTR,0.5
9468,2026-08-19,15.0,70.0,28.28,0.68,5,GHRSST L4 / INSAT-3DR MOSDAC / Sentinel-3 SLSTR,0.5
9469,2026-08-19,15.0,70.5,28.4,0.8,5,GHRSST L4 / INSAT-3DR MOSDAC / Sentinel-3 SLSTR,0.5
9470,2026-08-19,15.0,83.0,28.2,0.6,5,GHRSST L4 / INSAT-3DR MOSDAC / Sentinel-3 SLSTR,0.5
9471,2026-08-19,15.0,83.5,28.58,0.98,5,GHRSST L4 / INSAT-3DR MOSDAC / Sentinel-3 SLSTR,0.5
9472,2026-08-19,15.0,84.0,28.42,0.82,5,GHRSST L4 / INSAT-3DR MOSDAC / Sentinel-3 SLSTR,0.5
9473,2026-08-19,15.0,84.5,28.56,0.96,5,GHRSST L4 / INSAT-3DR MOSDAC / Sentinel-3 SLSTR,0.5
9474,2026-08-19,15.0,85.0,28.29,0.69,5,GHRSST L4 / INSAT-3DR MOSDAC / Sentinel-3 SLSTR,0.5
9475,2026-08-19,15.0,85.5,28.33,0.73,5,GHRSST L4 / INSAT-3DR MOSDAC / Sentinel-3 SLSTR,0.5
9476,2026-08-19,15.0,86.0,28.7,1.1,5,GHRSST L4 / INSAT-3DR MOSDAC / Sentinel-3 SLSTR,0.5
9477,2026-08-19,15.0,86.5,28.25,0.65,5,GHRSST L4 / INSAT-3DR MOSDAC / Sentinel-3 SLSTR,0.5
9478,2026-08-19,15.0,87.0,28.7,1.1,5,GHRSST L4 / INSAT-3DR MOSDAC / Sentinel-3 SLSTR,0.5
9479,2026-08-19,15.0,87.5,28.12,0.52,5,GHRSST L4 / INSAT-3DR MOSDAC / Sentinel-3 SLSTR,0.5
9480,2026-08-19,15.0,88.0,28.18,0.58,5,GHRSST L4 / INSAT-3DR MOSDAC / Sentinel-3 SLSTR,0.5
9481,2026-08-19,15.0,88.5,28.53,0.93,5,GHRSST L4 / INSAT-3DR MOSDAC / Sentinel-3 SLSTR,0.5
9482,2026-08-19,15.0,89.0,28.77,1.17,5,GHRSST L4 / INSAT-3DR MOSDAC / Sentinel-3 SLSTR,0.5
9483,2026-08-19,15.0,89.5,28.72,1.12,5,GHRSST L4 / INSAT-3DR MOSDAC / Sentinel-3 SLSTR,0.5
9484,2026-08-19,15.0,90.0,28.43,0.83,5,GHRSST L4 / INSAT-3DR MOSDAC / Sentinel-3 SLSTR,0.5
9485,2026-08-19,15.0,90.5,28.44,0.84,5,GHRSST L4 / INSAT-3DR MOSDAC / Sentinel-3 SLSTR,0.5
9486,2026-08-19,15.0,91.0,28.47,0.87,5,GHRSST L4 / INSAT-3DR MOSDAC / Sentinel-3 SLSTR,0.5
9487,2026-08-19,15.0,91.5,28.62,1.02,5,GHRSST L4 / INSAT-3DR MOSDAC / Sentinel-3 SLSTR,0.5
9488,2026-08-19,15.0,92.0,28.46,0.86,5,GHRSST L4 / INSAT-3DR MOSDAC / Sentinel-3 SLSTR,0.5
9489,2026-08-19,15.0,92.5,28.15,0.55,5,GHRSST L4 / INSAT-3DR MOSDAC / Sentinel-3 SLSTR,0.5
9490,2026-08-19,15.0,93.0,28.66,1.06,5,GHRSST L4 / INSAT-3DR MOSDAC / Sentinel-3 SLSTR,0.5
9491,2026-08-19,15.0,93.5,28.69,1.09,5,GHRSST L4 / INSAT-3DR MOSDAC / Sentinel-3 SLSTR,0.5
9492,2026-08-19,15.0,94.0,28.71,1.11,5,GHRSST L4 / INSAT-3DR MOSDAC / Sentinel-3 SLSTR,0.5
9493,2026-08-19,15.5,68.0,28.3,0.75,5,GHRSST L4 / INSAT-3DR MOSDAC / Sentinel-3 SLSTR,0.5
9494,2026-08-19,15.5,68.5,28.16,0.61,5,GHRSST L4 / INSAT-3DR MOSDAC / Sentinel-3 SLSTR,0.5
9495,2026-08-19,15.5,69.0,28.09,0.54,5,GHRSST L4 / INSAT-3DR MOSDAC / Sentinel-3 SLSTR,0.5
9496,2026-08-19,15.5,69.5,28.38,0.83,5,GHRSST L4 / INSAT-3DR MOSDAC / Sentinel-3 SLSTR,0.5
9497,2026-08-19,15.5,70.0,28.2,0.65,5,GHRSST L4 / INSAT-3DR MOSDAC / Sentinel-3 SLSTR,0.5
9498,2026-08-19,15.5,70.5,28.31,0.76,5,GHRSST L4 / INSAT-3DR MOSDAC / Sentinel-3 SLSTR,0.5
9499,2026-08-19,15.5,83.5,28.08,0.53,5,GHRSST L4 / INSAT-3DR MOSDAC / Sentinel-3 SLSTR,0.5
9500,2026-08-19,15.5,84.0,28.15,0.6,5,GHRSST L4 / INSAT-3DR MOSDAC / Sentinel-3 SLSTR,0.5
9501,2026-08-19,15.5,84.5,28.32,0.77,5,GHRSST L4 / INSAT-3DR MOSDAC / Sentinel-3 SLSTR,0.5
9502,2026-08-19,15.5,85.0,28.14,0.59,5,GHRSST L4 / INSAT-3DR MOSDAC / Sentinel-3 SLSTR,0.5
9503,2026-08-19,15.5,85.5,28.17,0.62,5,GHRSST L4 / INSAT-3DR MOSDAC / Sentinel-3 SLSTR,0.5
9504,2026-08-19,15.5,86.0,28.02,0.47,5,GHRSST L4 / INSAT-3DR MOSDAC / Sentinel-3 SLSTR,0.5
9505,2026-08-19,15.5,86.5,28.06,0.51,5,GHRSST L4 / INSAT-3DR MOSDAC / Sentinel-3 SLSTR,0.5
9506,2026-08-19,15.5,87.0,28.09,0.54,5,GHRSST L4 / INSAT-3DR MOSDAC / Sentinel-3 SLSTR,0.5
9507,2026-08-19,15.5,87.5,28.47,0.92,5,GHRSST L4 / INSAT-3DR MOSDAC / Sentinel-3 SLSTR,0.5
9508,2026-08-19,15.5,88.0,28.11,0.56,5,GHRSST L4 / INSAT-3DR MOSDAC / Sentinel-3 SLSTR,0.5
9509,2026-08-19,15.5,88.5,28.63,1.08,5,GHRSST L4 / INSAT-3DR MOSDAC / Sentinel-3 SLSTR,0.5
9510,2026-08-19,15.5,89.0,28.56,1.01,5,GHRSST L4 / INSAT-3DR MOSDAC / Sentinel-3 SLSTR,0.5
9511,2026-08-19,15.5,89.5,28.58,1.03,5,GHRSST L4 / INSAT-3DR MOSDAC / Sentinel-3 SLSTR,0.5
9512,2026-08-19,15.5,90.0,28.26,0.71,5,GHRSST L4 / INSAT-3DR MOSDAC / Sentinel-3 SLSTR,0.5
9513,2026-08-19,15.5,90.5,28.05,0.5,5,GHRSST L4 / INSAT-3DR MOSDAC / Sentinel-3 SLSTR,0.5
9514,2026-08-19,15.5,91.0,28.06,0.51,5,GHRSST L4 / INSAT-3DR MOSDAC / Sentinel-3 SLSTR,0.5
9515,2026-08-19,15.5,91.5,28.49,0.94,5,GHRSST L4 / INSAT-3DR MOSDAC / Sentinel-3 SLSTR,0.5
9516,2026-08-19,15.5,92.0,28.66,1.11,5,GHRSST L4 / INSAT-3DR MOSDAC / Sentinel-3 SLSTR,0.5
9517,2026-08-19,15.5,92.5,28.13,0.58,5,GHRSST L4 / INSAT-3DR MOSDAC / Sentinel-3 SLSTR,0.5
9518,2026-08-19,15.5,93.0,28.61,1.06,5,GHRSST L4 / INSAT-3DR MOSDAC / Sentinel-3 SLSTR,0.5
9519,2026-08-19,15.5,93.5,28.47,0.92,5,GHRSST L4 / INSAT-3DR MOSDAC / Sentinel-3 SLSTR,0.5
9520,2026-08-19,15.5,94.0,28.48,0.93,5,GHRSST L4 / INSAT-3DR MOSDAC / Sentinel-3 SLSTR,0.5
9521,2026-08-19,16.0,68.0,28.44,0.94,5,GHRSST L4 / INSAT-3DR MOSDAC / Sentinel-3 SLSTR,0.5
9522,2026-08-19,16.0,68.5,27.99,0.49,5,GHRSST L4 / INSAT-3DR MOSDAC / Sentinel-3 SLSTR,0.5
9523,2026-08-19,16.0,69.0,28.37,0.87,5,GHRSST L4 / INSAT-3DR MOSDAC / Sentinel-3 SLSTR,0.5
9524,2026-08-19,16.0,69.5,28.29,0.79,5,GHRSST L4 / INSAT-3DR MOSDAC / Sentinel-3 SLSTR,0.5
9525,2026-08-19,16.0,70.0,28.54,1.04,5,GHRSST L4 / INSAT-3DR MOSDAC / Sentinel-3 SLSTR,0.5
9526,2026-08-19,16.0,70.5,28.25,0.75,5,GHRSST L4 / INSAT-3DR MOSDAC / Sentinel-3 SLSTR,0.5
9527,2026-08-19,16.0,83.5,28.31,0.81,5,GHRSST L4 / INSAT-3DR MOSDAC / Sentinel-3 SLSTR,0.5
9528,2026-08-19,16.0,84.0,28.36,0.86,5,GHRSST L4 / INSAT-3DR MOSDAC / Sentinel-3 SLSTR,0.5
9529,2026-08-19,16.0,84.5,28.36,0.86,5,GHRSST L4 / INSAT-3DR MOSDAC / Sentinel-3 SLSTR,0.5
9530,2026-08-19,16.0,85.0,28.23,0.73,5,GHRSST L4 / INSAT-3DR MOSDAC / Sentinel-3 SLSTR,0.5
9531,2026-08-19,16.0,85.5,28.07,0.57,5,GHRSST L4 / INSAT-3DR MOSDAC / Sentinel-3 SLSTR,0.5
9532,2026-08-19,16.0,86.0,28.13,0.63,5,GHRSST L4 / INSAT-3DR MOSDAC / Sentinel-3 SLSTR,0.5
9533,2026-08-19,16.0,86.5,28.24,0.74,5,GHRSST L4 / INSAT-3DR MOSDAC / Sentinel-3 SLSTR,0.5
9534,2026-08-19,16.0,87.0,28.38,0.88,5,GHRSST L4 / INSAT-3DR MOSDAC / Sentinel-3 SLSTR,0.5
9535,2026-08-19,16.0,87.5,28.27,0.77,5,GHRSST L4 / INSAT-3DR MOSDAC / Sentinel-3 SLSTR,0.5
9536,2026-08-19,16.0,88.0,28.5,1.0,5,GHRSST L4 / INSAT-3DR MOSDAC / Sentinel-3 SLSTR,0.5
9537,2026-08-19,16.0,88.5,28.35,0.85,5,GHRSST L4 / INSAT-3DR MOSDAC / Sentinel-3 SLSTR,0.5
9538,2026-08-19,16.0,89.0,28.19,0.69,5,GHRSST L4 / INSAT-3DR MOSDAC / Sentinel-3 SLSTR,0.5
9539,2026-08-19,16.0,89.5,28.3,0.8,5,GHRSST L4 / INSAT-3DR MOSDAC / Sentinel-3 SLSTR,0.5
9540,2026-08-19,16.0,90.0,28.2,0.7,5,GHRSST L4 / INSAT-3DR MOSDAC / Sentinel-3 SLSTR,0.5
9541,2026-08-19,16.0,90.5,27.97,0.47,5,GHRSST L4 / INSAT-3DR MOSDAC / Sentinel-3 SLSTR,0.5
9542,2026-08-19,16.0,91.0,28.15,0.65,5,GHRSST L4 / INSAT-3DR MOSDAC / Sentinel-3 SLSTR,0.5
9543,2026-08-19,16.0,91.5,28.27,0.77,5,GHRSST L4 / INSAT-3DR MOSDAC / Sentinel-3 SLSTR,0.5
9544,2026-08-19,16.0,92.0,28.13,0.63,5,GHRSST L4 / INSAT-3DR MOSDAC / Sentinel-3 SLSTR,0.5
9545,2026-08-19,16.0,92.5,28.45,0.95,5,GHRSST L4 / INSAT-3DR MOSDAC / Sentinel-3 SLSTR,0.5
9546,2026-08-19,16.0,93.0,28.55,1.05,5,GHRSST L4 / INSAT-3DR MOSDAC / Sentinel-3 SLSTR,0.5
9547,2026-08-19,16.0,93.5,28.16,0.66,5,GHRSST L4 / INSAT-3DR MOSDAC / Sentinel-3 SLSTR,0.5
9548,2026-08-19,16.0,94.0,27.97,0.47,5,GHRSST L4 / INSAT-3DR MOSDAC / Sentinel-3 SLSTR,0.5
9549,2026-08-19,16.5,68.0,28.5,1.05,5,GHRSST L4 / INSAT-3DR MOSDAC / Sentinel-3 SLSTR,0.5
9550,2026-08-19,16.5,68.5,28.29,0.84,5,GHRSST L4 / INSAT-3DR MOSDAC / Sentinel-3 SLSTR,0.5
9551,2026-08-19,16.5,69.0,27.89,0.44,5,GHRSST L4 / INSAT-3DR MOSDAC / Sentinel-3 SLSTR,0.5
9552,2026-08-19,16.5,69.5,28.24,0.79,5,GHRSST L4 / INSAT-3DR MOSDAC / Sentinel-3 SLSTR,0.5
9553,2026-08-19,16.5,70.0,27.96,0.51,5,GHRSST L4 / INSAT-3DR MOSDAC / Sentinel-3 SLSTR,0.5
9554,2026-08-19,16.5,70.5,28.36,0.91,5,GHRSST L4 / INSAT-3DR MOSDAC / Sentinel-3 SLSTR,0.5
9555,2026-08-19,16.5,84.0,28.26,0.81,5,GHRSST L4 / INSAT-3DR MOSDAC / Sentinel-3 SLSTR,0.5
9556,2026-08-19,16.5,84.5,28.53,1.08,5,GHRSST L4 / INSAT-3DR MOSDAC / Sentinel-3 SLSTR,0.5
9557,2026-08-19,16.5,85.0,28.17,0.72,5,GHRSST L4 / INSAT-3DR MOSDAC / Sentinel-3 SLSTR,0.5
9558,2026-08-19,16.5,85.5,28.54,1.09,5,GHRSST L4 / INSAT-3DR MOSDAC / Sentinel-3 SLSTR,0.5
9559,2026-08-19,16.5,86.0,28.48,1.03,5,GHRSST L4 / INSAT-3DR MOSDAC / Sentinel-3 SLSTR,0.5
9560,2026-08-19,16.5,86.5,28.42,0.97,5,GHRSST L4 / INSAT-3DR MOSDAC / Sentinel-3 SLSTR,0.5
9561,2026-08-19,16.5,87.0,28.2,0.75,5,GHRSST L4 / INSAT-3DR MOSDAC / Sentinel-3 SLSTR,0.5
9562,2026-08-19,16.5,87.5,28.18,0.73,5,GHRSST L4 / INSAT-3DR MOSDAC / Sentinel-3 SLSTR,0.5
9563,2026-08-19,16.5,88.0,28.17,0.72,5,GHRSST L4 / INSAT-3DR MOSDAC / Sentinel-3 SLSTR,0.5
9564,2026-08-19,16.5,88.5,27.93,0.48,5,GHRSST L4 / INSAT-3DR MOSDAC / Sentinel-3 SLSTR,0.5
9565,2026-08-19,16.5,89.0,28.31,0.86,5,GHRSST L4 / INSAT-3DR MOSDAC / Sentinel-3 SLSTR,0.5
9566,2026-08-19,16.5,89.5,28.45,1.0,5,GHRSST L4 / INSAT-3DR MOSDAC / Sentinel-3 SLSTR,0.5
9567,2026-08-19,16.5,90.0,28.41,0.96,5,GHRSST L4 / INSAT-3DR MOSDAC / Sentinel-3 SLSTR,0.5
9568,2026-08-19,16.5,90.5,28.3,0.85,5,GHRSST L4 / INSAT-3DR MOSDAC / Sentinel-3 SLSTR,0.5
9569,2026-08-19,16.5,91.0,28.14,0.69,5,GHRSST L4 / INSAT-3DR MOSDAC / Sentinel-3 SLSTR,0.5
9570,2026-08-19,16.5,91.5,28.38,0.93,5,GHRSST L4 / INSAT-3DR MOSDAC / Sentinel-3 SLSTR,0.5
9571,2026-08-19,16.5,92.0,28.26,0.81,5,GHRSST L4 / INSAT-3DR MOSDAC / Sentinel-3 SLSTR,0.5
9572,2026-08-19,16.5,92.5,28.48,1.03,5,GHRSST L4 / INSAT-3DR MOSDAC / Sentinel-3 SLSTR,0.5
9573,2026-08-19,16.5,93.0,28.08,0.63,5,GHRSST L4 / INSAT-3DR MOSDAC / Sentinel-3 SLSTR,0.5
9574,2026-08-19,16.5,93.5,27.96,0.51,5,GHRSST L4 / INSAT-3DR MOSDAC / Sentinel-3 SLSTR,0.5
9575,2026-08-19,16.5,94.0,27.89,0.44,5,GHRSST L4 / INSAT-3DR MOSDAC / Sentinel-3 SLSTR,0.5
9576,2026-08-19,17.0,68.0,28.35,0.95,5,GHRSST L4 / INSAT-3DR MOSDAC / Sentinel-3 SLSTR,0.5
9577,2026-08-19,17.0,68.5,28.25,0.85,5,GHRSST L4 / INSAT-3DR MOSDAC / Sentinel-3 SLSTR,0.5
9578,2026-08-19,17.0,69.0,27.87,0.47,5,GHRSST L4 / INSAT-3DR MOSDAC / Sentinel-3 SLSTR,0.5
9579,2026-08-19,17.0,69.5,28.42,1.02,5,GHRSST L4 / INSAT-3DR MOSDAC / Sentinel-3 SLSTR,0.5
9580,2026-08-19,17.0,70.0,28.16,0.76,5,GHRSST L4 / INSAT-3DR MOSDAC / Sentinel-3 SLSTR,0.5
9581,2026-08-19,17.0,84.0,28.15,0.75,5,GHRSST L4 / INSAT-3DR MOSDAC / Sentinel-3 SLSTR,0.5
9582,2026-08-19,17.0,84.5,28.31,0.91,5,GHRSST L4 / INSAT-3DR MOSDAC / Sentinel-3 SLSTR,0.5
9583,2026-08-19,17.0,85.0,28.27,0.87,5,GHRSST L4 / INSAT-3DR MOSDAC / Sentinel-3 SLSTR,0.5
9584,2026-08-19,17.0,85.5,28.0,0.6,5,GHRSST L4 / INSAT-3DR MOSDAC / Sentinel-3 SLSTR,0.5
9585,2026-08-19,17.0,86.0,28.28,0.88,5,GHRSST L4 / INSAT-3DR MOSDAC / Sentinel-3 SLSTR,0.5
9586,2026-08-19,17.0,86.5,28.43,1.03,5,GHRSST L4 / INSAT-3DR MOSDAC / Sentinel-3 SLSTR,0.5
9587,2026-08-19,17.0,87.0,28.1,0.7,5,GHRSST L4 / INSAT-3DR MOSDAC / Sentinel-3 SLSTR,0.5
9588,2026-08-19,17.0,87.5,28.03,0.63,5,GHRSST L4 / INSAT-3DR MOSDAC / Sentinel-3 SLSTR,0.5
9589,2026-08-19,17.0,88.0,27.87,0.47,5,GHRSST L4 / INSAT-3DR MOSDAC / Sentinel-3 SLSTR,0.5
9590,2026-08-19,17.0,88.5,28.25,0.85,5,GHRSST L4 / INSAT-3DR MOSDAC / Sentinel-3 SLSTR,0.5
9591,2026-08-19,17.0,89.0,28.36,0.96,5,GHRSST L4 / INSAT-3DR MOSDAC / Sentinel-3 SLSTR,0.5
9592,2026-08-19,17.0,89.5,28.51,1.11,5,GHRSST L4 / INSAT-3DR MOSDAC / Sentinel-3 SLSTR,0.5
9593,2026-08-19,17.0,90.0,28.26,0.86,5,GHRSST L4 / INSAT-3DR MOSDAC / Sentinel-3 SLSTR,0.5
9594,2026-08-19,17.0,90.5,28.14,0.74,5,GHRSST L4 / INSAT-3DR MOSDAC / Sentinel-3 SLSTR,0.5
9595,2026-08-19,17.0,91.0,28.48,1.08,5,GHRSST L4 / INSAT-3DR MOSDAC / Sentinel-3 SLSTR,0.5
9596,2026-08-19,17.0,91.5,27.96,0.56,5,GHRSST L4 / INSAT-3DR MOSDAC / Sentinel-3 SLSTR,0.5
9597,2026-08-19,17.0,92.0,28.33,0.93,5,GHRSST L4 / INSAT-3DR MOSDAC / Sentinel-3 SLSTR,0.5
9598,2026-08-19,17.0,92.5,28.06,0.66,5,GHRSST L4 / INSAT-3DR MOSDAC / Sentinel-3 SLSTR,0.5
9599,2026-08-19,17.0,93.0,28.43,1.03,5,GHRSST L4 / INSAT-3DR MOSDAC / Sentinel-3 SLSTR,0.5
9600,2026-08-19,17.0,93.5,28.35,0.95,5,GHRSST L4 / INSAT-3DR MOSDAC / Sentinel-3 SLSTR,0.5
9601,2026-08-19,17.0,94.0,28.06,0.66,5,GHRSST L4 / INSAT-3DR MOSDAC / Sentinel-3 SLSTR,0.5
9602,2026-08-19,17.5,68.0,28.31,0.96,5,GHRSST L4 / INSAT-3DR MOSDAC / Sentinel-3 SLSTR,0.5
9603,2026-08-19,17.5,68.5,28.39,1.04,5,GHRSST L4 / INSAT-3DR MOSDAC / Sentinel-3 SLSTR,0.5
9604,2026-08-19,17.5,69.0,27.95,0.6,5,GHRSST L4 / INSAT-3DR MOSDAC / Sentinel-3 SLSTR,0.5
9605,2026-08-19,17.5,69.5,28.17,0.82,5,GHRSST L4 / INSAT-3DR MOSDAC / Sentinel-3 SLSTR,0.5
9606,2026-08-19,17.5,70.0,28.06,0.71,5,GHRSST L4 / INSAT-3DR MOSDAC / Sentinel-3 SLSTR,0.5
9607,2026-08-19,17.5,84.5,28.42,1.07,5,GHRSST L4 / INSAT-3DR MOSDAC / Sentinel-3 SLSTR,0.5
9608,2026-08-19,17.5,85.0,28.45,1.1,5,GHRSST L4 / INSAT-3DR MOSDAC / Sentinel-3 SLSTR,0.5
9609,2026-08-19,17.5,85.5,27.84,0.49,5,GHRSST L4 / INSAT-3DR MOSDAC / Sentinel-3 SLSTR,0.5
9610,2026-08-19,17.5,86.0,28.15,0.8,5,GHRSST L4 / INSAT-3DR MOSDAC / Sentinel-3 SLSTR,0.5
9611,2026-08-19,17.5,86.5,28.14,0.79,5,GHRSST L4 / INSAT-3DR MOSDAC / Sentinel-3 SLSTR,0.5
9612,2026-08-19,17.5,87.0,28.38,1.03,5,GHRSST L4 / INSAT-3DR MOSDAC / Sentinel-3 SLSTR,0.5
9613,2026-08-19,17.5,87.5,28.32,0.97,5,GHRSST L4 / INSAT-3DR MOSDAC / Sentinel-3 SLSTR,0.5
9614,2026-08-19,17.5,88.0,27.97,0.62,5,GHRSST L4 / INSAT-3DR MOSDAC / Sentinel-3 SLSTR,0.5
9615,2026-08-19,17.5,88.5,28.14,0.79,5,GHRSST L4 / INSAT-3DR MOSDAC / Sentinel-3 SLSTR,0.5
9616,2026-08-19,17.5,89.0,28.03,0.68,5,GHRSST L4 / INSAT-3DR MOSDAC / Sentinel-3 SLSTR,0.5
9617,2026-08-19,17.5,89.5,28.02,0.67,5,GHRSST L4 / INSAT-3DR MOSDAC / Sentinel-3 SLSTR,0.5
9618,2026-08-19,17.5,90.0,28.28,0.93,5,GHRSST L4 / INSAT-3DR MOSDAC / Sentinel-3 SLSTR,0.5
9619,2026-08-19,17.5,90.5,28.19,0.84,5,GHRSST L4 / INSAT-3DR MOSDAC / Sentinel-3 SLSTR,0.5
9620,2026-08-19,17.5,91.0,27.91,0.56,5,GHRSST L4 / INSAT-3DR MOSDAC / Sentinel-3 SLSTR,0.5
9621,2026-08-19,17.5,91.5,28.2,0.85,5,GHRSST L4 / INSAT-3DR MOSDAC / Sentinel-3 SLSTR,0.5
9622,2026-08-19,17.5,92.0,28.09,0.74,5,GHRSST L4 / INSAT-3DR MOSDAC / Sentinel-3 SLSTR,0.5
9623,2026-08-19,17.5,92.5,28.01,0.66,5,GHRSST L4 / INSAT-3DR MOSDAC / Sentinel-3 SLSTR,0.5
9624,2026-08-19,17.5,93.0,27.82,0.47,5,GHRSST L4 / INSAT-3DR MOSDAC / Sentinel-3 SLSTR,0.5
9625,2026-08-19,17.5,93.5,28.42,1.07,5,GHRSST L4 / INSAT-3DR MOSDAC / Sentinel-3 SLSTR,0.5
9626,2026-08-19,17.5,94.0,28.37,1.02,5,GHRSST L4 / INSAT-3DR MOSDAC / Sentinel-3 SLSTR,0.5
9627,2026-08-19,18.0,68.0,27.92,0.62,5,GHRSST L4 / INSAT-3DR MOSDAC / Sentinel-3 SLSTR,0.5
9628,2026-08-19,18.0,68.5,28.1,0.8,5,GHRSST L4 / INSAT-3DR MOSDAC / Sentinel-3 SLSTR,0.5
9629,2026-08-19,18.0,69.0,28.32,1.02,5,GHRSST L4 / INSAT-3DR MOSDAC / Sentinel-3 SLSTR,0.5
9630,2026-08-19,18.0,69.5,28.07,0.77,5,GHRSST L4 / INSAT-3DR MOSDAC / Sentinel-3 SLSTR,0.5
9631,2026-08-19,18.0,70.0,27.81,0.51,5,GHRSST L4 / INSAT-3DR MOSDAC / Sentinel-3 SLSTR,0.5
9632,2026-08-19,18.0,84.5,28.04,0.74,5,GHRSST L4 / INSAT-3DR MOSDAC / Sentinel-3 SLSTR,0.5
9633,2026-08-19,18.0,85.0,27.93,0.63,5,GHRSST L4 / INSAT-3DR MOSDAC / Sentinel-3 SLSTR,0.5
9634,2026-08-19,18.0,85.5,28.03,0.73,5,GHRSST L4 / INSAT-3DR MOSDAC / Sentinel-3 SLSTR,0.5
9635,2026-08-19,18.0,86.0,28.3,1.0,5,GHRSST L4 / INSAT-3DR MOSDAC / Sentinel-3 SLSTR,0.5
9636,2026-08-19,18.0,86.5,28.0,0.7,5,GHRSST L4 / INSAT-3DR MOSDAC / Sentinel-3 SLSTR,0.5
9637,2026-08-19,18.0,87.0,28.27,0.97,5,GHRSST L4 / INSAT-3DR MOSDAC / Sentinel-3 SLSTR,0.5
9638,2026-08-19,18.0,87.5,27.87,0.57,5,GHRSST L4 / INSAT-3DR MOSDAC / Sentinel-3 SLSTR,0.5
9639,2026-08-19,18.0,88.0,28.13,0.83,5,GHRSST L4 / INSAT-3DR MOSDAC / Sentinel-3 SLSTR,0.5
9640,2026-08-19,18.0,88.5,28.01,0.71,5,GHRSST L4 / INSAT-3DR MOSDAC / Sentinel-3 SLSTR,0.5
9641,2026-08-19,18.0,89.0,28.39,1.09,5,GHRSST L4 / INSAT-3DR MOSDAC / Sentinel-3 SLSTR,0.5
9642,2026-08-19,18.0,89.5,27.71,0.41,5,GHRSST L4 / INSAT-3DR MOSDAC / Sentinel-3 SLSTR,0.5
9643,2026-08-19,18.0,90.0,27.96,0.66,5,GHRSST L4 / INSAT-3DR MOSDAC / Sentinel-3 SLSTR,0.5
9644,2026-08-19,18.0,90.5,28.28,0.98,5,GHRSST L4 / INSAT-3DR MOSDAC / Sentinel-3 SLSTR,0.5
9645,2026-08-19,18.0,91.0,27.98,0.68,5,GHRSST L4 / INSAT-3DR MOSDAC / Sentinel-3 SLSTR,0.5
9646,2026-08-19,18.0,91.5,27.86,0.56,5,GHRSST L4 / INSAT-3DR MOSDAC / Sentinel-3 SLSTR,0.5
9647,2026-08-19,18.0,92.0,28.31,1.01,5,GHRSST L4 / INSAT-3DR MOSDAC / Sentinel-3 SLSTR,0.5
9648,2026-08-19,18.0,92.5,28.12,0.82,5,GHRSST L4 / INSAT-3DR MOSDAC / Sentinel-3 SLSTR,0.5
9649,2026-08-19,18.0,93.0,28.1,0.8,5,GHRSST L4 / INSAT-3DR MOSDAC / Sentinel-3 SLSTR,0.5
9650,2026-08-19,18.0,93.5,27.99,0.69,5,GHRSST L4 / INSAT-3DR MOSDAC / Sentinel-3 SLSTR,0.5
9651,2026-08-19,18.0,94.0,27.82,0.52,5,GHRSST L4 / INSAT-3DR MOSDAC / Sentinel-3 SLSTR,0.5
9652,2026-08-19,18.5,68.0,28.05,0.8,5,GHRSST L4 / INSAT-3DR MOSDAC / Sentinel-3 SLSTR,0.5
9653,2026-08-19,18.5,68.5,28.0,0.75,5,GHRSST L4 / INSAT-3DR MOSDAC / Sentinel-3 SLSTR,0.5
9654,2026-08-19,18.5,69.0,27.93,0.68,5,GHRSST L4 / INSAT-3DR MOSDAC / Sentinel-3 SLSTR,0.5
9655,2026-08-19,18.5,69.5,27.7,0.45,5,GHRSST L4 / INSAT-3DR MOSDAC / Sentinel-3 SLSTR,0.5
9656,2026-08-19,18.5,70.0,28.11,0.86,5,GHRSST L4 / INSAT-3DR MOSDAC / Sentinel-3 SLSTR,0.5
9657,2026-08-19,18.5,84.5,28.09,0.84,5,GHRSST L4 / INSAT-3DR MOSDAC / Sentinel-3 SLSTR,0.5
9658,2026-08-19,18.5,85.0,28.04,0.79,5,GHRSST L4 / INSAT-3DR MOSDAC / Sentinel-3 SLSTR,0.5
9659,2026-08-19,18.5,85.5,27.74,0.49,5,GHRSST L4 / INSAT-3DR MOSDAC / Sentinel-3 SLSTR,0.5
9660,2026-08-19,18.5,86.0,27.86,0.61,5,GHRSST L4 / INSAT-3DR MOSDAC / Sentinel-3 SLSTR,0.5
9661,2026-08-19,18.5,86.5,27.98,0.73,5,GHRSST L4 / INSAT-3DR MOSDAC / Sentinel-3 SLSTR,0.5
9662,2026-08-19,18.5,87.0,28.16,0.91,5,GHRSST L4 / INSAT-3DR MOSDAC / Sentinel-3 SLSTR,0.5
9663,2026-08-19,18.5,87.5,27.81,0.56,5,GHRSST L4 / INSAT-3DR MOSDAC / Sentinel-3 SLSTR,0.5
9664,2026-08-19,18.5,88.0,28.21,0.96,5,GHRSST L4 / INSAT-3DR MOSDAC / Sentinel-3 SLSTR,0.5
9665,2026-08-19,18.5,88.5,27.87,0.62,5,GHRSST L4 / INSAT-3DR MOSDAC / Sentinel-3 SLSTR,0.5
9666,2026-08-19,18.5,89.0,28.12,0.87,5,GHRSST L4 / INSAT-3DR MOSDAC / Sentinel-3 SLSTR,0.5
9667,2026-08-19,18.5,89.5,28.31,1.06,5,GHRSST L4 / INSAT-3DR MOSDAC / Sentinel-3 SLSTR,0.5
9668,2026-08-19,18.5,90.0,28.15,0.9,5,GHRSST L4 / INSAT-3DR MOSDAC / Sentinel-3 SLSTR,0.5
9669,2026-08-19,18.5,90.5,27.7,0.45,5,GHRSST L4 / INSAT-3DR MOSDAC / Sentinel-3 SLSTR,0.5
9670,2026-08-19,18.5,91.0,27.91,0.66,5,GHRSST L4 / INSAT-3DR MOSDAC / Sentinel-3 SLSTR,0.5
9671,2026-08-19,18.5,91.5,28.05,0.8,5,GHRSST L4 / INSAT-3DR MOSDAC / Sentinel-3 SLSTR,0.5
9672,2026-08-19,18.5,92.0,28.12,0.87,5,GHRSST L4 / INSAT-3DR MOSDAC / Sentinel-3 SLSTR,0.5
9673,2026-08-19,18.5,92.5,27.89,0.64,5,GHRSST L4 / INSAT-3DR MOSDAC / Sentinel-3 SLSTR,0.5
9674,2026-08-19,18.5,93.0,27.95,0.7,5,GHRSST L4 / INSAT-3DR MOSDAC / Sentinel-3 SLSTR,0.5
9675,2026-08-19,18.5,93.5,27.91,0.66,5,GHRSST L4 / INSAT-3DR MOSDAC / Sentinel-3 SLSTR,0.5
9676,2026-08-19,18.5,94.0,28.14,0.89,5,GHRSST L4 / INSAT-3DR MOSDAC / Sentinel-3 SLSTR,0.5
9677,2026-08-19,19.0,68.0,28.23,1.03,5,GHRSST L4 / INSAT-3DR MOSDAC / Sentinel-3 SLSTR,0.5
9678,2026-08-19,19.0,68.5,28.13,0.93,5,GHRSST L4 / INSAT-3DR MOSDAC / Sentinel-3 SLSTR,0.5
9679,2026-08-19,19.0,69.0,27.77,0.57,5,GHRSST L4 / INSAT-3DR MOSDAC / Sentinel-3 SLSTR,0.5
9680,2026-08-19,19.0,69.5,27.97,0.77,5,GHRSST L4 / INSAT-3DR MOSDAC / Sentinel-3 SLSTR,0.5
9681,2026-08-19,19.0,85.0,27.92,0.72,5,GHRSST L4 / INSAT-3DR MOSDAC / Sentinel-3 SLSTR,0.5
9682,2026-08-19,19.0,85.5,27.6,0.4,5,GHRSST L4 / INSAT-3DR MOSDAC / Sentinel-3 SLSTR,0.5
9683,2026-08-19,19.0,86.0,28.25,1.05,5,GHRSST L4 / INSAT-3DR MOSDAC / Sentinel-3 SLSTR,0.5
9684,2026-08-19,19.0,86.5,27.92,0.72,5,GHRSST L4 / INSAT-3DR MOSDAC / Sentinel-3 SLSTR,0.5
9685,2026-08-19,19.0,87.0,28.25,1.05,5,GHRSST L4 / INSAT-3DR MOSDAC / Sentinel-3 SLSTR,0.5
9686,2026-08-19,19.0,87.5,28.05,0.85,5,GHRSST L4 / INSAT-3DR MOSDAC / Sentinel-3 SLSTR,0.5
9687,2026-08-19,19.0,88.0,28.09,0.89,5,GHRSST L4 / INSAT-3DR MOSDAC / Sentinel-3 SLSTR,0.5
9688,2026-08-19,19.0,88.5,27.89,0.69,5,GHRSST L4 / INSAT-3DR MOSDAC / Sentinel-3 SLSTR,0.5
9689,2026-08-19,19.0,89.0,28.19,0.99,5,GHRSST L4 / INSAT-3DR MOSDAC / Sentinel-3 SLSTR,0.5
9690,2026-08-19,19.0,89.5,27.72,0.52,5,GHRSST L4 / INSAT-3DR MOSDAC / Sentinel-3 SLSTR,0.5
9691,2026-08-19,19.0,90.0,28.26,1.06,5,GHRSST L4 / INSAT-3DR MOSDAC / Sentinel-3 SLSTR,0.5
9692,2026-08-19,19.0,90.5,28.02,0.82,5,GHRSST L4 / INSAT-3DR MOSDAC / Sentinel-3 SLSTR,0.5
9693,2026-08-19,19.0,91.0,27.82,0.62,5,GHRSST L4 / INSAT-3DR MOSDAC / Sentinel-3 SLSTR,0.5
9694,2026-08-19,19.0,91.5,28.11,0.91,5,GHRSST L4 / INSAT-3DR MOSDAC / Sentinel-3 SLSTR,0.5
9695,2026-08-19,19.0,92.0,28.11,0.91,5,GHRSST L4 / INSAT-3DR MOSDAC / Sentinel-3 SLSTR,0.5
9696,2026-08-19,19.0,92.5,28.13,0.93,5,GHRSST L4 / INSAT-3DR MOSDAC / Sentinel-3 SLSTR,0.5
9697,2026-08-19,19.0,93.0,27.8,0.6,5,GHRSST L4 / INSAT-3DR MOSDAC / Sentinel-3 SLSTR,0.5
9698,2026-08-19,19.0,93.5,27.61,0.41,5,GHRSST L4 / INSAT-3DR MOSDAC / Sentinel-3 SLSTR,0.5
9699,2026-08-19,19.0,94.0,28.21,1.01,5,GHRSST L4 / INSAT-3DR MOSDAC / Sentinel-3 SLSTR,0.5
9700,2026-08-19,19.5,68.0,28.09,0.94,5,GHRSST L4 / INSAT-3DR MOSDAC / Sentinel-3 SLSTR,0.5
9701,2026-08-19,19.5,68.5,27.81,0.66,5,GHRSST L4 / INSAT-3DR MOSDAC / Sentinel-3 SLSTR,0.5
9702,2026-08-19,19.5,69.0,27.65,0.5,5,GHRSST L4 / INSAT-3DR MOSDAC / Sentinel-3 SLSTR,0.5
9703,2026-08-19,19.5,69.5,27.86,0.71,5,GHRSST L4 / INSAT-3DR MOSDAC / Sentinel-3 SLSTR,0.5
9704,2026-08-19,19.5,85.0,27.74,0.59,5,GHRSST L4 / INSAT-3DR MOSDAC / Sentinel-3 SLSTR,0.5
9705,2026-08-19,19.5,85.5,27.67,0.52,5,GHRSST L4 / INSAT-3DR MOSDAC / Sentinel-3 SLSTR,0.5
9706,2026-08-19,19.5,86.0,27.87,0.72,5,GHRSST L4 / INSAT-3DR MOSDAC / Sentinel-3 SLSTR,0.5
9707,2026-08-19,19.5,86.5,28.11,0.96,5,GHRSST L4 / INSAT-3DR MOSDAC / Sentinel-3 SLSTR,0.5
9708,2026-08-19,19.5,87.0,27.94,0.79,5,GHRSST L4 / INSAT-3DR MOSDAC / Sentinel-3 SLSTR,0.5
9709,2026-08-19,19.5,87.5,27.87,0.72,5,GHRSST L4 / INSAT-3DR MOSDAC / Sentinel-3 SLSTR,0.5
9710,2026-08-19,19.5,88.0,28.23,1.08,5,GHRSST L4 / INSAT-3DR MOSDAC / Sentinel-3 SLSTR,0.5
9711,2026-08-19,19.5,88.5,28.06,0.91,5,GHRSST L4 / INSAT-3DR MOSDAC / Sentinel-3 SLSTR,0.5
9712,2026-08-19,19.5,89.0,27.62,0.47,5,GHRSST L4 / INSAT-3DR MOSDAC / Sentinel-3 SLSTR,0.5
9713,2026-08-19,19.5,89.5,27.82,0.67,5,GHRSST L4 / INSAT-3DR MOSDAC / Sentinel-3 SLSTR,0.5
9714,2026-08-19,19.5,90.0,27.86,0.71,5,GHRSST L4 / INSAT-3DR MOSDAC / Sentinel-3 SLSTR,0.5
9715,2026-08-19,19.5,90.5,27.96,0.81,5,GHRSST L4 / INSAT-3DR MOSDAC / Sentinel-3 SLSTR,0.5
9716,2026-08-19,19.5,91.0,28.01,0.86,5,GHRSST L4 / INSAT-3DR MOSDAC / Sentinel-3 SLSTR,0.5
9717,2026-08-19,19.5,91.5,27.76,0.61,5,GHRSST L4 / INSAT-3DR MOSDAC / Sentinel-3 SLSTR,0.5
9718,2026-08-19,19.5,92.0,27.79,0.64,5,GHRSST L4 / INSAT-3DR MOSDAC / Sentinel-3 SLSTR,0.5
9719,2026-08-19,19.5,92.5,27.6,0.45,5,GHRSST L4 / INSAT-3DR MOSDAC / Sentinel-3 SLSTR,0.5
9720,2026-08-19,19.5,93.0,27.59,0.44,5,GHRSST L4 / INSAT-3DR MOSDAC / Sentinel-3 SLSTR,0.5
9721,2026-08-19,19.5,93.5,28.06,0.91,5,GHRSST L4 / INSAT-3DR MOSDAC / Sentinel-3 SLSTR,0.5
9722,2026-08-19,19.5,94.0,28.18,1.03,5,GHRSST L4 / INSAT-3DR MOSDAC / Sentinel-3 SLSTR,0.5
9723,2026-08-19,20.0,68.0,27.61,0.51,5,GHRSST L4 / INSAT-3DR MOSDAC / Sentinel-3 SLSTR,0.5
9724,2026-08-19,20.0,68.5,28.12,1.02,5,GHRSST L4 / INSAT-3DR MOSDAC / Sentinel-3 SLSTR,0.5
9725,2026-08-19,20.0,69.0,27.71,0.61,5,GHRSST L4 / INSAT-3DR MOSDAC / Sentinel-3 SLSTR,0.5
9726,2026-08-19,20.0,69.5,28.09,0.99,5,GHRSST L4 / INSAT-3DR MOSDAC / Sentinel-3 SLSTR,0.5
9727,2026-08-19,20.0,70.0,27.49,0.39,5,GHRSST L4 / INSAT-3DR MOSDAC / Sentinel-3 SLSTR,0.5
9728,2026-08-19,20.0,70.5,27.53,0.43,5,GHRSST L4 / INSAT-3DR MOSDAC / Sentinel-3 SLSTR,0.5
9729,2026-08-19,20.0,71.0,27.77,0.67,5,GHRSST L4 / INSAT-3DR MOSDAC / Sentinel-3 SLSTR,0.5
9730,2026-08-19,20.0,71.5,28.06,0.96,5,GHRSST L4 / INSAT-3DR MOSDAC / Sentinel-3 SLSTR,0.5
9731,2026-08-19,20.0,72.0,27.78,0.68,5,GHRSST L4 / INSAT-3DR MOSDAC / Sentinel-3 SLSTR,0.5
9732,2026-08-19,20.0,72.5,28.06,0.96,5,GHRSST L4 / INSAT-3DR MOSDAC / Sentinel-3 SLSTR,0.5
9733,2026-08-19,20.0,73.0,27.71,0.61,5,GHRSST L4 / INSAT-3DR MOSDAC / Sentinel-3 SLSTR,0.5
9734,2026-08-19,20.0,73.5,27.56,0.46,5,GHRSST L4 / INSAT-3DR MOSDAC / Sentinel-3 SLSTR,0.5
9735,2026-08-19,20.0,74.0,28.12,1.02,5,GHRSST L4 / INSAT-3DR MOSDAC / Sentinel-3 SLSTR,0.5
9736,2026-08-19,20.0,74.5,27.52,0.42,5,GHRSST L4 / INSAT-3DR MOSDAC / Sentinel-3 SLSTR,0.5
9737,2026-08-19,20.0,75.0,27.96,0.86,5,GHRSST L4 / INSAT-3DR MOSDAC / Sentinel-3 SLSTR,0.5
9738,2026-08-19,20.0,75.5,28.09,0.99,5,GHRSST L4 / INSAT-3DR MOSDAC / Sentinel-3 SLSTR,0.5
9739,2026-08-19,20.0,76.0,27.55,0.45,5,GHRSST L4 / INSAT-3DR MOSDAC / Sentinel-3 SLSTR,0.5
9740,2026-08-19,20.0,76.5,27.83,0.73,5,GHRSST L4 / INSAT-3DR MOSDAC / Sentinel-3 SLSTR,0.5
9741,2026-08-19,20.0,77.0,27.51,0.41,5,GHRSST L4 / INSAT-3DR MOSDAC / Sentinel-3 SLSTR,0.5
9742,2026-08-19,20.0,77.5,27.79,0.69,5,GHRSST L4 / INSAT-3DR MOSDAC / Sentinel-3 SLSTR,0.5
9743,2026-08-19,20.0,78.0,28.02,0.92,5,GHRSST L4 / INSAT-3DR MOSDAC / Sentinel-3 SLSTR,0.5
9744,2026-08-19,20.0,78.5,27.68,0.58,5,GHRSST L4 / INSAT-3DR MOSDAC / Sentinel-3 SLSTR,0.5
9745,2026-08-19,20.0,79.0,27.63,0.53,5,GHRSST L4 / INSAT-3DR MOSDAC / Sentinel-3 SLSTR,0.5
9746,2026-08-19,20.0,79.5,27.65,0.55,5,GHRSST L4 / INSAT-3DR MOSDAC / Sentinel-3 SLSTR,0.5
9747,2026-08-19,20.0,80.0,28.02,0.92,5,GHRSST L4 / INSAT-3DR MOSDAC / Sentinel-3 SLSTR,0.5
9748,2026-08-19,20.0,80.5,28.15,1.05,5,GHRSST L4 / INSAT-3DR MOSDAC / Sentinel-3 SLSTR,0.5
9749,2026-08-19,20.0,81.0,27.63,0.53,5,GHRSST L4 / INSAT-3DR MOSDAC / Sentinel-3 SLSTR,0.5
9750,2026-08-19,20.0,81.5,27.52,0.42,5,GHRSST L4 / INSAT-3DR MOSDAC / Sentinel-3 SLSTR,0.5
9751,2026-08-19,20.0,82.0,27.56,0.46,5,GHRSST L4 / INSAT-3DR MOSDAC / Sentinel-3 SLSTR,0.5
9752,2026-08-19,20.0,82.5,27.91,0.81,5,GHRSST L4 / INSAT-3DR MOSDAC / Sentinel-3 SLSTR,0.5
9753,2026-08-19,20.0,83.0,27.94,0.84,5,GHRSST L4 / INSAT-3DR MOSDAC / Sentinel-3 SLSTR,0.5
9754,2026-08-19,20.0,83.5,27.78,0.68,5,GHRSST L4 / INSAT-3DR MOSDAC / Sentinel-3 SLSTR,0.5
9755,2026-08-19,20.0,84.0,27.53,0.43,5,GHRSST L4 / INSAT-3DR MOSDAC / Sentinel-3 SLSTR,0.5
9756,2026-08-19,20.0,84.5,28.12,1.02,5,GHRSST L4 / INSAT-3DR MOSDAC / Sentinel-3 SLSTR,0.5
9757,2026-08-19,20.0,85.0,28.12,1.02,5,GHRSST L4 / INSAT-3DR MOSDAC / Sentinel-3 SLSTR,0.5
9758,2026-08-19,20.0,85.5,27.75,0.65,5,GHRSST L4 / INSAT-3DR MOSDAC / Sentinel-3 SLSTR,0.5
9759,2026-08-19,20.0,86.0,28.04,0.94,5,GHRSST L4 / INSAT-3DR MOSDAC / Sentinel-3 SLSTR,0.5
9760,2026-08-19,20.0,86.5,28.1,1.0,5,GHRSST L4 / INSAT-3DR MOSDAC / Sentinel-3 SLSTR,0.5
9761,2026-08-19,20.0,87.0,27.83,0.73,5,GHRSST L4 / INSAT-3DR MOSDAC / Sentinel-3 SLSTR,0.5
9762,2026-08-19,20.0,87.5,27.89,0.79,5,GHRSST L4 / INSAT-3DR MOSDAC / Sentinel-3 SLSTR,0.5
9763,2026-08-19,20.0,88.0,27.98,0.88,5,GHRSST L4 / INSAT-3DR MOSDAC / Sentinel-3 SLSTR,0.5
9764,2026-08-19,20.0,88.5,28.09,0.99,5,GHRSST L4 / INSAT-3DR MOSDAC / Sentinel-3 SLSTR,0.5
9765,2026-08-19,20.0,89.0,27.53,0.43,5,GHRSST L4 / INSAT-3DR MOSDAC / Sentinel-3 SLSTR,0.5
9766,2026-08-19,20.0,89.5,27.51,0.41,5,GHRSST L4 / INSAT-3DR MOSDAC / Sentinel-3 SLSTR,0.5
9767,2026-08-19,20.0,90.0,27.94,0.84,5,GHRSST L4 / INSAT-3DR MOSDAC / Sentinel-3 SLSTR,0.5
9768,2026-08-19,20.0,90.5,27.5,0.4,5,GHRSST L4 / INSAT-3DR MOSDAC / Sentinel-3 SLSTR,0.5
9769,2026-08-19,20.0,91.0,27.54,0.44,5,GHRSST L4 / INSAT-3DR MOSDAC / Sentinel-3 SLSTR,0.5
9770,2026-08-19,20.0,91.5,27.77,0.67,5,GHRSST L4 / INSAT-3DR MOSDAC / Sentinel-3 SLSTR,0.5
9771,2026-08-19,20.0,92.0,27.6,0.5,5,GHRSST L4 / INSAT-3DR MOSDAC / Sentinel-3 SLSTR,0.5
9772,2026-08-19,20.0,92.5,28.1,1.0,5,GHRSST L4 / INSAT-3DR MOSDAC / Sentinel-3 SLSTR,0.5
9773,2026-08-19,20.0,93.0,27.7,0.6,5,GHRSST L4 / INSAT-3DR MOSDAC / Sentinel-3 SLSTR,0.5
9774,2026-08-19,20.0,93.5,27.87,0.77,5,GHRSST L4 / INSAT-3DR MOSDAC / Sentinel-3 SLSTR,0.5
9775,2026-08-19,20.0,94.0,27.48,0.38,5,GHRSST L4 / INSAT-3DR MOSDAC / Sentinel-3 SLSTR,0.5
9776,2026-08-19,20.5,68.0,27.77,0.72,5,GHRSST L4 / INSAT-3DR MOSDAC / Sentinel-3 SLSTR,0.5
9777,2026-08-19,20.5,68.5,27.98,0.93,5,GHRSST L4 / INSAT-3DR MOSDAC / Sentinel-3 SLSTR,0.5
9778,2026-08-19,20.5,69.0,28.09,1.04,5,GHRSST L4 / INSAT-3DR MOSDAC / Sentinel-3 SLSTR,0.5
9779,2026-08-19,20.5,69.5,27.89,0.84,5,GHRSST L4 / INSAT-3DR MOSDAC / Sentinel-3 SLSTR,0.5
9780,2026-08-19,20.5,70.0,27.55,0.5,5,GHRSST L4 / INSAT-3DR MOSDAC / Sentinel-3 SLSTR,0.5
9781,2026-08-19,20.5,70.5,27.66,0.61,5,GHRSST L4 / INSAT-3DR MOSDAC / Sentinel-3 SLSTR,0.5
9782,2026-08-19,20.5,71.0,27.52,0.47,5,GHRSST L4 / INSAT-3DR MOSDAC / Sentinel-3 SLSTR,0.5
9783,2026-08-19,20.5,71.5,27.65,0.6,5,GHRSST L4 / INSAT-3DR MOSDAC / Sentinel-3 SLSTR,0.5
9784,2026-08-19,20.5,72.0,27.8,0.75,5,GHRSST L4 / INSAT-3DR MOSDAC / Sentinel-3 SLSTR,0.5
9785,2026-08-19,20.5,72.5,27.75,0.7,5,GHRSST L4 / INSAT-3DR MOSDAC / Sentinel-3 SLSTR,0.5
9786,2026-08-19,20.5,73.0,28.02,0.97,5,GHRSST L4 / INSAT-3DR MOSDAC / Sentinel-3 SLSTR,0.5
9787,2026-08-19,20.5,73.5,27.55,0.5,5,GHRSST L4 / INSAT-3DR MOSDAC / Sentinel-3 SLSTR,0.5
9788,2026-08-19,20.5,74.0,27.71,0.66,5,GHRSST L4 / INSAT-3DR MOSDAC / Sentinel-3 SLSTR,0.5
9789,2026-08-19,20.5,74.5,27.85,0.8,5,GHRSST L4 / INSAT-3DR MOSDAC / Sentinel-3 SLSTR,0.5
9790,2026-08-19,20.5,75.0,28.1,1.05,5,GHRSST L4 / INSAT-3DR MOSDAC / Sentinel-3 SLSTR,0.5
9791,2026-08-19,20.5,75.5,27.56,0.51,5,GHRSST L4 / INSAT-3DR MOSDAC / Sentinel-3 SLSTR,0.5
9792,2026-08-19,20.5,76.0,27.99,0.94,5,GHRSST L4 / INSAT-3DR MOSDAC / Sentinel-3 SLSTR,0.5
9793,2026-08-19,20.5,76.5,27.84,0.79,5,GHRSST L4 / INSAT-3DR MOSDAC / Sentinel-3 SLSTR,0.5
9794,2026-08-19,20.5,77.0,27.5,0.45,5,GHRSST L4 / INSAT-3DR MOSDAC / Sentinel-3 SLSTR,0.5
9795,2026-08-19,20.5,77.5,27.96,0.91,5,GHRSST L4 / INSAT-3DR MOSDAC / Sentinel-3 SLSTR,0.5
9796,2026-08-19,20.5,78.0,27.53,0.48,5,GHRSST L4 / INSAT-3DR MOSDAC / Sentinel-3 SLSTR,0.5
9797,2026-08-19,20.5,78.5,27.9,0.85,5,GHRSST L4 / INSAT-3DR MOSDAC / Sentinel-3 SLSTR,0.5
9798,2026-08-19,20.5,79.0,27.58,0.53,5,GHRSST L4 / INSAT-3DR MOSDAC / Sentinel-3 SLSTR,0.5
9799,2026-08-19,20.5,79.5,27.74,0.69,5,GHRSST L4 / INSAT-3DR MOSDAC / Sentinel-3 SLSTR,0.5
9800,2026-08-19,20.5,80.0,27.96,0.91,5,GHRSST L4 / INSAT-3DR MOSDAC / Sentinel-3 SLSTR,0.5
9801,2026-08-19,20.5,80.5,27.85,0.8,5,GHRSST L4 / INSAT-3DR MOSDAC / Sentinel-3 SLSTR,0.5
9802,2026-08-19,20.5,81.0,27.93,0.88,5,GHRSST L4 / INSAT-3DR MOSDAC / Sentinel-3 SLSTR,0.5
9803,2026-08-19,20.5,81.5,27.97,0.92,5,GHRSST L4 / INSAT-3DR MOSDAC / Sentinel-3 SLSTR,0.5
9804,2026-08-19,20.5,82.0,27.43,0.38,5,GHRSST L4 / INSAT-3DR MOSDAC / Sentinel-3 SLSTR,0.5
9805,2026-08-19,20.5,82.5,27.75,0.7,5,GHRSST L4 / INSAT-3DR MOSDAC / Sentinel-3 SLSTR,0.5
9806,2026-08-19,20.5,83.0,28.1,1.05,5,GHRSST L4 / INSAT-3DR MOSDAC / Sentinel-3 SLSTR,0.5
9807,2026-08-19,20.5,83.5,27.97,0.92,5,GHRSST L4 / INSAT-3DR MOSDAC / Sentinel-3 SLSTR,0.5
9808,2026-08-19,20.5,84.0,27.67,0.62,5,GHRSST L4 / INSAT-3DR MOSDAC / Sentinel-3 SLSTR,0.5
9809,2026-08-19,20.5,84.5,27.61,0.56,5,GHRSST L4 / INSAT-3DR MOSDAC / Sentinel-3 SLSTR,0.5
9810,2026-08-19,20.5,85.0,27.9,0.85,5,GHRSST L4 / INSAT-3DR MOSDAC / Sentinel-3 SLSTR,0.5
9811,2026-08-19,20.5,85.5,27.51,0.46,5,GHRSST L4 / INSAT-3DR MOSDAC / Sentinel-3 SLSTR,0.5
9812,2026-08-19,20.5,86.0,28.03,0.98,5,GHRSST L4 / INSAT-3DR MOSDAC / Sentinel-3 SLSTR,0.5
9813,2026-08-19,20.5,86.5,27.47,0.42,5,GHRSST L4 / INSAT-3DR MOSDAC / Sentinel-3 SLSTR,0.5
9814,2026-08-19,20.5,87.0,27.8,0.75,5,GHRSST L4 / INSAT-3DR MOSDAC / Sentinel-3 SLSTR,0.5
9815,2026-08-19,20.5,87.5,28.0,0.95,5,GHRSST L4 / INSAT-3DR MOSDAC / Sentinel-3 SLSTR,0.5
9816,2026-08-19,20.5,88.0,27.91,0.86,5,GHRSST L4 / INSAT-3DR MOSDAC / Sentinel-3 SLSTR,0.5
9817,2026-08-19,20.5,88.5,27.75,0.7,5,GHRSST L4 / INSAT-3DR MOSDAC / Sentinel-3 SLSTR,0.5
9818,2026-08-19,20.5,89.0,27.57,0.52,5,GHRSST L4 / INSAT-3DR MOSDAC / Sentinel-3 SLSTR,0.5
9819,2026-08-19,20.5,89.5,27.83,0.78,5,GHRSST L4 / INSAT-3DR MOSDAC / Sentinel-3 SLSTR,0.5
9820,2026-08-19,20.5,90.0,28.09,1.04,5,GHRSST L4 / INSAT-3DR MOSDAC / Sentinel-3 SLSTR,0.5
9821,2026-08-19,20.5,90.5,27.48,0.43,5,GHRSST L4 / INSAT-3DR MOSDAC / Sentinel-3 SLSTR,0.5
9822,2026-08-19,20.5,91.0,27.43,0.38,5,GHRSST L4 / INSAT-3DR MOSDAC / Sentinel-3 SLSTR,0.5
9823,2026-08-19,20.5,91.5,27.7,0.65,5,GHRSST L4 / INSAT-3DR MOSDAC / Sentinel-3 SLSTR,0.5
9824,2026-08-19,20.5,92.0,27.82,0.77,5,GHRSST L4 / INSAT-3DR MOSDAC / Sentinel-3 SLSTR,0.5
9825,2026-08-19,20.5,92.5,27.66,0.61,5,GHRSST L4 / INSAT-3DR MOSDAC / Sentinel-3 SLSTR,0.5
9826,2026-08-19,20.5,93.0,27.91,0.86,5,GHRSST L4 / INSAT-3DR MOSDAC / Sentinel-3 SLSTR,0.5
9827,2026-08-19,20.5,93.5,27.78,0.73,5,GHRSST L4 / INSAT-3DR MOSDAC / Sentinel-3 SLSTR,0.5
9828,2026-08-19,20.5,94.0,27.65,0.6,5,GHRSST L4 / INSAT-3DR MOSDAC / Sentinel-3 SLSTR,0.5
9829,2026-08-19,21.0,68.0,27.91,0.91,5,GHRSST L4 / INSAT-3DR MOSDAC / Sentinel-3 SLSTR,0.5
9830,2026-08-19,21.0,68.5,27.42,0.42,5,GHRSST L4 / INSAT-3DR MOSDAC / Sentinel-3 SLSTR,0.5
9831,2026-08-19,21.0,69.0,27.38,0.38,5,GHRSST L4 / INSAT-3DR MOSDAC / Sentinel-3 SLSTR,0.5
9832,2026-08-19,21.0,69.5,27.39,0.39,5,GHRSST L4 / INSAT-3DR MOSDAC / Sentinel-3 SLSTR,0.5
9833,2026-08-19,21.0,70.0,27.92,0.92,5,GHRSST L4 / INSAT-3DR MOSDAC / Sentinel-3 SLSTR,0.5
9834,2026-08-19,21.0,70.5,27.91,0.91,5,GHRSST L4 / INSAT-3DR MOSDAC / Sentinel-3 SLSTR,0.5
9835,2026-08-19,21.0,71.0,27.93,0.93,5,GHRSST L4 / INSAT-3DR MOSDAC / Sentinel-3 SLSTR,0.5
9836,2026-08-19,21.0,71.5,27.55,0.55,5,GHRSST L4 / INSAT-3DR MOSDAC / Sentinel-3 SLSTR,0.5
9837,2026-08-19,21.0,72.0,27.69,0.69,5,GHRSST L4 / INSAT-3DR MOSDAC / Sentinel-3 SLSTR,0.5
9838,2026-08-19,21.0,72.5,27.57,0.57,5,GHRSST L4 / INSAT-3DR MOSDAC / Sentinel-3 SLSTR,0.5
9839,2026-08-19,21.0,73.0,27.76,0.76,5,GHRSST L4 / INSAT-3DR MOSDAC / Sentinel-3 SLSTR,0.5
9840,2026-08-19,21.0,73.5,27.94,0.94,5,GHRSST L4 / INSAT-3DR MOSDAC / Sentinel-3 SLSTR,0.5
9841,2026-08-19,21.0,74.0,27.36,0.36,5,GHRSST L4 / INSAT-3DR MOSDAC / Sentinel-3 SLSTR,0.5
9842,2026-08-19,21.0,74.5,27.75,0.75,5,GHRSST L4 / INSAT-3DR MOSDAC / Sentinel-3 SLSTR,0.5
9843,2026-08-19,21.0,75.0,27.49,0.49,5,GHRSST L4 / INSAT-3DR MOSDAC / Sentinel-3 SLSTR,0.5
9844,2026-08-19,21.0,75.5,27.96,0.96,5,GHRSST L4 / INSAT-3DR MOSDAC / Sentinel-3 SLSTR,0.5
9845,2026-08-19,21.0,76.0,28.02,1.02,5,GHRSST L4 / INSAT-3DR MOSDAC / Sentinel-3 SLSTR,0.5
9846,2026-08-19,21.0,76.5,27.93,0.93,5,GHRSST L4 / INSAT-3DR MOSDAC / Sentinel-3 SLSTR,0.5
9847,2026-08-19,21.0,77.0,27.37,0.37,5,GHRSST L4 / INSAT-3DR MOSDAC / Sentinel-3 SLSTR,0.5
9848,2026-08-19,21.0,77.5,27.56,0.56,5,GHRSST L4 / INSAT-3DR MOSDAC / Sentinel-3 SLSTR,0.5
9849,2026-08-19,21.0,78.0,27.51,0.51,5,GHRSST L4 / INSAT-3DR MOSDAC / Sentinel-3 SLSTR,0.5
9850,2026-08-19,21.0,78.5,27.93,0.93,5,GHRSST L4 / INSAT-3DR MOSDAC / Sentinel-3 SLSTR,0.5
9851,2026-08-19,21.0,79.0,27.36,0.36,5,GHRSST L4 / INSAT-3DR MOSDAC / Sentinel-3 SLSTR,0.5
9852,2026-08-19,21.0,79.5,28.0,1.0,5,GHRSST L4 / INSAT-3DR MOSDAC / Sentinel-3 SLSTR,0.5
9853,2026-08-19,21.0,80.0,27.76,0.76,5,GHRSST L4 / INSAT-3DR MOSDAC / Sentinel-3 SLSTR,0.5
9854,2026-08-19,21.0,80.5,27.87,0.87,5,GHRSST L4 / INSAT-3DR MOSDAC / Sentinel-3 SLSTR,0.5
9855,2026-08-19,21.0,81.0,27.67,0.67,5,GHRSST L4 / INSAT-3DR MOSDAC / Sentinel-3 SLSTR,0.5
9856,2026-08-19,21.0,81.5,27.84,0.84,5,GHRSST L4 / INSAT-3DR MOSDAC / Sentinel-3 SLSTR,0.5
9857,2026-08-19,21.0,82.0,27.58,0.58,5,GHRSST L4 / INSAT-3DR MOSDAC / Sentinel-3 SLSTR,0.5
9858,2026-08-19,21.0,82.5,27.81,0.81,5,GHRSST L4 / INSAT-3DR MOSDAC / Sentinel-3 SLSTR,0.5
9859,2026-08-19,21.0,83.0,27.65,0.65,5,GHRSST L4 / INSAT-3DR MOSDAC / Sentinel-3 SLSTR,0.5
9860,2026-08-19,21.0,83.5,28.0,1.0,5,GHRSST L4 / INSAT-3DR MOSDAC / Sentinel-3 SLSTR,0.5
9861,2026-08-19,21.0,84.0,28.0,1.0,5,GHRSST L4 / INSAT-3DR MOSDAC / Sentinel-3 SLSTR,0.5
9862,2026-08-19,21.0,84.5,27.75,0.75,5,GHRSST L4 / INSAT-3DR MOSDAC / Sentinel-3 SLSTR,0.5
9863,2026-08-19,21.0,85.0,27.89,0.89,5,GHRSST L4 / INSAT-3DR MOSDAC / Sentinel-3 SLSTR,0.5
9864,2026-08-19,21.0,85.5,27.87,0.87,5,GHRSST L4 / INSAT-3DR MOSDAC / Sentinel-3 SLSTR,0.5
9865,2026-08-19,21.0,86.0,27.84,0.84,5,GHRSST L4 / INSAT-3DR MOSDAC / Sentinel-3 SLSTR,0.5
9866,2026-08-19,21.0,86.5,28.03,1.03,5,GHRSST L4 / INSAT-3DR MOSDAC / Sentinel-3 SLSTR,0.5
9867,2026-08-19,21.0,87.0,27.96,0.96,5,GHRSST L4 / INSAT-3DR MOSDAC / Sentinel-3 SLSTR,0.5
9868,2026-08-19,21.0,87.5,27.87,0.87,5,GHRSST L4 / INSAT-3DR MOSDAC / Sentinel-3 SLSTR,0.5
9869,2026-08-19,21.0,88.0,27.41,0.41,5,GHRSST L4 / INSAT-3DR MOSDAC / Sentinel-3 SLSTR,0.5
9870,2026-08-19,21.0,88.5,27.6,0.6,5,GHRSST L4 / INSAT-3DR MOSDAC / Sentinel-3 SLSTR,0.5
9871,2026-08-19,21.0,89.0,27.59,0.59,5,GHRSST L4 / INSAT-3DR MOSDAC / Sentinel-3 SLSTR,0.5
9872,2026-08-19,21.0,89.5,27.71,0.71,5,GHRSST L4 / INSAT-3DR MOSDAC / Sentinel-3 SLSTR,0.5
9873,2026-08-19,21.0,90.0,27.95,0.95,5,GHRSST L4 / INSAT-3DR MOSDAC / Sentinel-3 SLSTR,0.5
9874,2026-08-19,21.0,90.5,27.82,0.82,5,GHRSST L4 / INSAT-3DR MOSDAC / Sentinel-3 SLSTR,0.5
9875,2026-08-19,21.0,91.0,27.89,0.89,5,GHRSST L4 / INSAT-3DR MOSDAC / Sentinel-3 SLSTR,0.5
9876,2026-08-19,21.0,91.5,27.38,0.38,5,GHRSST L4 / INSAT-3DR MOSDAC / Sentinel-3 SLSTR,0.5
9877,2026-08-19,21.0,92.0,27.39,0.39,5,GHRSST L4 / INSAT-3DR MOSDAC / Sentinel-3 SLSTR,0.5
9878,2026-08-19,21.0,92.5,28.0,1.0,5,GHRSST L4 / INSAT-3DR MOSDAC / Sentinel-3 SLSTR,0.5
9879,2026-08-19,21.0,93.0,27.5,0.5,5,GHRSST L4 / INSAT-3DR MOSDAC / Sentinel-3 SLSTR,0.5
9880,2026-08-19,21.0,93.5,27.91,0.91,5,GHRSST L4 / INSAT-3DR MOSDAC / Sentinel-3 SLSTR,0.5
9881,2026-08-19,21.0,94.0,27.73,0.73,5,GHRSST L4 / INSAT-3DR MOSDAC / Sentinel-3 SLSTR,0.5
9882,2026-08-19,21.5,68.0,27.53,0.58,5,GHRSST L4 / INSAT-3DR MOSDAC / Sentinel-3 SLSTR,0.5
9883,2026-08-19,21.5,68.5,27.82,0.87,5,GHRSST L4 / INSAT-3DR MOSDAC / Sentinel-3 SLSTR,0.5
9884,2026-08-19,21.5,69.0,27.97,1.02,5,GHRSST L4 / INSAT-3DR MOSDAC / Sentinel-3 SLSTR,0.5
9885,2026-08-19,21.5,69.5,27.47,0.52,5,GHRSST L4 / INSAT-3DR MOSDAC / Sentinel-3 SLSTR,0.5
9886,2026-08-19,21.5,70.0,27.54,0.59,5,GHRSST L4 / INSAT-3DR MOSDAC / Sentinel-3 SLSTR,0.5
9887,2026-08-19,21.5,70.5,27.5,0.55,5,GHRSST L4 / INSAT-3DR MOSDAC / Sentinel-3 SLSTR,0.5
9888,2026-08-19,21.5,71.0,27.74,0.79,5,GHRSST L4 / INSAT-3DR MOSDAC / Sentinel-3 SLSTR,0.5
9889,2026-08-19,21.5,71.5,27.8,0.85,5,GHRSST L4 / INSAT-3DR MOSDAC / Sentinel-3 SLSTR,0.5
9890,2026-08-19,21.5,72.0,27.62,0.67,5,GHRSST L4 / INSAT-3DR MOSDAC / Sentinel-3 SLSTR,0.5
9891,2026-08-19,21.5,72.5,27.44,0.49,5,GHRSST L4 / INSAT-3DR MOSDAC / Sentinel-3 SLSTR,0.5
9892,2026-08-19,21.5,73.0,27.51,0.56,5,GHRSST L4 / INSAT-3DR MOSDAC / Sentinel-3 SLSTR,0.5
9893,2026-08-19,21.5,73.5,27.81,0.86,5,GHRSST L4 / INSAT-3DR MOSDAC / Sentinel-3 SLSTR,0.5
9894,2026-08-19,21.5,74.0,27.91,0.96,5,GHRSST L4 / INSAT-3DR MOSDAC / Sentinel-3 SLSTR,0.5
9895,2026-08-19,21.5,74.5,27.65,0.7,5,GHRSST L4 / INSAT-3DR MOSDAC / Sentinel-3 SLSTR,0.5
9896,2026-08-19,21.5,75.0,27.46,0.51,5,GHRSST L4 / INSAT-3DR MOSDAC / Sentinel-3 SLSTR,0.5
9897,2026-08-19,21.5,75.5,27.76,0.81,5,GHRSST L4 / INSAT-3DR MOSDAC / Sentinel-3 SLSTR,0.5
9898,2026-08-19,21.5,76.0,27.74,0.79,5,GHRSST L4 / INSAT-3DR MOSDAC / Sentinel-3 SLSTR,0.5
9899,2026-08-19,21.5,76.5,27.93,0.98,5,GHRSST L4 / INSAT-3DR MOSDAC / Sentinel-3 SLSTR,0.5
9900,2026-08-19,21.5,77.0,27.49,0.54,5,GHRSST L4 / INSAT-3DR MOSDAC / Sentinel-3 SLSTR,0.5
9901,2026-08-19,21.5,77.5,27.86,0.91,5,GHRSST L4 / INSAT-3DR MOSDAC / Sentinel-3 SLSTR,0.5
9902,2026-08-19,21.5,78.0,27.76,0.81,5,GHRSST L4 / INSAT-3DR MOSDAC / Sentinel-3 SLSTR,0.5
9903,2026-08-19,21.5,78.5,27.88,0.93,5,GHRSST L4 / INSAT-3DR MOSDAC / Sentinel-3 SLSTR,0.5
9904,2026-08-19,21.5,79.0,27.36,0.41,5,GHRSST L4 / INSAT-3DR MOSDAC / Sentinel-3 SLSTR,0.5
9905,2026-08-19,21.5,79.5,27.87,0.92,5,GHRSST L4 / INSAT-3DR MOSDAC / Sentinel-3 SLSTR,0.5
9906,2026-08-19,21.5,80.0,27.62,0.67,5,GHRSST L4 / INSAT-3DR MOSDAC / Sentinel-3 SLSTR,0.5
9907,2026-08-19,21.5,80.5,27.83,0.88,5,GHRSST L4 / INSAT-3DR MOSDAC / Sentinel-3 SLSTR,0.5
9908,2026-08-19,21.5,81.0,27.46,0.51,5,GHRSST L4 / INSAT-3DR MOSDAC / Sentinel-3 SLSTR,0.5
9909,2026-08-19,21.5,81.5,27.53,0.58,5,GHRSST L4 / INSAT-3DR MOSDAC / Sentinel-3 SLSTR,0.5
9910,2026-08-19,21.5,82.0,27.58,0.63,5,GHRSST L4 / INSAT-3DR MOSDAC / Sentinel-3 SLSTR,0.5
9911,2026-08-19,21.5,82.5,27.68,0.73,5,GHRSST L4 / INSAT-3DR MOSDAC / Sentinel-3 SLSTR,0.5
9912,2026-08-19,21.5,83.0,27.65,0.7,5,GHRSST L4 / INSAT-3DR MOSDAC / Sentinel-3 SLSTR,0.5
9913,2026-08-19,21.5,83.5,27.46,0.51,5,GHRSST L4 / INSAT-3DR MOSDAC / Sentinel-3 SLSTR,0.5
9914,2026-08-19,21.5,84.0,27.92,0.97,5,GHRSST L4 / INSAT-3DR MOSDAC / Sentinel-3 SLSTR,0.5
9915,2026-08-19,21.5,84.5,27.95,1.0,5,GHRSST L4 / INSAT-3DR MOSDAC / Sentinel-3 SLSTR,0.5
9916,2026-08-19,21.5,85.0,27.46,0.51,5,GHRSST L4 / INSAT-3DR MOSDAC / Sentinel-3 SLSTR,0.5
9917,2026-08-19,21.5,85.5,27.56,0.61,5,GHRSST L4 / INSAT-3DR MOSDAC / Sentinel-3 SLSTR,0.5
9918,2026-08-19,21.5,86.0,27.85,0.9,5,GHRSST L4 / INSAT-3DR MOSDAC / Sentinel-3 SLSTR,0.5
9919,2026-08-19,21.5,86.5,27.84,0.89,5,GHRSST L4 / INSAT-3DR MOSDAC / Sentinel-3 SLSTR,0.5
9920,2026-08-19,21.5,87.0,27.97,1.02,5,GHRSST L4 / INSAT-3DR MOSDAC / Sentinel-3 SLSTR,0.5
9921,2026-08-19,21.5,87.5,27.95,1.0,5,GHRSST L4 / INSAT-3DR MOSDAC / Sentinel-3 SLSTR,0.5
9922,2026-08-19,21.5,88.0,27.9,0.95,5,GHRSST L4 / INSAT-3DR MOSDAC / Sentinel-3 SLSTR,0.5
9923,2026-08-19,21.5,88.5,27.7,0.75,5,GHRSST L4 / INSAT-3DR MOSDAC / Sentinel-3 SLSTR,0.5
9924,2026-08-19,21.5,89.0,27.53,0.58,5,GHRSST L4 / INSAT-3DR MOSDAC / Sentinel-3 SLSTR,0.5
9925,2026-08-19,21.5,89.5,27.66,0.71,5,GHRSST L4 / INSAT-3DR MOSDAC / Sentinel-3 SLSTR,0.5
9926,2026-08-19,21.5,90.0,27.83,0.88,5,GHRSST L4 / INSAT-3DR MOSDAC / Sentinel-3 SLSTR,0.5
9927,2026-08-19,21.5,90.5,27.36,0.41,5,GHRSST L4 / INSAT-3DR MOSDAC / Sentinel-3 SLSTR,0.5
9928,2026-08-19,21.5,91.0,27.78,0.83,5,GHRSST L4 / INSAT-3DR MOSDAC / Sentinel-3 SLSTR,0.5
9929,2026-08-19,21.5,91.5,27.92,0.97,5,GHRSST L4 / INSAT-3DR MOSDAC / Sentinel-3 SLSTR,0.5
9930,2026-08-19,21.5,92.0,27.44,0.49,5,GHRSST L4 / INSAT-3DR MOSDAC / Sentinel-3 SLSTR,0.5
9931,2026-08-19,21.5,92.5,27.86,0.91,5,GHRSST L4 / INSAT-3DR MOSDAC / Sentinel-3 SLSTR,0.5
9932,2026-08-19,21.5,93.0,27.91,0.96,5,GHRSST L4 / INSAT-3DR MOSDAC / Sentinel-3 SLSTR,0.5
9933,2026-08-19,21.5,93.5,27.34,0.39,5,GHRSST L4 / INSAT-3DR MOSDAC / Sentinel-3 SLSTR,0.5
9934,2026-08-19,21.5,94.0,27.96,1.01,5,GHRSST L4 / INSAT-3DR MOSDAC / Sentinel-3 SLSTR,0.5
9935,2026-08-19,22.0,68.0,27.58,0.68,5,GHRSST L4 / INSAT-3DR MOSDAC / Sentinel-3 SLSTR,0.5
9936,2026-08-19,22.0,68.5,27.55,0.65,5,GHRSST L4 / INSAT-3DR MOSDAC / Sentinel-3 SLSTR,0.5
9937,2026-08-19,22.0,69.0,27.65,0.75,5,GHRSST L4 / INSAT-3DR MOSDAC / Sentinel-3 SLSTR,0.5
9938,2026-08-19,22.0,69.5,27.38,0.48,5,GHRSST L4 / INSAT-3DR MOSDAC / Sentinel-3 SLSTR,0.5
9939,2026-08-19,22.0,70.0,27.69,0.79,5,GHRSST L4 / INSAT-3DR MOSDAC / Sentinel-3 SLSTR,0.5
9940,2026-08-19,22.0,70.5,27.8,0.9,5,GHRSST L4 / INSAT-3DR MOSDAC / Sentinel-3 SLSTR,0.5
9941,2026-08-19,22.0,71.0,27.46,0.56,5,GHRSST L4 / INSAT-3DR MOSDAC / Sentinel-3 SLSTR,0.5
9942,2026-08-19,22.0,71.5,27.41,0.51,5,GHRSST L4 / INSAT-3DR MOSDAC / Sentinel-3 SLSTR,0.5
9943,2026-08-19,22.0,72.0,27.87,0.97,5,GHRSST L4 / INSAT-3DR MOSDAC / Sentinel-3 SLSTR,0.5
9944,2026-08-19,22.0,72.5,27.56,0.66,5,GHRSST L4 / INSAT-3DR MOSDAC / Sentinel-3 SLSTR,0.5
9945,2026-08-19,22.0,73.0,27.67,0.77,5,GHRSST L4 / INSAT-3DR MOSDAC / Sentinel-3 SLSTR,0.5
9946,2026-08-19,22.0,73.5,27.83,0.93,5,GHRSST L4 / INSAT-3DR MOSDAC / Sentinel-3 SLSTR,0.5
9947,2026-08-19,22.0,74.0,27.73,0.83,5,GHRSST L4 / INSAT-3DR MOSDAC / Sentinel-3 SLSTR,0.5
9948,2026-08-19,22.0,74.5,27.46,0.56,5,GHRSST L4 / INSAT-3DR MOSDAC / Sentinel-3 SLSTR,0.5
9949,2026-08-19,22.0,75.0,27.24,0.34,5,GHRSST L4 / INSAT-3DR MOSDAC / Sentinel-3 SLSTR,0.5
9950,2026-08-19,22.0,75.5,27.56,0.66,5,GHRSST L4 / INSAT-3DR MOSDAC / Sentinel-3 SLSTR,0.5
9951,2026-08-19,22.0,76.0,27.4,0.5,5,GHRSST L4 / INSAT-3DR MOSDAC / Sentinel-3 SLSTR,0.5
9952,2026-08-19,22.0,76.5,27.52,0.62,5,GHRSST L4 / INSAT-3DR MOSDAC / Sentinel-3 SLSTR,0.5
9953,2026-08-19,22.0,77.0,27.55,0.65,5,GHRSST L4 / INSAT-3DR MOSDAC / Sentinel-3 SLSTR,0.5
9954,2026-08-19,22.0,77.5,27.84,0.94,5,GHRSST L4 / INSAT-3DR MOSDAC / Sentinel-3 SLSTR,0.5
9955,2026-08-19,22.0,78.0,27.77,0.87,5,GHRSST L4 / INSAT-3DR MOSDAC / Sentinel-3 SLSTR,0.5
9956,2026-08-19,22.0,78.5,27.37,0.47,5,GHRSST L4 / INSAT-3DR MOSDAC / Sentinel-3 SLSTR,0.5
9957,2026-08-19,22.0,79.0,27.45,0.55,5,GHRSST L4 / INSAT-3DR MOSDAC / Sentinel-3 SLSTR,0.5
9958,2026-08-19,22.0,79.5,27.64,0.74,5,GHRSST L4 / INSAT-3DR MOSDAC / Sentinel-3 SLSTR,0.5
9959,2026-08-19,22.0,80.0,27.63,0.73,5,GHRSST L4 / INSAT-3DR MOSDAC / Sentinel-3 SLSTR,0.5
9960,2026-08-19,22.0,80.5,27.61,0.71,5,GHRSST L4 / INSAT-3DR MOSDAC / Sentinel-3 SLSTR,0.5
9961,2026-08-19,22.0,81.0,27.9,1.0,5,GHRSST L4 / INSAT-3DR MOSDAC / Sentinel-3 SLSTR,0.5
9962,2026-08-19,22.0,81.5,27.71,0.81,5,GHRSST L4 / INSAT-3DR MOSDAC / Sentinel-3 SLSTR,0.5
9963,2026-08-19,22.0,82.0,27.3,0.4,5,GHRSST L4 / INSAT-3DR MOSDAC / Sentinel-3 SLSTR,0.5
9964,2026-08-19,22.0,82.5,27.89,0.99,5,GHRSST L4 / INSAT-3DR MOSDAC / Sentinel-3 SLSTR,0.5
9965,2026-08-19,22.0,83.0,27.55,0.65,5,GHRSST L4 / INSAT-3DR MOSDAC / Sentinel-3 SLSTR,0.5
9966,2026-08-19,22.0,83.5,27.64,0.74,5,GHRSST L4 / INSAT-3DR MOSDAC / Sentinel-3 SLSTR,0.5
9967,2026-08-19,22.0,84.0,27.8,0.9,5,GHRSST L4 / INSAT-3DR MOSDAC / Sentinel-3 SLSTR,0.5
9968,2026-08-19,22.0,84.5,27.38,0.48,5,GHRSST L4 / INSAT-3DR MOSDAC / Sentinel-3 SLSTR,0.5
9969,2026-08-19,22.0,85.0,27.59,0.69,5,GHRSST L4 / INSAT-3DR MOSDAC / Sentinel-3 SLSTR,0.5
9970,2026-08-19,22.0,85.5,27.83,0.93,5,GHRSST L4 / INSAT-3DR MOSDAC / Sentinel-3 SLSTR,0.5
9971,2026-08-19,22.0,86.0,27.75,0.85,5,GHRSST L4 / INSAT-3DR MOSDAC / Sentinel-3 SLSTR,0.5
9972,2026-08-19,22.0,86.5,27.48,0.58,5,GHRSST L4 / INSAT-3DR MOSDAC / Sentinel-3 SLSTR,0.5
9973,2026-08-19,22.0,87.0,27.64,0.74,5,GHRSST L4 / INSAT-3DR MOSDAC / Sentinel-3 SLSTR,0.5
9974,2026-08-19,22.0,87.5,27.24,0.34,5,GHRSST L4 / INSAT-3DR MOSDAC / Sentinel-3 SLSTR,0.5
9975,2026-08-19,22.0,88.0,27.26,0.36,5,GHRSST L4 / INSAT-3DR MOSDAC / Sentinel-3 SLSTR,0.5
9976,2026-08-19,22.0,88.5,27.31,0.41,5,GHRSST L4 / INSAT-3DR MOSDAC / Sentinel-3 SLSTR,0.5
9977,2026-08-19,22.0,89.0,27.72,0.82,5,GHRSST L4 / INSAT-3DR MOSDAC / Sentinel-3 SLSTR,0.5
9978,2026-08-19,22.0,89.5,27.66,0.76,5,GHRSST L4 / INSAT-3DR MOSDAC / Sentinel-3 SLSTR,0.5
9979,2026-08-19,22.0,90.0,27.87,0.97,5,GHRSST L4 / INSAT-3DR MOSDAC / Sentinel-3 SLSTR,0.5
9980,2026-08-19,22.0,90.5,27.73,0.83,5,GHRSST L4 / INSAT-3DR MOSDAC / Sentinel-3 SLSTR,0.5
9981,2026-08-19,22.0,91.0,27.52,0.62,5,GHRSST L4 / INSAT-3DR MOSDAC / Sentinel-3 SLSTR,0.5
9982,2026-08-19,22.0,91.5,27.84,0.94,5,GHRSST L4 / INSAT-3DR MOSDAC / Sentinel-3 SLSTR,0.5
9983,2026-08-19,22.0,92.0,27.26,0.36,5,GHRSST L4 / INSAT-3DR MOSDAC / Sentinel-3 SLSTR,0.5
9984,2026-08-19,22.0,92.5,27.24,0.34,5,GHRSST L4 / INSAT-3DR MOSDAC / Sentinel-3 SLSTR,0.5
9985,2026-08-19,22.0,93.0,27.41,0.51,5,GHRSST L4 / INSAT-3DR MOSDAC / Sentinel-3 SLSTR,0.5
9986,2026-08-19,22.0,93.5,27.32,0.42,5,GHRSST L4 / INSAT-3DR MOSDAC / Sentinel-3 SLSTR,0.5
9987,2026-08-19,22.0,94.0,27.42,0.52,5,GHRSST L4 / INSAT-3DR MOSDAC / Sentinel-3 SLSTR,0.5
9988,2026-08-19,22.5,68.0,27.38,0.53,5,GHRSST L4 / INSAT-3DR MOSDAC / Sentinel-3 SLSTR,0.5
9989,2026-08-19,22.5,68.5,27.49,0.64,5,GHRSST L4 / INSAT-3DR MOSDAC / Sentinel-3 SLSTR,0.5
9990,2026-08-19,22.5,69.0,27.6,0.75,5,GHRSST L4 / INSAT-3DR MOSDAC / Sentinel-3 SLSTR,0.5
9991,2026-08-19,22.5,69.5,27.42,0.57,5,GHRSST L4 / INSAT-3DR MOSDAC / Sentinel-3 SLSTR,0.5
9992,2026-08-19,22.5,70.0,27.85,1.0,5,GHRSST L4 / INSAT-3DR MOSDAC / Sentinel-3 SLSTR,0.5
9993,2026-08-19,22.5,70.5,27.55,0.7,5,GHRSST L4 / INSAT-3DR MOSDAC / Sentinel-3 SLSTR,0.5
9994,2026-08-19,22.5,71.0,27.78,0.93,5,GHRSST L4 / INSAT-3DR MOSDAC / Sentinel-3 SLSTR,0.5
9995,2026-08-19,22.5,71.5,27.73,0.88,5,GHRSST L4 / INSAT-3DR MOSDAC / Sentinel-3 SLSTR,0.5
9996,2026-08-19,22.5,72.0,27.2,0.35,5,GHRSST L4 / INSAT-3DR MOSDAC / Sentinel-3 SLSTR,0.5
9997,2026-08-19,22.5,72.5,27.5,0.65,5,GHRSST L4 / INSAT-3DR MOSDAC / Sentinel-3 SLSTR,0.5
9998,2026-08-19,22.5,73.0,27.73,0.88,5,GHRSST L4 / INSAT-3DR MOSDAC / Sentinel-3 SLSTR,0.5
9999,2026-08-19,22.5,73.5,27.8,0.95,5,GHRSST L4 / INSAT-3DR MOSDAC / Sentinel-3 SLSTR,0.5
10000,2026-08-19,22.5,74.0,27.61,0.76,5,GHRSST L4 / INSAT-3DR MOSDAC / Sentinel-3 SLSTR,0.5
10001,2026-08-19,22.5,74.5,27.82,0.97,5,GHRSST L4 / INSAT-3DR MOSDAC / Sentinel-3 SLSTR,0.5
10002,2026-08-19,22.5,75.0,27.63,0.78,5,GHRSST L4 / INSAT-3DR MOSDAC / Sentinel-3 SLSTR,0.5
10003,2026-08-19,22.5,75.5,27.32,0.47,5,GHRSST L4 / INSAT-3DR MOSDAC / Sentinel-3 SLSTR,0.5
10004,2026-08-19,22.5,76.0,27.56,0.71,5,GHRSST L4 / INSAT-3DR MOSDAC / Sentinel-3 SLSTR,0.5
10005,2026-08-19,22.5,76.5,27.7,0.85,5,GHRSST L4 / INSAT-3DR MOSDAC / Sentinel-3 SLSTR,0.5
10006,2026-08-19,22.5,77.0,27.64,0.79,5,GHRSST L4 / INSAT-3DR MOSDAC / Sentinel-3 SLSTR,0.5
10007,2026-08-19,22.5,77.5,27.23,0.38,5,GHRSST L4 / INSAT-3DR MOSDAC / Sentinel-3 SLSTR,0.5
10008,2026-08-19,22.5,78.0,27.34,0.49,5,GHRSST L4 / INSAT-3DR MOSDAC / Sentinel-3 SLSTR,0.5
10009,2026-08-19,22.5,78.5,27.65,0.8,5,GHRSST L4 / INSAT-3DR MOSDAC / Sentinel-3 SLSTR,0.5
10010,2026-08-19,22.5,79.0,27.54,0.69,5,GHRSST L4 / INSAT-3DR MOSDAC / Sentinel-3 SLSTR,0.5
10011,2026-08-19,22.5,79.5,27.19,0.34,5,GHRSST L4 / INSAT-3DR MOSDAC / Sentinel-3 SLSTR,0.5
10012,2026-08-19,22.5,80.0,27.69,0.84,5,GHRSST L4 / INSAT-3DR MOSDAC / Sentinel-3 SLSTR,0.5
10013,2026-08-19,22.5,80.5,27.23,0.38,5,GHRSST L4 / INSAT-3DR MOSDAC / Sentinel-3 SLSTR,0.5
10014,2026-08-19,22.5,81.0,27.3,0.45,5,GHRSST L4 / INSAT-3DR MOSDAC / Sentinel-3 SLSTR,0.5
10015,2026-08-19,22.5,81.5,27.8,0.95,5,GHRSST L4 / INSAT-3DR MOSDAC / Sentinel-3 SLSTR,0.5
10016,2026-08-19,22.5,82.0,27.39,0.54,5,GHRSST L4 / INSAT-3DR MOSDAC / Sentinel-3 SLSTR,0.5
10017,2026-08-19,22.5,82.5,27.19,0.34,5,GHRSST L4 / INSAT-3DR MOSDAC / Sentinel-3 SLSTR,0.5
10018,2026-08-19,22.5,83.0,27.18,0.33,5,GHRSST L4 / INSAT-3DR MOSDAC / Sentinel-3 SLSTR,0.5
10019,2026-08-19,22.5,83.5,27.82,0.97,5,GHRSST L4 / INSAT-3DR MOSDAC / Sentinel-3 SLSTR,0.5
10020,2026-08-19,22.5,84.0,27.43,0.58,5,GHRSST L4 / INSAT-3DR MOSDAC / Sentinel-3 SLSTR,0.5
10021,2026-08-19,22.5,84.5,27.6,0.75,5,GHRSST L4 / INSAT-3DR MOSDAC / Sentinel-3 SLSTR,0.5
10022,2026-08-19,22.5,85.0,27.46,0.61,5,GHRSST L4 / INSAT-3DR MOSDAC / Sentinel-3 SLSTR,0.5
10023,2026-08-19,22.5,85.5,27.32,0.47,5,GHRSST L4 / INSAT-3DR MOSDAC / Sentinel-3 SLSTR,0.5
10024,2026-08-19,22.5,86.0,27.78,0.93,5,GHRSST L4 / INSAT-3DR MOSDAC / Sentinel-3 SLSTR,0.5
10025,2026-08-19,22.5,86.5,27.83,0.98,5,GHRSST L4 / INSAT-3DR MOSDAC / Sentinel-3 SLSTR,0.5
10026,2026-08-19,22.5,87.0,27.86,1.01,5,GHRSST L4 / INSAT-3DR MOSDAC / Sentinel-3 SLSTR,0.5
10027,2026-08-19,22.5,87.5,27.2,0.35,5,GHRSST L4 / INSAT-3DR MOSDAC / Sentinel-3 SLSTR,0.5
10028,2026-08-19,22.5,88.0,27.21,0.36,5,GHRSST L4 / INSAT-3DR MOSDAC / Sentinel-3 SLSTR,0.5
10029,2026-08-19,22.5,88.5,27.77,0.92,5,GHRSST L4 / INSAT-3DR MOSDAC / Sentinel-3 SLSTR,0.5
10030,2026-08-19,22.5,89.0,27.29,0.44,5,GHRSST L4 / INSAT-3DR MOSDAC / Sentinel-3 SLSTR,0.5
10031,2026-08-19,22.5,89.5,27.56,0.71,5,GHRSST L4 / INSAT-3DR MOSDAC / Sentinel-3 SLSTR,0.5
10032,2026-08-19,22.5,90.0,27.58,0.73,5,GHRSST L4 / INSAT-3DR MOSDAC / Sentinel-3 SLSTR,0.5
10033,2026-08-19,22.5,90.5,27.63,0.78,5,GHRSST L4 / INSAT-3DR MOSDAC / Sentinel-3 SLSTR,0.5
10034,2026-08-19,22.5,91.0,27.2,0.35,5,GHRSST L4 / INSAT-3DR MOSDAC / Sentinel-3 SLSTR,0.5
10035,2026-08-19,22.5,91.5,27.39,0.54,5,GHRSST L4 / INSAT-3DR MOSDAC / Sentinel-3 SLSTR,0.5
10036,2026-08-19,22.5,92.0,27.53,0.68,5,GHRSST L4 / INSAT-3DR MOSDAC / Sentinel-3 SLSTR,0.5
10037,2026-08-19,22.5,92.5,27.29,0.44,5,GHRSST L4 / INSAT-3DR MOSDAC / Sentinel-3 SLSTR,0.5
10038,2026-08-19,22.5,93.0,27.83,0.98,5,GHRSST L4 / INSAT-3DR MOSDAC / Sentinel-3 SLSTR,0.5
10039,2026-08-19,22.5,93.5,27.75,0.9,5,GHRSST L4 / INSAT-3DR MOSDAC / Sentinel-3 SLSTR,0.5
10040,2026-08-19,22.5,94.0,27.27,0.42,5,GHRSST L4 / INSAT-3DR MOSDAC / Sentinel-3 SLSTR,0.5
10041,2026-08-19,23.0,68.0,27.58,0.78,5,GHRSST L4 / INSAT-3DR MOSDAC / Sentinel-3 SLSTR,0.5
10042,2026-08-19,23.0,68.5,27.4,0.6,5,GHRSST L4 / INSAT-3DR MOSDAC / Sentinel-3 SLSTR,0.5
10043,2026-08-19,23.0,69.0,27.33,0.53,5,GHRSST L4 / INSAT-3DR MOSDAC / Sentinel-3 SLSTR,0.5
10044,2026-08-19,23.0,69.5,27.31,0.51,5,GHRSST L4 / INSAT-3DR MOSDAC / Sentinel-3 SLSTR,0.5
10045,2026-08-19,23.0,70.0,27.57,0.77,5,GHRSST L4 / INSAT-3DR MOSDAC / Sentinel-3 SLSTR,0.5
10046,2026-08-19,23.0,70.5,27.74,0.94,5,GHRSST L4 / INSAT-3DR MOSDAC / Sentinel-3 SLSTR,0.5
10047,2026-08-19,23.0,71.0,27.7,0.9,5,GHRSST L4 / INSAT-3DR MOSDAC / Sentinel-3 SLSTR,0.5
10048,2026-08-19,23.0,71.5,27.35,0.55,5,GHRSST L4 / INSAT-3DR MOSDAC / Sentinel-3 SLSTR,0.5
10049,2026-08-19,23.0,72.0,27.61,0.81,5,GHRSST L4 / INSAT-3DR MOSDAC / Sentinel-3 SLSTR,0.5
10050,2026-08-19,23.0,72.5,27.48,0.68,5,GHRSST L4 / INSAT-3DR MOSDAC / Sentinel-3 SLSTR,0.5
10051,2026-08-19,23.0,73.0,27.42,0.62,5,GHRSST L4 / INSAT-3DR MOSDAC / Sentinel-3 SLSTR,0.5
10052,2026-08-19,23.0,73.5,27.32,0.52,5,GHRSST L4 / INSAT-3DR MOSDAC / Sentinel-3 SLSTR,0.5
10053,2026-08-19,23.0,74.0,27.17,0.37,5,GHRSST L4 / INSAT-3DR MOSDAC / Sentinel-3 SLSTR,0.5
10054,2026-08-19,23.0,74.5,27.24,0.44,5,GHRSST L4 / INSAT-3DR MOSDAC / Sentinel-3 SLSTR,0.5
10055,2026-08-19,23.0,75.0,27.51,0.71,5,GHRSST L4 / INSAT-3DR MOSDAC / Sentinel-3 SLSTR,0.5
10056,2026-08-19,23.0,75.5,27.62,0.82,5,GHRSST L4 / INSAT-3DR MOSDAC / Sentinel-3 SLSTR,0.5
10057,2026-08-19,23.0,76.0,27.14,0.34,5,GHRSST L4 / INSAT-3DR MOSDAC / Sentinel-3 SLSTR,0.5
10058,2026-08-19,23.0,76.5,27.38,0.58,5,GHRSST L4 / INSAT-3DR MOSDAC / Sentinel-3 SLSTR,0.5
10059,2026-08-19,23.0,77.0,27.23,0.43,5,GHRSST L4 / INSAT-3DR MOSDAC / Sentinel-3 SLSTR,0.5
10060,2026-08-19,23.0,77.5,27.53,0.73,5,GHRSST L4 / INSAT-3DR MOSDAC / Sentinel-3 SLSTR,0.5
10061,2026-08-19,23.0,78.0,27.72,0.92,5,GHRSST L4 / INSAT-3DR MOSDAC / Sentinel-3 SLSTR,0.5
10062,2026-08-19,23.0,78.5,27.76,0.96,5,GHRSST L4 / INSAT-3DR MOSDAC / Sentinel-3 SLSTR,0.5
10063,2026-08-19,23.0,79.0,27.73,0.93,5,GHRSST L4 / INSAT-3DR MOSDAC / Sentinel-3 SLSTR,0.5
10064,2026-08-19,23.0,79.5,27.72,0.92,5,GHRSST L4 / INSAT-3DR MOSDAC / Sentinel-3 SLSTR,0.5
10065,2026-08-19,23.0,80.0,27.53,0.73,5,GHRSST L4 / INSAT-3DR MOSDAC / Sentinel-3 SLSTR,0.5
10066,2026-08-19,23.0,80.5,27.28,0.48,5,GHRSST L4 / INSAT-3DR MOSDAC / Sentinel-3 SLSTR,0.5
10067,2026-08-19,23.0,81.0,27.63,0.83,5,GHRSST L4 / INSAT-3DR MOSDAC / Sentinel-3 SLSTR,0.5
10068,2026-08-19,23.0,81.5,27.62,0.82,5,GHRSST L4 / INSAT-3DR MOSDAC / Sentinel-3 SLSTR,0.5
10069,2026-08-19,23.0,82.0,27.23,0.43,5,GHRSST L4 / INSAT-3DR MOSDAC / Sentinel-3 SLSTR,0.5
10070,2026-08-19,23.0,82.5,27.25,0.45,5,GHRSST L4 / INSAT-3DR MOSDAC / Sentinel-3 SLSTR,0.5
10071,2026-08-19,23.0,83.0,27.19,0.39,5,GHRSST L4 / INSAT-3DR MOSDAC / Sentinel-3 SLSTR,0.5
10072,2026-08-19,23.0,83.5,27.46,0.66,5,GHRSST L4 / INSAT-3DR MOSDAC / Sentinel-3 SLSTR,0.5
10073,2026-08-19,23.0,84.0,27.34,0.54,5,GHRSST L4 / INSAT-3DR MOSDAC / Sentinel-3 SLSTR,0.5
10074,2026-08-19,23.0,84.5,27.74,0.94,5,GHRSST L4 / INSAT-3DR MOSDAC / Sentinel-3 SLSTR,0.5
10075,2026-08-19,23.0,85.0,27.14,0.34,5,GHRSST L4 / INSAT-3DR MOSDAC / Sentinel-3 SLSTR,0.5
10076,2026-08-19,23.0,85.5,27.34,0.54,5,GHRSST L4 / INSAT-3DR MOSDAC / Sentinel-3 SLSTR,0.5
10077,2026-08-19,23.0,86.0,27.72,0.92,5,GHRSST L4 / INSAT-3DR MOSDAC / Sentinel-3 SLSTR,0.5
10078,2026-08-19,23.0,86.5,27.81,1.01,5,GHRSST L4 / INSAT-3DR MOSDAC / Sentinel-3 SLSTR,0.5
10079,2026-08-19,23.0,87.0,27.62,0.82,5,GHRSST L4 / INSAT-3DR MOSDAC / Sentinel-3 SLSTR,0.5
10080,2026-08-19,23.0,87.5,27.74,0.94,5,GHRSST L4 / INSAT-3DR MOSDAC / Sentinel-3 SLSTR,0.5
10081,2026-08-19,23.0,88.0,27.12,0.32,5,GHRSST L4 / INSAT-3DR MOSDAC / Sentinel-3 SLSTR,0.5
10082,2026-08-19,23.0,88.5,27.65,0.85,5,GHRSST L4 / INSAT-3DR MOSDAC / Sentinel-3 SLSTR,0.5
10083,2026-08-19,23.0,89.0,27.43,0.63,5,GHRSST L4 / INSAT-3DR MOSDAC / Sentinel-3 SLSTR,0.5
10084,2026-08-19,23.0,89.5,27.59,0.79,5,GHRSST L4 / INSAT-3DR MOSDAC / Sentinel-3 SLSTR,0.5
10085,2026-08-19,23.0,90.0,27.41,0.61,5,GHRSST L4 / INSAT-3DR MOSDAC / Sentinel-3 SLSTR,0.5
10086,2026-08-19,23.0,90.5,27.51,0.71,5,GHRSST L4 / INSAT-3DR MOSDAC / Sentinel-3 SLSTR,0.5
10087,2026-08-19,23.0,91.0,27.29,0.49,5,GHRSST L4 / INSAT-3DR MOSDAC / Sentinel-3 SLSTR,0.5
10088,2026-08-19,23.0,91.5,27.51,0.71,5,GHRSST L4 / INSAT-3DR MOSDAC / Sentinel-3 SLSTR,0.5
10089,2026-08-19,23.0,92.0,27.31,0.51,5,GHRSST L4 / INSAT-3DR MOSDAC / Sentinel-3 SLSTR,0.5
10090,2026-08-19,23.0,92.5,27.31,0.51,5,GHRSST L4 / INSAT-3DR MOSDAC / Sentinel-3 SLSTR,0.5
10091,2026-08-19,23.0,93.0,27.34,0.54,5,GHRSST L4 / INSAT-3DR MOSDAC / Sentinel-3 SLSTR,0.5
10092,2026-08-19,23.0,93.5,27.25,0.45,5,GHRSST L4 / INSAT-3DR MOSDAC / Sentinel-3 SLSTR,0.5
10093,2026-08-19,23.0,94.0,27.27,0.47,5,GHRSST L4 / INSAT-3DR MOSDAC / Sentinel-3 SLSTR,0.5
10094,2026-08-19,23.5,68.0,27.7,0.95,5,GHRSST L4 / INSAT-3DR MOSDAC / Sentinel-3 SLSTR,0.5
10095,2026-08-19,23.5,68.5,27.37,0.62,5,GHRSST L4 / INSAT-3DR MOSDAC / Sentinel-3 SLSTR,0.5
10096,2026-08-19,23.5,69.0,27.48,0.73,5,GHRSST L4 / INSAT-3DR MOSDAC / Sentinel-3 SLSTR,0.5
10097,2026-08-19,23.5,69.5,27.45,0.7,5,GHRSST L4 / INSAT-3DR MOSDAC / Sentinel-3 SLSTR,0.5
10098,2026-08-19,23.5,70.0,27.24,0.49,5,GHRSST L4 / INSAT-3DR MOSDAC / Sentinel-3 SLSTR,0.5
10099,2026-08-19,23.5,70.5,27.05,0.3,5,GHRSST L4 / INSAT-3DR MOSDAC / Sentinel-3 SLSTR,0.5
10100,2026-08-19,23.5,71.0,27.12,0.37,5,GHRSST L4 / INSAT-3DR MOSDAC / Sentinel-3 SLSTR,0.5
10101,2026-08-19,23.5,71.5,27.63,0.88,5,GHRSST L4 / INSAT-3DR MOSDAC / Sentinel-3 SLSTR,0.5
10102,2026-08-19,23.5,72.0,27.13,0.38,5,GHRSST L4 / INSAT-3DR MOSDAC / Sentinel-3 SLSTR,0.5
10103,2026-08-19,23.5,72.5,27.19,0.44,5,GHRSST L4 / INSAT-3DR MOSDAC / Sentinel-3 SLSTR,0.5
10104,2026-08-19,23.5,73.0,27.69,0.94,5,GHRSST L4 / INSAT-3DR MOSDAC / Sentinel-3 SLSTR,0.5
10105,2026-08-19,23.5,73.5,27.62,0.87,5,GHRSST L4 / INSAT-3DR MOSDAC / Sentinel-3 SLSTR,0.5
10106,2026-08-19,23.5,74.0,27.09,0.34,5,GHRSST L4 / INSAT-3DR MOSDAC / Sentinel-3 SLSTR,0.5
10107,2026-08-19,23.5,74.5,27.5,0.75,5,GHRSST L4 / INSAT-3DR MOSDAC / Sentinel-3 SLSTR,0.5
10108,2026-08-19,23.5,75.0,27.41,0.66,5,GHRSST L4 / INSAT-3DR MOSDAC / Sentinel-3 SLSTR,0.5
10109,2026-08-19,23.5,75.5,27.31,0.56,5,GHRSST L4 / INSAT-3DR MOSDAC / Sentinel-3 SLSTR,0.5
10110,2026-08-19,23.5,76.0,27.4,0.65,5,GHRSST L4 / INSAT-3DR MOSDAC / Sentinel-3 SLSTR,0.5
10111,2026-08-19,23.5,76.5,27.16,0.41,5,GHRSST L4 / INSAT-3DR MOSDAC / Sentinel-3 SLSTR,0.5
10112,2026-08-19,23.5,77.0,27.72,0.97,5,GHRSST L4 / INSAT-3DR MOSDAC / Sentinel-3 SLSTR,0.5
10113,2026-08-19,23.5,77.5,27.17,0.42,5,GHRSST L4 / INSAT-3DR MOSDAC / Sentinel-3 SLSTR,0.5
10114,2026-08-19,23.5,78.0,27.18,0.43,5,GHRSST L4 / INSAT-3DR MOSDAC / Sentinel-3 SLSTR,0.5
10115,2026-08-19,23.5,78.5,27.31,0.56,5,GHRSST L4 / INSAT-3DR MOSDAC / Sentinel-3 SLSTR,0.5
10116,2026-08-19,23.5,79.0,27.2,0.45,5,GHRSST L4 / INSAT-3DR MOSDAC / Sentinel-3 SLSTR,0.5
10117,2026-08-19,23.5,79.5,27.27,0.52,5,GHRSST L4 / INSAT-3DR MOSDAC / Sentinel-3 SLSTR,0.5
10118,2026-08-19,23.5,80.0,27.08,0.33,5,GHRSST L4 / INSAT-3DR MOSDAC / Sentinel-3 SLSTR,0.5
10119,2026-08-19,23.5,80.5,27.48,0.73,5,GHRSST L4 / INSAT-3DR MOSDAC / Sentinel-3 SLSTR,0.5
10120,2026-08-19,23.5,81.0,27.22,0.47,5,GHRSST L4 / INSAT-3DR MOSDAC / Sentinel-3 SLSTR,0.5
10121,2026-08-19,23.5,81.5,27.73,0.98,5,GHRSST L4 / INSAT-3DR MOSDAC / Sentinel-3 SLSTR,0.5
10122,2026-08-19,23.5,82.0,27.13,0.38,5,GHRSST L4 / INSAT-3DR MOSDAC / Sentinel-3 SLSTR,0.5
10123,2026-08-19,23.5,82.5,27.1,0.35,5,GHRSST L4 / INSAT-3DR MOSDAC / Sentinel-3 SLSTR,0.5
10124,2026-08-19,23.5,83.0,27.17,0.42,5,GHRSST L4 / INSAT-3DR MOSDAC / Sentinel-3 SLSTR,0.5
10125,2026-08-19,23.5,83.5,27.43,0.68,5,GHRSST L4 / INSAT-3DR MOSDAC / Sentinel-3 SLSTR,0.5
10126,2026-08-19,23.5,84.0,27.57,0.82,5,GHRSST L4 / INSAT-3DR MOSDAC / Sentinel-3 SLSTR,0.5
10127,2026-08-19,23.5,84.5,27.44,0.69,5,GHRSST L4 / INSAT-3DR MOSDAC / Sentinel-3 SLSTR,0.5
10128,2026-08-19,23.5,85.0,27.65,0.9,5,GHRSST L4 / INSAT-3DR MOSDAC / Sentinel-3 SLSTR,0.5
10129,2026-08-19,23.5,85.5,27.47,0.72,5,GHRSST L4 / INSAT-3DR MOSDAC / Sentinel-3 SLSTR,0.5
10130,2026-08-19,23.5,86.0,27.15,0.4,5,GHRSST L4 / INSAT-3DR MOSDAC / Sentinel-3 SLSTR,0.5
10131,2026-08-19,23.5,86.5,27.18,0.43,5,GHRSST L4 / INSAT-3DR MOSDAC / Sentinel-3 SLSTR,0.5
10132,2026-08-19,23.5,87.0,27.3,0.55,5,GHRSST L4 / INSAT-3DR MOSDAC / Sentinel-3 SLSTR,0.5
10133,2026-08-19,23.5,87.5,27.69,0.94,5,GHRSST L4 / INSAT-3DR MOSDAC / Sentinel-3 SLSTR,0.5
10134,2026-08-19,23.5,88.0,27.37,0.62,5,GHRSST L4 / INSAT-3DR MOSDAC / Sentinel-3 SLSTR,0.5
10135,2026-08-19,23.5,88.5,27.66,0.91,5,GHRSST L4 / INSAT-3DR MOSDAC / Sentinel-3 SLSTR,0.5
10136,2026-08-19,23.5,89.0,27.1,0.35,5,GHRSST L4 / INSAT-3DR MOSDAC / Sentinel-3 SLSTR,0.5
10137,2026-08-19,23.5,89.5,27.53,0.78,5,GHRSST L4 / INSAT-3DR MOSDAC / Sentinel-3 SLSTR,0.5
10138,2026-08-19,23.5,90.0,27.38,0.63,5,GHRSST L4 / INSAT-3DR MOSDAC / Sentinel-3 SLSTR,0.5
10139,2026-08-19,23.5,90.5,27.17,0.42,5,GHRSST L4 / INSAT-3DR MOSDAC / Sentinel-3 SLSTR,0.5
10140,2026-08-19,23.5,91.0,27.11,0.36,5,GHRSST L4 / INSAT-3DR MOSDAC / Sentinel-3 SLSTR,0.5
10141,2026-08-19,23.5,91.5,27.27,0.52,5,GHRSST L4 / INSAT-3DR MOSDAC / Sentinel-3 SLSTR,0.5
10142,2026-08-19,23.5,92.0,27.62,0.87,5,GHRSST L4 / INSAT-3DR MOSDAC / Sentinel-3 SLSTR,0.5
10143,2026-08-19,23.5,92.5,27.5,0.75,5,GHRSST L4 / INSAT-3DR MOSDAC / Sentinel-3 SLSTR,0.5
10144,2026-08-19,23.5,93.0,27.37,0.62,5,GHRSST L4 / INSAT-3DR MOSDAC / Sentinel-3 SLSTR,0.5
10145,2026-08-19,23.5,93.5,27.64,0.89,5,GHRSST L4 / INSAT-3DR MOSDAC / Sentinel-3 SLSTR,0.5
10146,2026-08-19,23.5,94.0,27.18,0.43,5,GHRSST L4 / INSAT-3DR MOSDAC / Sentinel-3 SLSTR,0.5
10147,2026-08-19,24.0,68.0,27.19,0.49,5,GHRSST L4 / INSAT-3DR MOSDAC / Sentinel-3 SLSTR,0.5
10148,2026-08-19,24.0,68.5,27.38,0.68,5,GHRSST L4 / INSAT-3DR MOSDAC / Sentinel-3 SLSTR,0.5
10149,2026-08-19,24.0,69.0,27.4,0.7,5,GHRSST L4 / INSAT-3DR MOSDAC / Sentinel-3 SLSTR,0.5
10150,2026-08-19,24.0,69.5,27.21,0.51,5,GHRSST L4 / INSAT-3DR MOSDAC / Sentinel-3 SLSTR,0.5
10151,2026-08-19,24.0,70.0,27.34,0.64,5,GHRSST L4 / INSAT-3DR MOSDAC / Sentinel-3 SLSTR,0.5
10152,2026-08-19,24.0,70.5,27.07,0.37,5,GHRSST L4 / INSAT-3DR MOSDAC / Sentinel-3 SLSTR,0.5
10153,2026-08-19,24.0,71.0,27.0,0.3,5,GHRSST L4 / INSAT-3DR MOSDAC / Sentinel-3 SLSTR,0.5
10154,2026-08-19,24.0,71.5,27.62,0.92,5,GHRSST L4 / INSAT-3DR MOSDAC / Sentinel-3 SLSTR,0.5
10155,2026-08-19,24.0,72.0,27.3,0.6,5,GHRSST L4 / INSAT-3DR MOSDAC / Sentinel-3 SLSTR,0.5
10156,2026-08-19,24.0,72.5,27.15,0.45,5,GHRSST L4 / INSAT-3DR MOSDAC / Sentinel-3 SLSTR,0.5
10157,2026-08-19,24.0,73.0,27.22,0.52,5,GHRSST L4 / INSAT-3DR MOSDAC / Sentinel-3 SLSTR,0.5
10158,2026-08-19,24.0,73.5,27.35,0.65,5,GHRSST L4 / INSAT-3DR MOSDAC / Sentinel-3 SLSTR,0.5
10159,2026-08-19,24.0,74.0,27.65,0.95,5,GHRSST L4 / INSAT-3DR MOSDAC / Sentinel-3 SLSTR,0.5
10160,2026-08-19,24.0,74.5,27.49,0.79,5,GHRSST L4 / INSAT-3DR MOSDAC / Sentinel-3 SLSTR,0.5
10161,2026-08-19,24.0,75.0,27.65,0.95,5,GHRSST L4 / INSAT-3DR MOSDAC / Sentinel-3 SLSTR,0.5
10162,2026-08-19,24.0,75.5,27.07,0.37,5,GHRSST L4 / INSAT-3DR MOSDAC / Sentinel-3 SLSTR,0.5
10163,2026-08-19,24.0,76.0,27.11,0.41,5,GHRSST L4 / INSAT-3DR MOSDAC / Sentinel-3 SLSTR,0.5
10164,2026-08-19,24.0,76.5,27.24,0.54,5,GHRSST L4 / INSAT-3DR MOSDAC / Sentinel-3 SLSTR,0.5
10165,2026-08-19,24.0,77.0,27.16,0.46,5,GHRSST L4 / INSAT-3DR MOSDAC / Sentinel-3 SLSTR,0.5
10166,2026-08-19,24.0,77.5,27.66,0.96,5,GHRSST L4 / INSAT-3DR MOSDAC / Sentinel-3 SLSTR,0.5
10167,2026-08-19,24.0,78.0,27.11,0.41,5,GHRSST L4 / INSAT-3DR MOSDAC / Sentinel-3 SLSTR,0.5
10168,2026-08-19,24.0,78.5,27.11,0.41,5,GHRSST L4 / INSAT-3DR MOSDAC / Sentinel-3 SLSTR,0.5
10169,2026-08-19,24.0,79.0,27.33,0.63,5,GHRSST L4 / INSAT-3DR MOSDAC / Sentinel-3 SLSTR,0.5
10170,2026-08-19,24.0,79.5,27.48,0.78,5,GHRSST L4 / INSAT-3DR MOSDAC / Sentinel-3 SLSTR,0.5
10171,2026-08-19,24.0,80.0,27.26,0.56,5,GHRSST L4 / INSAT-3DR MOSDAC / Sentinel-3 SLSTR,0.5
10172,2026-08-19,24.0,80.5,27.02,0.32,5,GHRSST L4 / INSAT-3DR MOSDAC / Sentinel-3 SLSTR,0.5
10173,2026-08-19,24.0,81.0,27.53,0.83,5,GHRSST L4 / INSAT-3DR MOSDAC / Sentinel-3 SLSTR,0.5
10174,2026-08-19,24.0,81.5,27.65,0.95,5,GHRSST L4 / INSAT-3DR MOSDAC / Sentinel-3 SLSTR,0.5
10175,2026-08-19,24.0,82.0,27.56,0.86,5,GHRSST L4 / INSAT-3DR MOSDAC / Sentinel-3 SLSTR,0.5
10176,2026-08-19,24.0,82.5,27.58,0.88,5,GHRSST L4 / INSAT-3DR MOSDAC / Sentinel-3 SLSTR,0.5
10177,2026-08-19,24.0,83.0,27.58,0.88,5,GHRSST L4 / INSAT-3DR MOSDAC / Sentinel-3 SLSTR,0.5
10178,2026-08-19,24.0,83.5,27.52,0.82,5,GHRSST L4 / INSAT-3DR MOSDAC / Sentinel-3 SLSTR,0.5
10179,2026-08-19,24.0,84.0,27.55,0.85,5,GHRSST L4 / INSAT-3DR MOSDAC / Sentinel-3 SLSTR,0.5
10180,2026-08-19,24.0,84.5,27.04,0.34,5,GHRSST L4 / INSAT-3DR MOSDAC / Sentinel-3 SLSTR,0.5
10181,2026-08-19,24.0,85.0,27.03,0.33,5,GHRSST L4 / INSAT-3DR MOSDAC / Sentinel-3 SLSTR,0.5
10182,2026-08-19,24.0,85.5,27.04,0.34,5,GHRSST L4 / INSAT-3DR MOSDAC / Sentinel-3 SLSTR,0.5
10183,2026-08-19,24.0,86.0,27.4,0.7,5,GHRSST L4 / INSAT-3DR MOSDAC / Sentinel-3 SLSTR,0.5
10184,2026-08-19,24.0,86.5,27.16,0.46,5,GHRSST L4 / INSAT-3DR MOSDAC / Sentinel-3 SLSTR,0.5
10185,2026-08-19,24.0,87.0,27.01,0.31,5,GHRSST L4 / INSAT-3DR MOSDAC / Sentinel-3 SLSTR,0.5
10186,2026-08-19,24.0,87.5,27.04,0.34,5,GHRSST L4 / INSAT-3DR MOSDAC / Sentinel-3 SLSTR,0.5
10187,2026-08-19,24.0,88.0,27.04,0.34,5,GHRSST L4 / INSAT-3DR MOSDAC / Sentinel-3 SLSTR,0.5
10188,2026-08-19,24.0,88.5,27.43,0.73,5,GHRSST L4 / INSAT-3DR MOSDAC / Sentinel-3 SLSTR,0.5
10189,2026-08-19,24.0,89.0,27.09,0.39,5,GHRSST L4 / INSAT-3DR MOSDAC / Sentinel-3 SLSTR,0.5
10190,2026-08-19,24.0,89.5,27.58,0.88,5,GHRSST L4 / INSAT-3DR MOSDAC / Sentinel-3 SLSTR,0.5
10191,2026-08-19,24.0,90.0,27.68,0.98,5,GHRSST L4 / INSAT-3DR MOSDAC / Sentinel-3 SLSTR,0.5
10192,2026-08-19,24.0,90.5,27.3,0.6,5,GHRSST L4 / INSAT-3DR MOSDAC / Sentinel-3 SLSTR,0.5
10193,2026-08-19,24.0,91.0,27.37,0.67,5,GHRSST L4 / INSAT-3DR MOSDAC / Sentinel-3 SLSTR,0.5
10194,2026-08-19,24.0,91.5,27.17,0.47,5,GHRSST L4 / INSAT-3DR MOSDAC / Sentinel-3 SLSTR,0.5
10195,2026-08-19,24.0,92.0,27.45,0.75,5,GHRSST L4 / INSAT-3DR MOSDAC / Sentinel-3 SLSTR,0.5
10196,2026-08-19,24.0,92.5,27.63,0.93,5,GHRSST L4 / INSAT-3DR MOSDAC / Sentinel-3 SLSTR,0.5
10197,2026-08-19,24.0,93.0,27.12,0.42,5,GHRSST L4 / INSAT-3DR MOSDAC / Sentinel-3 SLSTR,0.5
10198,2026-08-19,24.0,93.5,27.66,0.96,5,GHRSST L4 / INSAT-3DR MOSDAC / Sentinel-3 SLSTR,0.5
10199,2026-08-19,24.0,94.0,27.14,0.44,5,GHRSST L4 / INSAT-3DR MOSDAC / Sentinel-3 SLSTR,0.5
