current_id,date,grid_latitude,grid_longitude,current_u_velocity_mps,current_v_velocity_mps,surface_current_speed_mps,surface_current_speed_knots,current_direction_deg,current_regime,depth_m,source
1,2026-08-25,6.0,68.0,-0.168,-0.161,0.233,0.45,226.2,West India Coastal Current (WICC),0.0,NASA OSCAR L4 / INCOIS High-Res Hydrodynamic Ocean Model
2,2026-08-25,6.0,69.0,-0.081,-0.183,0.2,0.39,203.9,West India Coastal Current (WICC),0.0,NASA OSCAR L4 / INCOIS High-Res Hydrodynamic Ocean Model
3,2026-08-25,6.0,70.0,-0.239,-0.291,0.377,0.73,219.4,West India Coastal Current (WICC),0.0,NASA OSCAR L4 / INCOIS High-Res Hydrodynamic Ocean Model
4,2026-08-25,6.0,71.0,-0.096,-0.191,0.214,0.42,206.7,West India Coastal Current (WICC),0.0,NASA OSCAR L4 / INCOIS High-Res Hydrodynamic Ocean Model
5,2026-08-25,6.0,72.0,-0.178,-0.289,0.339,0.66,211.6,West India Coastal Current (WICC),0.0,NASA OSCAR L4 / INCOIS High-Res Hydrodynamic Ocean Model
6,2026-08-25,6.0,73.0,-0.052,-0.28,0.285,0.55,190.5,West India Coastal Current (WICC),0.0,NASA OSCAR L4 / INCOIS High-Res Hydrodynamic Ocean Model
7,2026-08-25,6.0,74.0,-0.161,-0.369,0.403,0.78,203.6,West India Coastal Current (WICC),0.0,NASA OSCAR L4 / INCOIS High-Res Hydrodynamic Ocean Model
8,2026-08-25,6.0,75.0,-0.122,-0.45,0.466,0.91,195.2,West India Coastal Current (WICC),0.0,NASA OSCAR L4 / INCOIS High-Res Hydrodynamic Ocean Model
9,2026-08-25,6.0,76.0,-0.24,-0.292,0.378,0.73,219.4,West India Coastal Current (WICC),0.0,NASA OSCAR L4 / INCOIS High-Res Hydrodynamic Ocean Model
10,2026-08-25,6.0,77.0,0.183,0.025,0.185,0.36,82.2,East India Coastal Current (EICC),0.0,NASA OSCAR L4 / INCOIS High-Res Hydrodynamic Ocean Model
11,2026-08-25,6.0,78.0,0.175,0.205,0.27,0.52,40.5,East India Coastal Current (EICC),0.0,NASA OSCAR L4 / INCOIS High-Res Hydrodynamic Ocean Model
12,2026-08-25,6.0,79.0,0.286,0.153,0.324,0.63,61.9,East India Coastal Current (EICC),0.0,NASA OSCAR L4 / INCOIS High-Res Hydrodynamic Ocean Model
13,2026-08-25,6.0,80.0,0.233,0.079,0.246,0.48,71.3,East India Coastal Current (EICC),0.0,NASA OSCAR L4 / INCOIS High-Res Hydrodynamic Ocean Model
14,2026-08-25,6.0,81.0,0.317,0.125,0.341,0.66,68.5,East India Coastal Current (EICC),0.0,NASA OSCAR L4 / INCOIS High-Res Hydrodynamic Ocean Model
15,2026-08-25,6.0,82.0,0.213,0.184,0.281,0.55,49.2,East India Coastal Current (EICC),0.0,NASA OSCAR L4 / INCOIS High-Res Hydrodynamic Ocean Model
16,2026-08-25,6.0,83.0,0.15,0.29,0.326,0.63,27.3,East India Coastal Current (EICC),0.0,NASA OSCAR L4 / INCOIS High-Res Hydrodynamic Ocean Model
17,2026-08-25,6.0,84.0,0.154,-0.017,0.155,0.3,96.3,East India Coastal Current (EICC),0.0,NASA OSCAR L4 / INCOIS High-Res Hydrodynamic Ocean Model
18,2026-08-25,6.0,85.0,0.255,0.335,0.421,0.82,37.3,East India Coastal Current (EICC),0.0,NASA OSCAR L4 / INCOIS High-Res Hydrodynamic Ocean Model
19,2026-08-25,6.0,86.0,0.36,0.124,0.381,0.74,71.0,East India Coastal Current (EICC),0.0,NASA OSCAR L4 / INCOIS High-Res Hydrodynamic Ocean Model
20,2026-08-25,6.0,87.0,0.104,0.081,0.132,0.26,52.1,East India Coastal Current (EICC),0.0,NASA OSCAR L4 / INCOIS High-Res Hydrodynamic Ocean Model
21,2026-08-25,6.0,88.0,0.174,0.36,0.4,0.78,25.8,East India Coastal Current (EICC),0.0,NASA OSCAR L4 / INCOIS High-Res Hydrodynamic Ocean Model
22,2026-08-25,6.0,89.0,0.231,0.122,0.261,0.51,62.2,East India Coastal Current (EICC),0.0,NASA OSCAR L4 / INCOIS High-Res Hydrodynamic Ocean Model
23,2026-08-25,6.0,90.0,0.134,0.103,0.169,0.33,52.5,East India Coastal Current (EICC),0.0,NASA OSCAR L4 / INCOIS High-Res Hydrodynamic Ocean Model
24,2026-08-25,6.0,91.0,0.069,0.041,0.08,0.16,59.3,East India Coastal Current (EICC),0.0,NASA OSCAR L4 / INCOIS High-Res Hydrodynamic Ocean Model
25,2026-08-25,6.0,92.0,0.272,-0.037,0.275,0.53,97.7,East India Coastal Current (EICC),0.0,NASA OSCAR L4 / INCOIS High-Res Hydrodynamic Ocean Model
26,2026-08-25,6.0,93.0,0.352,0.098,0.365,0.71,74.4,East India Coastal Current (EICC),0.0,NASA OSCAR L4 / INCOIS High-Res Hydrodynamic Ocean Model
27,2026-08-25,6.0,94.0,0.309,0.139,0.339,0.66,65.8,East India Coastal Current (EICC),0.0,NASA OSCAR L4 / INCOIS High-Res Hydrodynamic Ocean Model
28,2026-08-25,7.0,68.0,-0.186,-0.221,0.289,0.56,220.1,West India Coastal Current (WICC),0.0,NASA OSCAR L4 / INCOIS High-Res Hydrodynamic Ocean Model
29,2026-08-25,7.0,69.0,-0.318,-0.396,0.508,0.99,218.8,West India Coastal Current (WICC),0.0,NASA OSCAR L4 / INCOIS High-Res Hydrodynamic Ocean Model
30,2026-08-25,7.0,70.0,-0.085,-0.288,0.3,0.58,196.4,West India Coastal Current (WICC),0.0,NASA OSCAR L4 / INCOIS High-Res Hydrodynamic Ocean Model
31,2026-08-25,7.0,71.0,-0.178,-0.302,0.351,0.68,210.5,West India Coastal Current (WICC),0.0,NASA OSCAR L4 / INCOIS High-Res Hydrodynamic Ocean Model
32,2026-08-25,7.0,72.0,-0.077,-0.43,0.437,0.85,190.2,West India Coastal Current (WICC),0.0,NASA OSCAR L4 / INCOIS High-Res Hydrodynamic Ocean Model
33,2026-08-25,7.0,73.0,-0.198,-0.179,0.267,0.52,227.9,West India Coastal Current (WICC),0.0,NASA OSCAR L4 / INCOIS High-Res Hydrodynamic Ocean Model
34,2026-08-25,7.0,74.0,-0.108,-0.281,0.301,0.59,201.0,West India Coastal Current (WICC),0.0,NASA OSCAR L4 / INCOIS High-Res Hydrodynamic Ocean Model
35,2026-08-25,7.0,75.0,-0.197,-0.323,0.378,0.73,211.4,West India Coastal Current (WICC),0.0,NASA OSCAR L4 / INCOIS High-Res Hydrodynamic Ocean Model
36,2026-08-25,7.0,76.0,-0.254,-0.211,0.33,0.64,230.3,West India Coastal Current (WICC),0.0,NASA OSCAR L4 / INCOIS High-Res Hydrodynamic Ocean Model
37,2026-08-25,7.0,77.0,0.229,0.14,0.268,0.52,58.6,East India Coastal Current (EICC),0.0,NASA OSCAR L4 / INCOIS High-Res Hydrodynamic Ocean Model
38,2026-08-25,7.0,78.0,0.143,0.074,0.161,0.31,62.6,East India Coastal Current (EICC),0.0,NASA OSCAR L4 / INCOIS High-Res Hydrodynamic Ocean Model
39,2026-08-25,7.0,79.0,0.207,-0.079,0.222,0.43,110.9,East India Coastal Current (EICC),0.0,NASA OSCAR L4 / INCOIS High-Res Hydrodynamic Ocean Model
40,2026-08-25,7.0,80.0,0.267,0.175,0.319,0.62,56.8,East India Coastal Current (EICC),0.0,NASA OSCAR L4 / INCOIS High-Res Hydrodynamic Ocean Model
41,2026-08-25,7.0,81.0,0.304,0.054,0.309,0.6,79.9,East India Coastal Current (EICC),0.0,NASA OSCAR L4 / INCOIS High-Res Hydrodynamic Ocean Model
42,2026-08-25,7.0,82.0,0.319,0.101,0.335,0.65,72.4,East India Coastal Current (EICC),0.0,NASA OSCAR L4 / INCOIS High-Res Hydrodynamic Ocean Model
43,2026-08-25,7.0,83.0,0.202,0.115,0.232,0.45,60.3,East India Coastal Current (EICC),0.0,NASA OSCAR L4 / INCOIS High-Res Hydrodynamic Ocean Model
44,2026-08-25,7.0,84.0,0.211,0.053,0.218,0.42,75.9,East India Coastal Current (EICC),0.0,NASA OSCAR L4 / INCOIS High-Res Hydrodynamic Ocean Model
45,2026-08-25,7.0,85.0,0.234,-0.097,0.253,0.49,112.5,East India Coastal Current (EICC),0.0,NASA OSCAR L4 / INCOIS High-Res Hydrodynamic Ocean Model
46,2026-08-25,7.0,86.0,0.245,0.269,0.364,0.71,42.3,East India Coastal Current (EICC),0.0,NASA OSCAR L4 / INCOIS High-Res Hydrodynamic Ocean Model
47,2026-08-25,7.0,87.0,0.162,0.181,0.243,0.47,41.8,East India Coastal Current (EICC),0.0,NASA OSCAR L4 / INCOIS High-Res Hydrodynamic Ocean Model
48,2026-08-25,7.0,88.0,0.082,0.19,0.207,0.4,23.3,East India Coastal Current (EICC),0.0,NASA OSCAR L4 / INCOIS High-Res Hydrodynamic Ocean Model
49,2026-08-25,7.0,89.0,0.248,0.184,0.309,0.6,53.4,East India Coastal Current (EICC),0.0,NASA OSCAR L4 / INCOIS High-Res Hydrodynamic Ocean Model
50,2026-08-25,7.0,90.0,0.167,0.293,0.337,0.66,29.7,East India Coastal Current (EICC),0.0,NASA OSCAR L4 / INCOIS High-Res Hydrodynamic Ocean Model
51,2026-08-25,7.0,91.0,0.199,0.048,0.205,0.4,76.4,East India Coastal Current (EICC),0.0,NASA OSCAR L4 / INCOIS High-Res Hydrodynamic Ocean Model
52,2026-08-25,7.0,92.0,0.176,0.254,0.309,0.6,34.7,East India Coastal Current (EICC),0.0,NASA OSCAR L4 / INCOIS High-Res Hydrodynamic Ocean Model
53,2026-08-25,7.0,93.0,0.205,0.283,0.349,0.68,35.9,East India Coastal Current (EICC),0.0,NASA OSCAR L4 / INCOIS High-Res Hydrodynamic Ocean Model
54,2026-08-25,7.0,94.0,0.213,0.277,0.349,0.68,37.6,East India Coastal Current (EICC),0.0,NASA OSCAR L4 / INCOIS High-Res Hydrodynamic Ocean Model
55,2026-08-25,8.0,68.0,-0.157,-0.303,0.341,0.66,207.4,West India Coastal Current (WICC),0.0,NASA OSCAR L4 / INCOIS High-Res Hydrodynamic Ocean Model
56,2026-08-25,8.0,69.0,-0.111,-0.233,0.258,0.5,205.5,West India Coastal Current (WICC),0.0,NASA OSCAR L4 / INCOIS High-Res Hydrodynamic Ocean Model
57,2026-08-25,8.0,70.0,-0.098,-0.18,0.205,0.4,208.6,West India Coastal Current (WICC),0.0,NASA OSCAR L4 / INCOIS High-Res Hydrodynamic Ocean Model
58,2026-08-25,8.0,71.0,-0.154,-0.313,0.349,0.68,206.2,West India Coastal Current (WICC),0.0,NASA OSCAR L4 / INCOIS High-Res Hydrodynamic Ocean Model
59,2026-08-25,8.0,72.0,-0.11,-0.074,0.133,0.26,236.1,West India Coastal Current (WICC),0.0,NASA OSCAR L4 / INCOIS High-Res Hydrodynamic Ocean Model
60,2026-08-25,8.0,73.0,-0.167,-0.072,0.182,0.35,246.7,West India Coastal Current (WICC),0.0,NASA OSCAR L4 / INCOIS High-Res Hydrodynamic Ocean Model
61,2026-08-25,8.0,74.0,-0.327,-0.343,0.474,0.92,223.6,West India Coastal Current (WICC),0.0,NASA OSCAR L4 / INCOIS High-Res Hydrodynamic Ocean Model
62,2026-08-25,8.0,75.0,-0.208,-0.234,0.313,0.61,221.6,West India Coastal Current (WICC),0.0,NASA OSCAR L4 / INCOIS High-Res Hydrodynamic Ocean Model
63,2026-08-25,8.0,76.0,-0.074,-0.209,0.222,0.43,199.5,West India Coastal Current (WICC),0.0,NASA OSCAR L4 / INCOIS High-Res Hydrodynamic Ocean Model
64,2026-08-25,8.0,77.0,0.172,0.234,0.29,0.56,36.3,East India Coastal Current (EICC),0.0,NASA OSCAR L4 / INCOIS High-Res Hydrodynamic Ocean Model
65,2026-08-25,8.0,78.0,0.285,-0.012,0.285,0.55,92.4,East India Coastal Current (EICC),0.0,NASA OSCAR L4 / INCOIS High-Res Hydrodynamic Ocean Model
66,2026-08-25,8.0,79.0,0.234,0.111,0.259,0.5,64.6,East India Coastal Current (EICC),0.0,NASA OSCAR L4 / INCOIS High-Res Hydrodynamic Ocean Model
67,2026-08-25,8.0,80.0,0.191,0.061,0.201,0.39,72.3,East India Coastal Current (EICC),0.0,NASA OSCAR L4 / INCOIS High-Res Hydrodynamic Ocean Model
68,2026-08-25,8.0,81.0,0.332,0.031,0.333,0.65,84.7,East India Coastal Current (EICC),0.0,NASA OSCAR L4 / INCOIS High-Res Hydrodynamic Ocean Model
69,2026-08-25,8.0,82.0,0.104,0.143,0.177,0.34,36.0,East India Coastal Current (EICC),0.0,NASA OSCAR L4 / INCOIS High-Res Hydrodynamic Ocean Model
70,2026-08-25,8.0,83.0,0.096,0.109,0.145,0.28,41.4,East India Coastal Current (EICC),0.0,NASA OSCAR L4 / INCOIS High-Res Hydrodynamic Ocean Model
71,2026-08-25,8.0,84.0,0.095,0.009,0.095,0.18,84.6,East India Coastal Current (EICC),0.0,NASA OSCAR L4 / INCOIS High-Res Hydrodynamic Ocean Model
72,2026-08-25,8.0,85.0,0.181,0.048,0.187,0.36,75.1,East India Coastal Current (EICC),0.0,NASA OSCAR L4 / INCOIS High-Res Hydrodynamic Ocean Model
73,2026-08-25,8.0,86.0,0.275,0.233,0.36,0.7,49.7,East India Coastal Current (EICC),0.0,NASA OSCAR L4 / INCOIS High-Res Hydrodynamic Ocean Model
74,2026-08-25,8.0,87.0,0.182,0.072,0.196,0.38,68.4,East India Coastal Current (EICC),0.0,NASA OSCAR L4 / INCOIS High-Res Hydrodynamic Ocean Model
75,2026-08-25,8.0,88.0,0.103,0.008,0.103,0.2,85.6,East India Coastal Current (EICC),0.0,NASA OSCAR L4 / INCOIS High-Res Hydrodynamic Ocean Model
76,2026-08-25,8.0,89.0,0.18,0.068,0.192,0.37,69.3,East India Coastal Current (EICC),0.0,NASA OSCAR L4 / INCOIS High-Res Hydrodynamic Ocean Model
77,2026-08-25,8.0,90.0,0.115,0.085,0.143,0.28,53.5,East India Coastal Current (EICC),0.0,NASA OSCAR L4 / INCOIS High-Res Hydrodynamic Ocean Model
78,2026-08-25,8.0,91.0,0.242,0.035,0.245,0.48,81.8,East India Coastal Current (EICC),0.0,NASA OSCAR L4 / INCOIS High-Res Hydrodynamic Ocean Model
79,2026-08-25,8.0,92.0,0.237,0.111,0.262,0.51,64.9,East India Coastal Current (EICC),0.0,NASA OSCAR L4 / INCOIS High-Res Hydrodynamic Ocean Model
80,2026-08-25,8.0,93.0,0.041,0.503,0.505,0.98,4.7,East India Coastal Current (EICC),0.0,NASA OSCAR L4 / INCOIS High-Res Hydrodynamic Ocean Model
81,2026-08-25,8.0,94.0,0.224,0.368,0.431,0.84,31.3,East India Coastal Current (EICC),0.0,NASA OSCAR L4 / INCOIS High-Res Hydrodynamic Ocean Model
82,2026-08-25,9.0,68.0,-0.155,-0.394,0.423,0.82,201.5,West India Coastal Current (WICC),0.0,NASA OSCAR L4 / INCOIS High-Res Hydrodynamic Ocean Model
83,2026-08-25,9.0,69.0,-0.152,-0.297,0.334,0.65,207.1,West India Coastal Current (WICC),0.0,NASA OSCAR L4 / INCOIS High-Res Hydrodynamic Ocean Model
84,2026-08-25,9.0,70.0,-0.197,-0.28,0.342,0.66,215.1,West India Coastal Current (WICC),0.0,NASA OSCAR L4 / INCOIS High-Res Hydrodynamic Ocean Model
85,2026-08-25,9.0,71.0,-0.197,-0.16,0.254,0.49,230.9,West India Coastal Current (WICC),0.0,NASA OSCAR L4 / INCOIS High-Res Hydrodynamic Ocean Model
86,2026-08-25,9.0,72.0,-0.322,-0.251,0.408,0.79,232.1,West India Coastal Current (WICC),0.0,NASA OSCAR L4 / INCOIS High-Res Hydrodynamic Ocean Model
87,2026-08-25,9.0,73.0,-0.149,-0.213,0.26,0.51,215.0,West India Coastal Current (WICC),0.0,NASA OSCAR L4 / INCOIS High-Res Hydrodynamic Ocean Model
88,2026-08-25,9.0,85.0,0.214,0.017,0.215,0.42,85.5,East India Coastal Current (EICC),0.0,NASA OSCAR L4 / INCOIS High-Res Hydrodynamic Ocean Model
89,2026-08-25,9.0,86.0,0.16,0.198,0.255,0.5,38.9,East India Coastal Current (EICC),0.0,NASA OSCAR L4 / INCOIS High-Res Hydrodynamic Ocean Model
90,2026-08-25,9.0,87.0,0.243,0.097,0.262,0.51,68.2,East India Coastal Current (EICC),0.0,NASA OSCAR L4 / INCOIS High-Res Hydrodynamic Ocean Model
91,2026-08-25,9.0,88.0,0.187,0.038,0.191,0.37,78.5,East India Coastal Current (EICC),0.0,NASA OSCAR L4 / INCOIS High-Res Hydrodynamic Ocean Model
92,2026-08-25,9.0,89.0,0.14,0.106,0.176,0.34,52.9,East India Coastal Current (EICC),0.0,NASA OSCAR L4 / INCOIS High-Res Hydrodynamic Ocean Model
93,2026-08-25,9.0,90.0,0.255,0.05,0.26,0.51,78.9,East India Coastal Current (EICC),0.0,NASA OSCAR L4 / INCOIS High-Res Hydrodynamic Ocean Model
94,2026-08-25,9.0,91.0,0.253,0.413,0.484,0.94,31.5,East India Coastal Current (EICC),0.0,NASA OSCAR L4 / INCOIS High-Res Hydrodynamic Ocean Model
95,2026-08-25,9.0,92.0,0.188,0.229,0.296,0.58,39.4,East India Coastal Current (EICC),0.0,NASA OSCAR L4 / INCOIS High-Res Hydrodynamic Ocean Model
96,2026-08-25,9.0,93.0,0.226,0.025,0.227,0.44,83.7,East India Coastal Current (EICC),0.0,NASA OSCAR L4 / INCOIS High-Res Hydrodynamic Ocean Model
97,2026-08-25,9.0,94.0,0.303,0.163,0.344,0.67,61.7,East India Coastal Current (EICC),0.0,NASA OSCAR L4 / INCOIS High-Res Hydrodynamic Ocean Model
98,2026-08-25,10.0,68.0,-0.222,-0.194,0.295,0.57,228.9,West India Coastal Current (WICC),0.0,NASA OSCAR L4 / INCOIS High-Res Hydrodynamic Ocean Model
99,2026-08-25,10.0,69.0,-0.096,-0.136,0.166,0.32,215.2,West India Coastal Current (WICC),0.0,NASA OSCAR L4 / INCOIS High-Res Hydrodynamic Ocean Model
100,2026-08-25,10.0,70.0,-0.119,-0.153,0.194,0.38,217.9,West India Coastal Current (WICC),0.0,NASA OSCAR L4 / INCOIS High-Res Hydrodynamic Ocean Model
101,2026-08-25,10.0,71.0,0.01,-0.128,0.128,0.25,175.5,West India Coastal Current (WICC),0.0,NASA OSCAR L4 / INCOIS High-Res Hydrodynamic Ocean Model
102,2026-08-25,10.0,72.0,-0.134,-0.298,0.327,0.64,204.2,West India Coastal Current (WICC),0.0,NASA OSCAR L4 / INCOIS High-Res Hydrodynamic Ocean Model
103,2026-08-25,10.0,73.0,-0.175,-0.336,0.379,0.74,207.5,West India Coastal Current (WICC),0.0,NASA OSCAR L4 / INCOIS High-Res Hydrodynamic Ocean Model
104,2026-08-25,10.0,85.0,0.19,0.219,0.29,0.56,40.9,East India Coastal Current (EICC),0.0,NASA OSCAR L4 / INCOIS High-Res Hydrodynamic Ocean Model
105,2026-08-25,10.0,86.0,0.197,-0.123,0.232,0.45,122.0,East India Coastal Current (EICC),0.0,NASA OSCAR L4 / INCOIS High-Res Hydrodynamic Ocean Model
106,2026-08-25,10.0,87.0,0.218,0.217,0.308,0.6,45.1,East India Coastal Current (EICC),0.0,NASA OSCAR L4 / INCOIS High-Res Hydrodynamic Ocean Model
107,2026-08-25,10.0,88.0,0.338,0.225,0.406,0.79,56.3,East India Coastal Current (EICC),0.0,NASA OSCAR L4 / INCOIS High-Res Hydrodynamic Ocean Model
108,2026-08-25,10.0,89.0,0.137,0.11,0.176,0.34,51.2,East India Coastal Current (EICC),0.0,NASA OSCAR L4 / INCOIS High-Res Hydrodynamic Ocean Model
109,2026-08-25,10.0,90.0,0.206,0.233,0.311,0.6,41.5,East India Coastal Current (EICC),0.0,NASA OSCAR L4 / INCOIS High-Res Hydrodynamic Ocean Model
110,2026-08-25,10.0,91.0,0.182,0.289,0.342,0.66,32.2,East India Coastal Current (EICC),0.0,NASA OSCAR L4 / INCOIS High-Res Hydrodynamic Ocean Model
111,2026-08-25,10.0,92.0,0.242,0.066,0.251,0.49,74.7,East India Coastal Current (EICC),0.0,NASA OSCAR L4 / INCOIS High-Res Hydrodynamic Ocean Model
112,2026-08-25,10.0,93.0,0.25,0.087,0.265,0.52,70.8,East India Coastal Current (EICC),0.0,NASA OSCAR L4 / INCOIS High-Res Hydrodynamic Ocean Model
113,2026-08-25,10.0,94.0,0.178,0.03,0.181,0.35,80.4,East India Coastal Current (EICC),0.0,NASA OSCAR L4 / INCOIS High-Res Hydrodynamic Ocean Model
114,2026-08-25,11.0,68.0,-0.155,-0.37,0.401,0.78,202.7,West India Coastal Current (WICC),0.0,NASA OSCAR L4 / INCOIS High-Res Hydrodynamic Ocean Model
115,2026-08-25,11.0,69.0,-0.202,-0.061,0.211,0.41,253.2,West India Coastal Current (WICC),0.0,NASA OSCAR L4 / INCOIS High-Res Hydrodynamic Ocean Model
116,2026-08-25,11.0,70.0,-0.035,-0.196,0.199,0.39,190.1,West India Coastal Current (WICC),0.0,NASA OSCAR L4 / INCOIS High-Res Hydrodynamic Ocean Model
117,2026-08-25,11.0,71.0,-0.194,-0.258,0.323,0.63,216.9,West India Coastal Current (WICC),0.0,NASA OSCAR L4 / INCOIS High-Res Hydrodynamic Ocean Model
118,2026-08-25,11.0,72.0,-0.225,-0.282,0.361,0.7,218.6,West India Coastal Current (WICC),0.0,NASA OSCAR L4 / INCOIS High-Res Hydrodynamic Ocean Model
119,2026-08-25,11.0,73.0,0.014,-0.094,0.095,0.18,171.5,West India Coastal Current (WICC),0.0,NASA OSCAR L4 / INCOIS High-Res Hydrodynamic Ocean Model
120,2026-08-25,11.0,85.0,0.174,0.012,0.174,0.34,86.1,East India Coastal Current (EICC),0.0,NASA OSCAR L4 / INCOIS High-Res Hydrodynamic Ocean Model
121,2026-08-25,11.0,86.0,0.128,0.179,0.22,0.43,35.6,East India Coastal Current (EICC),0.0,NASA OSCAR L4 / INCOIS High-Res Hydrodynamic Ocean Model
122,2026-08-25,11.0,87.0,0.097,0.166,0.192,0.37,30.3,East India Coastal Current (EICC),0.0,NASA OSCAR L4 / INCOIS High-Res Hydrodynamic Ocean Model
123,2026-08-25,11.0,88.0,0.074,0.18,0.195,0.38,22.3,East India Coastal Current (EICC),0.0,NASA OSCAR L4 / INCOIS High-Res Hydrodynamic Ocean Model
124,2026-08-25,11.0,89.0,0.104,0.202,0.227,0.44,27.2,East India Coastal Current (EICC),0.0,NASA OSCAR L4 / INCOIS High-Res Hydrodynamic Ocean Model
125,2026-08-25,11.0,90.0,0.155,-0.015,0.156,0.3,95.5,East India Coastal Current (EICC),0.0,NASA OSCAR L4 / INCOIS High-Res Hydrodynamic Ocean Model
126,2026-08-25,11.0,91.0,0.113,0.052,0.124,0.24,65.3,East India Coastal Current (EICC),0.0,NASA OSCAR L4 / INCOIS High-Res Hydrodynamic Ocean Model
127,2026-08-25,11.0,92.0,0.297,-0.025,0.298,0.58,94.8,East India Coastal Current (EICC),0.0,NASA OSCAR L4 / INCOIS High-Res Hydrodynamic Ocean Model
128,2026-08-25,11.0,93.0,0.022,0.094,0.097,0.19,13.2,East India Coastal Current (EICC),0.0,NASA OSCAR L4 / INCOIS High-Res Hydrodynamic Ocean Model
129,2026-08-25,11.0,94.0,0.186,0.03,0.188,0.37,80.8,East India Coastal Current (EICC),0.0,NASA OSCAR L4 / INCOIS High-Res Hydrodynamic Ocean Model
130,2026-08-25,12.0,68.0,-0.219,-0.218,0.309,0.6,225.1,West India Coastal Current (WICC),0.0,NASA OSCAR L4 / INCOIS High-Res Hydrodynamic Ocean Model
131,2026-08-25,12.0,69.0,-0.131,-0.279,0.308,0.6,205.2,West India Coastal Current (WICC),0.0,NASA OSCAR L4 / INCOIS High-Res Hydrodynamic Ocean Model
132,2026-08-25,12.0,70.0,-0.081,-0.334,0.344,0.67,193.6,West India Coastal Current (WICC),0.0,NASA OSCAR L4 / INCOIS High-Res Hydrodynamic Ocean Model
133,2026-08-25,12.0,71.0,-0.184,-0.417,0.456,0.89,203.8,West India Coastal Current (WICC),0.0,NASA OSCAR L4 / INCOIS High-Res Hydrodynamic Ocean Model
134,2026-08-25,12.0,72.0,-0.141,-0.249,0.286,0.56,209.5,West India Coastal Current (WICC),0.0,NASA OSCAR L4 / INCOIS High-Res Hydrodynamic Ocean Model
135,2026-08-25,12.0,73.0,-0.156,-0.216,0.266,0.52,215.8,West India Coastal Current (WICC),0.0,NASA OSCAR L4 / INCOIS High-Res Hydrodynamic Ocean Model
136,2026-08-25,12.0,85.0,0.19,0.059,0.199,0.39,72.7,East India Coastal Current (EICC),0.0,NASA OSCAR L4 / INCOIS High-Res Hydrodynamic Ocean Model
137,2026-08-25,12.0,86.0,0.17,0.1,0.197,0.38,59.5,East India Coastal Current (EICC),0.0,NASA OSCAR L4 / INCOIS High-Res Hydrodynamic Ocean Model
138,2026-08-25,12.0,87.0,0.079,0.021,0.082,0.16,75.1,East India Coastal Current (EICC),0.0,NASA OSCAR L4 / INCOIS High-Res Hydrodynamic Ocean Model
139,2026-08-25,12.0,88.0,0.295,0.092,0.309,0.6,72.7,East India Coastal Current (EICC),0.0,NASA OSCAR L4 / INCOIS High-Res Hydrodynamic Ocean Model
140,2026-08-25,12.0,89.0,0.128,0.26,0.29,0.56,26.2,East India Coastal Current (EICC),0.0,NASA OSCAR L4 / INCOIS High-Res Hydrodynamic Ocean Model
141,2026-08-25,12.0,90.0,0.214,-0.054,0.221,0.43,104.2,East India Coastal Current (EICC),0.0,NASA OSCAR L4 / INCOIS High-Res Hydrodynamic Ocean Model
142,2026-08-25,12.0,91.0,0.259,0.371,0.452,0.88,34.9,East India Coastal Current (EICC),0.0,NASA OSCAR L4 / INCOIS High-Res Hydrodynamic Ocean Model
143,2026-08-25,12.0,92.0,0.162,0.258,0.305,0.59,32.1,East India Coastal Current (EICC),0.0,NASA OSCAR L4 / INCOIS High-Res Hydrodynamic Ocean Model
144,2026-08-25,12.0,93.0,0.159,0.086,0.181,0.35,61.6,East India Coastal Current (EICC),0.0,NASA OSCAR L4 / INCOIS High-Res Hydrodynamic Ocean Model
145,2026-08-25,12.0,94.0,0.226,0.13,0.261,0.51,60.1,East India Coastal Current (EICC),0.0,NASA OSCAR L4 / INCOIS High-Res Hydrodynamic Ocean Model
146,2026-08-25,13.0,68.0,0.054,-0.42,0.423,0.82,172.7,West India Coastal Current (WICC),0.0,NASA OSCAR L4 / INCOIS High-Res Hydrodynamic Ocean Model
147,2026-08-25,13.0,69.0,-0.292,-0.281,0.405,0.79,226.1,West India Coastal Current (WICC),0.0,NASA OSCAR L4 / INCOIS High-Res Hydrodynamic Ocean Model
148,2026-08-25,13.0,70.0,-0.165,-0.301,0.343,0.67,208.7,West India Coastal Current (WICC),0.0,NASA OSCAR L4 / INCOIS High-Res Hydrodynamic Ocean Model
149,2026-08-25,13.0,71.0,-0.297,-0.323,0.439,0.85,222.6,West India Coastal Current (WICC),0.0,NASA OSCAR L4 / INCOIS High-Res Hydrodynamic Ocean Model
150,2026-08-25,13.0,72.0,-0.324,-0.095,0.338,0.66,253.7,West India Coastal Current (WICC),0.0,NASA OSCAR L4 / INCOIS High-Res Hydrodynamic Ocean Model
151,2026-08-25,13.0,73.0,-0.084,-0.296,0.308,0.6,195.8,West India Coastal Current (WICC),0.0,NASA OSCAR L4 / INCOIS High-Res Hydrodynamic Ocean Model
152,2026-08-25,13.0,85.0,0.357,0.325,0.483,0.94,47.7,East India Coastal Current (EICC),0.0,NASA OSCAR L4 / INCOIS High-Res Hydrodynamic Ocean Model
153,2026-08-25,13.0,86.0,0.219,0.136,0.258,0.5,58.2,East India Coastal Current (EICC),0.0,NASA OSCAR L4 / INCOIS High-Res Hydrodynamic Ocean Model
154,2026-08-25,13.0,87.0,0.205,-0.053,0.212,0.41,104.5,East India Coastal Current (EICC),0.0,NASA OSCAR L4 / INCOIS High-Res Hydrodynamic Ocean Model
155,2026-08-25,13.0,88.0,0.226,0.057,0.233,0.45,75.8,East India Coastal Current (EICC),0.0,NASA OSCAR L4 / INCOIS High-Res Hydrodynamic Ocean Model
156,2026-08-25,13.0,89.0,0.128,0.367,0.389,0.76,19.2,East India Coastal Current (EICC),0.0,NASA OSCAR L4 / INCOIS High-Res Hydrodynamic Ocean Model
157,2026-08-25,13.0,90.0,0.24,0.134,0.275,0.53,60.8,East India Coastal Current (EICC),0.0,NASA OSCAR L4 / INCOIS High-Res Hydrodynamic Ocean Model
158,2026-08-25,13.0,91.0,0.071,0.198,0.21,0.41,19.7,East India Coastal Current (EICC),0.0,NASA OSCAR L4 / INCOIS High-Res Hydrodynamic Ocean Model
159,2026-08-25,13.0,92.0,0.221,0.004,0.221,0.43,89.0,East India Coastal Current (EICC),0.0,NASA OSCAR L4 / INCOIS High-Res Hydrodynamic Ocean Model
160,2026-08-25,13.0,93.0,0.322,0.138,0.35,0.68,66.8,East India Coastal Current (EICC),0.0,NASA OSCAR L4 / INCOIS High-Res Hydrodynamic Ocean Model
161,2026-08-25,13.0,94.0,0.382,0.147,0.409,0.8,69.0,East India Coastal Current (EICC),0.0,NASA OSCAR L4 / INCOIS High-Res Hydrodynamic Ocean Model
162,2026-08-25,14.0,68.0,-0.19,-0.068,0.202,0.39,250.3,West India Coastal Current (WICC),0.0,NASA OSCAR L4 / INCOIS High-Res Hydrodynamic Ocean Model
163,2026-08-25,14.0,69.0,-0.125,-0.323,0.346,0.67,201.2,West India Coastal Current (WICC),0.0,NASA OSCAR L4 / INCOIS High-Res Hydrodynamic Ocean Model
164,2026-08-25,14.0,70.0,-0.158,-0.284,0.325,0.63,209.1,West India Coastal Current (WICC),0.0,NASA OSCAR L4 / INCOIS High-Res Hydrodynamic Ocean Model
165,2026-08-25,14.0,71.0,-0.13,-0.144,0.194,0.38,222.1,West India Coastal Current (WICC),0.0,NASA OSCAR L4 / INCOIS High-Res Hydrodynamic Ocean Model
166,2026-08-25,14.0,72.0,-0.019,-0.325,0.326,0.63,183.3,West India Coastal Current (WICC),0.0,NASA OSCAR L4 / INCOIS High-Res Hydrodynamic Ocean Model
167,2026-08-25,14.0,73.0,-0.178,-0.273,0.326,0.63,213.1,West India Coastal Current (WICC),0.0,NASA OSCAR L4 / INCOIS High-Res Hydrodynamic Ocean Model
168,2026-08-25,14.0,85.0,0.246,0.091,0.262,0.51,69.7,East India Coastal Current (EICC),0.0,NASA OSCAR L4 / INCOIS High-Res Hydrodynamic Ocean Model
169,2026-08-25,14.0,86.0,0.144,0.095,0.173,0.34,56.6,East India Coastal Current (EICC),0.0,NASA OSCAR L4 / INCOIS High-Res Hydrodynamic Ocean Model
170,2026-08-25,14.0,87.0,0.243,0.246,0.346,0.67,44.6,East India Coastal Current (EICC),0.0,NASA OSCAR L4 / INCOIS High-Res Hydrodynamic Ocean Model
171,2026-08-25,14.0,88.0,0.113,0.205,0.234,0.45,28.9,East India Coastal Current (EICC),0.0,NASA OSCAR L4 / INCOIS High-Res Hydrodynamic Ocean Model
172,2026-08-25,14.0,89.0,0.225,0.087,0.241,0.47,68.9,East India Coastal Current (EICC),0.0,NASA OSCAR L4 / INCOIS High-Res Hydrodynamic Ocean Model
173,2026-08-25,14.0,90.0,0.044,0.068,0.081,0.16,32.9,East India Coastal Current (EICC),0.0,NASA OSCAR L4 / INCOIS High-Res Hydrodynamic Ocean Model
174,2026-08-25,14.0,91.0,0.159,0.252,0.298,0.58,32.2,East India Coastal Current (EICC),0.0,NASA OSCAR L4 / INCOIS High-Res Hydrodynamic Ocean Model
175,2026-08-25,14.0,92.0,0.205,0.24,0.316,0.61,40.5,East India Coastal Current (EICC),0.0,NASA OSCAR L4 / INCOIS High-Res Hydrodynamic Ocean Model
176,2026-08-25,14.0,93.0,0.208,0.009,0.208,0.4,87.5,East India Coastal Current (EICC),0.0,NASA OSCAR L4 / INCOIS High-Res Hydrodynamic Ocean Model
177,2026-08-25,14.0,94.0,0.221,-0.077,0.234,0.45,109.2,East India Coastal Current (EICC),0.0,NASA OSCAR L4 / INCOIS High-Res Hydrodynamic Ocean Model
178,2026-08-25,15.0,68.0,-0.089,-0.142,0.168,0.33,212.1,West India Coastal Current (WICC),0.0,NASA OSCAR L4 / INCOIS High-Res Hydrodynamic Ocean Model
179,2026-08-25,15.0,69.0,0.016,-0.259,0.259,0.5,176.5,West India Coastal Current (WICC),0.0,NASA OSCAR L4 / INCOIS High-Res Hydrodynamic Ocean Model
180,2026-08-25,15.0,70.0,-0.086,-0.286,0.299,0.58,196.7,West India Coastal Current (WICC),0.0,NASA OSCAR L4 / INCOIS High-Res Hydrodynamic Ocean Model
181,2026-08-25,15.0,71.0,-0.05,-0.28,0.284,0.55,190.1,West India Coastal Current (WICC),0.0,NASA OSCAR L4 / INCOIS High-Res Hydrodynamic Ocean Model
182,2026-08-25,15.0,72.0,-0.083,-0.144,0.166,0.32,210.0,West India Coastal Current (WICC),0.0,NASA OSCAR L4 / INCOIS High-Res Hydrodynamic Ocean Model
183,2026-08-25,15.0,73.0,-0.215,-0.145,0.259,0.5,236.0,West India Coastal Current (WICC),0.0,NASA OSCAR L4 / INCOIS High-Res Hydrodynamic Ocean Model
184,2026-08-25,15.0,85.0,0.128,0.11,0.169,0.33,49.3,East India Coastal Current (EICC),0.0,NASA OSCAR L4 / INCOIS High-Res Hydrodynamic Ocean Model
185,2026-08-25,15.0,86.0,0.126,0.138,0.187,0.36,42.4,East India Coastal Current (EICC),0.0,NASA OSCAR L4 / INCOIS High-Res Hydrodynamic Ocean Model
186,2026-08-25,15.0,87.0,0.153,0.139,0.207,0.4,47.7,East India Coastal Current (EICC),0.0,NASA OSCAR L4 / INCOIS High-Res Hydrodynamic Ocean Model
187,2026-08-25,15.0,88.0,0.27,0.204,0.338,0.66,52.9,East India Coastal Current (EICC),0.0,NASA OSCAR L4 / INCOIS High-Res Hydrodynamic Ocean Model
188,2026-08-25,15.0,89.0,0.17,0.081,0.188,0.37,64.5,East India Coastal Current (EICC),0.0,NASA OSCAR L4 / INCOIS High-Res Hydrodynamic Ocean Model
189,2026-08-25,15.0,90.0,0.206,0.173,0.269,0.52,50.0,East India Coastal Current (EICC),0.0,NASA OSCAR L4 / INCOIS High-Res Hydrodynamic Ocean Model
190,2026-08-25,15.0,91.0,0.057,0.124,0.136,0.26,24.7,East India Coastal Current (EICC),0.0,NASA OSCAR L4 / INCOIS High-Res Hydrodynamic Ocean Model
191,2026-08-25,15.0,92.0,0.304,0.076,0.313,0.61,76.0,East India Coastal Current (EICC),0.0,NASA OSCAR L4 / INCOIS High-Res Hydrodynamic Ocean Model
192,2026-08-25,15.0,93.0,0.085,0.299,0.311,0.6,15.9,East India Coastal Current (EICC),0.0,NASA OSCAR L4 / INCOIS High-Res Hydrodynamic Ocean Model
193,2026-08-25,15.0,94.0,0.329,0.005,0.329,0.64,89.1,East India Coastal Current (EICC),0.0,NASA OSCAR L4 / INCOIS High-Res Hydrodynamic Ocean Model
194,2026-08-25,16.0,68.0,-0.097,-0.079,0.125,0.24,230.8,West India Coastal Current (WICC),0.0,NASA OSCAR L4 / INCOIS High-Res Hydrodynamic Ocean Model
195,2026-08-25,16.0,69.0,-0.168,-0.26,0.31,0.6,212.9,West India Coastal Current (WICC),0.0,NASA OSCAR L4 / INCOIS High-Res Hydrodynamic Ocean Model
196,2026-08-25,16.0,70.0,-0.215,-0.231,0.316,0.61,222.9,West India Coastal Current (WICC),0.0,NASA OSCAR L4 / INCOIS High-Res Hydrodynamic Ocean Model
197,2026-08-25,16.0,71.0,0.041,-0.253,0.256,0.5,170.8,West India Coastal Current (WICC),0.0,NASA OSCAR L4 / INCOIS High-Res Hydrodynamic Ocean Model
198,2026-08-25,16.0,72.0,-0.184,-0.33,0.378,0.73,209.1,West India Coastal Current (WICC),0.0,NASA OSCAR L4 / INCOIS High-Res Hydrodynamic Ocean Model
199,2026-08-25,16.0,73.0,-0.124,-0.373,0.393,0.76,198.4,West India Coastal Current (WICC),0.0,NASA OSCAR L4 / INCOIS High-Res Hydrodynamic Ocean Model
200,2026-08-25,16.0,85.0,0.213,0.244,0.324,0.63,41.1,East India Coastal Current (EICC),0.0,NASA OSCAR L4 / INCOIS High-Res Hydrodynamic Ocean Model
201,2026-08-25,16.0,86.0,0.085,0.191,0.209,0.41,24.0,East India Coastal Current (EICC),0.0,NASA OSCAR L4 / INCOIS High-Res Hydrodynamic Ocean Model
202,2026-08-25,16.0,87.0,0.166,0.089,0.188,0.37,61.8,East India Coastal Current (EICC),0.0,NASA OSCAR L4 / INCOIS High-Res Hydrodynamic Ocean Model
203,2026-08-25,16.0,88.0,0.26,0.095,0.277,0.54,69.9,East India Coastal Current (EICC),0.0,NASA OSCAR L4 / INCOIS High-Res Hydrodynamic Ocean Model
204,2026-08-25,16.0,89.0,0.248,0.217,0.33,0.64,48.8,East India Coastal Current (EICC),0.0,NASA OSCAR L4 / INCOIS High-Res Hydrodynamic Ocean Model
205,2026-08-25,16.0,90.0,0.356,0.077,0.364,0.71,77.8,East India Coastal Current (EICC),0.0,NASA OSCAR L4 / INCOIS High-Res Hydrodynamic Ocean Model
206,2026-08-25,16.0,91.0,0.263,0.139,0.297,0.58,62.1,East India Coastal Current (EICC),0.0,NASA OSCAR L4 / INCOIS High-Res Hydrodynamic Ocean Model
207,2026-08-25,16.0,92.0,0.19,0.155,0.245,0.48,50.8,East India Coastal Current (EICC),0.0,NASA OSCAR L4 / INCOIS High-Res Hydrodynamic Ocean Model
208,2026-08-25,16.0,93.0,0.177,0.097,0.202,0.39,61.3,East India Coastal Current (EICC),0.0,NASA OSCAR L4 / INCOIS High-Res Hydrodynamic Ocean Model
209,2026-08-25,16.0,94.0,0.11,-0.041,0.117,0.23,110.4,East India Coastal Current (EICC),0.0,NASA OSCAR L4 / INCOIS High-Res Hydrodynamic Ocean Model
210,2026-08-25,17.0,68.0,-0.063,-0.295,0.302,0.59,192.1,West India Coastal Current (WICC),0.0,NASA OSCAR L4 / INCOIS High-Res Hydrodynamic Ocean Model
211,2026-08-25,17.0,69.0,-0.244,-0.035,0.246,0.48,261.8,West India Coastal Current (WICC),0.0,NASA OSCAR L4 / INCOIS High-Res Hydrodynamic Ocean Model
212,2026-08-25,17.0,70.0,-0.312,-0.275,0.416,0.81,228.6,West India Coastal Current (WICC),0.0,NASA OSCAR L4 / INCOIS High-Res Hydrodynamic Ocean Model
213,2026-08-25,17.0,71.0,-0.215,-0.262,0.339,0.66,219.4,West India Coastal Current (WICC),0.0,NASA OSCAR L4 / INCOIS High-Res Hydrodynamic Ocean Model
214,2026-08-25,17.0,72.0,-0.201,-0.17,0.263,0.51,229.8,West India Coastal Current (WICC),0.0,NASA OSCAR L4 / INCOIS High-Res Hydrodynamic Ocean Model
215,2026-08-25,17.0,73.0,-0.116,-0.342,0.361,0.7,198.7,West India Coastal Current (WICC),0.0,NASA OSCAR L4 / INCOIS High-Res Hydrodynamic Ocean Model
216,2026-08-25,17.0,85.0,0.13,0.314,0.34,0.66,22.5,East India Coastal Current (EICC),0.0,NASA OSCAR L4 / INCOIS High-Res Hydrodynamic Ocean Model
217,2026-08-25,17.0,86.0,0.237,0.202,0.311,0.6,49.6,East India Coastal Current (EICC),0.0,NASA OSCAR L4 / INCOIS High-Res Hydrodynamic Ocean Model
218,2026-08-25,17.0,87.0,0.324,0.157,0.36,0.7,64.1,East India Coastal Current (EICC),0.0,NASA OSCAR L4 / INCOIS High-Res Hydrodynamic Ocean Model
219,2026-08-25,17.0,88.0,0.268,0.17,0.317,0.62,57.6,East India Coastal Current (EICC),0.0,NASA OSCAR L4 / INCOIS High-Res Hydrodynamic Ocean Model
220,2026-08-25,17.0,89.0,0.099,0.032,0.104,0.2,72.1,East India Coastal Current (EICC),0.0,NASA OSCAR L4 / INCOIS High-Res Hydrodynamic Ocean Model
221,2026-08-25,17.0,90.0,0.154,0.167,0.227,0.44,42.7,East India Coastal Current (EICC),0.0,NASA OSCAR L4 / INCOIS High-Res Hydrodynamic Ocean Model
222,2026-08-25,17.0,91.0,0.15,0.072,0.166,0.32,64.4,East India Coastal Current (EICC),0.0,NASA OSCAR L4 / INCOIS High-Res Hydrodynamic Ocean Model
223,2026-08-25,17.0,92.0,0.001,0.043,0.043,0.08,1.3,East India Coastal Current (EICC),0.0,NASA OSCAR L4 / INCOIS High-Res Hydrodynamic Ocean Model
224,2026-08-25,17.0,93.0,0.118,0.044,0.126,0.24,69.6,East India Coastal Current (EICC),0.0,NASA OSCAR L4 / INCOIS High-Res Hydrodynamic Ocean Model
225,2026-08-25,17.0,94.0,0.233,0.189,0.3,0.58,51.0,East India Coastal Current (EICC),0.0,NASA OSCAR L4 / INCOIS High-Res Hydrodynamic Ocean Model
226,2026-08-25,18.0,68.0,-0.022,-0.379,0.38,0.74,183.3,West India Coastal Current (WICC),0.0,NASA OSCAR L4 / INCOIS High-Res Hydrodynamic Ocean Model
227,2026-08-25,18.0,69.0,-0.183,-0.138,0.229,0.45,233.0,West India Coastal Current (WICC),0.0,NASA OSCAR L4 / INCOIS High-Res Hydrodynamic Ocean Model
228,2026-08-25,18.0,70.0,-0.131,-0.224,0.259,0.5,210.3,West India Coastal Current (WICC),0.0,NASA OSCAR L4 / INCOIS High-Res Hydrodynamic Ocean Model
229,2026-08-25,18.0,71.0,-0.182,-0.28,0.334,0.65,213.0,West India Coastal Current (WICC),0.0,NASA OSCAR L4 / INCOIS High-Res Hydrodynamic Ocean Model
230,2026-08-25,18.0,72.0,-0.031,-0.13,0.134,0.26,193.4,West India Coastal Current (WICC),0.0,NASA OSCAR L4 / INCOIS High-Res Hydrodynamic Ocean Model
231,2026-08-25,18.0,73.0,-0.177,-0.177,0.25,0.49,225.0,West India Coastal Current (WICC),0.0,NASA OSCAR L4 / INCOIS High-Res Hydrodynamic Ocean Model
232,2026-08-25,18.0,85.0,0.207,0.199,0.287,0.56,46.1,East India Coastal Current (EICC),0.0,NASA OSCAR L4 / INCOIS High-Res Hydrodynamic Ocean Model
233,2026-08-25,18.0,86.0,0.369,0.083,0.378,0.73,77.3,East India Coastal Current (EICC),0.0,NASA OSCAR L4 / INCOIS High-Res Hydrodynamic Ocean Model
234,2026-08-25,18.0,87.0,0.105,0.106,0.149,0.29,44.7,East India Coastal Current (EICC),0.0,NASA OSCAR L4 / INCOIS High-Res Hydrodynamic Ocean Model
235,2026-08-25,18.0,88.0,0.203,0.26,0.33,0.64,38.0,East India Coastal Current (EICC),0.0,NASA OSCAR L4 / INCOIS High-Res Hydrodynamic Ocean Model
236,2026-08-25,18.0,89.0,0.308,0.003,0.308,0.6,89.4,East India Coastal Current (EICC),0.0,NASA OSCAR L4 / INCOIS High-Res Hydrodynamic Ocean Model
237,2026-08-25,18.0,90.0,0.26,0.15,0.3,0.58,60.0,East India Coastal Current (EICC),0.0,NASA OSCAR L4 / INCOIS High-Res Hydrodynamic Ocean Model
238,2026-08-25,18.0,91.0,0.281,0.188,0.338,0.66,56.2,East India Coastal Current (EICC),0.0,NASA OSCAR L4 / INCOIS High-Res Hydrodynamic Ocean Model
239,2026-08-25,18.0,92.0,0.143,0.118,0.185,0.36,50.5,East India Coastal Current (EICC),0.0,NASA OSCAR L4 / INCOIS High-Res Hydrodynamic Ocean Model
240,2026-08-25,18.0,93.0,0.134,-0.01,0.134,0.26,94.3,East India Coastal Current (EICC),0.0,NASA OSCAR L4 / INCOIS High-Res Hydrodynamic Ocean Model
241,2026-08-25,18.0,94.0,0.194,0.095,0.216,0.42,63.9,East India Coastal Current (EICC),0.0,NASA OSCAR L4 / INCOIS High-Res Hydrodynamic Ocean Model
242,2026-08-25,19.0,68.0,-0.142,-0.316,0.346,0.67,204.2,West India Coastal Current (WICC),0.0,NASA OSCAR L4 / INCOIS High-Res Hydrodynamic Ocean Model
243,2026-08-25,19.0,69.0,-0.065,-0.25,0.258,0.5,194.6,West India Coastal Current (WICC),0.0,NASA OSCAR L4 / INCOIS High-Res Hydrodynamic Ocean Model
244,2026-08-25,19.0,70.0,-0.173,-0.165,0.239,0.46,226.4,West India Coastal Current (WICC),0.0,NASA OSCAR L4 / INCOIS High-Res Hydrodynamic Ocean Model
245,2026-08-25,19.0,71.0,-0.075,-0.235,0.247,0.48,197.7,West India Coastal Current (WICC),0.0,NASA OSCAR L4 / INCOIS High-Res Hydrodynamic Ocean Model
246,2026-08-25,19.0,72.0,-0.127,-0.291,0.318,0.62,203.6,West India Coastal Current (WICC),0.0,NASA OSCAR L4 / INCOIS High-Res Hydrodynamic Ocean Model
247,2026-08-25,19.0,73.0,-0.03,-0.429,0.43,0.84,184.0,West India Coastal Current (WICC),0.0,NASA OSCAR L4 / INCOIS High-Res Hydrodynamic Ocean Model
248,2026-08-25,19.0,85.0,0.338,0.245,0.417,0.81,54.1,East India Coastal Current (EICC),0.0,NASA OSCAR L4 / INCOIS High-Res Hydrodynamic Ocean Model
249,2026-08-25,19.0,86.0,0.335,0.053,0.339,0.66,81.0,East India Coastal Current (EICC),0.0,NASA OSCAR L4 / INCOIS High-Res Hydrodynamic Ocean Model
250,2026-08-25,19.0,87.0,0.206,0.1,0.229,0.45,64.1,East India Coastal Current (EICC),0.0,NASA OSCAR L4 / INCOIS High-Res Hydrodynamic Ocean Model
251,2026-08-25,19.0,88.0,0.163,0.206,0.263,0.51,38.4,East India Coastal Current (EICC),0.0,NASA OSCAR L4 / INCOIS High-Res Hydrodynamic Ocean Model
252,2026-08-25,19.0,89.0,0.331,0.115,0.35,0.68,70.8,East India Coastal Current (EICC),0.0,NASA OSCAR L4 / INCOIS High-Res Hydrodynamic Ocean Model
253,2026-08-25,19.0,90.0,0.185,0.24,0.303,0.59,37.6,East India Coastal Current (EICC),0.0,NASA OSCAR L4 / INCOIS High-Res Hydrodynamic Ocean Model
254,2026-08-25,19.0,91.0,0.329,0.169,0.37,0.72,62.8,East India Coastal Current (EICC),0.0,NASA OSCAR L4 / INCOIS High-Res Hydrodynamic Ocean Model
255,2026-08-25,19.0,92.0,0.284,0.335,0.439,0.85,40.3,East India Coastal Current (EICC),0.0,NASA OSCAR L4 / INCOIS High-Res Hydrodynamic Ocean Model
256,2026-08-25,19.0,93.0,0.152,0.452,0.477,0.93,18.6,East India Coastal Current (EICC),0.0,NASA OSCAR L4 / INCOIS High-Res Hydrodynamic Ocean Model
257,2026-08-25,19.0,94.0,0.252,0.205,0.325,0.63,50.9,East India Coastal Current (EICC),0.0,NASA OSCAR L4 / INCOIS High-Res Hydrodynamic Ocean Model
258,2026-08-25,20.0,68.0,-0.272,-0.362,0.453,0.88,216.9,West India Coastal Current (WICC),0.0,NASA OSCAR L4 / INCOIS High-Res Hydrodynamic Ocean Model
259,2026-08-25,20.0,69.0,-0.177,-0.395,0.433,0.84,204.1,West India Coastal Current (WICC),0.0,NASA OSCAR L4 / INCOIS High-Res Hydrodynamic Ocean Model
260,2026-08-25,20.0,70.0,-0.11,-0.174,0.206,0.4,212.3,West India Coastal Current (WICC),0.0,NASA OSCAR L4 / INCOIS High-Res Hydrodynamic Ocean Model
261,2026-08-25,20.0,71.0,-0.077,-0.335,0.344,0.67,192.9,West India Coastal Current (WICC),0.0,NASA OSCAR L4 / INCOIS High-Res Hydrodynamic Ocean Model
262,2026-08-25,20.0,72.0,-0.359,-0.285,0.458,0.89,231.6,West India Coastal Current (WICC),0.0,NASA OSCAR L4 / INCOIS High-Res Hydrodynamic Ocean Model
263,2026-08-25,20.0,73.0,-0.105,-0.097,0.143,0.28,227.3,West India Coastal Current (WICC),0.0,NASA OSCAR L4 / INCOIS High-Res Hydrodynamic Ocean Model
264,2026-08-25,20.0,85.0,0.311,0.049,0.315,0.61,81.0,East India Coastal Current (EICC),0.0,NASA OSCAR L4 / INCOIS High-Res Hydrodynamic Ocean Model
265,2026-08-25,20.0,86.0,0.303,0.213,0.37,0.72,54.9,East India Coastal Current (EICC),0.0,NASA OSCAR L4 / INCOIS High-Res Hydrodynamic Ocean Model
266,2026-08-25,20.0,87.0,0.189,0.173,0.256,0.5,47.5,East India Coastal Current (EICC),0.0,NASA OSCAR L4 / INCOIS High-Res Hydrodynamic Ocean Model
267,2026-08-25,20.0,88.0,0.193,0.174,0.26,0.51,48.0,East India Coastal Current (EICC),0.0,NASA OSCAR L4 / INCOIS High-Res Hydrodynamic Ocean Model
268,2026-08-25,20.0,89.0,0.364,0.214,0.422,0.82,59.5,East India Coastal Current (EICC),0.0,NASA OSCAR L4 / INCOIS High-Res Hydrodynamic Ocean Model
269,2026-08-25,20.0,90.0,0.274,0.053,0.279,0.54,79.1,East India Coastal Current (EICC),0.0,NASA OSCAR L4 / INCOIS High-Res Hydrodynamic Ocean Model
270,2026-08-25,20.0,91.0,0.177,0.31,0.357,0.69,29.7,East India Coastal Current (EICC),0.0,NASA OSCAR L4 / INCOIS High-Res Hydrodynamic Ocean Model
271,2026-08-25,20.0,92.0,0.222,0.352,0.416,0.81,32.2,East India Coastal Current (EICC),0.0,NASA OSCAR L4 / INCOIS High-Res Hydrodynamic Ocean Model
272,2026-08-25,20.0,93.0,0.05,0.294,0.298,0.58,9.7,East India Coastal Current (EICC),0.0,NASA OSCAR L4 / INCOIS High-Res Hydrodynamic Ocean Model
273,2026-08-25,20.0,94.0,0.105,0.326,0.342,0.66,17.9,East India Coastal Current (EICC),0.0,NASA OSCAR L4 / INCOIS High-Res Hydrodynamic Ocean Model
274,2026-08-25,21.0,68.0,-0.16,-0.25,0.297,0.58,212.6,West India Coastal Current (WICC),0.0,NASA OSCAR L4 / INCOIS High-Res Hydrodynamic Ocean Model
275,2026-08-25,21.0,69.0,-0.197,-0.134,0.238,0.46,235.8,West India Coastal Current (WICC),0.0,NASA OSCAR L4 / INCOIS High-Res Hydrodynamic Ocean Model
276,2026-08-25,21.0,70.0,-0.253,-0.264,0.366,0.71,223.8,West India Coastal Current (WICC),0.0,NASA OSCAR L4 / INCOIS High-Res Hydrodynamic Ocean Model
277,2026-08-25,21.0,71.0,0.026,-0.237,0.238,0.46,173.7,West India Coastal Current (WICC),0.0,NASA OSCAR L4 / INCOIS High-Res Hydrodynamic Ocean Model
278,2026-08-25,21.0,72.0,-0.113,-0.189,0.22,0.43,210.9,West India Coastal Current (WICC),0.0,NASA OSCAR L4 / INCOIS High-Res Hydrodynamic Ocean Model
279,2026-08-25,21.0,73.0,-0.056,-0.258,0.264,0.51,192.2,West India Coastal Current (WICC),0.0,NASA OSCAR L4 / INCOIS High-Res Hydrodynamic Ocean Model
280,2026-08-25,21.0,74.0,-0.07,-0.168,0.182,0.35,202.6,West India Coastal Current (WICC),0.0,NASA OSCAR L4 / INCOIS High-Res Hydrodynamic Ocean Model
281,2026-08-25,21.0,75.0,-0.322,-0.172,0.365,0.71,241.9,West India Coastal Current (WICC),0.0,NASA OSCAR L4 / INCOIS High-Res Hydrodynamic Ocean Model
282,2026-08-25,21.0,76.0,-0.249,-0.119,0.276,0.54,244.5,West India Coastal Current (WICC),0.0,NASA OSCAR L4 / INCOIS High-Res Hydrodynamic Ocean Model
283,2026-08-25,21.0,77.0,0.222,0.3,0.373,0.73,36.5,East India Coastal Current (EICC),0.0,NASA OSCAR L4 / INCOIS High-Res Hydrodynamic Ocean Model
284,2026-08-25,21.0,78.0,0.12,0.068,0.138,0.27,60.5,East India Coastal Current (EICC),0.0,NASA OSCAR L4 / INCOIS High-Res Hydrodynamic Ocean Model
285,2026-08-25,21.0,79.0,0.154,0.156,0.219,0.43,44.6,East India Coastal Current (EICC),0.0,NASA OSCAR L4 / INCOIS High-Res Hydrodynamic Ocean Model
286,2026-08-25,21.0,80.0,0.109,0.026,0.112,0.22,76.6,East India Coastal Current (EICC),0.0,NASA OSCAR L4 / INCOIS High-Res Hydrodynamic Ocean Model
287,2026-08-25,21.0,81.0,0.175,0.221,0.282,0.55,38.4,East India Coastal Current (EICC),0.0,NASA OSCAR L4 / INCOIS High-Res Hydrodynamic Ocean Model
288,2026-08-25,21.0,82.0,0.084,0.216,0.232,0.45,21.3,East India Coastal Current (EICC),0.0,NASA OSCAR L4 / INCOIS High-Res Hydrodynamic Ocean Model
289,2026-08-25,21.0,83.0,0.171,0.057,0.18,0.35,71.6,East India Coastal Current (EICC),0.0,NASA OSCAR L4 / INCOIS High-Res Hydrodynamic Ocean Model
290,2026-08-25,21.0,84.0,0.11,0.213,0.24,0.47,27.3,East India Coastal Current (EICC),0.0,NASA OSCAR L4 / INCOIS High-Res Hydrodynamic Ocean Model
291,2026-08-25,21.0,85.0,0.071,0.277,0.286,0.56,14.4,East India Coastal Current (EICC),0.0,NASA OSCAR L4 / INCOIS High-Res Hydrodynamic Ocean Model
292,2026-08-25,21.0,86.0,0.224,0.136,0.262,0.51,58.7,East India Coastal Current (EICC),0.0,NASA OSCAR L4 / INCOIS High-Res Hydrodynamic Ocean Model
293,2026-08-25,21.0,87.0,0.165,-0.026,0.167,0.32,99.0,East India Coastal Current (EICC),0.0,NASA OSCAR L4 / INCOIS High-Res Hydrodynamic Ocean Model
294,2026-08-25,21.0,88.0,0.115,0.139,0.18,0.35,39.6,East India Coastal Current (EICC),0.0,NASA OSCAR L4 / INCOIS High-Res Hydrodynamic Ocean Model
295,2026-08-25,21.0,89.0,0.013,0.133,0.134,0.26,5.6,East India Coastal Current (EICC),0.0,NASA OSCAR L4 / INCOIS High-Res Hydrodynamic Ocean Model
296,2026-08-25,21.0,90.0,0.297,0.224,0.372,0.72,53.0,East India Coastal Current (EICC),0.0,NASA OSCAR L4 / INCOIS High-Res Hydrodynamic Ocean Model
297,2026-08-25,21.0,91.0,0.251,0.055,0.257,0.5,77.6,East India Coastal Current (EICC),0.0,NASA OSCAR L4 / INCOIS High-Res Hydrodynamic Ocean Model
298,2026-08-25,21.0,92.0,0.204,0.021,0.205,0.4,84.1,East India Coastal Current (EICC),0.0,NASA OSCAR L4 / INCOIS High-Res Hydrodynamic Ocean Model
299,2026-08-25,21.0,93.0,0.242,0.211,0.321,0.62,48.9,East India Coastal Current (EICC),0.0,NASA OSCAR L4 / INCOIS High-Res Hydrodynamic Ocean Model
300,2026-08-25,21.0,94.0,0.16,0.135,0.209,0.41,49.8,East India Coastal Current (EICC),0.0,NASA OSCAR L4 / INCOIS High-Res Hydrodynamic Ocean Model
301,2026-08-25,22.0,68.0,-0.049,-0.39,0.393,0.76,187.2,West India Coastal Current (WICC),0.0,NASA OSCAR L4 / INCOIS High-Res Hydrodynamic Ocean Model
302,2026-08-25,22.0,69.0,-0.121,-0.194,0.229,0.45,212.0,West India Coastal Current (WICC),0.0,NASA OSCAR L4 / INCOIS High-Res Hydrodynamic Ocean Model
303,2026-08-25,22.0,70.0,-0.134,-0.276,0.307,0.6,205.9,West India Coastal Current (WICC),0.0,NASA OSCAR L4 / INCOIS High-Res Hydrodynamic Ocean Model
304,2026-08-25,22.0,71.0,-0.192,-0.288,0.346,0.67,213.7,West India Coastal Current (WICC),0.0,NASA OSCAR L4 / INCOIS High-Res Hydrodynamic Ocean Model
305,2026-08-25,22.0,72.0,-0.101,-0.224,0.246,0.48,204.3,West India Coastal Current (WICC),0.0,NASA OSCAR L4 / INCOIS High-Res Hydrodynamic Ocean Model
306,2026-08-25,22.0,73.0,-0.216,-0.234,0.318,0.62,222.7,West India Coastal Current (WICC),0.0,NASA OSCAR L4 / INCOIS High-Res Hydrodynamic Ocean Model
307,2026-08-25,22.0,74.0,-0.151,-0.12,0.193,0.38,231.5,West India Coastal Current (WICC),0.0,NASA OSCAR L4 / INCOIS High-Res Hydrodynamic Ocean Model
308,2026-08-25,22.0,75.0,-0.21,-0.226,0.309,0.6,222.9,West India Coastal Current (WICC),0.0,NASA OSCAR L4 / INCOIS High-Res Hydrodynamic Ocean Model
309,2026-08-25,22.0,76.0,-0.054,-0.234,0.24,0.47,193.0,West India Coastal Current (WICC),0.0,NASA OSCAR L4 / INCOIS High-Res Hydrodynamic Ocean Model
310,2026-08-25,22.0,77.0,0.054,0.013,0.056,0.11,76.5,East India Coastal Current (EICC),0.0,NASA OSCAR L4 / INCOIS High-Res Hydrodynamic Ocean Model
311,2026-08-25,22.0,78.0,0.461,0.267,0.533,1.04,59.9,East India Coastal Current (EICC),0.0,NASA OSCAR L4 / INCOIS High-Res Hydrodynamic Ocean Model
312,2026-08-25,22.0,79.0,0.085,0.163,0.184,0.36,27.5,East India Coastal Current (EICC),0.0,NASA OSCAR L4 / INCOIS High-Res Hydrodynamic Ocean Model
313,2026-08-25,22.0,80.0,0.143,0.131,0.194,0.38,47.5,East India Coastal Current (EICC),0.0,NASA OSCAR L4 / INCOIS High-Res Hydrodynamic Ocean Model
314,2026-08-25,22.0,81.0,0.36,0.093,0.372,0.72,75.5,East India Coastal Current (EICC),0.0,NASA OSCAR L4 / INCOIS High-Res Hydrodynamic Ocean Model
315,2026-08-25,22.0,82.0,0.116,0.097,0.151,0.29,50.1,East India Coastal Current (EICC),0.0,NASA OSCAR L4 / INCOIS High-Res Hydrodynamic Ocean Model
316,2026-08-25,22.0,83.0,0.222,0.225,0.316,0.61,44.6,East India Coastal Current (EICC),0.0,NASA OSCAR L4 / INCOIS High-Res Hydrodynamic Ocean Model
317,2026-08-25,22.0,84.0,0.27,0.185,0.327,0.64,55.6,East India Coastal Current (EICC),0.0,NASA OSCAR L4 / INCOIS High-Res Hydrodynamic Ocean Model
318,2026-08-25,22.0,85.0,0.24,0.186,0.304,0.59,52.2,East India Coastal Current (EICC),0.0,NASA OSCAR L4 / INCOIS High-Res Hydrodynamic Ocean Model
319,2026-08-25,22.0,86.0,0.323,0.175,0.367,0.71,61.6,East India Coastal Current (EICC),0.0,NASA OSCAR L4 / INCOIS High-Res Hydrodynamic Ocean Model
320,2026-08-25,22.0,87.0,0.331,0.047,0.334,0.65,81.9,East India Coastal Current (EICC),0.0,NASA OSCAR L4 / INCOIS High-Res Hydrodynamic Ocean Model
321,2026-08-25,22.0,88.0,0.057,0.23,0.237,0.46,13.9,East India Coastal Current (EICC),0.0,NASA OSCAR L4 / INCOIS High-Res Hydrodynamic Ocean Model
322,2026-08-25,22.0,89.0,0.198,0.186,0.272,0.53,46.8,East India Coastal Current (EICC),0.0,NASA OSCAR L4 / INCOIS High-Res Hydrodynamic Ocean Model
323,2026-08-25,22.0,90.0,0.197,0.172,0.262,0.51,48.9,East India Coastal Current (EICC),0.0,NASA OSCAR L4 / INCOIS High-Res Hydrodynamic Ocean Model
324,2026-08-25,22.0,91.0,0.079,0.258,0.27,0.52,17.0,East India Coastal Current (EICC),0.0,NASA OSCAR L4 / INCOIS High-Res Hydrodynamic Ocean Model
325,2026-08-25,22.0,92.0,0.242,0.052,0.248,0.48,77.9,East India Coastal Current (EICC),0.0,NASA OSCAR L4 / INCOIS High-Res Hydrodynamic Ocean Model
326,2026-08-25,22.0,93.0,0.148,-0.056,0.158,0.31,110.7,East India Coastal Current (EICC),0.0,NASA OSCAR L4 / INCOIS High-Res Hydrodynamic Ocean Model
327,2026-08-25,22.0,94.0,0.073,-0.03,0.079,0.15,112.3,East India Coastal Current (EICC),0.0,NASA OSCAR L4 / INCOIS High-Res Hydrodynamic Ocean Model
328,2026-08-25,23.0,68.0,-0.095,-0.304,0.318,0.62,197.4,West India Coastal Current (WICC),0.0,NASA OSCAR L4 / INCOIS High-Res Hydrodynamic Ocean Model
329,2026-08-25,23.0,69.0,-0.149,-0.206,0.254,0.49,215.9,West India Coastal Current (WICC),0.0,NASA OSCAR L4 / INCOIS High-Res Hydrodynamic Ocean Model
330,2026-08-25,23.0,70.0,-0.071,-0.176,0.19,0.37,202.0,West India Coastal Current (WICC),0.0,NASA OSCAR L4 / INCOIS High-Res Hydrodynamic Ocean Model
331,2026-08-25,23.0,71.0,-0.079,-0.291,0.302,0.59,195.2,West India Coastal Current (WICC),0.0,NASA OSCAR L4 / INCOIS High-Res Hydrodynamic Ocean Model
332,2026-08-25,23.0,72.0,-0.207,-0.207,0.293,0.57,225.0,West India Coastal Current (WICC),0.0,NASA OSCAR L4 / INCOIS High-Res Hydrodynamic Ocean Model
333,2026-08-25,23.0,73.0,-0.09,-0.286,0.3,0.58,197.5,West India Coastal Current (WICC),0.0,NASA OSCAR L4 / INCOIS High-Res Hydrodynamic Ocean Model
334,2026-08-25,23.0,74.0,-0.289,-0.114,0.311,0.6,248.5,West India Coastal Current (WICC),0.0,NASA OSCAR L4 / INCOIS High-Res Hydrodynamic Ocean Model
335,2026-08-25,23.0,75.0,-0.106,-0.227,0.251,0.49,205.0,West India Coastal Current (WICC),0.0,NASA OSCAR L4 / INCOIS High-Res Hydrodynamic Ocean Model
336,2026-08-25,23.0,76.0,-0.12,-0.191,0.226,0.44,212.1,West India Coastal Current (WICC),0.0,NASA OSCAR L4 / INCOIS High-Res Hydrodynamic Ocean Model
337,2026-08-25,23.0,77.0,0.243,0.139,0.28,0.54,60.2,East India Coastal Current (EICC),0.0,NASA OSCAR L4 / INCOIS High-Res Hydrodynamic Ocean Model
338,2026-08-25,23.0,78.0,0.049,0.187,0.193,0.38,14.7,East India Coastal Current (EICC),0.0,NASA OSCAR L4 / INCOIS High-Res Hydrodynamic Ocean Model
339,2026-08-25,23.0,79.0,0.256,0.232,0.345,0.67,47.8,East India Coastal Current (EICC),0.0,NASA OSCAR L4 / INCOIS High-Res Hydrodynamic Ocean Model
340,2026-08-25,23.0,80.0,0.052,0.272,0.277,0.54,10.8,East India Coastal Current (EICC),0.0,NASA OSCAR L4 / INCOIS High-Res Hydrodynamic Ocean Model
341,2026-08-25,23.0,81.0,0.192,0.11,0.221,0.43,60.2,East India Coastal Current (EICC),0.0,NASA OSCAR L4 / INCOIS High-Res Hydrodynamic Ocean Model
342,2026-08-25,23.0,82.0,0.143,0.152,0.209,0.41,43.3,East India Coastal Current (EICC),0.0,NASA OSCAR L4 / INCOIS High-Res Hydrodynamic Ocean Model
343,2026-08-25,23.0,83.0,0.257,0.281,0.381,0.74,42.4,East India Coastal Current (EICC),0.0,NASA OSCAR L4 / INCOIS High-Res Hydrodynamic Ocean Model
344,2026-08-25,23.0,84.0,0.122,0.018,0.123,0.24,81.6,East India Coastal Current (EICC),0.0,NASA OSCAR L4 / INCOIS High-Res Hydrodynamic Ocean Model
345,2026-08-25,23.0,85.0,0.177,0.051,0.184,0.36,73.9,East India Coastal Current (EICC),0.0,NASA OSCAR L4 / INCOIS High-Res Hydrodynamic Ocean Model
346,2026-08-25,23.0,86.0,0.251,0.142,0.288,0.56,60.5,East India Coastal Current (EICC),0.0,NASA OSCAR L4 / INCOIS High-Res Hydrodynamic Ocean Model
347,2026-08-25,23.0,87.0,0.149,-0.073,0.166,0.32,116.1,East India Coastal Current (EICC),0.0,NASA OSCAR L4 / INCOIS High-Res Hydrodynamic Ocean Model
348,2026-08-25,23.0,88.0,0.328,0.024,0.329,0.64,85.8,East India Coastal Current (EICC),0.0,NASA OSCAR L4 / INCOIS High-Res Hydrodynamic Ocean Model
349,2026-08-25,23.0,89.0,0.091,0.214,0.233,0.45,23.0,East India Coastal Current (EICC),0.0,NASA OSCAR L4 / INCOIS High-Res Hydrodynamic Ocean Model
350,2026-08-25,23.0,90.0,0.22,0.225,0.315,0.61,44.4,East India Coastal Current (EICC),0.0,NASA OSCAR L4 / INCOIS High-Res Hydrodynamic Ocean Model
351,2026-08-25,23.0,91.0,0.072,0.309,0.317,0.62,13.1,East India Coastal Current (EICC),0.0,NASA OSCAR L4 / INCOIS High-Res Hydrodynamic Ocean Model
352,2026-08-25,23.0,92.0,0.246,0.249,0.35,0.68,44.7,East India Coastal Current (EICC),0.0,NASA OSCAR L4 / INCOIS High-Res Hydrodynamic Ocean Model
353,2026-08-25,23.0,93.0,0.376,0.052,0.38,0.74,82.1,East India Coastal Current (EICC),0.0,NASA OSCAR L4 / INCOIS High-Res Hydrodynamic Ocean Model
354,2026-08-25,23.0,94.0,0.196,0.174,0.262,0.51,48.4,East India Coastal Current (EICC),0.0,NASA OSCAR L4 / INCOIS High-Res Hydrodynamic Ocean Model
355,2026-08-25,24.0,68.0,-0.185,-0.073,0.199,0.39,248.5,West India Coastal Current (WICC),0.0,NASA OSCAR L4 / INCOIS High-Res Hydrodynamic Ocean Model
356,2026-08-25,24.0,69.0,-0.121,-0.194,0.229,0.45,212.0,West India Coastal Current (WICC),0.0,NASA OSCAR L4 / INCOIS High-Res Hydrodynamic Ocean Model
357,2026-08-25,24.0,70.0,-0.117,-0.248,0.274,0.53,205.3,West India Coastal Current (WICC),0.0,NASA OSCAR L4 / INCOIS High-Res Hydrodynamic Ocean Model
358,2026-08-25,24.0,71.0,-0.021,-0.253,0.254,0.49,184.7,West India Coastal Current (WICC),0.0,NASA OSCAR L4 / INCOIS High-Res Hydrodynamic Ocean Model
359,2026-08-25,24.0,72.0,-0.1,-0.223,0.244,0.47,204.2,West India Coastal Current (WICC),0.0,NASA OSCAR L4 / INCOIS High-Res Hydrodynamic Ocean Model
360,2026-08-25,24.0,73.0,-0.111,-0.311,0.33,0.64,199.6,West India Coastal Current (WICC),0.0,NASA OSCAR L4 / INCOIS High-Res Hydrodynamic Ocean Model
361,2026-08-25,24.0,74.0,0.02,-0.405,0.405,0.79,177.2,West India Coastal Current (WICC),0.0,NASA OSCAR L4 / INCOIS High-Res Hydrodynamic Ocean Model
362,2026-08-25,24.0,75.0,-0.258,-0.264,0.369,0.72,224.3,West India Coastal Current (WICC),0.0,NASA OSCAR L4 / INCOIS High-Res Hydrodynamic Ocean Model
363,2026-08-25,24.0,76.0,-0.056,-0.141,0.152,0.3,201.7,West India Coastal Current (WICC),0.0,NASA OSCAR L4 / INCOIS High-Res Hydrodynamic Ocean Model
364,2026-08-25,24.0,77.0,0.164,0.314,0.354,0.69,27.6,East India Coastal Current (EICC),0.0,NASA OSCAR L4 / INCOIS High-Res Hydrodynamic Ocean Model
365,2026-08-25,24.0,78.0,0.167,0.322,0.363,0.71,27.4,East India Coastal Current (EICC),0.0,NASA OSCAR L4 / INCOIS High-Res Hydrodynamic Ocean Model
366,2026-08-25,24.0,79.0,0.156,0.318,0.354,0.69,26.1,East India Coastal Current (EICC),0.0,NASA OSCAR L4 / INCOIS High-Res Hydrodynamic Ocean Model
367,2026-08-25,24.0,80.0,0.315,0.063,0.321,0.62,78.7,East India Coastal Current (EICC),0.0,NASA OSCAR L4 / INCOIS High-Res Hydrodynamic Ocean Model
368,2026-08-25,24.0,81.0,0.287,0.164,0.331,0.64,60.3,East India Coastal Current (EICC),0.0,NASA OSCAR L4 / INCOIS High-Res Hydrodynamic Ocean Model
369,2026-08-25,24.0,82.0,0.189,0.008,0.189,0.37,87.6,East India Coastal Current (EICC),0.0,NASA OSCAR L4 / INCOIS High-Res Hydrodynamic Ocean Model
370,2026-08-25,24.0,83.0,0.259,-0.049,0.264,0.51,100.7,East India Coastal Current (EICC),0.0,NASA OSCAR L4 / INCOIS High-Res Hydrodynamic Ocean Model
371,2026-08-25,24.0,84.0,0.19,0.252,0.316,0.61,37.0,East India Coastal Current (EICC),0.0,NASA OSCAR L4 / INCOIS High-Res Hydrodynamic Ocean Model
372,2026-08-25,24.0,85.0,0.33,0.02,0.331,0.64,86.5,East India Coastal Current (EICC),0.0,NASA OSCAR L4 / INCOIS High-Res Hydrodynamic Ocean Model
373,2026-08-25,24.0,86.0,0.12,0.099,0.156,0.3,50.5,East India Coastal Current (EICC),0.0,NASA OSCAR L4 / INCOIS High-Res Hydrodynamic Ocean Model
374,2026-08-25,24.0,87.0,0.176,0.055,0.184,0.36,72.6,East India Coastal Current (EICC),0.0,NASA OSCAR L4 / INCOIS High-Res Hydrodynamic Ocean Model
375,2026-08-25,24.0,88.0,0.206,0.238,0.315,0.61,40.9,East India Coastal Current (EICC),0.0,NASA OSCAR L4 / INCOIS High-Res Hydrodynamic Ocean Model
376,2026-08-25,24.0,89.0,0.213,0.152,0.262,0.51,54.5,East India Coastal Current (EICC),0.0,NASA OSCAR L4 / INCOIS High-Res Hydrodynamic Ocean Model
377,2026-08-25,24.0,90.0,0.156,0.18,0.238,0.46,40.9,East India Coastal Current (EICC),0.0,NASA OSCAR L4 / INCOIS High-Res Hydrodynamic Ocean Model
378,2026-08-25,24.0,91.0,0.225,0.185,0.291,0.57,50.6,East India Coastal Current (EICC),0.0,NASA OSCAR L4 / INCOIS High-Res Hydrodynamic Ocean Model
379,2026-08-25,24.0,92.0,0.304,0.189,0.358,0.7,58.1,East India Coastal Current (EICC),0.0,NASA OSCAR L4 / INCOIS High-Res Hydrodynamic Ocean Model
380,2026-08-25,24.0,93.0,0.149,0.199,0.249,0.48,36.8,East India Coastal Current (EICC),0.0,NASA OSCAR L4 / INCOIS High-Res Hydrodynamic Ocean Model
381,2026-08-25,24.0,94.0,0.213,0.301,0.369,0.72,35.3,East India Coastal Current (EICC),0.0,NASA OSCAR L4 / INCOIS High-Res Hydrodynamic Ocean Model
382,2026-08-24,6.0,68.0,0.035,-0.085,0.092,0.18,157.6,West India Coastal Current (WICC),0.0,NASA OSCAR L4 / INCOIS High-Res Hydrodynamic Ocean Model
383,2026-08-24,6.0,69.0,-0.238,-0.212,0.319,0.62,228.3,West India Coastal Current (WICC),0.0,NASA OSCAR L4 / INCOIS High-Res Hydrodynamic Ocean Model
384,2026-08-24,6.0,70.0,-0.074,-0.031,0.08,0.16,247.3,West India Coastal Current (WICC),0.0,NASA OSCAR L4 / INCOIS High-Res Hydrodynamic Ocean Model
385,2026-08-24,6.0,71.0,-0.117,-0.258,0.283,0.55,204.4,West India Coastal Current (WICC),0.0,NASA OSCAR L4 / INCOIS High-Res Hydrodynamic Ocean Model
386,2026-08-24,6.0,72.0,-0.346,-0.259,0.432,0.84,233.2,West India Coastal Current (WICC),0.0,NASA OSCAR L4 / INCOIS High-Res Hydrodynamic Ocean Model
387,2026-08-24,6.0,73.0,-0.093,-0.398,0.409,0.8,193.2,West India Coastal Current (WICC),0.0,NASA OSCAR L4 / INCOIS High-Res Hydrodynamic Ocean Model
388,2026-08-24,6.0,74.0,-0.266,-0.226,0.349,0.68,229.6,West India Coastal Current (WICC),0.0,NASA OSCAR L4 / INCOIS High-Res Hydrodynamic Ocean Model
389,2026-08-24,6.0,75.0,-0.209,-0.222,0.305,0.59,223.3,West India Coastal Current (WICC),0.0,NASA OSCAR L4 / INCOIS High-Res Hydrodynamic Ocean Model
390,2026-08-24,6.0,76.0,-0.139,-0.31,0.34,0.66,204.2,West India Coastal Current (WICC),0.0,NASA OSCAR L4 / INCOIS High-Res Hydrodynamic Ocean Model
391,2026-08-24,6.0,77.0,0.274,0.221,0.352,0.68,51.1,East India Coastal Current (EICC),0.0,NASA OSCAR L4 / INCOIS High-Res Hydrodynamic Ocean Model
392,2026-08-24,6.0,78.0,0.278,0.098,0.295,0.57,70.6,East India Coastal Current (EICC),0.0,NASA OSCAR L4 / INCOIS High-Res Hydrodynamic Ocean Model
393,2026-08-24,6.0,79.0,0.223,0.161,0.275,0.53,54.2,East India Coastal Current (EICC),0.0,NASA OSCAR L4 / INCOIS High-Res Hydrodynamic Ocean Model
394,2026-08-24,6.0,80.0,0.229,0.105,0.252,0.49,65.4,East India Coastal Current (EICC),0.0,NASA OSCAR L4 / INCOIS High-Res Hydrodynamic Ocean Model
395,2026-08-24,6.0,81.0,0.259,0.205,0.33,0.64,51.6,East India Coastal Current (EICC),0.0,NASA OSCAR L4 / INCOIS High-Res Hydrodynamic Ocean Model
396,2026-08-24,6.0,82.0,0.185,0.211,0.281,0.55,41.2,East India Coastal Current (EICC),0.0,NASA OSCAR L4 / INCOIS High-Res Hydrodynamic Ocean Model
397,2026-08-24,6.0,83.0,0.309,0.085,0.32,0.62,74.6,East India Coastal Current (EICC),0.0,NASA OSCAR L4 / INCOIS High-Res Hydrodynamic Ocean Model
398,2026-08-24,6.0,84.0,0.232,0.245,0.337,0.66,43.4,East India Coastal Current (EICC),0.0,NASA OSCAR L4 / INCOIS High-Res Hydrodynamic Ocean Model
399,2026-08-24,6.0,85.0,0.23,0.135,0.267,0.52,59.6,East India Coastal Current (EICC),0.0,NASA OSCAR L4 / INCOIS High-Res Hydrodynamic Ocean Model
400,2026-08-24,6.0,86.0,0.084,0.28,0.292,0.57,16.7,East India Coastal Current (EICC),0.0,NASA OSCAR L4 / INCOIS High-Res Hydrodynamic Ocean Model
401,2026-08-24,6.0,87.0,0.253,0.033,0.255,0.5,82.6,East India Coastal Current (EICC),0.0,NASA OSCAR L4 / INCOIS High-Res Hydrodynamic Ocean Model
402,2026-08-24,6.0,88.0,0.249,0.148,0.29,0.56,59.3,East India Coastal Current (EICC),0.0,NASA OSCAR L4 / INCOIS High-Res Hydrodynamic Ocean Model
403,2026-08-24,6.0,89.0,0.208,0.158,0.261,0.51,52.8,East India Coastal Current (EICC),0.0,NASA OSCAR L4 / INCOIS High-Res Hydrodynamic Ocean Model
404,2026-08-24,6.0,90.0,0.172,0.148,0.227,0.44,49.3,East India Coastal Current (EICC),0.0,NASA OSCAR L4 / INCOIS High-Res Hydrodynamic Ocean Model
405,2026-08-24,6.0,91.0,0.231,0.195,0.302,0.59,49.8,East India Coastal Current (EICC),0.0,NASA OSCAR L4 / INCOIS High-Res Hydrodynamic Ocean Model
406,2026-08-24,6.0,92.0,0.102,0.177,0.204,0.4,30.0,East India Coastal Current (EICC),0.0,NASA OSCAR L4 / INCOIS High-Res Hydrodynamic Ocean Model
407,2026-08-24,6.0,93.0,0.277,0.06,0.283,0.55,77.8,East India Coastal Current (EICC),0.0,NASA OSCAR L4 / INCOIS High-Res Hydrodynamic Ocean Model
408,2026-08-24,6.0,94.0,0.1,0.04,0.108,0.21,68.2,East India Coastal Current (EICC),0.0,NASA OSCAR L4 / INCOIS High-Res Hydrodynamic Ocean Model
409,2026-08-24,7.0,68.0,-0.195,-0.303,0.36,0.7,212.8,West India Coastal Current (WICC),0.0,NASA OSCAR L4 / INCOIS High-Res Hydrodynamic Ocean Model
410,2026-08-24,7.0,69.0,-0.076,-0.117,0.14,0.27,213.0,West India Coastal Current (WICC),0.0,NASA OSCAR L4 / INCOIS High-Res Hydrodynamic Ocean Model
411,2026-08-24,7.0,70.0,-0.235,-0.174,0.292,0.57,233.5,West India Coastal Current (WICC),0.0,NASA OSCAR L4 / INCOIS High-Res Hydrodynamic Ocean Model
412,2026-08-24,7.0,71.0,-0.127,-0.288,0.315,0.61,203.8,West India Coastal Current (WICC),0.0,NASA OSCAR L4 / INCOIS High-Res Hydrodynamic Ocean Model
413,2026-08-24,7.0,72.0,-0.095,-0.169,0.194,0.38,209.3,West India Coastal Current (WICC),0.0,NASA OSCAR L4 / INCOIS High-Res Hydrodynamic Ocean Model
414,2026-08-24,7.0,73.0,-0.259,-0.345,0.431,0.84,216.9,West India Coastal Current (WICC),0.0,NASA OSCAR L4 / INCOIS High-Res Hydrodynamic Ocean Model
415,2026-08-24,7.0,74.0,-0.15,-0.172,0.228,0.44,221.1,West India Coastal Current (WICC),0.0,NASA OSCAR L4 / INCOIS High-Res Hydrodynamic Ocean Model
416,2026-08-24,7.0,75.0,-0.067,-0.287,0.295,0.57,193.1,West India Coastal Current (WICC),0.0,NASA OSCAR L4 / INCOIS High-Res Hydrodynamic Ocean Model
417,2026-08-24,7.0,76.0,-0.067,-0.269,0.277,0.54,194.0,West India Coastal Current (WICC),0.0,NASA OSCAR L4 / INCOIS High-Res Hydrodynamic Ocean Model
418,2026-08-24,7.0,77.0,0.056,0.126,0.138,0.27,24.0,East India Coastal Current (EICC),0.0,NASA OSCAR L4 / INCOIS High-Res Hydrodynamic Ocean Model
419,2026-08-24,7.0,78.0,0.264,0.154,0.306,0.59,59.7,East India Coastal Current (EICC),0.0,NASA OSCAR L4 / INCOIS High-Res Hydrodynamic Ocean Model
420,2026-08-24,7.0,79.0,0.318,0.14,0.347,0.67,66.2,East India Coastal Current (EICC),0.0,NASA OSCAR L4 / INCOIS High-Res Hydrodynamic Ocean Model
421,2026-08-24,7.0,80.0,0.099,0.129,0.163,0.32,37.5,East India Coastal Current (EICC),0.0,NASA OSCAR L4 / INCOIS High-Res Hydrodynamic Ocean Model
422,2026-08-24,7.0,81.0,0.224,0.06,0.232,0.45,75.0,East India Coastal Current (EICC),0.0,NASA OSCAR L4 / INCOIS High-Res Hydrodynamic Ocean Model
423,2026-08-24,7.0,82.0,0.189,0.114,0.221,0.43,58.9,East India Coastal Current (EICC),0.0,NASA OSCAR L4 / INCOIS High-Res Hydrodynamic Ocean Model
424,2026-08-24,7.0,83.0,0.119,0.172,0.209,0.41,34.7,East India Coastal Current (EICC),0.0,NASA OSCAR L4 / INCOIS High-Res Hydrodynamic Ocean Model
425,2026-08-24,7.0,84.0,0.255,0.331,0.418,0.81,37.6,East India Coastal Current (EICC),0.0,NASA OSCAR L4 / INCOIS High-Res Hydrodynamic Ocean Model
426,2026-08-24,7.0,85.0,0.121,0.178,0.215,0.42,34.2,East India Coastal Current (EICC),0.0,NASA OSCAR L4 / INCOIS High-Res Hydrodynamic Ocean Model
427,2026-08-24,7.0,86.0,0.188,0.251,0.314,0.61,36.8,East India Coastal Current (EICC),0.0,NASA OSCAR L4 / INCOIS High-Res Hydrodynamic Ocean Model
428,2026-08-24,7.0,87.0,0.088,0.11,0.141,0.27,38.7,East India Coastal Current (EICC),0.0,NASA OSCAR L4 / INCOIS High-Res Hydrodynamic Ocean Model
429,2026-08-24,7.0,88.0,0.099,0.095,0.137,0.27,46.2,East India Coastal Current (EICC),0.0,NASA OSCAR L4 / INCOIS High-Res Hydrodynamic Ocean Model
430,2026-08-24,7.0,89.0,0.267,0.15,0.306,0.59,60.7,East India Coastal Current (EICC),0.0,NASA OSCAR L4 / INCOIS High-Res Hydrodynamic Ocean Model
431,2026-08-24,7.0,90.0,0.036,0.122,0.127,0.25,16.4,East India Coastal Current (EICC),0.0,NASA OSCAR L4 / INCOIS High-Res Hydrodynamic Ocean Model
432,2026-08-24,7.0,91.0,0.15,0.082,0.171,0.33,61.3,East India Coastal Current (EICC),0.0,NASA OSCAR L4 / INCOIS High-Res Hydrodynamic Ocean Model
433,2026-08-24,7.0,92.0,0.196,0.361,0.411,0.8,28.5,East India Coastal Current (EICC),0.0,NASA OSCAR L4 / INCOIS High-Res Hydrodynamic Ocean Model
434,2026-08-24,7.0,93.0,0.155,0.269,0.31,0.6,30.0,East India Coastal Current (EICC),0.0,NASA OSCAR L4 / INCOIS High-Res Hydrodynamic Ocean Model
435,2026-08-24,7.0,94.0,0.17,0.176,0.245,0.48,44.0,East India Coastal Current (EICC),0.0,NASA OSCAR L4 / INCOIS High-Res Hydrodynamic Ocean Model
436,2026-08-24,8.0,68.0,-0.099,-0.345,0.359,0.7,196.0,West India Coastal Current (WICC),0.0,NASA OSCAR L4 / INCOIS High-Res Hydrodynamic Ocean Model
437,2026-08-24,8.0,69.0,-0.035,-0.388,0.39,0.76,185.2,West India Coastal Current (WICC),0.0,NASA OSCAR L4 / INCOIS High-Res Hydrodynamic Ocean Model
438,2026-08-24,8.0,70.0,-0.102,-0.207,0.231,0.45,206.2,West India Coastal Current (WICC),0.0,NASA OSCAR L4 / INCOIS High-Res Hydrodynamic Ocean Model
439,2026-08-24,8.0,71.0,-0.194,-0.289,0.348,0.68,213.9,West India Coastal Current (WICC),0.0,NASA OSCAR L4 / INCOIS High-Res Hydrodynamic Ocean Model
440,2026-08-24,8.0,72.0,-0.103,-0.135,0.17,0.33,217.3,West India Coastal Current (WICC),0.0,NASA OSCAR L4 / INCOIS High-Res Hydrodynamic Ocean Model
441,2026-08-24,8.0,73.0,-0.12,-0.264,0.29,0.56,204.4,West India Coastal Current (WICC),0.0,NASA OSCAR L4 / INCOIS High-Res Hydrodynamic Ocean Model
442,2026-08-24,8.0,74.0,-0.073,-0.136,0.154,0.3,208.2,West India Coastal Current (WICC),0.0,NASA OSCAR L4 / INCOIS High-Res Hydrodynamic Ocean Model
443,2026-08-24,8.0,75.0,-0.059,-0.219,0.227,0.44,195.1,West India Coastal Current (WICC),0.0,NASA OSCAR L4 / INCOIS High-Res Hydrodynamic Ocean Model
444,2026-08-24,8.0,76.0,-0.284,-0.123,0.309,0.6,246.6,West India Coastal Current (WICC),0.0,NASA OSCAR L4 / INCOIS High-Res Hydrodynamic Ocean Model
445,2026-08-24,8.0,77.0,0.275,0.052,0.28,0.54,79.3,East India Coastal Current (EICC),0.0,NASA OSCAR L4 / INCOIS High-Res Hydrodynamic Ocean Model
446,2026-08-24,8.0,78.0,-0.026,0.089,0.093,0.18,343.7,East India Coastal Current (EICC),0.0,NASA OSCAR L4 / INCOIS High-Res Hydrodynamic Ocean Model
447,2026-08-24,8.0,79.0,0.209,0.146,0.255,0.5,55.1,East India Coastal Current (EICC),0.0,NASA OSCAR L4 / INCOIS High-Res Hydrodynamic Ocean Model
448,2026-08-24,8.0,80.0,0.205,0.152,0.255,0.5,53.4,East India Coastal Current (EICC),0.0,NASA OSCAR L4 / INCOIS High-Res Hydrodynamic Ocean Model
449,2026-08-24,8.0,81.0,0.235,0.092,0.252,0.49,68.6,East India Coastal Current (EICC),0.0,NASA OSCAR L4 / INCOIS High-Res Hydrodynamic Ocean Model
450,2026-08-24,8.0,82.0,0.2,-0.014,0.2,0.39,94.0,East India Coastal Current (EICC),0.0,NASA OSCAR L4 / INCOIS High-Res Hydrodynamic Ocean Model
451,2026-08-24,8.0,83.0,0.108,-0.054,0.121,0.24,116.6,East India Coastal Current (EICC),0.0,NASA OSCAR L4 / INCOIS High-Res Hydrodynamic Ocean Model
452,2026-08-24,8.0,84.0,0.095,0.298,0.313,0.61,17.7,East India Coastal Current (EICC),0.0,NASA OSCAR L4 / INCOIS High-Res Hydrodynamic Ocean Model
453,2026-08-24,8.0,85.0,0.226,0.184,0.291,0.57,50.8,East India Coastal Current (EICC),0.0,NASA OSCAR L4 / INCOIS High-Res Hydrodynamic Ocean Model
454,2026-08-24,8.0,86.0,0.182,0.154,0.238,0.46,49.8,East India Coastal Current (EICC),0.0,NASA OSCAR L4 / INCOIS High-Res Hydrodynamic Ocean Model
455,2026-08-24,8.0,87.0,0.262,0.289,0.39,0.76,42.2,East India Coastal Current (EICC),0.0,NASA OSCAR L4 / INCOIS High-Res Hydrodynamic Ocean Model
456,2026-08-24,8.0,88.0,0.303,0.188,0.357,0.69,58.2,East India Coastal Current (EICC),0.0,NASA OSCAR L4 / INCOIS High-Res Hydrodynamic Ocean Model
457,2026-08-24,8.0,89.0,0.113,0.053,0.125,0.24,64.9,East India Coastal Current (EICC),0.0,NASA OSCAR L4 / INCOIS High-Res Hydrodynamic Ocean Model
458,2026-08-24,8.0,90.0,0.04,0.032,0.051,0.1,51.3,East India Coastal Current (EICC),0.0,NASA OSCAR L4 / INCOIS High-Res Hydrodynamic Ocean Model
459,2026-08-24,8.0,91.0,0.167,0.225,0.28,0.54,36.6,East India Coastal Current (EICC),0.0,NASA OSCAR L4 / INCOIS High-Res Hydrodynamic Ocean Model
460,2026-08-24,8.0,92.0,0.195,0.137,0.238,0.46,54.9,East India Coastal Current (EICC),0.0,NASA OSCAR L4 / INCOIS High-Res Hydrodynamic Ocean Model
461,2026-08-24,8.0,93.0,0.194,0.164,0.254,0.49,49.8,East India Coastal Current (EICC),0.0,NASA OSCAR L4 / INCOIS High-Res Hydrodynamic Ocean Model
462,2026-08-24,8.0,94.0,0.17,0.107,0.201,0.39,57.8,East India Coastal Current (EICC),0.0,NASA OSCAR L4 / INCOIS High-Res Hydrodynamic Ocean Model
463,2026-08-24,9.0,68.0,-0.121,-0.254,0.281,0.55,205.5,West India Coastal Current (WICC),0.0,NASA OSCAR L4 / INCOIS High-Res Hydrodynamic Ocean Model
464,2026-08-24,9.0,69.0,-0.122,-0.401,0.419,0.81,196.9,West India Coastal Current (WICC),0.0,NASA OSCAR L4 / INCOIS High-Res Hydrodynamic Ocean Model
465,2026-08-24,9.0,70.0,-0.167,-0.272,0.319,0.62,211.5,West India Coastal Current (WICC),0.0,NASA OSCAR L4 / INCOIS High-Res Hydrodynamic Ocean Model
466,2026-08-24,9.0,71.0,-0.038,-0.089,0.097,0.19,203.1,West India Coastal Current (WICC),0.0,NASA OSCAR L4 / INCOIS High-Res Hydrodynamic Ocean Model
467,2026-08-24,9.0,72.0,-0.138,-0.252,0.287,0.56,208.7,West India Coastal Current (WICC),0.0,NASA OSCAR L4 / INCOIS High-Res Hydrodynamic Ocean Model
468,2026-08-24,9.0,73.0,-0.232,-0.05,0.237,0.46,257.8,West India Coastal Current (WICC),0.0,NASA OSCAR L4 / INCOIS High-Res Hydrodynamic Ocean Model
469,2026-08-24,9.0,85.0,0.231,0.064,0.24,0.47,74.5,East India Coastal Current (EICC),0.0,NASA OSCAR L4 / INCOIS High-Res Hydrodynamic Ocean Model
470,2026-08-24,9.0,86.0,0.109,-0.029,0.113,0.22,104.9,East India Coastal Current (EICC),0.0,NASA OSCAR L4 / INCOIS High-Res Hydrodynamic Ocean Model
471,2026-08-24,9.0,87.0,0.214,0.247,0.327,0.64,40.9,East India Coastal Current (EICC),0.0,NASA OSCAR L4 / INCOIS High-Res Hydrodynamic Ocean Model
472,2026-08-24,9.0,88.0,0.147,0.0,0.147,0.29,90.0,East India Coastal Current (EICC),0.0,NASA OSCAR L4 / INCOIS High-Res Hydrodynamic Ocean Model
473,2026-08-24,9.0,89.0,0.177,0.142,0.227,0.44,51.3,East India Coastal Current (EICC),0.0,NASA OSCAR L4 / INCOIS High-Res Hydrodynamic Ocean Model
474,2026-08-24,9.0,90.0,0.276,0.081,0.288,0.56,73.6,East India Coastal Current (EICC),0.0,NASA OSCAR L4 / INCOIS High-Res Hydrodynamic Ocean Model
475,2026-08-24,9.0,91.0,0.221,0.207,0.303,0.59,46.9,East India Coastal Current (EICC),0.0,NASA OSCAR L4 / INCOIS High-Res Hydrodynamic Ocean Model
476,2026-08-24,9.0,92.0,0.203,0.098,0.225,0.44,64.2,East India Coastal Current (EICC),0.0,NASA OSCAR L4 / INCOIS High-Res Hydrodynamic Ocean Model
477,2026-08-24,9.0,93.0,0.194,0.022,0.195,0.38,83.5,East India Coastal Current (EICC),0.0,NASA OSCAR L4 / INCOIS High-Res Hydrodynamic Ocean Model
478,2026-08-24,9.0,94.0,0.131,-0.057,0.143,0.28,113.5,East India Coastal Current (EICC),0.0,NASA OSCAR L4 / INCOIS High-Res Hydrodynamic Ocean Model
479,2026-08-24,10.0,68.0,-0.05,-0.388,0.391,0.76,187.3,West India Coastal Current (WICC),0.0,NASA OSCAR L4 / INCOIS High-Res Hydrodynamic Ocean Model
480,2026-08-24,10.0,69.0,-0.256,-0.216,0.335,0.65,229.8,West India Coastal Current (WICC),0.0,NASA OSCAR L4 / INCOIS High-Res Hydrodynamic Ocean Model
481,2026-08-24,10.0,70.0,-0.124,-0.182,0.22,0.43,214.3,West India Coastal Current (WICC),0.0,NASA OSCAR L4 / INCOIS High-Res Hydrodynamic Ocean Model
482,2026-08-24,10.0,71.0,-0.116,-0.241,0.267,0.52,205.7,West India Coastal Current (WICC),0.0,NASA OSCAR L4 / INCOIS High-Res Hydrodynamic Ocean Model
483,2026-08-24,10.0,72.0,-0.049,-0.107,0.118,0.23,204.6,West India Coastal Current (WICC),0.0,NASA OSCAR L4 / INCOIS High-Res Hydrodynamic Ocean Model
484,2026-08-24,10.0,73.0,-0.255,-0.343,0.427,0.83,216.6,West India Coastal Current (WICC),0.0,NASA OSCAR L4 / INCOIS High-Res Hydrodynamic Ocean Model
485,2026-08-24,10.0,85.0,0.235,0.225,0.325,0.63,46.2,East India Coastal Current (EICC),0.0,NASA OSCAR L4 / INCOIS High-Res Hydrodynamic Ocean Model
486,2026-08-24,10.0,86.0,0.186,0.324,0.374,0.73,29.9,East India Coastal Current (EICC),0.0,NASA OSCAR L4 / INCOIS High-Res Hydrodynamic Ocean Model
487,2026-08-24,10.0,87.0,0.243,0.166,0.294,0.57,55.7,East India Coastal Current (EICC),0.0,NASA OSCAR L4 / INCOIS High-Res Hydrodynamic Ocean Model
488,2026-08-24,10.0,88.0,0.128,0.252,0.283,0.55,26.9,East India Coastal Current (EICC),0.0,NASA OSCAR L4 / INCOIS High-Res Hydrodynamic Ocean Model
489,2026-08-24,10.0,89.0,0.189,0.166,0.252,0.49,48.7,East India Coastal Current (EICC),0.0,NASA OSCAR L4 / INCOIS High-Res Hydrodynamic Ocean Model
490,2026-08-24,10.0,90.0,0.137,0.015,0.138,0.27,83.8,East India Coastal Current (EICC),0.0,NASA OSCAR L4 / INCOIS High-Res Hydrodynamic Ocean Model
491,2026-08-24,10.0,91.0,0.361,0.305,0.473,0.92,49.8,East India Coastal Current (EICC),0.0,NASA OSCAR L4 / INCOIS High-Res Hydrodynamic Ocean Model
492,2026-08-24,10.0,92.0,0.244,0.143,0.283,0.55,59.6,East India Coastal Current (EICC),0.0,NASA OSCAR L4 / INCOIS High-Res Hydrodynamic Ocean Model
493,2026-08-24,10.0,93.0,0.146,0.036,0.15,0.29,76.1,East India Coastal Current (EICC),0.0,NASA OSCAR L4 / INCOIS High-Res Hydrodynamic Ocean Model
494,2026-08-24,10.0,94.0,0.081,0.175,0.193,0.38,24.8,East India Coastal Current (EICC),0.0,NASA OSCAR L4 / INCOIS High-Res Hydrodynamic Ocean Model
495,2026-08-24,11.0,68.0,-0.114,-0.324,0.343,0.67,199.4,West India Coastal Current (WICC),0.0,NASA OSCAR L4 / INCOIS High-Res Hydrodynamic Ocean Model
496,2026-08-24,11.0,69.0,-0.262,-0.358,0.444,0.86,216.2,West India Coastal Current (WICC),0.0,NASA OSCAR L4 / INCOIS High-Res Hydrodynamic Ocean Model
497,2026-08-24,11.0,70.0,-0.078,-0.244,0.256,0.5,197.7,West India Coastal Current (WICC),0.0,NASA OSCAR L4 / INCOIS High-Res Hydrodynamic Ocean Model
498,2026-08-24,11.0,71.0,-0.175,-0.201,0.267,0.52,221.0,West India Coastal Current (WICC),0.0,NASA OSCAR L4 / INCOIS High-Res Hydrodynamic Ocean Model
499,2026-08-24,11.0,72.0,-0.109,-0.128,0.168,0.33,220.4,West India Coastal Current (WICC),0.0,NASA OSCAR L4 / INCOIS High-Res Hydrodynamic Ocean Model
500,2026-08-24,11.0,73.0,-0.102,-0.084,0.132,0.26,230.5,West India Coastal Current (WICC),0.0,NASA OSCAR L4 / INCOIS High-Res Hydrodynamic Ocean Model
501,2026-08-24,11.0,85.0,0.23,0.157,0.278,0.54,55.7,East India Coastal Current (EICC),0.0,NASA OSCAR L4 / INCOIS High-Res Hydrodynamic Ocean Model
502,2026-08-24,11.0,86.0,0.136,0.155,0.206,0.4,41.3,East India Coastal Current (EICC),0.0,NASA OSCAR L4 / INCOIS High-Res Hydrodynamic Ocean Model
503,2026-08-24,11.0,87.0,0.242,0.107,0.265,0.52,66.1,East India Coastal Current (EICC),0.0,NASA OSCAR L4 / INCOIS High-Res Hydrodynamic Ocean Model
504,2026-08-24,11.0,88.0,0.183,0.241,0.303,0.59,37.2,East India Coastal Current (EICC),0.0,NASA OSCAR L4 / INCOIS High-Res Hydrodynamic Ocean Model
505,2026-08-24,11.0,89.0,0.276,0.224,0.355,0.69,50.9,East India Coastal Current (EICC),0.0,NASA OSCAR L4 / INCOIS High-Res Hydrodynamic Ocean Model
506,2026-08-24,11.0,90.0,0.253,0.023,0.254,0.49,84.8,East India Coastal Current (EICC),0.0,NASA OSCAR L4 / INCOIS High-Res Hydrodynamic Ocean Model
507,2026-08-24,11.0,91.0,0.225,0.156,0.274,0.53,55.3,East India Coastal Current (EICC),0.0,NASA OSCAR L4 / INCOIS High-Res Hydrodynamic Ocean Model
508,2026-08-24,11.0,92.0,0.164,0.112,0.199,0.39,55.7,East India Coastal Current (EICC),0.0,NASA OSCAR L4 / INCOIS High-Res Hydrodynamic Ocean Model
509,2026-08-24,11.0,93.0,0.053,0.219,0.225,0.44,13.6,East India Coastal Current (EICC),0.0,NASA OSCAR L4 / INCOIS High-Res Hydrodynamic Ocean Model
510,2026-08-24,11.0,94.0,0.138,0.023,0.14,0.27,80.5,East India Coastal Current (EICC),0.0,NASA OSCAR L4 / INCOIS High-Res Hydrodynamic Ocean Model
511,2026-08-24,12.0,68.0,-0.225,-0.196,0.298,0.58,228.9,West India Coastal Current (WICC),0.0,NASA OSCAR L4 / INCOIS High-Res Hydrodynamic Ocean Model
512,2026-08-24,12.0,69.0,-0.206,-0.225,0.305,0.59,222.5,West India Coastal Current (WICC),0.0,NASA OSCAR L4 / INCOIS High-Res Hydrodynamic Ocean Model
513,2026-08-24,12.0,70.0,-0.053,-0.302,0.307,0.6,190.0,West India Coastal Current (WICC),0.0,NASA OSCAR L4 / INCOIS High-Res Hydrodynamic Ocean Model
514,2026-08-24,12.0,71.0,-0.062,-0.304,0.31,0.6,191.5,West India Coastal Current (WICC),0.0,NASA OSCAR L4 / INCOIS High-Res Hydrodynamic Ocean Model
515,2026-08-24,12.0,72.0,-0.303,-0.238,0.385,0.75,231.9,West India Coastal Current (WICC),0.0,NASA OSCAR L4 / INCOIS High-Res Hydrodynamic Ocean Model
516,2026-08-24,12.0,73.0,-0.194,-0.077,0.209,0.41,248.4,West India Coastal Current (WICC),0.0,NASA OSCAR L4 / INCOIS High-Res Hydrodynamic Ocean Model
517,2026-08-24,12.0,85.0,0.317,0.109,0.335,0.65,71.0,East India Coastal Current (EICC),0.0,NASA OSCAR L4 / INCOIS High-Res Hydrodynamic Ocean Model
518,2026-08-24,12.0,86.0,0.214,0.124,0.247,0.48,59.9,East India Coastal Current (EICC),0.0,NASA OSCAR L4 / INCOIS High-Res Hydrodynamic Ocean Model
519,2026-08-24,12.0,87.0,0.211,0.099,0.233,0.45,64.9,East India Coastal Current (EICC),0.0,NASA OSCAR L4 / INCOIS High-Res Hydrodynamic Ocean Model
520,2026-08-24,12.0,88.0,0.042,0.072,0.083,0.16,30.3,East India Coastal Current (EICC),0.0,NASA OSCAR L4 / INCOIS High-Res Hydrodynamic Ocean Model
521,2026-08-24,12.0,89.0,0.033,0.098,0.103,0.2,18.6,East India Coastal Current (EICC),0.0,NASA OSCAR L4 / INCOIS High-Res Hydrodynamic Ocean Model
522,2026-08-24,12.0,90.0,0.169,0.1,0.196,0.38,59.4,East India Coastal Current (EICC),0.0,NASA OSCAR L4 / INCOIS High-Res Hydrodynamic Ocean Model
523,2026-08-24,12.0,91.0,0.221,0.162,0.274,0.53,53.8,East India Coastal Current (EICC),0.0,NASA OSCAR L4 / INCOIS High-Res Hydrodynamic Ocean Model
524,2026-08-24,12.0,92.0,0.188,0.295,0.35,0.68,32.5,East India Coastal Current (EICC),0.0,NASA OSCAR L4 / INCOIS High-Res Hydrodynamic Ocean Model
525,2026-08-24,12.0,93.0,0.172,0.236,0.292,0.57,36.1,East India Coastal Current (EICC),0.0,NASA OSCAR L4 / INCOIS High-Res Hydrodynamic Ocean Model
526,2026-08-24,12.0,94.0,0.302,0.201,0.363,0.71,56.4,East India Coastal Current (EICC),0.0,NASA OSCAR L4 / INCOIS High-Res Hydrodynamic Ocean Model
527,2026-08-24,13.0,68.0,-0.127,-0.278,0.306,0.59,204.6,West India Coastal Current (WICC),0.0,NASA OSCAR L4 / INCOIS High-Res Hydrodynamic Ocean Model
528,2026-08-24,13.0,69.0,-0.213,-0.192,0.287,0.56,228.0,West India Coastal Current (WICC),0.0,NASA OSCAR L4 / INCOIS High-Res Hydrodynamic Ocean Model
529,2026-08-24,13.0,70.0,-0.017,-0.226,0.227,0.44,184.3,West India Coastal Current (WICC),0.0,NASA OSCAR L4 / INCOIS High-Res Hydrodynamic Ocean Model
530,2026-08-24,13.0,71.0,-0.064,-0.326,0.332,0.65,191.1,West India Coastal Current (WICC),0.0,NASA OSCAR L4 / INCOIS High-Res Hydrodynamic Ocean Model
531,2026-08-24,13.0,72.0,-0.099,-0.349,0.363,0.71,195.8,West India Coastal Current (WICC),0.0,NASA OSCAR L4 / INCOIS High-Res Hydrodynamic Ocean Model
532,2026-08-24,13.0,73.0,-0.16,-0.328,0.365,0.71,206.0,West India Coastal Current (WICC),0.0,NASA OSCAR L4 / INCOIS High-Res Hydrodynamic Ocean Model
533,2026-08-24,13.0,85.0,0.203,0.253,0.324,0.63,38.7,East India Coastal Current (EICC),0.0,NASA OSCAR L4 / INCOIS High-Res Hydrodynamic Ocean Model
534,2026-08-24,13.0,86.0,0.353,0.153,0.385,0.75,66.6,East India Coastal Current (EICC),0.0,NASA OSCAR L4 / INCOIS High-Res Hydrodynamic Ocean Model
535,2026-08-24,13.0,87.0,0.342,0.236,0.416,0.81,55.4,East India Coastal Current (EICC),0.0,NASA OSCAR L4 / INCOIS High-Res Hydrodynamic Ocean Model
536,2026-08-24,13.0,88.0,0.408,0.026,0.409,0.8,86.4,East India Coastal Current (EICC),0.0,NASA OSCAR L4 / INCOIS High-Res Hydrodynamic Ocean Model
537,2026-08-24,13.0,89.0,0.177,0.172,0.247,0.48,45.8,East India Coastal Current (EICC),0.0,NASA OSCAR L4 / INCOIS High-Res Hydrodynamic Ocean Model
538,2026-08-24,13.0,90.0,0.215,0.335,0.398,0.77,32.7,East India Coastal Current (EICC),0.0,NASA OSCAR L4 / INCOIS High-Res Hydrodynamic Ocean Model
539,2026-08-24,13.0,91.0,0.12,0.011,0.121,0.24,84.8,East India Coastal Current (EICC),0.0,NASA OSCAR L4 / INCOIS High-Res Hydrodynamic Ocean Model
540,2026-08-24,13.0,92.0,0.097,0.164,0.191,0.37,30.6,East India Coastal Current (EICC),0.0,NASA OSCAR L4 / INCOIS High-Res Hydrodynamic Ocean Model
541,2026-08-24,13.0,93.0,0.053,0.238,0.244,0.47,12.6,East India Coastal Current (EICC),0.0,NASA OSCAR L4 / INCOIS High-Res Hydrodynamic Ocean Model
542,2026-08-24,13.0,94.0,0.202,0.143,0.247,0.48,54.7,East India Coastal Current (EICC),0.0,NASA OSCAR L4 / INCOIS High-Res Hydrodynamic Ocean Model
543,2026-08-24,14.0,68.0,-0.23,-0.457,0.512,1.0,206.7,West India Coastal Current (WICC),0.0,NASA OSCAR L4 / INCOIS High-Res Hydrodynamic Ocean Model
544,2026-08-24,14.0,69.0,-0.154,-0.273,0.313,0.61,209.4,West India Coastal Current (WICC),0.0,NASA OSCAR L4 / INCOIS High-Res Hydrodynamic Ocean Model
545,2026-08-24,14.0,70.0,-0.025,-0.255,0.256,0.5,185.6,West India Coastal Current (WICC),0.0,NASA OSCAR L4 / INCOIS High-Res Hydrodynamic Ocean Model
546,2026-08-24,14.0,71.0,-0.086,-0.226,0.242,0.47,200.8,West India Coastal Current (WICC),0.0,NASA OSCAR L4 / INCOIS High-Res Hydrodynamic Ocean Model
547,2026-08-24,14.0,72.0,-0.116,-0.227,0.255,0.5,207.1,West India Coastal Current (WICC),0.0,NASA OSCAR L4 / INCOIS High-Res Hydrodynamic Ocean Model
548,2026-08-24,14.0,73.0,-0.132,-0.209,0.247,0.48,212.3,West India Coastal Current (WICC),0.0,NASA OSCAR L4 / INCOIS High-Res Hydrodynamic Ocean Model
549,2026-08-24,14.0,85.0,0.186,0.277,0.334,0.65,33.9,East India Coastal Current (EICC),0.0,NASA OSCAR L4 / INCOIS High-Res Hydrodynamic Ocean Model
550,2026-08-24,14.0,86.0,0.223,0.232,0.322,0.63,43.9,East India Coastal Current (EICC),0.0,NASA OSCAR L4 / INCOIS High-Res Hydrodynamic Ocean Model
551,2026-08-24,14.0,87.0,0.23,0.264,0.35,0.68,41.1,East India Coastal Current (EICC),0.0,NASA OSCAR L4 / INCOIS High-Res Hydrodynamic Ocean Model
552,2026-08-24,14.0,88.0,0.147,0.282,0.318,0.62,27.5,East India Coastal Current (EICC),0.0,NASA OSCAR L4 / INCOIS High-Res Hydrodynamic Ocean Model
553,2026-08-24,14.0,89.0,0.159,0.178,0.239,0.46,41.8,East India Coastal Current (EICC),0.0,NASA OSCAR L4 / INCOIS High-Res Hydrodynamic Ocean Model
554,2026-08-24,14.0,90.0,0.191,0.202,0.278,0.54,43.4,East India Coastal Current (EICC),0.0,NASA OSCAR L4 / INCOIS High-Res Hydrodynamic Ocean Model
555,2026-08-24,14.0,91.0,0.099,0.134,0.167,0.32,36.5,East India Coastal Current (EICC),0.0,NASA OSCAR L4 / INCOIS High-Res Hydrodynamic Ocean Model
556,2026-08-24,14.0,92.0,0.208,0.154,0.259,0.5,53.5,East India Coastal Current (EICC),0.0,NASA OSCAR L4 / INCOIS High-Res Hydrodynamic Ocean Model
557,2026-08-24,14.0,93.0,0.28,0.24,0.369,0.72,49.4,East India Coastal Current (EICC),0.0,NASA OSCAR L4 / INCOIS High-Res Hydrodynamic Ocean Model
558,2026-08-24,14.0,94.0,0.151,0.197,0.248,0.48,37.5,East India Coastal Current (EICC),0.0,NASA OSCAR L4 / INCOIS High-Res Hydrodynamic Ocean Model
559,2026-08-24,15.0,68.0,-0.157,-0.458,0.484,0.94,198.9,West India Coastal Current (WICC),0.0,NASA OSCAR L4 / INCOIS High-Res Hydrodynamic Ocean Model
560,2026-08-24,15.0,69.0,-0.08,-0.344,0.353,0.69,193.1,West India Coastal Current (WICC),0.0,NASA OSCAR L4 / INCOIS High-Res Hydrodynamic Ocean Model
561,2026-08-24,15.0,70.0,-0.116,-0.326,0.346,0.67,199.6,West India Coastal Current (WICC),0.0,NASA OSCAR L4 / INCOIS High-Res Hydrodynamic Ocean Model
562,2026-08-24,15.0,71.0,-0.164,-0.206,0.263,0.51,218.5,West India Coastal Current (WICC),0.0,NASA OSCAR L4 / INCOIS High-Res Hydrodynamic Ocean Model
563,2026-08-24,15.0,72.0,-0.246,-0.07,0.256,0.5,254.1,West India Coastal Current (WICC),0.0,NASA OSCAR L4 / INCOIS High-Res Hydrodynamic Ocean Model
564,2026-08-24,15.0,73.0,-0.116,-0.228,0.256,0.5,207.0,West India Coastal Current (WICC),0.0,NASA OSCAR L4 / INCOIS High-Res Hydrodynamic Ocean Model
565,2026-08-24,15.0,85.0,0.11,0.045,0.119,0.23,67.8,East India Coastal Current (EICC),0.0,NASA OSCAR L4 / INCOIS High-Res Hydrodynamic Ocean Model
566,2026-08-24,15.0,86.0,0.193,0.267,0.329,0.64,35.9,East India Coastal Current (EICC),0.0,NASA OSCAR L4 / INCOIS High-Res Hydrodynamic Ocean Model
567,2026-08-24,15.0,87.0,0.196,0.257,0.323,0.63,37.3,East India Coastal Current (EICC),0.0,NASA OSCAR L4 / INCOIS High-Res Hydrodynamic Ocean Model
568,2026-08-24,15.0,88.0,0.286,0.04,0.289,0.56,82.0,East India Coastal Current (EICC),0.0,NASA OSCAR L4 / INCOIS High-Res Hydrodynamic Ocean Model
569,2026-08-24,15.0,89.0,0.106,0.152,0.185,0.36,34.9,East India Coastal Current (EICC),0.0,NASA OSCAR L4 / INCOIS High-Res Hydrodynamic Ocean Model
570,2026-08-24,15.0,90.0,0.26,-0.022,0.261,0.51,94.8,East India Coastal Current (EICC),0.0,NASA OSCAR L4 / INCOIS High-Res Hydrodynamic Ocean Model
571,2026-08-24,15.0,91.0,0.11,0.283,0.304,0.59,21.2,East India Coastal Current (EICC),0.0,NASA OSCAR L4 / INCOIS High-Res Hydrodynamic Ocean Model
572,2026-08-24,15.0,92.0,0.297,0.263,0.397,0.77,48.5,East India Coastal Current (EICC),0.0,NASA OSCAR L4 / INCOIS High-Res Hydrodynamic Ocean Model
573,2026-08-24,15.0,93.0,0.113,0.209,0.238,0.46,28.4,East India Coastal Current (EICC),0.0,NASA OSCAR L4 / INCOIS High-Res Hydrodynamic Ocean Model
574,2026-08-24,15.0,94.0,0.271,0.353,0.445,0.87,37.5,East India Coastal Current (EICC),0.0,NASA OSCAR L4 / INCOIS High-Res Hydrodynamic Ocean Model
575,2026-08-24,16.0,68.0,-0.157,-0.12,0.198,0.38,232.6,West India Coastal Current (WICC),0.0,NASA OSCAR L4 / INCOIS High-Res Hydrodynamic Ocean Model
576,2026-08-24,16.0,69.0,-0.159,-0.283,0.325,0.63,209.3,West India Coastal Current (WICC),0.0,NASA OSCAR L4 / INCOIS High-Res Hydrodynamic Ocean Model
577,2026-08-24,16.0,70.0,-0.106,-0.279,0.298,0.58,200.8,West India Coastal Current (WICC),0.0,NASA OSCAR L4 / INCOIS High-Res Hydrodynamic Ocean Model
578,2026-08-24,16.0,71.0,-0.261,-0.138,0.295,0.57,242.1,West India Coastal Current (WICC),0.0,NASA OSCAR L4 / INCOIS High-Res Hydrodynamic Ocean Model
579,2026-08-24,16.0,72.0,-0.169,-0.237,0.291,0.57,215.5,West India Coastal Current (WICC),0.0,NASA OSCAR L4 / INCOIS High-Res Hydrodynamic Ocean Model
580,2026-08-24,16.0,73.0,-0.112,-0.245,0.269,0.52,204.6,West India Coastal Current (WICC),0.0,NASA OSCAR L4 / INCOIS High-Res Hydrodynamic Ocean Model
581,2026-08-24,16.0,85.0,0.176,0.097,0.201,0.39,61.1,East India Coastal Current (EICC),0.0,NASA OSCAR L4 / INCOIS High-Res Hydrodynamic Ocean Model
582,2026-08-24,16.0,86.0,0.21,0.185,0.28,0.54,48.6,East India Coastal Current (EICC),0.0,NASA OSCAR L4 / INCOIS High-Res Hydrodynamic Ocean Model
583,2026-08-24,16.0,87.0,0.198,0.171,0.262,0.51,49.2,East India Coastal Current (EICC),0.0,NASA OSCAR L4 / INCOIS High-Res Hydrodynamic Ocean Model
584,2026-08-24,16.0,88.0,0.168,0.196,0.258,0.5,40.6,East India Coastal Current (EICC),0.0,NASA OSCAR L4 / INCOIS High-Res Hydrodynamic Ocean Model
585,2026-08-24,16.0,89.0,0.292,0.173,0.339,0.66,59.4,East India Coastal Current (EICC),0.0,NASA OSCAR L4 / INCOIS High-Res Hydrodynamic Ocean Model
586,2026-08-24,16.0,90.0,0.191,0.241,0.308,0.6,38.4,East India Coastal Current (EICC),0.0,NASA OSCAR L4 / INCOIS High-Res Hydrodynamic Ocean Model
587,2026-08-24,16.0,91.0,0.191,0.217,0.289,0.56,41.4,East India Coastal Current (EICC),0.0,NASA OSCAR L4 / INCOIS High-Res Hydrodynamic Ocean Model
588,2026-08-24,16.0,92.0,0.103,-0.028,0.107,0.21,105.2,East India Coastal Current (EICC),0.0,NASA OSCAR L4 / INCOIS High-Res Hydrodynamic Ocean Model
589,2026-08-24,16.0,93.0,0.285,0.224,0.362,0.7,51.8,East India Coastal Current (EICC),0.0,NASA OSCAR L4 / INCOIS High-Res Hydrodynamic Ocean Model
590,2026-08-24,16.0,94.0,0.256,0.27,0.372,0.72,43.5,East India Coastal Current (EICC),0.0,NASA OSCAR L4 / INCOIS High-Res Hydrodynamic Ocean Model
591,2026-08-24,17.0,68.0,-0.024,-0.259,0.26,0.51,185.3,West India Coastal Current (WICC),0.0,NASA OSCAR L4 / INCOIS High-Res Hydrodynamic Ocean Model
592,2026-08-24,17.0,69.0,-0.165,-0.256,0.305,0.59,212.8,West India Coastal Current (WICC),0.0,NASA OSCAR L4 / INCOIS High-Res Hydrodynamic Ocean Model
593,2026-08-24,17.0,70.0,-0.036,-0.178,0.182,0.35,191.4,West India Coastal Current (WICC),0.0,NASA OSCAR L4 / INCOIS High-Res Hydrodynamic Ocean Model
594,2026-08-24,17.0,71.0,-0.104,-0.247,0.268,0.52,202.8,West India Coastal Current (WICC),0.0,NASA OSCAR L4 / INCOIS High-Res Hydrodynamic Ocean Model
595,2026-08-24,17.0,72.0,-0.129,-0.106,0.167,0.32,230.6,West India Coastal Current (WICC),0.0,NASA OSCAR L4 / INCOIS High-Res Hydrodynamic Ocean Model
596,2026-08-24,17.0,73.0,-0.249,-0.281,0.375,0.73,221.5,West India Coastal Current (WICC),0.0,NASA OSCAR L4 / INCOIS High-Res Hydrodynamic Ocean Model
597,2026-08-24,17.0,85.0,0.137,0.163,0.213,0.41,40.0,East India Coastal Current (EICC),0.0,NASA OSCAR L4 / INCOIS High-Res Hydrodynamic Ocean Model
598,2026-08-24,17.0,86.0,0.162,0.155,0.224,0.44,46.3,East India Coastal Current (EICC),0.0,NASA OSCAR L4 / INCOIS High-Res Hydrodynamic Ocean Model
599,2026-08-24,17.0,87.0,0.252,0.174,0.306,0.59,55.4,East India Coastal Current (EICC),0.0,NASA OSCAR L4 / INCOIS High-Res Hydrodynamic Ocean Model
600,2026-08-24,17.0,88.0,0.161,0.24,0.289,0.56,33.9,East India Coastal Current (EICC),0.0,NASA OSCAR L4 / INCOIS High-Res Hydrodynamic Ocean Model
601,2026-08-24,17.0,89.0,0.098,0.221,0.242,0.47,23.9,East India Coastal Current (EICC),0.0,NASA OSCAR L4 / INCOIS High-Res Hydrodynamic Ocean Model
602,2026-08-24,17.0,90.0,0.209,0.234,0.314,0.61,41.8,East India Coastal Current (EICC),0.0,NASA OSCAR L4 / INCOIS High-Res Hydrodynamic Ocean Model
603,2026-08-24,17.0,91.0,0.165,0.127,0.208,0.4,52.4,East India Coastal Current (EICC),0.0,NASA OSCAR L4 / INCOIS High-Res Hydrodynamic Ocean Model
604,2026-08-24,17.0,92.0,0.241,0.174,0.297,0.58,54.2,East India Coastal Current (EICC),0.0,NASA OSCAR L4 / INCOIS High-Res Hydrodynamic Ocean Model
605,2026-08-24,17.0,93.0,0.259,0.028,0.261,0.51,83.8,East India Coastal Current (EICC),0.0,NASA OSCAR L4 / INCOIS High-Res Hydrodynamic Ocean Model
606,2026-08-24,17.0,94.0,0.158,0.167,0.23,0.45,43.4,East India Coastal Current (EICC),0.0,NASA OSCAR L4 / INCOIS High-Res Hydrodynamic Ocean Model
607,2026-08-24,18.0,68.0,-0.163,-0.099,0.191,0.37,238.7,West India Coastal Current (WICC),0.0,NASA OSCAR L4 / INCOIS High-Res Hydrodynamic Ocean Model
608,2026-08-24,18.0,69.0,-0.178,-0.272,0.325,0.63,213.2,West India Coastal Current (WICC),0.0,NASA OSCAR L4 / INCOIS High-Res Hydrodynamic Ocean Model
609,2026-08-24,18.0,70.0,-0.061,-0.357,0.362,0.7,189.7,West India Coastal Current (WICC),0.0,NASA OSCAR L4 / INCOIS High-Res Hydrodynamic Ocean Model
610,2026-08-24,18.0,71.0,-0.056,-0.203,0.211,0.41,195.4,West India Coastal Current (WICC),0.0,NASA OSCAR L4 / INCOIS High-Res Hydrodynamic Ocean Model
611,2026-08-24,18.0,72.0,-0.129,-0.074,0.149,0.29,240.2,West India Coastal Current (WICC),0.0,NASA OSCAR L4 / INCOIS High-Res Hydrodynamic Ocean Model
612,2026-08-24,18.0,73.0,-0.122,-0.287,0.312,0.61,203.0,West India Coastal Current (WICC),0.0,NASA OSCAR L4 / INCOIS High-Res Hydrodynamic Ocean Model
613,2026-08-24,18.0,85.0,0.144,0.146,0.205,0.4,44.6,East India Coastal Current (EICC),0.0,NASA OSCAR L4 / INCOIS High-Res Hydrodynamic Ocean Model
614,2026-08-24,18.0,86.0,0.228,0.247,0.336,0.65,42.7,East India Coastal Current (EICC),0.0,NASA OSCAR L4 / INCOIS High-Res Hydrodynamic Ocean Model
615,2026-08-24,18.0,87.0,0.238,0.223,0.326,0.63,46.9,East India Coastal Current (EICC),0.0,NASA OSCAR L4 / INCOIS High-Res Hydrodynamic Ocean Model
616,2026-08-24,18.0,88.0,0.212,0.28,0.351,0.68,37.1,East India Coastal Current (EICC),0.0,NASA OSCAR L4 / INCOIS High-Res Hydrodynamic Ocean Model
617,2026-08-24,18.0,89.0,0.232,0.262,0.35,0.68,41.5,East India Coastal Current (EICC),0.0,NASA OSCAR L4 / INCOIS High-Res Hydrodynamic Ocean Model
618,2026-08-24,18.0,90.0,0.136,0.028,0.139,0.27,78.4,East India Coastal Current (EICC),0.0,NASA OSCAR L4 / INCOIS High-Res Hydrodynamic Ocean Model
619,2026-08-24,18.0,91.0,0.214,-0.046,0.219,0.43,102.1,East India Coastal Current (EICC),0.0,NASA OSCAR L4 / INCOIS High-Res Hydrodynamic Ocean Model
620,2026-08-24,18.0,92.0,0.213,0.085,0.229,0.45,68.2,East India Coastal Current (EICC),0.0,NASA OSCAR L4 / INCOIS High-Res Hydrodynamic Ocean Model
621,2026-08-24,18.0,93.0,0.311,0.3,0.432,0.84,46.0,East India Coastal Current (EICC),0.0,NASA OSCAR L4 / INCOIS High-Res Hydrodynamic Ocean Model
622,2026-08-24,18.0,94.0,0.18,0.157,0.239,0.46,48.9,East India Coastal Current (EICC),0.0,NASA OSCAR L4 / INCOIS High-Res Hydrodynamic Ocean Model
623,2026-08-24,19.0,68.0,-0.198,-0.098,0.221,0.43,243.7,West India Coastal Current (WICC),0.0,NASA OSCAR L4 / INCOIS High-Res Hydrodynamic Ocean Model
624,2026-08-24,19.0,69.0,-0.298,-0.157,0.337,0.66,242.2,West India Coastal Current (WICC),0.0,NASA OSCAR L4 / INCOIS High-Res Hydrodynamic Ocean Model
625,2026-08-24,19.0,70.0,-0.138,-0.366,0.391,0.76,200.7,West India Coastal Current (WICC),0.0,NASA OSCAR L4 / INCOIS High-Res Hydrodynamic Ocean Model
626,2026-08-24,19.0,71.0,-0.14,-0.238,0.276,0.54,210.5,West India Coastal Current (WICC),0.0,NASA OSCAR L4 / INCOIS High-Res Hydrodynamic Ocean Model
627,2026-08-24,19.0,72.0,-0.084,-0.066,0.107,0.21,231.8,West India Coastal Current (WICC),0.0,NASA OSCAR L4 / INCOIS High-Res Hydrodynamic Ocean Model
628,2026-08-24,19.0,73.0,-0.201,-0.367,0.418,0.81,208.7,West India Coastal Current (WICC),0.0,NASA OSCAR L4 / INCOIS High-Res Hydrodynamic Ocean Model
629,2026-08-24,19.0,85.0,0.133,0.114,0.175,0.34,49.4,East India Coastal Current (EICC),0.0,NASA OSCAR L4 / INCOIS High-Res Hydrodynamic Ocean Model
630,2026-08-24,19.0,86.0,0.197,0.253,0.321,0.62,37.9,East India Coastal Current (EICC),0.0,NASA OSCAR L4 / INCOIS High-Res Hydrodynamic Ocean Model
631,2026-08-24,19.0,87.0,0.24,0.194,0.309,0.6,51.1,East India Coastal Current (EICC),0.0,NASA OSCAR L4 / INCOIS High-Res Hydrodynamic Ocean Model
632,2026-08-24,19.0,88.0,0.165,0.073,0.18,0.35,66.1,East India Coastal Current (EICC),0.0,NASA OSCAR L4 / INCOIS High-Res Hydrodynamic Ocean Model
633,2026-08-24,19.0,89.0,0.183,0.055,0.191,0.37,73.3,East India Coastal Current (EICC),0.0,NASA OSCAR L4 / INCOIS High-Res Hydrodynamic Ocean Model
634,2026-08-24,19.0,90.0,0.207,0.228,0.308,0.6,42.2,East India Coastal Current (EICC),0.0,NASA OSCAR L4 / INCOIS High-Res Hydrodynamic Ocean Model
635,2026-08-24,19.0,91.0,0.148,0.095,0.176,0.34,57.3,East India Coastal Current (EICC),0.0,NASA OSCAR L4 / INCOIS High-Res Hydrodynamic Ocean Model
636,2026-08-24,19.0,92.0,0.201,0.011,0.201,0.39,86.9,East India Coastal Current (EICC),0.0,NASA OSCAR L4 / INCOIS High-Res Hydrodynamic Ocean Model
637,2026-08-24,19.0,93.0,0.08,0.034,0.087,0.17,67.0,East India Coastal Current (EICC),0.0,NASA OSCAR L4 / INCOIS High-Res Hydrodynamic Ocean Model
638,2026-08-24,19.0,94.0,0.166,0.286,0.331,0.64,30.1,East India Coastal Current (EICC),0.0,NASA OSCAR L4 / INCOIS High-Res Hydrodynamic Ocean Model
639,2026-08-24,20.0,68.0,-0.133,-0.111,0.173,0.34,230.2,West India Coastal Current (WICC),0.0,NASA OSCAR L4 / INCOIS High-Res Hydrodynamic Ocean Model
640,2026-08-24,20.0,69.0,-0.094,-0.123,0.155,0.3,217.4,West India Coastal Current (WICC),0.0,NASA OSCAR L4 / INCOIS High-Res Hydrodynamic Ocean Model
641,2026-08-24,20.0,70.0,-0.08,-0.195,0.211,0.41,202.3,West India Coastal Current (WICC),0.0,NASA OSCAR L4 / INCOIS High-Res Hydrodynamic Ocean Model
642,2026-08-24,20.0,71.0,-0.069,-0.197,0.209,0.41,199.3,West India Coastal Current (WICC),0.0,NASA OSCAR L4 / INCOIS High-Res Hydrodynamic Ocean Model
643,2026-08-24,20.0,72.0,-0.153,-0.137,0.205,0.4,228.2,West India Coastal Current (WICC),0.0,NASA OSCAR L4 / INCOIS High-Res Hydrodynamic Ocean Model
644,2026-08-24,20.0,73.0,-0.079,-0.331,0.34,0.66,193.4,West India Coastal Current (WICC),0.0,NASA OSCAR L4 / INCOIS High-Res Hydrodynamic Ocean Model
645,2026-08-24,20.0,85.0,0.233,0.061,0.241,0.47,75.3,East India Coastal Current (EICC),0.0,NASA OSCAR L4 / INCOIS High-Res Hydrodynamic Ocean Model
646,2026-08-24,20.0,86.0,0.257,0.096,0.274,0.53,69.5,East India Coastal Current (EICC),0.0,NASA OSCAR L4 / INCOIS High-Res Hydrodynamic Ocean Model
647,2026-08-24,20.0,87.0,0.18,0.11,0.211,0.41,58.6,East India Coastal Current (EICC),0.0,NASA OSCAR L4 / INCOIS High-Res Hydrodynamic Ocean Model
648,2026-08-24,20.0,88.0,0.061,0.2,0.209,0.41,17.0,East India Coastal Current (EICC),0.0,NASA OSCAR L4 / INCOIS High-Res Hydrodynamic Ocean Model
649,2026-08-24,20.0,89.0,0.323,-0.009,0.323,0.63,91.6,East India Coastal Current (EICC),0.0,NASA OSCAR L4 / INCOIS High-Res Hydrodynamic Ocean Model
650,2026-08-24,20.0,90.0,0.254,0.039,0.257,0.5,81.3,East India Coastal Current (EICC),0.0,NASA OSCAR L4 / INCOIS High-Res Hydrodynamic Ocean Model
651,2026-08-24,20.0,91.0,0.123,0.227,0.258,0.5,28.5,East India Coastal Current (EICC),0.0,NASA OSCAR L4 / INCOIS High-Res Hydrodynamic Ocean Model
652,2026-08-24,20.0,92.0,0.309,0.073,0.318,0.62,76.7,East India Coastal Current (EICC),0.0,NASA OSCAR L4 / INCOIS High-Res Hydrodynamic Ocean Model
653,2026-08-24,20.0,93.0,0.157,0.052,0.165,0.32,71.7,East India Coastal Current (EICC),0.0,NASA OSCAR L4 / INCOIS High-Res Hydrodynamic Ocean Model
654,2026-08-24,20.0,94.0,0.266,0.157,0.309,0.6,59.4,East India Coastal Current (EICC),0.0,NASA OSCAR L4 / INCOIS High-Res Hydrodynamic Ocean Model
655,2026-08-24,21.0,68.0,-0.102,-0.477,0.488,0.95,192.1,West India Coastal Current (WICC),0.0,NASA OSCAR L4 / INCOIS High-Res Hydrodynamic Ocean Model
656,2026-08-24,21.0,69.0,-0.111,-0.267,0.289,0.56,202.6,West India Coastal Current (WICC),0.0,NASA OSCAR L4 / INCOIS High-Res Hydrodynamic Ocean Model
657,2026-08-24,21.0,70.0,-0.034,-0.491,0.492,0.96,184.0,West India Coastal Current (WICC),0.0,NASA OSCAR L4 / INCOIS High-Res Hydrodynamic Ocean Model
658,2026-08-24,21.0,71.0,-0.269,-0.276,0.385,0.75,224.3,West India Coastal Current (WICC),0.0,NASA OSCAR L4 / INCOIS High-Res Hydrodynamic Ocean Model
659,2026-08-24,21.0,72.0,-0.185,-0.278,0.334,0.65,213.6,West India Coastal Current (WICC),0.0,NASA OSCAR L4 / INCOIS High-Res Hydrodynamic Ocean Model
660,2026-08-24,21.0,73.0,-0.192,-0.316,0.37,0.72,211.3,West India Coastal Current (WICC),0.0,NASA OSCAR L4 / INCOIS High-Res Hydrodynamic Ocean Model
661,2026-08-24,21.0,74.0,-0.136,-0.319,0.347,0.67,203.1,West India Coastal Current (WICC),0.0,NASA OSCAR L4 / INCOIS High-Res Hydrodynamic Ocean Model
662,2026-08-24,21.0,75.0,-0.106,-0.27,0.29,0.56,201.4,West India Coastal Current (WICC),0.0,NASA OSCAR L4 / INCOIS High-Res Hydrodynamic Ocean Model
663,2026-08-24,21.0,76.0,-0.228,-0.297,0.374,0.73,217.5,West India Coastal Current (WICC),0.0,NASA OSCAR L4 / INCOIS High-Res Hydrodynamic Ocean Model
664,2026-08-24,21.0,77.0,0.165,0.239,0.29,0.56,34.6,East India Coastal Current (EICC),0.0,NASA OSCAR L4 / INCOIS High-Res Hydrodynamic Ocean Model
665,2026-08-24,21.0,78.0,0.227,0.319,0.392,0.76,35.4,East India Coastal Current (EICC),0.0,NASA OSCAR L4 / INCOIS High-Res Hydrodynamic Ocean Model
666,2026-08-24,21.0,79.0,0.219,0.031,0.221,0.43,81.9,East India Coastal Current (EICC),0.0,NASA OSCAR L4 / INCOIS High-Res Hydrodynamic Ocean Model
667,2026-08-24,21.0,80.0,0.16,0.041,0.165,0.32,75.6,East India Coastal Current (EICC),0.0,NASA OSCAR L4 / INCOIS High-Res Hydrodynamic Ocean Model
668,2026-08-24,21.0,81.0,0.225,0.044,0.229,0.45,78.9,East India Coastal Current (EICC),0.0,NASA OSCAR L4 / INCOIS High-Res Hydrodynamic Ocean Model
669,2026-08-24,21.0,82.0,0.133,0.063,0.147,0.29,64.7,East India Coastal Current (EICC),0.0,NASA OSCAR L4 / INCOIS High-Res Hydrodynamic Ocean Model
670,2026-08-24,21.0,83.0,0.344,0.088,0.355,0.69,75.7,East India Coastal Current (EICC),0.0,NASA OSCAR L4 / INCOIS High-Res Hydrodynamic Ocean Model
671,2026-08-24,21.0,84.0,0.258,0.159,0.303,0.59,58.4,East India Coastal Current (EICC),0.0,NASA OSCAR L4 / INCOIS High-Res Hydrodynamic Ocean Model
672,2026-08-24,21.0,85.0,0.082,0.088,0.12,0.23,43.0,East India Coastal Current (EICC),0.0,NASA OSCAR L4 / INCOIS High-Res Hydrodynamic Ocean Model
673,2026-08-24,21.0,86.0,0.267,-0.027,0.268,0.52,95.8,East India Coastal Current (EICC),0.0,NASA OSCAR L4 / INCOIS High-Res Hydrodynamic Ocean Model
674,2026-08-24,21.0,87.0,0.144,0.107,0.179,0.35,53.4,East India Coastal Current (EICC),0.0,NASA OSCAR L4 / INCOIS High-Res Hydrodynamic Ocean Model
675,2026-08-24,21.0,88.0,0.165,0.123,0.206,0.4,53.3,East India Coastal Current (EICC),0.0,NASA OSCAR L4 / INCOIS High-Res Hydrodynamic Ocean Model
676,2026-08-24,21.0,89.0,0.224,0.279,0.358,0.7,38.8,East India Coastal Current (EICC),0.0,NASA OSCAR L4 / INCOIS High-Res Hydrodynamic Ocean Model
677,2026-08-24,21.0,90.0,0.22,0.139,0.26,0.51,57.7,East India Coastal Current (EICC),0.0,NASA OSCAR L4 / INCOIS High-Res Hydrodynamic Ocean Model
678,2026-08-24,21.0,91.0,0.231,0.167,0.285,0.55,54.1,East India Coastal Current (EICC),0.0,NASA OSCAR L4 / INCOIS High-Res Hydrodynamic Ocean Model
679,2026-08-24,21.0,92.0,0.145,0.014,0.146,0.28,84.5,East India Coastal Current (EICC),0.0,NASA OSCAR L4 / INCOIS High-Res Hydrodynamic Ocean Model
680,2026-08-24,21.0,93.0,0.273,0.222,0.352,0.68,50.9,East India Coastal Current (EICC),0.0,NASA OSCAR L4 / INCOIS High-Res Hydrodynamic Ocean Model
681,2026-08-24,21.0,94.0,0.07,0.254,0.263,0.51,15.4,East India Coastal Current (EICC),0.0,NASA OSCAR L4 / INCOIS High-Res Hydrodynamic Ocean Model
682,2026-08-24,22.0,68.0,-0.318,-0.446,0.548,1.07,215.5,West India Coastal Current (WICC),0.0,NASA OSCAR L4 / INCOIS High-Res Hydrodynamic Ocean Model
683,2026-08-24,22.0,69.0,-0.158,-0.123,0.2,0.39,232.1,West India Coastal Current (WICC),0.0,NASA OSCAR L4 / INCOIS High-Res Hydrodynamic Ocean Model
684,2026-08-24,22.0,70.0,0.015,-0.273,0.273,0.53,176.9,West India Coastal Current (WICC),0.0,NASA OSCAR L4 / INCOIS High-Res Hydrodynamic Ocean Model
685,2026-08-24,22.0,71.0,-0.168,-0.313,0.355,0.69,208.2,West India Coastal Current (WICC),0.0,NASA OSCAR L4 / INCOIS High-Res Hydrodynamic Ocean Model
686,2026-08-24,22.0,72.0,-0.095,-0.261,0.278,0.54,200.0,West India Coastal Current (WICC),0.0,NASA OSCAR L4 / INCOIS High-Res Hydrodynamic Ocean Model
687,2026-08-24,22.0,73.0,-0.139,-0.126,0.188,0.37,227.8,West India Coastal Current (WICC),0.0,NASA OSCAR L4 / INCOIS High-Res Hydrodynamic Ocean Model
688,2026-08-24,22.0,74.0,-0.127,-0.274,0.302,0.59,204.9,West India Coastal Current (WICC),0.0,NASA OSCAR L4 / INCOIS High-Res Hydrodynamic Ocean Model
689,2026-08-24,22.0,75.0,-0.259,-0.383,0.462,0.9,214.1,West India Coastal Current (WICC),0.0,NASA OSCAR L4 / INCOIS High-Res Hydrodynamic Ocean Model
690,2026-08-24,22.0,76.0,-0.139,-0.355,0.381,0.74,201.4,West India Coastal Current (WICC),0.0,NASA OSCAR L4 / INCOIS High-Res Hydrodynamic Ocean Model
691,2026-08-24,22.0,77.0,0.143,0.061,0.155,0.3,66.9,East India Coastal Current (EICC),0.0,NASA OSCAR L4 / INCOIS High-Res Hydrodynamic Ocean Model
692,2026-08-24,22.0,78.0,0.205,0.102,0.229,0.45,63.5,East India Coastal Current (EICC),0.0,NASA OSCAR L4 / INCOIS High-Res Hydrodynamic Ocean Model
693,2026-08-24,22.0,79.0,0.25,0.151,0.292,0.57,58.9,East India Coastal Current (EICC),0.0,NASA OSCAR L4 / INCOIS High-Res Hydrodynamic Ocean Model
694,2026-08-24,22.0,80.0,0.299,0.089,0.312,0.61,73.4,East India Coastal Current (EICC),0.0,NASA OSCAR L4 / INCOIS High-Res Hydrodynamic Ocean Model
695,2026-08-24,22.0,81.0,0.068,0.181,0.193,0.38,20.6,East India Coastal Current (EICC),0.0,NASA OSCAR L4 / INCOIS High-Res Hydrodynamic Ocean Model
696,2026-08-24,22.0,82.0,0.303,0.014,0.303,0.59,87.4,East India Coastal Current (EICC),0.0,NASA OSCAR L4 / INCOIS High-Res Hydrodynamic Ocean Model
697,2026-08-24,22.0,83.0,0.338,0.077,0.347,0.67,77.2,East India Coastal Current (EICC),0.0,NASA OSCAR L4 / INCOIS High-Res Hydrodynamic Ocean Model
698,2026-08-24,22.0,84.0,0.17,0.043,0.175,0.34,75.8,East India Coastal Current (EICC),0.0,NASA OSCAR L4 / INCOIS High-Res Hydrodynamic Ocean Model
699,2026-08-24,22.0,85.0,0.357,0.148,0.386,0.75,67.5,East India Coastal Current (EICC),0.0,NASA OSCAR L4 / INCOIS High-Res Hydrodynamic Ocean Model
700,2026-08-24,22.0,86.0,0.138,0.147,0.202,0.39,43.2,East India Coastal Current (EICC),0.0,NASA OSCAR L4 / INCOIS High-Res Hydrodynamic Ocean Model
701,2026-08-24,22.0,87.0,0.187,0.215,0.285,0.55,41.0,East India Coastal Current (EICC),0.0,NASA OSCAR L4 / INCOIS High-Res Hydrodynamic Ocean Model
702,2026-08-24,22.0,88.0,0.282,0.175,0.332,0.65,58.2,East India Coastal Current (EICC),0.0,NASA OSCAR L4 / INCOIS High-Res Hydrodynamic Ocean Model
703,2026-08-24,22.0,89.0,0.12,0.134,0.18,0.35,41.8,East India Coastal Current (EICC),0.0,NASA OSCAR L4 / INCOIS High-Res Hydrodynamic Ocean Model
704,2026-08-24,22.0,90.0,0.188,-0.144,0.237,0.46,127.5,East India Coastal Current (EICC),0.0,NASA OSCAR L4 / INCOIS High-Res Hydrodynamic Ocean Model
705,2026-08-24,22.0,91.0,0.199,0.005,0.199,0.39,88.6,East India Coastal Current (EICC),0.0,NASA OSCAR L4 / INCOIS High-Res Hydrodynamic Ocean Model
706,2026-08-24,22.0,92.0,0.222,0.207,0.304,0.59,47.0,East India Coastal Current (EICC),0.0,NASA OSCAR L4 / INCOIS High-Res Hydrodynamic Ocean Model
707,2026-08-24,22.0,93.0,0.344,0.103,0.359,0.7,73.3,East India Coastal Current (EICC),0.0,NASA OSCAR L4 / INCOIS High-Res Hydrodynamic Ocean Model
708,2026-08-24,22.0,94.0,0.098,0.307,0.322,0.63,17.7,East India Coastal Current (EICC),0.0,NASA OSCAR L4 / INCOIS High-Res Hydrodynamic Ocean Model
709,2026-08-24,23.0,68.0,-0.045,-0.19,0.195,0.38,193.3,West India Coastal Current (WICC),0.0,NASA OSCAR L4 / INCOIS High-Res Hydrodynamic Ocean Model
710,2026-08-24,23.0,69.0,-0.153,-0.282,0.321,0.62,208.5,West India Coastal Current (WICC),0.0,NASA OSCAR L4 / INCOIS High-Res Hydrodynamic Ocean Model
711,2026-08-24,23.0,70.0,-0.191,-0.225,0.295,0.57,220.3,West India Coastal Current (WICC),0.0,NASA OSCAR L4 / INCOIS High-Res Hydrodynamic Ocean Model
712,2026-08-24,23.0,71.0,-0.203,-0.32,0.379,0.74,212.4,West India Coastal Current (WICC),0.0,NASA OSCAR L4 / INCOIS High-Res Hydrodynamic Ocean Model
713,2026-08-24,23.0,72.0,-0.136,-0.231,0.268,0.52,210.5,West India Coastal Current (WICC),0.0,NASA OSCAR L4 / INCOIS High-Res Hydrodynamic Ocean Model
714,2026-08-24,23.0,73.0,-0.186,-0.154,0.241,0.47,230.4,West India Coastal Current (WICC),0.0,NASA OSCAR L4 / INCOIS High-Res Hydrodynamic Ocean Model
715,2026-08-24,23.0,74.0,-0.185,-0.362,0.407,0.79,207.1,West India Coastal Current (WICC),0.0,NASA OSCAR L4 / INCOIS High-Res Hydrodynamic Ocean Model
716,2026-08-24,23.0,75.0,-0.277,-0.388,0.477,0.93,215.5,West India Coastal Current (WICC),0.0,NASA OSCAR L4 / INCOIS High-Res Hydrodynamic Ocean Model
717,2026-08-24,23.0,76.0,-0.006,-0.351,0.351,0.68,181.0,West India Coastal Current (WICC),0.0,NASA OSCAR L4 / INCOIS High-Res Hydrodynamic Ocean Model
718,2026-08-24,23.0,77.0,0.119,0.128,0.175,0.34,42.9,East India Coastal Current (EICC),0.0,NASA OSCAR L4 / INCOIS High-Res Hydrodynamic Ocean Model
719,2026-08-24,23.0,78.0,0.194,0.133,0.235,0.46,55.6,East India Coastal Current (EICC),0.0,NASA OSCAR L4 / INCOIS High-Res Hydrodynamic Ocean Model
720,2026-08-24,23.0,79.0,0.271,0.011,0.271,0.53,87.7,East India Coastal Current (EICC),0.0,NASA OSCAR L4 / INCOIS High-Res Hydrodynamic Ocean Model
721,2026-08-24,23.0,80.0,0.141,0.324,0.353,0.69,23.5,East India Coastal Current (EICC),0.0,NASA OSCAR L4 / INCOIS High-Res Hydrodynamic Ocean Model
722,2026-08-24,23.0,81.0,0.236,-0.091,0.253,0.49,111.1,East India Coastal Current (EICC),0.0,NASA OSCAR L4 / INCOIS High-Res Hydrodynamic Ocean Model
723,2026-08-24,23.0,82.0,0.351,0.259,0.436,0.85,53.6,East India Coastal Current (EICC),0.0,NASA OSCAR L4 / INCOIS High-Res Hydrodynamic Ocean Model
724,2026-08-24,23.0,83.0,0.182,0.153,0.238,0.46,49.9,East India Coastal Current (EICC),0.0,NASA OSCAR L4 / INCOIS High-Res Hydrodynamic Ocean Model
725,2026-08-24,23.0,84.0,0.188,-0.002,0.188,0.37,90.6,East India Coastal Current (EICC),0.0,NASA OSCAR L4 / INCOIS High-Res Hydrodynamic Ocean Model
726,2026-08-24,23.0,85.0,0.2,0.212,0.291,0.57,43.3,East India Coastal Current (EICC),0.0,NASA OSCAR L4 / INCOIS High-Res Hydrodynamic Ocean Model
727,2026-08-24,23.0,86.0,0.122,0.224,0.255,0.5,28.6,East India Coastal Current (EICC),0.0,NASA OSCAR L4 / INCOIS High-Res Hydrodynamic Ocean Model
728,2026-08-24,23.0,87.0,0.241,0.341,0.418,0.81,35.3,East India Coastal Current (EICC),0.0,NASA OSCAR L4 / INCOIS High-Res Hydrodynamic Ocean Model
729,2026-08-24,23.0,88.0,0.253,0.319,0.407,0.79,38.4,East India Coastal Current (EICC),0.0,NASA OSCAR L4 / INCOIS High-Res Hydrodynamic Ocean Model
730,2026-08-24,23.0,89.0,0.207,0.152,0.257,0.5,53.7,East India Coastal Current (EICC),0.0,NASA OSCAR L4 / INCOIS High-Res Hydrodynamic Ocean Model
731,2026-08-24,23.0,90.0,0.166,0.216,0.272,0.53,37.5,East India Coastal Current (EICC),0.0,NASA OSCAR L4 / INCOIS High-Res Hydrodynamic Ocean Model
732,2026-08-24,23.0,91.0,0.148,0.251,0.291,0.57,30.5,East India Coastal Current (EICC),0.0,NASA OSCAR L4 / INCOIS High-Res Hydrodynamic Ocean Model
733,2026-08-24,23.0,92.0,0.268,-0.07,0.277,0.54,104.6,East India Coastal Current (EICC),0.0,NASA OSCAR L4 / INCOIS High-Res Hydrodynamic Ocean Model
734,2026-08-24,23.0,93.0,0.13,0.156,0.203,0.39,39.8,East India Coastal Current (EICC),0.0,NASA OSCAR L4 / INCOIS High-Res Hydrodynamic Ocean Model
735,2026-08-24,23.0,94.0,0.311,0.348,0.467,0.91,41.8,East India Coastal Current (EICC),0.0,NASA OSCAR L4 / INCOIS High-Res Hydrodynamic Ocean Model
736,2026-08-24,24.0,68.0,-0.214,-0.229,0.313,0.61,223.1,West India Coastal Current (WICC),0.0,NASA OSCAR L4 / INCOIS High-Res Hydrodynamic Ocean Model
737,2026-08-24,24.0,69.0,-0.221,-0.213,0.307,0.6,226.1,West India Coastal Current (WICC),0.0,NASA OSCAR L4 / INCOIS High-Res Hydrodynamic Ocean Model
738,2026-08-24,24.0,70.0,-0.142,-0.136,0.197,0.38,226.2,West India Coastal Current (WICC),0.0,NASA OSCAR L4 / INCOIS High-Res Hydrodynamic Ocean Model
739,2026-08-24,24.0,71.0,-0.109,-0.294,0.314,0.61,200.3,West India Coastal Current (WICC),0.0,NASA OSCAR L4 / INCOIS High-Res Hydrodynamic Ocean Model
740,2026-08-24,24.0,72.0,-0.114,-0.174,0.208,0.4,213.2,West India Coastal Current (WICC),0.0,NASA OSCAR L4 / INCOIS High-Res Hydrodynamic Ocean Model
741,2026-08-24,24.0,73.0,-0.209,-0.206,0.293,0.57,225.4,West India Coastal Current (WICC),0.0,NASA OSCAR L4 / INCOIS High-Res Hydrodynamic Ocean Model
742,2026-08-24,24.0,74.0,-0.203,-0.312,0.372,0.72,213.0,West India Coastal Current (WICC),0.0,NASA OSCAR L4 / INCOIS High-Res Hydrodynamic Ocean Model
743,2026-08-24,24.0,75.0,-0.212,-0.341,0.402,0.78,211.9,West India Coastal Current (WICC),0.0,NASA OSCAR L4 / INCOIS High-Res Hydrodynamic Ocean Model
744,2026-08-24,24.0,76.0,-0.163,-0.204,0.261,0.51,218.6,West India Coastal Current (WICC),0.0,NASA OSCAR L4 / INCOIS High-Res Hydrodynamic Ocean Model
745,2026-08-24,24.0,77.0,0.178,0.184,0.256,0.5,44.1,East India Coastal Current (EICC),0.0,NASA OSCAR L4 / INCOIS High-Res Hydrodynamic Ocean Model
746,2026-08-24,24.0,78.0,0.327,0.103,0.343,0.67,72.5,East India Coastal Current (EICC),0.0,NASA OSCAR L4 / INCOIS High-Res Hydrodynamic Ocean Model
747,2026-08-24,24.0,79.0,0.165,0.154,0.226,0.44,47.0,East India Coastal Current (EICC),0.0,NASA OSCAR L4 / INCOIS High-Res Hydrodynamic Ocean Model
748,2026-08-24,24.0,80.0,0.316,0.255,0.406,0.79,51.1,East India Coastal Current (EICC),0.0,NASA OSCAR L4 / INCOIS High-Res Hydrodynamic Ocean Model
749,2026-08-24,24.0,81.0,0.138,0.014,0.139,0.27,84.2,East India Coastal Current (EICC),0.0,NASA OSCAR L4 / INCOIS High-Res Hydrodynamic Ocean Model
750,2026-08-24,24.0,82.0,0.309,0.187,0.361,0.7,58.8,East India Coastal Current (EICC),0.0,NASA OSCAR L4 / INCOIS High-Res Hydrodynamic Ocean Model
751,2026-08-24,24.0,83.0,0.228,0.182,0.292,0.57,51.4,East India Coastal Current (EICC),0.0,NASA OSCAR L4 / INCOIS High-Res Hydrodynamic Ocean Model
752,2026-08-24,24.0,84.0,0.231,0.265,0.352,0.68,41.1,East India Coastal Current (EICC),0.0,NASA OSCAR L4 / INCOIS High-Res Hydrodynamic Ocean Model
753,2026-08-24,24.0,85.0,0.136,0.209,0.249,0.48,33.1,East India Coastal Current (EICC),0.0,NASA OSCAR L4 / INCOIS High-Res Hydrodynamic Ocean Model
754,2026-08-24,24.0,86.0,0.229,0.074,0.241,0.47,72.1,East India Coastal Current (EICC),0.0,NASA OSCAR L4 / INCOIS High-Res Hydrodynamic Ocean Model
755,2026-08-24,24.0,87.0,0.206,0.069,0.217,0.42,71.5,East India Coastal Current (EICC),0.0,NASA OSCAR L4 / INCOIS High-Res Hydrodynamic Ocean Model
756,2026-08-24,24.0,88.0,0.193,0.141,0.239,0.46,53.8,East India Coastal Current (EICC),0.0,NASA OSCAR L4 / INCOIS High-Res Hydrodynamic Ocean Model
757,2026-08-24,24.0,89.0,0.213,0.209,0.298,0.58,45.5,East India Coastal Current (EICC),0.0,NASA OSCAR L4 / INCOIS High-Res Hydrodynamic Ocean Model
758,2026-08-24,24.0,90.0,0.191,0.133,0.233,0.45,55.1,East India Coastal Current (EICC),0.0,NASA OSCAR L4 / INCOIS High-Res Hydrodynamic Ocean Model
759,2026-08-24,24.0,91.0,0.293,0.135,0.323,0.63,65.3,East India Coastal Current (EICC),0.0,NASA OSCAR L4 / INCOIS High-Res Hydrodynamic Ocean Model
760,2026-08-24,24.0,92.0,0.217,0.158,0.268,0.52,53.9,East India Coastal Current (EICC),0.0,NASA OSCAR L4 / INCOIS High-Res Hydrodynamic Ocean Model
761,2026-08-24,24.0,93.0,0.124,0.133,0.182,0.35,43.0,East India Coastal Current (EICC),0.0,NASA OSCAR L4 / INCOIS High-Res Hydrodynamic Ocean Model
762,2026-08-24,24.0,94.0,0.299,-0.018,0.3,0.58,93.4,East India Coastal Current (EICC),0.0,NASA OSCAR L4 / INCOIS High-Res Hydrodynamic Ocean Model
763,2026-08-23,6.0,68.0,-0.135,-0.503,0.521,1.01,195.0,West India Coastal Current (WICC),0.0,NASA OSCAR L4 / INCOIS High-Res Hydrodynamic Ocean Model
764,2026-08-23,6.0,69.0,-0.102,-0.301,0.318,0.62,198.7,West India Coastal Current (WICC),0.0,NASA OSCAR L4 / INCOIS High-Res Hydrodynamic Ocean Model
765,2026-08-23,6.0,70.0,-0.192,-0.114,0.223,0.43,239.3,West India Coastal Current (WICC),0.0,NASA OSCAR L4 / INCOIS High-Res Hydrodynamic Ocean Model
766,2026-08-23,6.0,71.0,-0.224,-0.235,0.325,0.63,223.6,West India Coastal Current (WICC),0.0,NASA OSCAR L4 / INCOIS High-Res Hydrodynamic Ocean Model
767,2026-08-23,6.0,72.0,-0.094,-0.307,0.321,0.62,197.0,West India Coastal Current (WICC),0.0,NASA OSCAR L4 / INCOIS High-Res Hydrodynamic Ocean Model
768,2026-08-23,6.0,73.0,-0.151,-0.359,0.389,0.76,202.8,West India Coastal Current (WICC),0.0,NASA OSCAR L4 / INCOIS High-Res Hydrodynamic Ocean Model
769,2026-08-23,6.0,74.0,-0.041,-0.234,0.238,0.46,189.9,West India Coastal Current (WICC),0.0,NASA OSCAR L4 / INCOIS High-Res Hydrodynamic Ocean Model
770,2026-08-23,6.0,75.0,-0.258,-0.247,0.357,0.69,226.2,West India Coastal Current (WICC),0.0,NASA OSCAR L4 / INCOIS High-Res Hydrodynamic Ocean Model
771,2026-08-23,6.0,76.0,-0.311,-0.136,0.339,0.66,246.4,West India Coastal Current (WICC),0.0,NASA OSCAR L4 / INCOIS High-Res Hydrodynamic Ocean Model
772,2026-08-23,6.0,77.0,0.132,0.069,0.149,0.29,62.4,East India Coastal Current (EICC),0.0,NASA OSCAR L4 / INCOIS High-Res Hydrodynamic Ocean Model
773,2026-08-23,6.0,78.0,0.253,0.254,0.359,0.7,44.9,East India Coastal Current (EICC),0.0,NASA OSCAR L4 / INCOIS High-Res Hydrodynamic Ocean Model
774,2026-08-23,6.0,79.0,0.203,0.222,0.301,0.59,42.4,East India Coastal Current (EICC),0.0,NASA OSCAR L4 / INCOIS High-Res Hydrodynamic Ocean Model
775,2026-08-23,6.0,80.0,0.22,0.178,0.283,0.55,51.0,East India Coastal Current (EICC),0.0,NASA OSCAR L4 / INCOIS High-Res Hydrodynamic Ocean Model
776,2026-08-23,6.0,81.0,0.114,0.161,0.197,0.38,35.3,East India Coastal Current (EICC),0.0,NASA OSCAR L4 / INCOIS High-Res Hydrodynamic Ocean Model
777,2026-08-23,6.0,82.0,0.161,0.122,0.202,0.39,52.8,East India Coastal Current (EICC),0.0,NASA OSCAR L4 / INCOIS High-Res Hydrodynamic Ocean Model
778,2026-08-23,6.0,83.0,0.228,0.159,0.278,0.54,55.1,East India Coastal Current (EICC),0.0,NASA OSCAR L4 / INCOIS High-Res Hydrodynamic Ocean Model
779,2026-08-23,6.0,84.0,0.229,0.224,0.32,0.62,45.6,East India Coastal Current (EICC),0.0,NASA OSCAR L4 / INCOIS High-Res Hydrodynamic Ocean Model
780,2026-08-23,6.0,85.0,0.276,0.139,0.309,0.6,63.3,East India Coastal Current (EICC),0.0,NASA OSCAR L4 / INCOIS High-Res Hydrodynamic Ocean Model
781,2026-08-23,6.0,86.0,0.323,0.064,0.329,0.64,78.8,East India Coastal Current (EICC),0.0,NASA OSCAR L4 / INCOIS High-Res Hydrodynamic Ocean Model
782,2026-08-23,6.0,87.0,0.338,0.277,0.437,0.85,50.7,East India Coastal Current (EICC),0.0,NASA OSCAR L4 / INCOIS High-Res Hydrodynamic Ocean Model
783,2026-08-23,6.0,88.0,0.166,0.257,0.306,0.59,32.9,East India Coastal Current (EICC),0.0,NASA OSCAR L4 / INCOIS High-Res Hydrodynamic Ocean Model
784,2026-08-23,6.0,89.0,0.226,0.018,0.227,0.44,85.4,East India Coastal Current (EICC),0.0,NASA OSCAR L4 / INCOIS High-Res Hydrodynamic Ocean Model
785,2026-08-23,6.0,90.0,0.161,0.237,0.287,0.56,34.2,East India Coastal Current (EICC),0.0,NASA OSCAR L4 / INCOIS High-Res Hydrodynamic Ocean Model
786,2026-08-23,6.0,91.0,0.246,0.196,0.315,0.61,51.5,East India Coastal Current (EICC),0.0,NASA OSCAR L4 / INCOIS High-Res Hydrodynamic Ocean Model
787,2026-08-23,6.0,92.0,0.195,0.145,0.243,0.47,53.4,East India Coastal Current (EICC),0.0,NASA OSCAR L4 / INCOIS High-Res Hydrodynamic Ocean Model
788,2026-08-23,6.0,93.0,0.167,0.147,0.222,0.43,48.6,East India Coastal Current (EICC),0.0,NASA OSCAR L4 / INCOIS High-Res Hydrodynamic Ocean Model
789,2026-08-23,6.0,94.0,0.175,0.083,0.194,0.38,64.6,East India Coastal Current (EICC),0.0,NASA OSCAR L4 / INCOIS High-Res Hydrodynamic Ocean Model
790,2026-08-23,7.0,68.0,-0.068,-0.361,0.367,0.71,190.7,West India Coastal Current (WICC),0.0,NASA OSCAR L4 / INCOIS High-Res Hydrodynamic Ocean Model
791,2026-08-23,7.0,69.0,-0.099,-0.346,0.36,0.7,196.0,West India Coastal Current (WICC),0.0,NASA OSCAR L4 / INCOIS High-Res Hydrodynamic Ocean Model
792,2026-08-23,7.0,70.0,-0.053,-0.143,0.153,0.3,200.3,West India Coastal Current (WICC),0.0,NASA OSCAR L4 / INCOIS High-Res Hydrodynamic Ocean Model
793,2026-08-23,7.0,71.0,-0.051,-0.333,0.337,0.66,188.7,West India Coastal Current (WICC),0.0,NASA OSCAR L4 / INCOIS High-Res Hydrodynamic Ocean Model
794,2026-08-23,7.0,72.0,-0.317,-0.328,0.456,0.89,224.0,West India Coastal Current (WICC),0.0,NASA OSCAR L4 / INCOIS High-Res Hydrodynamic Ocean Model
795,2026-08-23,7.0,73.0,-0.254,-0.121,0.281,0.55,244.5,West India Coastal Current (WICC),0.0,NASA OSCAR L4 / INCOIS High-Res Hydrodynamic Ocean Model
796,2026-08-23,7.0,74.0,0.003,-0.266,0.266,0.52,179.4,West India Coastal Current (WICC),0.0,NASA OSCAR L4 / INCOIS High-Res Hydrodynamic Ocean Model
797,2026-08-23,7.0,75.0,-0.071,-0.383,0.39,0.76,190.5,West India Coastal Current (WICC),0.0,NASA OSCAR L4 / INCOIS High-Res Hydrodynamic Ocean Model
798,2026-08-23,7.0,76.0,-0.083,-0.226,0.241,0.47,200.2,West India Coastal Current (WICC),0.0,NASA OSCAR L4 / INCOIS High-Res Hydrodynamic Ocean Model
799,2026-08-23,7.0,77.0,0.23,0.113,0.256,0.5,63.8,East India Coastal Current (EICC),0.0,NASA OSCAR L4 / INCOIS High-Res Hydrodynamic Ocean Model
800,2026-08-23,7.0,78.0,0.23,0.152,0.276,0.54,56.5,East India Coastal Current (EICC),0.0,NASA OSCAR L4 / INCOIS High-Res Hydrodynamic Ocean Model
801,2026-08-23,7.0,79.0,0.187,0.218,0.287,0.56,40.6,East India Coastal Current (EICC),0.0,NASA OSCAR L4 / INCOIS High-Res Hydrodynamic Ocean Model
802,2026-08-23,7.0,80.0,0.223,0.151,0.269,0.52,55.9,East India Coastal Current (EICC),0.0,NASA OSCAR L4 / INCOIS High-Res Hydrodynamic Ocean Model
803,2026-08-23,7.0,81.0,0.16,0.019,0.161,0.31,83.2,East India Coastal Current (EICC),0.0,NASA OSCAR L4 / INCOIS High-Res Hydrodynamic Ocean Model
804,2026-08-23,7.0,82.0,0.253,0.21,0.329,0.64,50.3,East India Coastal Current (EICC),0.0,NASA OSCAR L4 / INCOIS High-Res Hydrodynamic Ocean Model
805,2026-08-23,7.0,83.0,0.189,0.207,0.28,0.54,42.4,East India Coastal Current (EICC),0.0,NASA OSCAR L4 / INCOIS High-Res Hydrodynamic Ocean Model
806,2026-08-23,7.0,84.0,0.197,0.316,0.372,0.72,31.9,East India Coastal Current (EICC),0.0,NASA OSCAR L4 / INCOIS High-Res Hydrodynamic Ocean Model
807,2026-08-23,7.0,85.0,0.253,0.165,0.302,0.59,56.9,East India Coastal Current (EICC),0.0,NASA OSCAR L4 / INCOIS High-Res Hydrodynamic Ocean Model
808,2026-08-23,7.0,86.0,0.178,0.329,0.374,0.73,28.4,East India Coastal Current (EICC),0.0,NASA OSCAR L4 / INCOIS High-Res Hydrodynamic Ocean Model
809,2026-08-23,7.0,87.0,0.152,0.196,0.248,0.48,37.8,East India Coastal Current (EICC),0.0,NASA OSCAR L4 / INCOIS High-Res Hydrodynamic Ocean Model
810,2026-08-23,7.0,88.0,0.074,0.057,0.093,0.18,52.4,East India Coastal Current (EICC),0.0,NASA OSCAR L4 / INCOIS High-Res Hydrodynamic Ocean Model
811,2026-08-23,7.0,89.0,0.192,0.35,0.399,0.78,28.7,East India Coastal Current (EICC),0.0,NASA OSCAR L4 / INCOIS High-Res Hydrodynamic Ocean Model
812,2026-08-23,7.0,90.0,0.227,0.376,0.439,0.85,31.1,East India Coastal Current (EICC),0.0,NASA OSCAR L4 / INCOIS High-Res Hydrodynamic Ocean Model
813,2026-08-23,7.0,91.0,0.208,0.179,0.274,0.53,49.3,East India Coastal Current (EICC),0.0,NASA OSCAR L4 / INCOIS High-Res Hydrodynamic Ocean Model
814,2026-08-23,7.0,92.0,0.207,0.037,0.21,0.41,79.9,East India Coastal Current (EICC),0.0,NASA OSCAR L4 / INCOIS High-Res Hydrodynamic Ocean Model
815,2026-08-23,7.0,93.0,0.208,0.266,0.338,0.66,38.0,East India Coastal Current (EICC),0.0,NASA OSCAR L4 / INCOIS High-Res Hydrodynamic Ocean Model
816,2026-08-23,7.0,94.0,0.217,0.187,0.286,0.56,49.2,East India Coastal Current (EICC),0.0,NASA OSCAR L4 / INCOIS High-Res Hydrodynamic Ocean Model
817,2026-08-23,8.0,68.0,0.09,-0.303,0.316,0.61,163.5,West India Coastal Current (WICC),0.0,NASA OSCAR L4 / INCOIS High-Res Hydrodynamic Ocean Model
818,2026-08-23,8.0,69.0,-0.213,-0.362,0.42,0.82,210.5,West India Coastal Current (WICC),0.0,NASA OSCAR L4 / INCOIS High-Res Hydrodynamic Ocean Model
819,2026-08-23,8.0,70.0,-0.124,-0.267,0.294,0.57,204.9,West India Coastal Current (WICC),0.0,NASA OSCAR L4 / INCOIS High-Res Hydrodynamic Ocean Model
820,2026-08-23,8.0,71.0,-0.224,-0.349,0.415,0.81,212.7,West India Coastal Current (WICC),0.0,NASA OSCAR L4 / INCOIS High-Res Hydrodynamic Ocean Model
821,2026-08-23,8.0,72.0,-0.155,-0.248,0.292,0.57,212.0,West India Coastal Current (WICC),0.0,NASA OSCAR L4 / INCOIS High-Res Hydrodynamic Ocean Model
822,2026-08-23,8.0,73.0,-0.196,-0.477,0.516,1.0,202.3,West India Coastal Current (WICC),0.0,NASA OSCAR L4 / INCOIS High-Res Hydrodynamic Ocean Model
823,2026-08-23,8.0,74.0,-0.372,-0.308,0.483,0.94,230.4,West India Coastal Current (WICC),0.0,NASA OSCAR L4 / INCOIS High-Res Hydrodynamic Ocean Model
824,2026-08-23,8.0,75.0,-0.105,-0.123,0.162,0.31,220.5,West India Coastal Current (WICC),0.0,NASA OSCAR L4 / INCOIS High-Res Hydrodynamic Ocean Model
825,2026-08-23,8.0,76.0,-0.099,-0.116,0.153,0.3,220.5,West India Coastal Current (WICC),0.0,NASA OSCAR L4 / INCOIS High-Res Hydrodynamic Ocean Model
826,2026-08-23,8.0,77.0,0.092,0.336,0.348,0.68,15.3,East India Coastal Current (EICC),0.0,NASA OSCAR L4 / INCOIS High-Res Hydrodynamic Ocean Model
827,2026-08-23,8.0,78.0,0.075,0.161,0.178,0.35,25.0,East India Coastal Current (EICC),0.0,NASA OSCAR L4 / INCOIS High-Res Hydrodynamic Ocean Model
828,2026-08-23,8.0,79.0,0.17,0.316,0.359,0.7,28.3,East India Coastal Current (EICC),0.0,NASA OSCAR L4 / INCOIS High-Res Hydrodynamic Ocean Model
829,2026-08-23,8.0,80.0,0.243,0.112,0.268,0.52,65.3,East India Coastal Current (EICC),0.0,NASA OSCAR L4 / INCOIS High-Res Hydrodynamic Ocean Model
830,2026-08-23,8.0,81.0,0.137,-0.051,0.146,0.28,110.4,East India Coastal Current (EICC),0.0,NASA OSCAR L4 / INCOIS High-Res Hydrodynamic Ocean Model
831,2026-08-23,8.0,82.0,0.252,0.007,0.252,0.49,88.4,East India Coastal Current (EICC),0.0,NASA OSCAR L4 / INCOIS High-Res Hydrodynamic Ocean Model
832,2026-08-23,8.0,83.0,0.115,-0.078,0.139,0.27,124.1,East India Coastal Current (EICC),0.0,NASA OSCAR L4 / INCOIS High-Res Hydrodynamic Ocean Model
833,2026-08-23,8.0,84.0,0.151,0.12,0.193,0.38,51.5,East India Coastal Current (EICC),0.0,NASA OSCAR L4 / INCOIS High-Res Hydrodynamic Ocean Model
834,2026-08-23,8.0,85.0,0.21,0.118,0.241,0.47,60.7,East India Coastal Current (EICC),0.0,NASA OSCAR L4 / INCOIS High-Res Hydrodynamic Ocean Model
835,2026-08-23,8.0,86.0,0.121,0.232,0.262,0.51,27.5,East India Coastal Current (EICC),0.0,NASA OSCAR L4 / INCOIS High-Res Hydrodynamic Ocean Model
836,2026-08-23,8.0,87.0,0.119,-0.001,0.119,0.23,90.5,East India Coastal Current (EICC),0.0,NASA OSCAR L4 / INCOIS High-Res Hydrodynamic Ocean Model
837,2026-08-23,8.0,88.0,0.213,0.135,0.252,0.49,57.6,East India Coastal Current (EICC),0.0,NASA OSCAR L4 / INCOIS High-Res Hydrodynamic Ocean Model
838,2026-08-23,8.0,89.0,0.072,0.083,0.11,0.21,40.9,East India Coastal Current (EICC),0.0,NASA OSCAR L4 / INCOIS High-Res Hydrodynamic Ocean Model
839,2026-08-23,8.0,90.0,0.184,0.3,0.352,0.68,31.5,East India Coastal Current (EICC),0.0,NASA OSCAR L4 / INCOIS High-Res Hydrodynamic Ocean Model
840,2026-08-23,8.0,91.0,0.146,0.206,0.252,0.49,35.3,East India Coastal Current (EICC),0.0,NASA OSCAR L4 / INCOIS High-Res Hydrodynamic Ocean Model
841,2026-08-23,8.0,92.0,0.17,-0.027,0.172,0.33,99.0,East India Coastal Current (EICC),0.0,NASA OSCAR L4 / INCOIS High-Res Hydrodynamic Ocean Model
842,2026-08-23,8.0,93.0,0.18,0.232,0.294,0.57,37.8,East India Coastal Current (EICC),0.0,NASA OSCAR L4 / INCOIS High-Res Hydrodynamic Ocean Model
843,2026-08-23,8.0,94.0,0.102,0.218,0.241,0.47,25.1,East India Coastal Current (EICC),0.0,NASA OSCAR L4 / INCOIS High-Res Hydrodynamic Ocean Model
844,2026-08-23,9.0,68.0,-0.199,-0.295,0.356,0.69,214.0,West India Coastal Current (WICC),0.0,NASA OSCAR L4 / INCOIS High-Res Hydrodynamic Ocean Model
845,2026-08-23,9.0,69.0,-0.14,-0.351,0.378,0.73,201.7,West India Coastal Current (WICC),0.0,NASA OSCAR L4 / INCOIS High-Res Hydrodynamic Ocean Model
846,2026-08-23,9.0,70.0,-0.073,-0.429,0.435,0.85,189.7,West India Coastal Current (WICC),0.0,NASA OSCAR L4 / INCOIS High-Res Hydrodynamic Ocean Model
847,2026-08-23,9.0,71.0,0.004,-0.12,0.12,0.23,178.1,West India Coastal Current (WICC),0.0,NASA OSCAR L4 / INCOIS High-Res Hydrodynamic Ocean Model
848,2026-08-23,9.0,72.0,-0.21,-0.291,0.359,0.7,215.8,West India Coastal Current (WICC),0.0,NASA OSCAR L4 / INCOIS High-Res Hydrodynamic Ocean Model
849,2026-08-23,9.0,73.0,-0.152,-0.281,0.319,0.62,208.4,West India Coastal Current (WICC),0.0,NASA OSCAR L4 / INCOIS High-Res Hydrodynamic Ocean Model
850,2026-08-23,9.0,85.0,0.21,0.129,0.246,0.48,58.4,East India Coastal Current (EICC),0.0,NASA OSCAR L4 / INCOIS High-Res Hydrodynamic Ocean Model
851,2026-08-23,9.0,86.0,0.202,0.2,0.284,0.55,45.3,East India Coastal Current (EICC),0.0,NASA OSCAR L4 / INCOIS High-Res Hydrodynamic Ocean Model
852,2026-08-23,9.0,87.0,0.187,0.242,0.306,0.59,37.7,East India Coastal Current (EICC),0.0,NASA OSCAR L4 / INCOIS High-Res Hydrodynamic Ocean Model
853,2026-08-23,9.0,88.0,0.124,0.152,0.196,0.38,39.2,East India Coastal Current (EICC),0.0,NASA OSCAR L4 / INCOIS High-Res Hydrodynamic Ocean Model
854,2026-08-23,9.0,89.0,0.116,0.113,0.162,0.31,45.8,East India Coastal Current (EICC),0.0,NASA OSCAR L4 / INCOIS High-Res Hydrodynamic Ocean Model
855,2026-08-23,9.0,90.0,0.315,0.134,0.342,0.66,67.0,East India Coastal Current (EICC),0.0,NASA OSCAR L4 / INCOIS High-Res Hydrodynamic Ocean Model
856,2026-08-23,9.0,91.0,0.227,0.023,0.228,0.44,84.2,East India Coastal Current (EICC),0.0,NASA OSCAR L4 / INCOIS High-Res Hydrodynamic Ocean Model
857,2026-08-23,9.0,92.0,0.062,0.08,0.101,0.2,37.8,East India Coastal Current (EICC),0.0,NASA OSCAR L4 / INCOIS High-Res Hydrodynamic Ocean Model
858,2026-08-23,9.0,93.0,0.157,0.344,0.378,0.73,24.5,East India Coastal Current (EICC),0.0,NASA OSCAR L4 / INCOIS High-Res Hydrodynamic Ocean Model
859,2026-08-23,9.0,94.0,0.372,0.173,0.41,0.8,65.1,East India Coastal Current (EICC),0.0,NASA OSCAR L4 / INCOIS High-Res Hydrodynamic Ocean Model
860,2026-08-23,10.0,68.0,-0.194,-0.278,0.339,0.66,214.9,West India Coastal Current (WICC),0.0,NASA OSCAR L4 / INCOIS High-Res Hydrodynamic Ocean Model
861,2026-08-23,10.0,69.0,-0.138,-0.263,0.297,0.58,207.7,West India Coastal Current (WICC),0.0,NASA OSCAR L4 / INCOIS High-Res Hydrodynamic Ocean Model
862,2026-08-23,10.0,70.0,-0.082,-0.256,0.269,0.52,197.8,West India Coastal Current (WICC),0.0,NASA OSCAR L4 / INCOIS High-Res Hydrodynamic Ocean Model
863,2026-08-23,10.0,71.0,-0.172,-0.289,0.336,0.65,210.8,West India Coastal Current (WICC),0.0,NASA OSCAR L4 / INCOIS High-Res Hydrodynamic Ocean Model
864,2026-08-23,10.0,72.0,-0.226,-0.29,0.368,0.72,217.9,West India Coastal Current (WICC),0.0,NASA OSCAR L4 / INCOIS High-Res Hydrodynamic Ocean Model
865,2026-08-23,10.0,73.0,-0.174,-0.222,0.282,0.55,218.1,West India Coastal Current (WICC),0.0,NASA OSCAR L4 / INCOIS High-Res Hydrodynamic Ocean Model
866,2026-08-23,10.0,85.0,0.344,0.094,0.357,0.69,74.7,East India Coastal Current (EICC),0.0,NASA OSCAR L4 / INCOIS High-Res Hydrodynamic Ocean Model
867,2026-08-23,10.0,86.0,0.051,0.109,0.12,0.23,25.1,East India Coastal Current (EICC),0.0,NASA OSCAR L4 / INCOIS High-Res Hydrodynamic Ocean Model
868,2026-08-23,10.0,87.0,0.192,0.264,0.326,0.63,36.0,East India Coastal Current (EICC),0.0,NASA OSCAR L4 / INCOIS High-Res Hydrodynamic Ocean Model
869,2026-08-23,10.0,88.0,0.188,0.01,0.188,0.37,87.0,East India Coastal Current (EICC),0.0,NASA OSCAR L4 / INCOIS High-Res Hydrodynamic Ocean Model
870,2026-08-23,10.0,89.0,0.184,0.004,0.184,0.36,88.8,East India Coastal Current (EICC),0.0,NASA OSCAR L4 / INCOIS High-Res Hydrodynamic Ocean Model
871,2026-08-23,10.0,90.0,0.177,0.098,0.202,0.39,61.0,East India Coastal Current (EICC),0.0,NASA OSCAR L4 / INCOIS High-Res Hydrodynamic Ocean Model
872,2026-08-23,10.0,91.0,0.284,0.226,0.363,0.71,51.5,East India Coastal Current (EICC),0.0,NASA OSCAR L4 / INCOIS High-Res Hydrodynamic Ocean Model
873,2026-08-23,10.0,92.0,0.18,0.243,0.302,0.59,36.5,East India Coastal Current (EICC),0.0,NASA OSCAR L4 / INCOIS High-Res Hydrodynamic Ocean Model
874,2026-08-23,10.0,93.0,0.29,0.211,0.359,0.7,54.0,East India Coastal Current (EICC),0.0,NASA OSCAR L4 / INCOIS High-Res Hydrodynamic Ocean Model
875,2026-08-23,10.0,94.0,0.235,-0.075,0.247,0.48,107.7,East India Coastal Current (EICC),0.0,NASA OSCAR L4 / INCOIS High-Res Hydrodynamic Ocean Model
876,2026-08-23,11.0,68.0,-0.248,-0.233,0.34,0.66,226.8,West India Coastal Current (WICC),0.0,NASA OSCAR L4 / INCOIS High-Res Hydrodynamic Ocean Model
877,2026-08-23,11.0,69.0,-0.044,-0.328,0.331,0.64,187.6,West India Coastal Current (WICC),0.0,NASA OSCAR L4 / INCOIS High-Res Hydrodynamic Ocean Model
878,2026-08-23,11.0,70.0,-0.126,-0.313,0.337,0.66,201.9,West India Coastal Current (WICC),0.0,NASA OSCAR L4 / INCOIS High-Res Hydrodynamic Ocean Model
879,2026-08-23,11.0,71.0,-0.25,-0.057,0.256,0.5,257.2,West India Coastal Current (WICC),0.0,NASA OSCAR L4 / INCOIS High-Res Hydrodynamic Ocean Model
880,2026-08-23,11.0,72.0,-0.213,-0.04,0.217,0.42,259.4,West India Coastal Current (WICC),0.0,NASA OSCAR L4 / INCOIS High-Res Hydrodynamic Ocean Model
881,2026-08-23,11.0,73.0,-0.1,-0.415,0.427,0.83,193.5,West India Coastal Current (WICC),0.0,NASA OSCAR L4 / INCOIS High-Res Hydrodynamic Ocean Model
882,2026-08-23,11.0,85.0,0.241,0.072,0.252,0.49,73.4,East India Coastal Current (EICC),0.0,NASA OSCAR L4 / INCOIS High-Res Hydrodynamic Ocean Model
883,2026-08-23,11.0,86.0,0.231,0.215,0.316,0.61,47.1,East India Coastal Current (EICC),0.0,NASA OSCAR L4 / INCOIS High-Res Hydrodynamic Ocean Model
884,2026-08-23,11.0,87.0,0.203,0.205,0.289,0.56,44.7,East India Coastal Current (EICC),0.0,NASA OSCAR L4 / INCOIS High-Res Hydrodynamic Ocean Model
885,2026-08-23,11.0,88.0,0.164,0.146,0.22,0.43,48.3,East India Coastal Current (EICC),0.0,NASA OSCAR L4 / INCOIS High-Res Hydrodynamic Ocean Model
886,2026-08-23,11.0,89.0,0.247,0.228,0.336,0.65,47.3,East India Coastal Current (EICC),0.0,NASA OSCAR L4 / INCOIS High-Res Hydrodynamic Ocean Model
887,2026-08-23,11.0,90.0,0.271,0.049,0.275,0.53,79.8,East India Coastal Current (EICC),0.0,NASA OSCAR L4 / INCOIS High-Res Hydrodynamic Ocean Model
888,2026-08-23,11.0,91.0,0.283,0.058,0.289,0.56,78.4,East India Coastal Current (EICC),0.0,NASA OSCAR L4 / INCOIS High-Res Hydrodynamic Ocean Model
889,2026-08-23,11.0,92.0,0.278,0.264,0.383,0.74,46.5,East India Coastal Current (EICC),0.0,NASA OSCAR L4 / INCOIS High-Res Hydrodynamic Ocean Model
890,2026-08-23,11.0,93.0,0.225,0.169,0.281,0.55,53.1,East India Coastal Current (EICC),0.0,NASA OSCAR L4 / INCOIS High-Res Hydrodynamic Ocean Model
891,2026-08-23,11.0,94.0,0.232,0.204,0.309,0.6,48.7,East India Coastal Current (EICC),0.0,NASA OSCAR L4 / INCOIS High-Res Hydrodynamic Ocean Model
892,2026-08-23,12.0,68.0,-0.146,-0.241,0.282,0.55,211.2,West India Coastal Current (WICC),0.0,NASA OSCAR L4 / INCOIS High-Res Hydrodynamic Ocean Model
893,2026-08-23,12.0,69.0,-0.329,-0.25,0.413,0.8,232.8,West India Coastal Current (WICC),0.0,NASA OSCAR L4 / INCOIS High-Res Hydrodynamic Ocean Model
894,2026-08-23,12.0,70.0,-0.162,0.073,0.178,0.35,294.3,West India Coastal Current (WICC),0.0,NASA OSCAR L4 / INCOIS High-Res Hydrodynamic Ocean Model
895,2026-08-23,12.0,71.0,-0.094,-0.183,0.206,0.4,207.2,West India Coastal Current (WICC),0.0,NASA OSCAR L4 / INCOIS High-Res Hydrodynamic Ocean Model
896,2026-08-23,12.0,72.0,-0.19,-0.277,0.336,0.65,214.4,West India Coastal Current (WICC),0.0,NASA OSCAR L4 / INCOIS High-Res Hydrodynamic Ocean Model
897,2026-08-23,12.0,73.0,-0.134,-0.285,0.315,0.61,205.2,West India Coastal Current (WICC),0.0,NASA OSCAR L4 / INCOIS High-Res Hydrodynamic Ocean Model
898,2026-08-23,12.0,85.0,0.181,0.034,0.184,0.36,79.4,East India Coastal Current (EICC),0.0,NASA OSCAR L4 / INCOIS High-Res Hydrodynamic Ocean Model
899,2026-08-23,12.0,86.0,0.326,0.16,0.363,0.71,63.9,East India Coastal Current (EICC),0.0,NASA OSCAR L4 / INCOIS High-Res Hydrodynamic Ocean Model
900,2026-08-23,12.0,87.0,0.341,0.092,0.353,0.69,74.9,East India Coastal Current (EICC),0.0,NASA OSCAR L4 / INCOIS High-Res Hydrodynamic Ocean Model
901,2026-08-23,12.0,88.0,0.344,0.083,0.354,0.69,76.4,East India Coastal Current (EICC),0.0,NASA OSCAR L4 / INCOIS High-Res Hydrodynamic Ocean Model
902,2026-08-23,12.0,89.0,0.329,0.222,0.397,0.77,56.0,East India Coastal Current (EICC),0.0,NASA OSCAR L4 / INCOIS High-Res Hydrodynamic Ocean Model
903,2026-08-23,12.0,90.0,0.185,-0.023,0.186,0.36,97.1,East India Coastal Current (EICC),0.0,NASA OSCAR L4 / INCOIS High-Res Hydrodynamic Ocean Model
904,2026-08-23,12.0,91.0,0.213,0.132,0.251,0.49,58.2,East India Coastal Current (EICC),0.0,NASA OSCAR L4 / INCOIS High-Res Hydrodynamic Ocean Model
905,2026-08-23,12.0,92.0,0.283,0.048,0.287,0.56,80.4,East India Coastal Current (EICC),0.0,NASA OSCAR L4 / INCOIS High-Res Hydrodynamic Ocean Model
906,2026-08-23,12.0,93.0,0.281,0.077,0.291,0.57,74.7,East India Coastal Current (EICC),0.0,NASA OSCAR L4 / INCOIS High-Res Hydrodynamic Ocean Model
907,2026-08-23,12.0,94.0,0.196,0.276,0.339,0.66,35.4,East India Coastal Current (EICC),0.0,NASA OSCAR L4 / INCOIS High-Res Hydrodynamic Ocean Model
908,2026-08-23,13.0,68.0,-0.053,-0.249,0.255,0.5,192.0,West India Coastal Current (WICC),0.0,NASA OSCAR L4 / INCOIS High-Res Hydrodynamic Ocean Model
909,2026-08-23,13.0,69.0,-0.209,-0.244,0.321,0.62,220.6,West India Coastal Current (WICC),0.0,NASA OSCAR L4 / INCOIS High-Res Hydrodynamic Ocean Model
910,2026-08-23,13.0,70.0,-0.157,-0.329,0.365,0.71,205.5,West India Coastal Current (WICC),0.0,NASA OSCAR L4 / INCOIS High-Res Hydrodynamic Ocean Model
911,2026-08-23,13.0,71.0,0.022,-0.286,0.287,0.56,175.6,West India Coastal Current (WICC),0.0,NASA OSCAR L4 / INCOIS High-Res Hydrodynamic Ocean Model
912,2026-08-23,13.0,72.0,-0.09,-0.188,0.208,0.4,205.6,West India Coastal Current (WICC),0.0,NASA OSCAR L4 / INCOIS High-Res Hydrodynamic Ocean Model
913,2026-08-23,13.0,73.0,-0.213,-0.156,0.264,0.51,233.8,West India Coastal Current (WICC),0.0,NASA OSCAR L4 / INCOIS High-Res Hydrodynamic Ocean Model
914,2026-08-23,13.0,85.0,0.24,0.147,0.281,0.55,58.5,East India Coastal Current (EICC),0.0,NASA OSCAR L4 / INCOIS High-Res Hydrodynamic Ocean Model
915,2026-08-23,13.0,86.0,0.249,0.105,0.27,0.52,67.1,East India Coastal Current (EICC),0.0,NASA OSCAR L4 / INCOIS High-Res Hydrodynamic Ocean Model
916,2026-08-23,13.0,87.0,0.089,0.097,0.132,0.26,42.5,East India Coastal Current (EICC),0.0,NASA OSCAR L4 / INCOIS High-Res Hydrodynamic Ocean Model
917,2026-08-23,13.0,88.0,0.087,0.11,0.14,0.27,38.3,East India Coastal Current (EICC),0.0,NASA OSCAR L4 / INCOIS High-Res Hydrodynamic Ocean Model
918,2026-08-23,13.0,89.0,0.182,0.261,0.318,0.62,34.9,East India Coastal Current (EICC),0.0,NASA OSCAR L4 / INCOIS High-Res Hydrodynamic Ocean Model
919,2026-08-23,13.0,90.0,0.265,0.011,0.265,0.52,87.6,East India Coastal Current (EICC),0.0,NASA OSCAR L4 / INCOIS High-Res Hydrodynamic Ocean Model
920,2026-08-23,13.0,91.0,0.108,0.074,0.131,0.25,55.6,East India Coastal Current (EICC),0.0,NASA OSCAR L4 / INCOIS High-Res Hydrodynamic Ocean Model
921,2026-08-23,13.0,92.0,0.227,-0.023,0.228,0.44,95.8,East India Coastal Current (EICC),0.0,NASA OSCAR L4 / INCOIS High-Res Hydrodynamic Ocean Model
922,2026-08-23,13.0,93.0,0.114,0.101,0.152,0.3,48.5,East India Coastal Current (EICC),0.0,NASA OSCAR L4 / INCOIS High-Res Hydrodynamic Ocean Model
923,2026-08-23,13.0,94.0,0.326,0.215,0.391,0.76,56.6,East India Coastal Current (EICC),0.0,NASA OSCAR L4 / INCOIS High-Res Hydrodynamic Ocean Model
924,2026-08-23,14.0,68.0,-0.248,-0.489,0.548,1.07,206.9,West India Coastal Current (WICC),0.0,NASA OSCAR L4 / INCOIS High-Res Hydrodynamic Ocean Model
925,2026-08-23,14.0,69.0,-0.127,-0.171,0.213,0.41,216.6,West India Coastal Current (WICC),0.0,NASA OSCAR L4 / INCOIS High-Res Hydrodynamic Ocean Model
926,2026-08-23,14.0,70.0,-0.008,-0.2,0.2,0.39,182.3,West India Coastal Current (WICC),0.0,NASA OSCAR L4 / INCOIS High-Res Hydrodynamic Ocean Model
927,2026-08-23,14.0,71.0,-0.015,-0.28,0.28,0.54,183.1,West India Coastal Current (WICC),0.0,NASA OSCAR L4 / INCOIS High-Res Hydrodynamic Ocean Model
928,2026-08-23,14.0,72.0,-0.203,-0.154,0.255,0.5,232.8,West India Coastal Current (WICC),0.0,NASA OSCAR L4 / INCOIS High-Res Hydrodynamic Ocean Model
929,2026-08-23,14.0,73.0,-0.065,-0.247,0.255,0.5,194.7,West India Coastal Current (WICC),0.0,NASA OSCAR L4 / INCOIS High-Res Hydrodynamic Ocean Model
930,2026-08-23,14.0,85.0,0.121,0.2,0.234,0.45,31.2,East India Coastal Current (EICC),0.0,NASA OSCAR L4 / INCOIS High-Res Hydrodynamic Ocean Model
931,2026-08-23,14.0,86.0,0.199,0.026,0.201,0.39,82.6,East India Coastal Current (EICC),0.0,NASA OSCAR L4 / INCOIS High-Res Hydrodynamic Ocean Model
932,2026-08-23,14.0,87.0,0.18,0.271,0.325,0.63,33.6,East India Coastal Current (EICC),0.0,NASA OSCAR L4 / INCOIS High-Res Hydrodynamic Ocean Model
933,2026-08-23,14.0,88.0,0.134,0.085,0.159,0.31,57.6,East India Coastal Current (EICC),0.0,NASA OSCAR L4 / INCOIS High-Res Hydrodynamic Ocean Model
934,2026-08-23,14.0,89.0,0.315,0.203,0.375,0.73,57.2,East India Coastal Current (EICC),0.0,NASA OSCAR L4 / INCOIS High-Res Hydrodynamic Ocean Model
935,2026-08-23,14.0,90.0,0.336,0.192,0.387,0.75,60.3,East India Coastal Current (EICC),0.0,NASA OSCAR L4 / INCOIS High-Res Hydrodynamic Ocean Model
936,2026-08-23,14.0,91.0,0.099,0.101,0.141,0.27,44.4,East India Coastal Current (EICC),0.0,NASA OSCAR L4 / INCOIS High-Res Hydrodynamic Ocean Model
937,2026-08-23,14.0,92.0,0.307,0.134,0.335,0.65,66.4,East India Coastal Current (EICC),0.0,NASA OSCAR L4 / INCOIS High-Res Hydrodynamic Ocean Model
938,2026-08-23,14.0,93.0,0.229,0.171,0.286,0.56,53.3,East India Coastal Current (EICC),0.0,NASA OSCAR L4 / INCOIS High-Res Hydrodynamic Ocean Model
939,2026-08-23,14.0,94.0,0.287,0.146,0.322,0.63,63.0,East India Coastal Current (EICC),0.0,NASA OSCAR L4 / INCOIS High-Res Hydrodynamic Ocean Model
940,2026-08-23,15.0,68.0,-0.048,-0.222,0.227,0.44,192.2,West India Coastal Current (WICC),0.0,NASA OSCAR L4 / INCOIS High-Res Hydrodynamic Ocean Model
941,2026-08-23,15.0,69.0,-0.16,-0.187,0.246,0.48,220.6,West India Coastal Current (WICC),0.0,NASA OSCAR L4 / INCOIS High-Res Hydrodynamic Ocean Model
942,2026-08-23,15.0,70.0,-0.085,-0.467,0.475,0.92,190.3,West India Coastal Current (WICC),0.0,NASA OSCAR L4 / INCOIS High-Res Hydrodynamic Ocean Model
943,2026-08-23,15.0,71.0,-0.104,-0.176,0.204,0.4,210.6,West India Coastal Current (WICC),0.0,NASA OSCAR L4 / INCOIS High-Res Hydrodynamic Ocean Model
944,2026-08-23,15.0,72.0,-0.245,-0.142,0.283,0.55,239.9,West India Coastal Current (WICC),0.0,NASA OSCAR L4 / INCOIS High-Res Hydrodynamic Ocean Model
945,2026-08-23,15.0,73.0,-0.101,-0.253,0.272,0.53,201.8,West India Coastal Current (WICC),0.0,NASA OSCAR L4 / INCOIS High-Res Hydrodynamic Ocean Model
946,2026-08-23,15.0,85.0,0.204,0.188,0.277,0.54,47.3,East India Coastal Current (EICC),0.0,NASA OSCAR L4 / INCOIS High-Res Hydrodynamic Ocean Model
947,2026-08-23,15.0,86.0,0.146,0.034,0.15,0.29,76.9,East India Coastal Current (EICC),0.0,NASA OSCAR L4 / INCOIS High-Res Hydrodynamic Ocean Model
948,2026-08-23,15.0,87.0,0.107,0.39,0.404,0.79,15.3,East India Coastal Current (EICC),0.0,NASA OSCAR L4 / INCOIS High-Res Hydrodynamic Ocean Model
949,2026-08-23,15.0,88.0,0.113,0.218,0.246,0.48,27.4,East India Coastal Current (EICC),0.0,NASA OSCAR L4 / INCOIS High-Res Hydrodynamic Ocean Model
950,2026-08-23,15.0,89.0,0.165,0.088,0.187,0.36,61.9,East India Coastal Current (EICC),0.0,NASA OSCAR L4 / INCOIS High-Res Hydrodynamic Ocean Model
951,2026-08-23,15.0,90.0,0.185,0.134,0.228,0.44,54.1,East India Coastal Current (EICC),0.0,NASA OSCAR L4 / INCOIS High-Res Hydrodynamic Ocean Model
952,2026-08-23,15.0,91.0,0.24,0.33,0.408,0.79,36.0,East India Coastal Current (EICC),0.0,NASA OSCAR L4 / INCOIS High-Res Hydrodynamic Ocean Model
953,2026-08-23,15.0,92.0,0.371,-0.009,0.371,0.72,91.4,East India Coastal Current (EICC),0.0,NASA OSCAR L4 / INCOIS High-Res Hydrodynamic Ocean Model
954,2026-08-23,15.0,93.0,0.245,0.194,0.313,0.61,51.6,East India Coastal Current (EICC),0.0,NASA OSCAR L4 / INCOIS High-Res Hydrodynamic Ocean Model
955,2026-08-23,15.0,94.0,0.356,0.062,0.361,0.7,80.1,East India Coastal Current (EICC),0.0,NASA OSCAR L4 / INCOIS High-Res Hydrodynamic Ocean Model
956,2026-08-23,16.0,68.0,-0.233,-0.277,0.362,0.7,220.1,West India Coastal Current (WICC),0.0,NASA OSCAR L4 / INCOIS High-Res Hydrodynamic Ocean Model
957,2026-08-23,16.0,69.0,-0.211,-0.165,0.268,0.52,232.0,West India Coastal Current (WICC),0.0,NASA OSCAR L4 / INCOIS High-Res Hydrodynamic Ocean Model
958,2026-08-23,16.0,70.0,-0.133,-0.297,0.325,0.63,204.1,West India Coastal Current (WICC),0.0,NASA OSCAR L4 / INCOIS High-Res Hydrodynamic Ocean Model
959,2026-08-23,16.0,71.0,-0.055,-0.196,0.204,0.4,195.7,West India Coastal Current (WICC),0.0,NASA OSCAR L4 / INCOIS High-Res Hydrodynamic Ocean Model
960,2026-08-23,16.0,72.0,-0.135,-0.251,0.285,0.55,208.3,West India Coastal Current (WICC),0.0,NASA OSCAR L4 / INCOIS High-Res Hydrodynamic Ocean Model
961,2026-08-23,16.0,73.0,-0.083,-0.192,0.209,0.41,203.4,West India Coastal Current (WICC),0.0,NASA OSCAR L4 / INCOIS High-Res Hydrodynamic Ocean Model
962,2026-08-23,16.0,85.0,0.398,0.152,0.426,0.83,69.1,East India Coastal Current (EICC),0.0,NASA OSCAR L4 / INCOIS High-Res Hydrodynamic Ocean Model
963,2026-08-23,16.0,86.0,0.186,0.015,0.187,0.36,85.4,East India Coastal Current (EICC),0.0,NASA OSCAR L4 / INCOIS High-Res Hydrodynamic Ocean Model
964,2026-08-23,16.0,87.0,0.068,0.288,0.296,0.58,13.3,East India Coastal Current (EICC),0.0,NASA OSCAR L4 / INCOIS High-Res Hydrodynamic Ocean Model
965,2026-08-23,16.0,88.0,0.097,-0.024,0.1,0.19,103.9,East India Coastal Current (EICC),0.0,NASA OSCAR L4 / INCOIS High-Res Hydrodynamic Ocean Model
966,2026-08-23,16.0,89.0,0.218,0.221,0.31,0.6,44.6,East India Coastal Current (EICC),0.0,NASA OSCAR L4 / INCOIS High-Res Hydrodynamic Ocean Model
967,2026-08-23,16.0,90.0,0.099,0.093,0.136,0.26,46.8,East India Coastal Current (EICC),0.0,NASA OSCAR L4 / INCOIS High-Res Hydrodynamic Ocean Model
968,2026-08-23,16.0,91.0,0.091,0.089,0.127,0.25,45.6,East India Coastal Current (EICC),0.0,NASA OSCAR L4 / INCOIS High-Res Hydrodynamic Ocean Model
969,2026-08-23,16.0,92.0,0.131,0.129,0.184,0.36,45.4,East India Coastal Current (EICC),0.0,NASA OSCAR L4 / INCOIS High-Res Hydrodynamic Ocean Model
970,2026-08-23,16.0,93.0,0.109,-0.023,0.111,0.22,101.9,East India Coastal Current (EICC),0.0,NASA OSCAR L4 / INCOIS High-Res Hydrodynamic Ocean Model
971,2026-08-23,16.0,94.0,0.224,0.1,0.245,0.48,65.9,East India Coastal Current (EICC),0.0,NASA OSCAR L4 / INCOIS High-Res Hydrodynamic Ocean Model
972,2026-08-23,17.0,68.0,-0.121,-0.278,0.303,0.59,203.5,West India Coastal Current (WICC),0.0,NASA OSCAR L4 / INCOIS High-Res Hydrodynamic Ocean Model
973,2026-08-23,17.0,69.0,0.007,-0.317,0.317,0.62,178.7,West India Coastal Current (WICC),0.0,NASA OSCAR L4 / INCOIS High-Res Hydrodynamic Ocean Model
974,2026-08-23,17.0,70.0,-0.162,-0.314,0.353,0.69,207.3,West India Coastal Current (WICC),0.0,NASA OSCAR L4 / INCOIS High-Res Hydrodynamic Ocean Model
975,2026-08-23,17.0,71.0,-0.134,-0.114,0.176,0.34,229.6,West India Coastal Current (WICC),0.0,NASA OSCAR L4 / INCOIS High-Res Hydrodynamic Ocean Model
976,2026-08-23,17.0,72.0,-0.094,-0.23,0.248,0.48,202.2,West India Coastal Current (WICC),0.0,NASA OSCAR L4 / INCOIS High-Res Hydrodynamic Ocean Model
977,2026-08-23,17.0,73.0,-0.242,-0.185,0.305,0.59,232.6,West India Coastal Current (WICC),0.0,NASA OSCAR L4 / INCOIS High-Res Hydrodynamic Ocean Model
978,2026-08-23,17.0,85.0,0.157,-0.0,0.157,0.31,90.0,East India Coastal Current (EICC),0.0,NASA OSCAR L4 / INCOIS High-Res Hydrodynamic Ocean Model
979,2026-08-23,17.0,86.0,0.161,0.27,0.314,0.61,30.8,East India Coastal Current (EICC),0.0,NASA OSCAR L4 / INCOIS High-Res Hydrodynamic Ocean Model
980,2026-08-23,17.0,87.0,0.21,0.232,0.313,0.61,42.2,East India Coastal Current (EICC),0.0,NASA OSCAR L4 / INCOIS High-Res Hydrodynamic Ocean Model
981,2026-08-23,17.0,88.0,0.271,0.171,0.32,0.62,57.7,East India Coastal Current (EICC),0.0,NASA OSCAR L4 / INCOIS High-Res Hydrodynamic Ocean Model
982,2026-08-23,17.0,89.0,0.189,0.144,0.238,0.46,52.7,East India Coastal Current (EICC),0.0,NASA OSCAR L4 / INCOIS High-Res Hydrodynamic Ocean Model
983,2026-08-23,17.0,90.0,0.208,0.081,0.223,0.43,68.7,East India Coastal Current (EICC),0.0,NASA OSCAR L4 / INCOIS High-Res Hydrodynamic Ocean Model
984,2026-08-23,17.0,91.0,0.158,0.235,0.283,0.55,33.9,East India Coastal Current (EICC),0.0,NASA OSCAR L4 / INCOIS High-Res Hydrodynamic Ocean Model
985,2026-08-23,17.0,92.0,0.193,0.039,0.197,0.38,78.6,East India Coastal Current (EICC),0.0,NASA OSCAR L4 / INCOIS High-Res Hydrodynamic Ocean Model
986,2026-08-23,17.0,93.0,0.147,0.092,0.173,0.34,58.0,East India Coastal Current (EICC),0.0,NASA OSCAR L4 / INCOIS High-Res Hydrodynamic Ocean Model
987,2026-08-23,17.0,94.0,0.282,-0.081,0.293,0.57,106.0,East India Coastal Current (EICC),0.0,NASA OSCAR L4 / INCOIS High-Res Hydrodynamic Ocean Model
988,2026-08-23,18.0,68.0,-0.117,-0.193,0.226,0.44,211.2,West India Coastal Current (WICC),0.0,NASA OSCAR L4 / INCOIS High-Res Hydrodynamic Ocean Model
989,2026-08-23,18.0,69.0,-0.135,-0.24,0.275,0.53,209.4,West India Coastal Current (WICC),0.0,NASA OSCAR L4 / INCOIS High-Res Hydrodynamic Ocean Model
990,2026-08-23,18.0,70.0,-0.124,-0.368,0.388,0.75,198.6,West India Coastal Current (WICC),0.0,NASA OSCAR L4 / INCOIS High-Res Hydrodynamic Ocean Model
991,2026-08-23,18.0,71.0,-0.235,-0.243,0.338,0.66,224.0,West India Coastal Current (WICC),0.0,NASA OSCAR L4 / INCOIS High-Res Hydrodynamic Ocean Model
992,2026-08-23,18.0,72.0,-0.295,-0.15,0.331,0.64,243.0,West India Coastal Current (WICC),0.0,NASA OSCAR L4 / INCOIS High-Res Hydrodynamic Ocean Model
993,2026-08-23,18.0,73.0,-0.06,-0.349,0.354,0.69,189.8,West India Coastal Current (WICC),0.0,NASA OSCAR L4 / INCOIS High-Res Hydrodynamic Ocean Model
994,2026-08-23,18.0,85.0,0.211,0.202,0.292,0.57,46.2,East India Coastal Current (EICC),0.0,NASA OSCAR L4 / INCOIS High-Res Hydrodynamic Ocean Model
995,2026-08-23,18.0,86.0,0.247,0.074,0.258,0.5,73.3,East India Coastal Current (EICC),0.0,NASA OSCAR L4 / INCOIS High-Res Hydrodynamic Ocean Model
996,2026-08-23,18.0,87.0,0.279,0.212,0.35,0.68,52.8,East India Coastal Current (EICC),0.0,NASA OSCAR L4 / INCOIS High-Res Hydrodynamic Ocean Model
997,2026-08-23,18.0,88.0,0.134,0.004,0.134,0.26,88.3,East India Coastal Current (EICC),0.0,NASA OSCAR L4 / INCOIS High-Res Hydrodynamic Ocean Model
998,2026-08-23,18.0,89.0,0.183,-0.044,0.188,0.37,103.5,East India Coastal Current (EICC),0.0,NASA OSCAR L4 / INCOIS High-Res Hydrodynamic Ocean Model
999,2026-08-23,18.0,90.0,0.258,0.184,0.317,0.62,54.5,East India Coastal Current (EICC),0.0,NASA OSCAR L4 / INCOIS High-Res Hydrodynamic Ocean Model
1000,2026-08-23,18.0,91.0,0.19,0.29,0.347,0.67,33.2,East India Coastal Current (EICC),0.0,NASA OSCAR L4 / INCOIS High-Res Hydrodynamic Ocean Model
1001,2026-08-23,18.0,92.0,0.384,0.275,0.472,0.92,54.4,East India Coastal Current (EICC),0.0,NASA OSCAR L4 / INCOIS High-Res Hydrodynamic Ocean Model
1002,2026-08-23,18.0,93.0,0.201,0.094,0.222,0.43,64.9,East India Coastal Current (EICC),0.0,NASA OSCAR L4 / INCOIS High-Res Hydrodynamic Ocean Model
1003,2026-08-23,18.0,94.0,0.201,0.042,0.205,0.4,78.2,East India Coastal Current (EICC),0.0,NASA OSCAR L4 / INCOIS High-Res Hydrodynamic Ocean Model
1004,2026-08-23,19.0,68.0,-0.013,-0.261,0.261,0.51,182.9,West India Coastal Current (WICC),0.0,NASA OSCAR L4 / INCOIS High-Res Hydrodynamic Ocean Model
1005,2026-08-23,19.0,69.0,-0.248,-0.266,0.364,0.71,223.0,West India Coastal Current (WICC),0.0,NASA OSCAR L4 / INCOIS High-Res Hydrodynamic Ocean Model
1006,2026-08-23,19.0,70.0,-0.2,-0.2,0.283,0.55,225.0,West India Coastal Current (WICC),0.0,NASA OSCAR L4 / INCOIS High-Res Hydrodynamic Ocean Model
1007,2026-08-23,19.0,71.0,-0.194,0.011,0.194,0.38,273.2,West India Coastal Current (WICC),0.0,NASA OSCAR L4 / INCOIS High-Res Hydrodynamic Ocean Model
1008,2026-08-23,19.0,72.0,0.07,0.033,0.077,0.15,64.8,West India Coastal Current (WICC),0.0,NASA OSCAR L4 / INCOIS High-Res Hydrodynamic Ocean Model
1009,2026-08-23,19.0,73.0,-0.197,-0.239,0.31,0.6,219.5,West India Coastal Current (WICC),0.0,NASA OSCAR L4 / INCOIS High-Res Hydrodynamic Ocean Model
1010,2026-08-23,19.0,85.0,0.323,0.265,0.418,0.81,50.6,East India Coastal Current (EICC),0.0,NASA OSCAR L4 / INCOIS High-Res Hydrodynamic Ocean Model
1011,2026-08-23,19.0,86.0,0.154,0.239,0.284,0.55,32.8,East India Coastal Current (EICC),0.0,NASA OSCAR L4 / INCOIS High-Res Hydrodynamic Ocean Model
1012,2026-08-23,19.0,87.0,0.217,0.132,0.254,0.49,58.7,East India Coastal Current (EICC),0.0,NASA OSCAR L4 / INCOIS High-Res Hydrodynamic Ocean Model
1013,2026-08-23,19.0,88.0,0.228,0.022,0.229,0.45,84.5,East India Coastal Current (EICC),0.0,NASA OSCAR L4 / INCOIS High-Res Hydrodynamic Ocean Model
1014,2026-08-23,19.0,89.0,0.27,0.198,0.335,0.65,53.7,East India Coastal Current (EICC),0.0,NASA OSCAR L4 / INCOIS High-Res Hydrodynamic Ocean Model
1015,2026-08-23,19.0,90.0,0.182,0.243,0.304,0.59,36.8,East India Coastal Current (EICC),0.0,NASA OSCAR L4 / INCOIS High-Res Hydrodynamic Ocean Model
1016,2026-08-23,19.0,91.0,0.153,0.097,0.181,0.35,57.6,East India Coastal Current (EICC),0.0,NASA OSCAR L4 / INCOIS High-Res Hydrodynamic Ocean Model
1017,2026-08-23,19.0,92.0,0.112,0.051,0.123,0.24,65.5,East India Coastal Current (EICC),0.0,NASA OSCAR L4 / INCOIS High-Res Hydrodynamic Ocean Model
1018,2026-08-23,19.0,93.0,0.091,0.217,0.235,0.46,22.8,East India Coastal Current (EICC),0.0,NASA OSCAR L4 / INCOIS High-Res Hydrodynamic Ocean Model
1019,2026-08-23,19.0,94.0,0.208,0.007,0.208,0.4,88.1,East India Coastal Current (EICC),0.0,NASA OSCAR L4 / INCOIS High-Res Hydrodynamic Ocean Model
1020,2026-08-23,20.0,68.0,-0.144,-0.282,0.317,0.62,207.1,West India Coastal Current (WICC),0.0,NASA OSCAR L4 / INCOIS High-Res Hydrodynamic Ocean Model
1021,2026-08-23,20.0,69.0,-0.199,-0.136,0.241,0.47,235.7,West India Coastal Current (WICC),0.0,NASA OSCAR L4 / INCOIS High-Res Hydrodynamic Ocean Model
1022,2026-08-23,20.0,70.0,-0.143,-0.359,0.386,0.75,201.7,West India Coastal Current (WICC),0.0,NASA OSCAR L4 / INCOIS High-Res Hydrodynamic Ocean Model
1023,2026-08-23,20.0,71.0,-0.109,-0.375,0.391,0.76,196.2,West India Coastal Current (WICC),0.0,NASA OSCAR L4 / INCOIS High-Res Hydrodynamic Ocean Model
1024,2026-08-23,20.0,72.0,-0.143,-0.22,0.262,0.51,213.0,West India Coastal Current (WICC),0.0,NASA OSCAR L4 / INCOIS High-Res Hydrodynamic Ocean Model
1025,2026-08-23,20.0,73.0,-0.182,-0.383,0.424,0.82,205.4,West India Coastal Current (WICC),0.0,NASA OSCAR L4 / INCOIS High-Res Hydrodynamic Ocean Model
1026,2026-08-23,20.0,85.0,0.177,0.248,0.305,0.59,35.5,East India Coastal Current (EICC),0.0,NASA OSCAR L4 / INCOIS High-Res Hydrodynamic Ocean Model
1027,2026-08-23,20.0,86.0,0.194,0.292,0.351,0.68,33.6,East India Coastal Current (EICC),0.0,NASA OSCAR L4 / INCOIS High-Res Hydrodynamic Ocean Model
1028,2026-08-23,20.0,87.0,0.119,0.221,0.251,0.49,28.3,East India Coastal Current (EICC),0.0,NASA OSCAR L4 / INCOIS High-Res Hydrodynamic Ocean Model
1029,2026-08-23,20.0,88.0,0.169,0.037,0.173,0.34,77.7,East India Coastal Current (EICC),0.0,NASA OSCAR L4 / INCOIS High-Res Hydrodynamic Ocean Model
1030,2026-08-23,20.0,89.0,0.316,0.202,0.375,0.73,57.4,East India Coastal Current (EICC),0.0,NASA OSCAR L4 / INCOIS High-Res Hydrodynamic Ocean Model
1031,2026-08-23,20.0,90.0,0.141,0.101,0.173,0.34,54.4,East India Coastal Current (EICC),0.0,NASA OSCAR L4 / INCOIS High-Res Hydrodynamic Ocean Model
1032,2026-08-23,20.0,91.0,0.157,0.293,0.332,0.65,28.2,East India Coastal Current (EICC),0.0,NASA OSCAR L4 / INCOIS High-Res Hydrodynamic Ocean Model
1033,2026-08-23,20.0,92.0,0.263,0.152,0.304,0.59,60.0,East India Coastal Current (EICC),0.0,NASA OSCAR L4 / INCOIS High-Res Hydrodynamic Ocean Model
1034,2026-08-23,20.0,93.0,0.302,0.05,0.306,0.59,80.6,East India Coastal Current (EICC),0.0,NASA OSCAR L4 / INCOIS High-Res Hydrodynamic Ocean Model
1035,2026-08-23,20.0,94.0,0.239,0.175,0.296,0.58,53.8,East India Coastal Current (EICC),0.0,NASA OSCAR L4 / INCOIS High-Res Hydrodynamic Ocean Model
1036,2026-08-23,21.0,68.0,-0.132,-0.183,0.226,0.44,215.8,West India Coastal Current (WICC),0.0,NASA OSCAR L4 / INCOIS High-Res Hydrodynamic Ocean Model
1037,2026-08-23,21.0,69.0,-0.243,-0.331,0.411,0.8,216.3,West India Coastal Current (WICC),0.0,NASA OSCAR L4 / INCOIS High-Res Hydrodynamic Ocean Model
1038,2026-08-23,21.0,70.0,-0.16,-0.068,0.174,0.34,247.0,West India Coastal Current (WICC),0.0,NASA OSCAR L4 / INCOIS High-Res Hydrodynamic Ocean Model
1039,2026-08-23,21.0,71.0,-0.122,-0.291,0.316,0.61,202.7,West India Coastal Current (WICC),0.0,NASA OSCAR L4 / INCOIS High-Res Hydrodynamic Ocean Model
1040,2026-08-23,21.0,72.0,-0.182,-0.22,0.286,0.56,219.6,West India Coastal Current (WICC),0.0,NASA OSCAR L4 / INCOIS High-Res Hydrodynamic Ocean Model
1041,2026-08-23,21.0,73.0,-0.104,-0.237,0.259,0.5,203.7,West India Coastal Current (WICC),0.0,NASA OSCAR L4 / INCOIS High-Res Hydrodynamic Ocean Model
1042,2026-08-23,21.0,74.0,-0.024,-0.138,0.14,0.27,189.9,West India Coastal Current (WICC),0.0,NASA OSCAR L4 / INCOIS High-Res Hydrodynamic Ocean Model
1043,2026-08-23,21.0,75.0,0.098,-0.273,0.29,0.56,160.3,West India Coastal Current (WICC),0.0,NASA OSCAR L4 / INCOIS High-Res Hydrodynamic Ocean Model
1044,2026-08-23,21.0,76.0,-0.168,-0.361,0.398,0.77,205.0,West India Coastal Current (WICC),0.0,NASA OSCAR L4 / INCOIS High-Res Hydrodynamic Ocean Model
1045,2026-08-23,21.0,77.0,0.262,0.132,0.293,0.57,63.3,East India Coastal Current (EICC),0.0,NASA OSCAR L4 / INCOIS High-Res Hydrodynamic Ocean Model
1046,2026-08-23,21.0,78.0,0.317,0.075,0.326,0.63,76.7,East India Coastal Current (EICC),0.0,NASA OSCAR L4 / INCOIS High-Res Hydrodynamic Ocean Model
1047,2026-08-23,21.0,79.0,0.212,-0.036,0.215,0.42,99.6,East India Coastal Current (EICC),0.0,NASA OSCAR L4 / INCOIS High-Res Hydrodynamic Ocean Model
1048,2026-08-23,21.0,80.0,0.175,0.135,0.221,0.43,52.4,East India Coastal Current (EICC),0.0,NASA OSCAR L4 / INCOIS High-Res Hydrodynamic Ocean Model
1049,2026-08-23,21.0,81.0,0.232,0.145,0.274,0.53,58.0,East India Coastal Current (EICC),0.0,NASA OSCAR L4 / INCOIS High-Res Hydrodynamic Ocean Model
1050,2026-08-23,21.0,82.0,0.181,0.197,0.268,0.52,42.6,East India Coastal Current (EICC),0.0,NASA OSCAR L4 / INCOIS High-Res Hydrodynamic Ocean Model
1051,2026-08-23,21.0,83.0,0.254,0.246,0.354,0.69,45.9,East India Coastal Current (EICC),0.0,NASA OSCAR L4 / INCOIS High-Res Hydrodynamic Ocean Model
1052,2026-08-23,21.0,84.0,0.322,0.086,0.333,0.65,75.0,East India Coastal Current (EICC),0.0,NASA OSCAR L4 / INCOIS High-Res Hydrodynamic Ocean Model
1053,2026-08-23,21.0,85.0,-0.068,0.134,0.15,0.29,333.1,East India Coastal Current (EICC),0.0,NASA OSCAR L4 / INCOIS High-Res Hydrodynamic Ocean Model
1054,2026-08-23,21.0,86.0,0.307,0.186,0.359,0.7,58.8,East India Coastal Current (EICC),0.0,NASA OSCAR L4 / INCOIS High-Res Hydrodynamic Ocean Model
1055,2026-08-23,21.0,87.0,0.267,0.341,0.433,0.84,38.1,East India Coastal Current (EICC),0.0,NASA OSCAR L4 / INCOIS High-Res Hydrodynamic Ocean Model
1056,2026-08-23,21.0,88.0,0.116,0.252,0.277,0.54,24.7,East India Coastal Current (EICC),0.0,NASA OSCAR L4 / INCOIS High-Res Hydrodynamic Ocean Model
1057,2026-08-23,21.0,89.0,0.273,0.136,0.305,0.59,63.5,East India Coastal Current (EICC),0.0,NASA OSCAR L4 / INCOIS High-Res Hydrodynamic Ocean Model
1058,2026-08-23,21.0,90.0,0.164,0.11,0.197,0.38,56.1,East India Coastal Current (EICC),0.0,NASA OSCAR L4 / INCOIS High-Res Hydrodynamic Ocean Model
1059,2026-08-23,21.0,91.0,0.068,0.115,0.134,0.26,30.6,East India Coastal Current (EICC),0.0,NASA OSCAR L4 / INCOIS High-Res Hydrodynamic Ocean Model
1060,2026-08-23,21.0,92.0,0.313,-0.052,0.317,0.62,99.4,East India Coastal Current (EICC),0.0,NASA OSCAR L4 / INCOIS High-Res Hydrodynamic Ocean Model
1061,2026-08-23,21.0,93.0,0.162,0.288,0.33,0.64,29.4,East India Coastal Current (EICC),0.0,NASA OSCAR L4 / INCOIS High-Res Hydrodynamic Ocean Model
1062,2026-08-23,21.0,94.0,0.167,0.308,0.35,0.68,28.5,East India Coastal Current (EICC),0.0,NASA OSCAR L4 / INCOIS High-Res Hydrodynamic Ocean Model
1063,2026-08-23,22.0,68.0,-0.116,-0.316,0.337,0.66,200.2,West India Coastal Current (WICC),0.0,NASA OSCAR L4 / INCOIS High-Res Hydrodynamic Ocean Model
1064,2026-08-23,22.0,69.0,-0.198,-0.122,0.233,0.45,238.4,West India Coastal Current (WICC),0.0,NASA OSCAR L4 / INCOIS High-Res Hydrodynamic Ocean Model
1065,2026-08-23,22.0,70.0,-0.153,-0.396,0.425,0.83,201.1,West India Coastal Current (WICC),0.0,NASA OSCAR L4 / INCOIS High-Res Hydrodynamic Ocean Model
1066,2026-08-23,22.0,71.0,-0.045,-0.099,0.109,0.21,204.4,West India Coastal Current (WICC),0.0,NASA OSCAR L4 / INCOIS High-Res Hydrodynamic Ocean Model
1067,2026-08-23,22.0,72.0,-0.097,-0.294,0.31,0.6,198.3,West India Coastal Current (WICC),0.0,NASA OSCAR L4 / INCOIS High-Res Hydrodynamic Ocean Model
1068,2026-08-23,22.0,73.0,-0.24,-0.4,0.466,0.91,211.0,West India Coastal Current (WICC),0.0,NASA OSCAR L4 / INCOIS High-Res Hydrodynamic Ocean Model
1069,2026-08-23,22.0,74.0,-0.193,-0.132,0.234,0.45,235.6,West India Coastal Current (WICC),0.0,NASA OSCAR L4 / INCOIS High-Res Hydrodynamic Ocean Model
1070,2026-08-23,22.0,75.0,0.044,-0.306,0.309,0.6,171.8,West India Coastal Current (WICC),0.0,NASA OSCAR L4 / INCOIS High-Res Hydrodynamic Ocean Model
1071,2026-08-23,22.0,76.0,-0.135,-0.141,0.195,0.38,223.8,West India Coastal Current (WICC),0.0,NASA OSCAR L4 / INCOIS High-Res Hydrodynamic Ocean Model
1072,2026-08-23,22.0,77.0,0.221,0.147,0.265,0.52,56.4,East India Coastal Current (EICC),0.0,NASA OSCAR L4 / INCOIS High-Res Hydrodynamic Ocean Model
1073,2026-08-23,22.0,78.0,0.217,0.185,0.285,0.55,49.6,East India Coastal Current (EICC),0.0,NASA OSCAR L4 / INCOIS High-Res Hydrodynamic Ocean Model
1074,2026-08-23,22.0,79.0,0.258,0.099,0.276,0.54,69.0,East India Coastal Current (EICC),0.0,NASA OSCAR L4 / INCOIS High-Res Hydrodynamic Ocean Model
1075,2026-08-23,22.0,80.0,0.247,0.054,0.253,0.49,77.7,East India Coastal Current (EICC),0.0,NASA OSCAR L4 / INCOIS High-Res Hydrodynamic Ocean Model
1076,2026-08-23,22.0,81.0,0.256,0.14,0.292,0.57,61.3,East India Coastal Current (EICC),0.0,NASA OSCAR L4 / INCOIS High-Res Hydrodynamic Ocean Model
1077,2026-08-23,22.0,82.0,-0.016,0.204,0.205,0.4,355.5,East India Coastal Current (EICC),0.0,NASA OSCAR L4 / INCOIS High-Res Hydrodynamic Ocean Model
1078,2026-08-23,22.0,83.0,0.245,0.171,0.299,0.58,55.1,East India Coastal Current (EICC),0.0,NASA OSCAR L4 / INCOIS High-Res Hydrodynamic Ocean Model
1079,2026-08-23,22.0,84.0,0.144,0.177,0.228,0.44,39.1,East India Coastal Current (EICC),0.0,NASA OSCAR L4 / INCOIS High-Res Hydrodynamic Ocean Model
1080,2026-08-23,22.0,85.0,0.142,0.18,0.229,0.45,38.3,East India Coastal Current (EICC),0.0,NASA OSCAR L4 / INCOIS High-Res Hydrodynamic Ocean Model
1081,2026-08-23,22.0,86.0,0.279,0.089,0.293,0.57,72.3,East India Coastal Current (EICC),0.0,NASA OSCAR L4 / INCOIS High-Res Hydrodynamic Ocean Model
1082,2026-08-23,22.0,87.0,0.304,0.045,0.307,0.6,81.6,East India Coastal Current (EICC),0.0,NASA OSCAR L4 / INCOIS High-Res Hydrodynamic Ocean Model
1083,2026-08-23,22.0,88.0,0.314,0.188,0.366,0.71,59.1,East India Coastal Current (EICC),0.0,NASA OSCAR L4 / INCOIS High-Res Hydrodynamic Ocean Model
1084,2026-08-23,22.0,89.0,0.135,0.15,0.202,0.39,42.0,East India Coastal Current (EICC),0.0,NASA OSCAR L4 / INCOIS High-Res Hydrodynamic Ocean Model
1085,2026-08-23,22.0,90.0,0.066,0.017,0.068,0.13,75.6,East India Coastal Current (EICC),0.0,NASA OSCAR L4 / INCOIS High-Res Hydrodynamic Ocean Model
1086,2026-08-23,22.0,91.0,0.14,0.437,0.459,0.89,17.8,East India Coastal Current (EICC),0.0,NASA OSCAR L4 / INCOIS High-Res Hydrodynamic Ocean Model
1087,2026-08-23,22.0,92.0,0.222,0.248,0.333,0.65,41.8,East India Coastal Current (EICC),0.0,NASA OSCAR L4 / INCOIS High-Res Hydrodynamic Ocean Model
1088,2026-08-23,22.0,93.0,0.316,0.02,0.317,0.62,86.4,East India Coastal Current (EICC),0.0,NASA OSCAR L4 / INCOIS High-Res Hydrodynamic Ocean Model
1089,2026-08-23,22.0,94.0,0.05,0.158,0.166,0.32,17.6,East India Coastal Current (EICC),0.0,NASA OSCAR L4 / INCOIS High-Res Hydrodynamic Ocean Model
1090,2026-08-23,23.0,68.0,-0.089,-0.27,0.284,0.55,198.2,West India Coastal Current (WICC),0.0,NASA OSCAR L4 / INCOIS High-Res Hydrodynamic Ocean Model
1091,2026-08-23,23.0,69.0,-0.165,-0.222,0.277,0.54,216.6,West India Coastal Current (WICC),0.0,NASA OSCAR L4 / INCOIS High-Res Hydrodynamic Ocean Model
1092,2026-08-23,23.0,70.0,-0.197,-0.232,0.304,0.59,220.3,West India Coastal Current (WICC),0.0,NASA OSCAR L4 / INCOIS High-Res Hydrodynamic Ocean Model
1093,2026-08-23,23.0,71.0,-0.11,-0.228,0.253,0.49,205.8,West India Coastal Current (WICC),0.0,NASA OSCAR L4 / INCOIS High-Res Hydrodynamic Ocean Model
1094,2026-08-23,23.0,72.0,-0.2,-0.375,0.425,0.83,208.1,West India Coastal Current (WICC),0.0,NASA OSCAR L4 / INCOIS High-Res Hydrodynamic Ocean Model
1095,2026-08-23,23.0,73.0,-0.162,-0.126,0.205,0.4,232.1,West India Coastal Current (WICC),0.0,NASA OSCAR L4 / INCOIS High-Res Hydrodynamic Ocean Model
1096,2026-08-23,23.0,74.0,-0.128,-0.303,0.329,0.64,202.9,West India Coastal Current (WICC),0.0,NASA OSCAR L4 / INCOIS High-Res Hydrodynamic Ocean Model
1097,2026-08-23,23.0,75.0,-0.072,-0.198,0.211,0.41,200.0,West India Coastal Current (WICC),0.0,NASA OSCAR L4 / INCOIS High-Res Hydrodynamic Ocean Model
1098,2026-08-23,23.0,76.0,-0.114,-0.15,0.188,0.37,217.2,West India Coastal Current (WICC),0.0,NASA OSCAR L4 / INCOIS High-Res Hydrodynamic Ocean Model
1099,2026-08-23,23.0,77.0,0.163,0.194,0.253,0.49,40.0,East India Coastal Current (EICC),0.0,NASA OSCAR L4 / INCOIS High-Res Hydrodynamic Ocean Model
1100,2026-08-23,23.0,78.0,0.141,0.006,0.141,0.27,87.6,East India Coastal Current (EICC),0.0,NASA OSCAR L4 / INCOIS High-Res Hydrodynamic Ocean Model
1101,2026-08-23,23.0,79.0,0.169,0.167,0.238,0.46,45.3,East India Coastal Current (EICC),0.0,NASA OSCAR L4 / INCOIS High-Res Hydrodynamic Ocean Model
1102,2026-08-23,23.0,80.0,0.026,0.218,0.22,0.43,6.8,East India Coastal Current (EICC),0.0,NASA OSCAR L4 / INCOIS High-Res Hydrodynamic Ocean Model
1103,2026-08-23,23.0,81.0,0.269,-0.072,0.278,0.54,105.0,East India Coastal Current (EICC),0.0,NASA OSCAR L4 / INCOIS High-Res Hydrodynamic Ocean Model
1104,2026-08-23,23.0,82.0,0.133,0.241,0.275,0.53,28.9,East India Coastal Current (EICC),0.0,NASA OSCAR L4 / INCOIS High-Res Hydrodynamic Ocean Model
1105,2026-08-23,23.0,83.0,0.113,-0.035,0.118,0.23,107.2,East India Coastal Current (EICC),0.0,NASA OSCAR L4 / INCOIS High-Res Hydrodynamic Ocean Model
1106,2026-08-23,23.0,84.0,0.3,0.338,0.452,0.88,41.6,East India Coastal Current (EICC),0.0,NASA OSCAR L4 / INCOIS High-Res Hydrodynamic Ocean Model
1107,2026-08-23,23.0,85.0,0.121,0.162,0.202,0.39,36.8,East India Coastal Current (EICC),0.0,NASA OSCAR L4 / INCOIS High-Res Hydrodynamic Ocean Model
1108,2026-08-23,23.0,86.0,0.034,0.17,0.173,0.34,11.3,East India Coastal Current (EICC),0.0,NASA OSCAR L4 / INCOIS High-Res Hydrodynamic Ocean Model
1109,2026-08-23,23.0,87.0,0.168,0.021,0.169,0.33,82.9,East India Coastal Current (EICC),0.0,NASA OSCAR L4 / INCOIS High-Res Hydrodynamic Ocean Model
1110,2026-08-23,23.0,88.0,0.119,0.241,0.269,0.52,26.3,East India Coastal Current (EICC),0.0,NASA OSCAR L4 / INCOIS High-Res Hydrodynamic Ocean Model
1111,2026-08-23,23.0,89.0,0.123,0.134,0.182,0.35,42.5,East India Coastal Current (EICC),0.0,NASA OSCAR L4 / INCOIS High-Res Hydrodynamic Ocean Model
1112,2026-08-23,23.0,90.0,0.016,0.256,0.256,0.5,3.6,East India Coastal Current (EICC),0.0,NASA OSCAR L4 / INCOIS High-Res Hydrodynamic Ocean Model
1113,2026-08-23,23.0,91.0,0.297,0.297,0.42,0.82,45.0,East India Coastal Current (EICC),0.0,NASA OSCAR L4 / INCOIS High-Res Hydrodynamic Ocean Model
1114,2026-08-23,23.0,92.0,0.428,0.256,0.499,0.97,59.1,East India Coastal Current (EICC),0.0,NASA OSCAR L4 / INCOIS High-Res Hydrodynamic Ocean Model
1115,2026-08-23,23.0,93.0,0.261,0.245,0.358,0.7,46.8,East India Coastal Current (EICC),0.0,NASA OSCAR L4 / INCOIS High-Res Hydrodynamic Ocean Model
1116,2026-08-23,23.0,94.0,0.139,0.39,0.414,0.8,19.6,East India Coastal Current (EICC),0.0,NASA OSCAR L4 / INCOIS High-Res Hydrodynamic Ocean Model
1117,2026-08-23,24.0,68.0,-0.162,-0.214,0.268,0.52,217.1,West India Coastal Current (WICC),0.0,NASA OSCAR L4 / INCOIS High-Res Hydrodynamic Ocean Model
1118,2026-08-23,24.0,69.0,-0.203,-0.268,0.336,0.65,217.1,West India Coastal Current (WICC),0.0,NASA OSCAR L4 / INCOIS High-Res Hydrodynamic Ocean Model
1119,2026-08-23,24.0,70.0,-0.103,-0.184,0.211,0.41,209.2,West India Coastal Current (WICC),0.0,NASA OSCAR L4 / INCOIS High-Res Hydrodynamic Ocean Model
1120,2026-08-23,24.0,71.0,-0.169,-0.314,0.357,0.69,208.3,West India Coastal Current (WICC),0.0,NASA OSCAR L4 / INCOIS High-Res Hydrodynamic Ocean Model
1121,2026-08-23,24.0,72.0,-0.14,-0.359,0.385,0.75,201.3,West India Coastal Current (WICC),0.0,NASA OSCAR L4 / INCOIS High-Res Hydrodynamic Ocean Model
1122,2026-08-23,24.0,73.0,-0.297,-0.321,0.437,0.85,222.8,West India Coastal Current (WICC),0.0,NASA OSCAR L4 / INCOIS High-Res Hydrodynamic Ocean Model
1123,2026-08-23,24.0,74.0,-0.09,-0.105,0.138,0.27,220.6,West India Coastal Current (WICC),0.0,NASA OSCAR L4 / INCOIS High-Res Hydrodynamic Ocean Model
1124,2026-08-23,24.0,75.0,-0.103,-0.305,0.322,0.63,198.7,West India Coastal Current (WICC),0.0,NASA OSCAR L4 / INCOIS High-Res Hydrodynamic Ocean Model
1125,2026-08-23,24.0,76.0,-0.206,-0.218,0.3,0.58,223.4,West India Coastal Current (WICC),0.0,NASA OSCAR L4 / INCOIS High-Res Hydrodynamic Ocean Model
1126,2026-08-23,24.0,77.0,0.092,0.064,0.112,0.22,55.2,East India Coastal Current (EICC),0.0,NASA OSCAR L4 / INCOIS High-Res Hydrodynamic Ocean Model
1127,2026-08-23,24.0,78.0,0.175,0.108,0.206,0.4,58.3,East India Coastal Current (EICC),0.0,NASA OSCAR L4 / INCOIS High-Res Hydrodynamic Ocean Model
1128,2026-08-23,24.0,79.0,0.261,0.191,0.323,0.63,53.8,East India Coastal Current (EICC),0.0,NASA OSCAR L4 / INCOIS High-Res Hydrodynamic Ocean Model
1129,2026-08-23,24.0,80.0,0.192,0.14,0.238,0.46,53.9,East India Coastal Current (EICC),0.0,NASA OSCAR L4 / INCOIS High-Res Hydrodynamic Ocean Model
1130,2026-08-23,24.0,81.0,0.2,0.164,0.259,0.5,50.6,East India Coastal Current (EICC),0.0,NASA OSCAR L4 / INCOIS High-Res Hydrodynamic Ocean Model
1131,2026-08-23,24.0,82.0,0.269,0.318,0.417,0.81,40.2,East India Coastal Current (EICC),0.0,NASA OSCAR L4 / INCOIS High-Res Hydrodynamic Ocean Model
1132,2026-08-23,24.0,83.0,0.152,0.177,0.233,0.45,40.7,East India Coastal Current (EICC),0.0,NASA OSCAR L4 / INCOIS High-Res Hydrodynamic Ocean Model
1133,2026-08-23,24.0,84.0,0.2,0.197,0.281,0.55,45.4,East India Coastal Current (EICC),0.0,NASA OSCAR L4 / INCOIS High-Res Hydrodynamic Ocean Model
1134,2026-08-23,24.0,85.0,0.213,0.253,0.331,0.64,40.1,East India Coastal Current (EICC),0.0,NASA OSCAR L4 / INCOIS High-Res Hydrodynamic Ocean Model
1135,2026-08-23,24.0,86.0,0.127,0.197,0.234,0.45,32.8,East India Coastal Current (EICC),0.0,NASA OSCAR L4 / INCOIS High-Res Hydrodynamic Ocean Model
1136,2026-08-23,24.0,87.0,0.132,0.244,0.277,0.54,28.4,East India Coastal Current (EICC),0.0,NASA OSCAR L4 / INCOIS High-Res Hydrodynamic Ocean Model
1137,2026-08-23,24.0,88.0,0.118,0.119,0.168,0.33,44.8,East India Coastal Current (EICC),0.0,NASA OSCAR L4 / INCOIS High-Res Hydrodynamic Ocean Model
1138,2026-08-23,24.0,89.0,0.126,0.151,0.197,0.38,39.8,East India Coastal Current (EICC),0.0,NASA OSCAR L4 / INCOIS High-Res Hydrodynamic Ocean Model
1139,2026-08-23,24.0,90.0,0.272,0.171,0.321,0.62,57.8,East India Coastal Current (EICC),0.0,NASA OSCAR L4 / INCOIS High-Res Hydrodynamic Ocean Model
1140,2026-08-23,24.0,91.0,0.193,0.285,0.344,0.67,34.1,East India Coastal Current (EICC),0.0,NASA OSCAR L4 / INCOIS High-Res Hydrodynamic Ocean Model
1141,2026-08-23,24.0,92.0,0.087,0.047,0.099,0.19,61.6,East India Coastal Current (EICC),0.0,NASA OSCAR L4 / INCOIS High-Res Hydrodynamic Ocean Model
1142,2026-08-23,24.0,93.0,0.316,0.27,0.416,0.81,49.5,East India Coastal Current (EICC),0.0,NASA OSCAR L4 / INCOIS High-Res Hydrodynamic Ocean Model
1143,2026-08-23,24.0,94.0,0.337,0.044,0.34,0.66,82.6,East India Coastal Current (EICC),0.0,NASA OSCAR L4 / INCOIS High-Res Hydrodynamic Ocean Model
1144,2026-08-22,6.0,68.0,-0.156,-0.134,0.206,0.4,229.3,West India Coastal Current (WICC),0.0,NASA OSCAR L4 / INCOIS High-Res Hydrodynamic Ocean Model
1145,2026-08-22,6.0,69.0,-0.194,-0.245,0.313,0.61,218.4,West India Coastal Current (WICC),0.0,NASA OSCAR L4 / INCOIS High-Res Hydrodynamic Ocean Model
1146,2026-08-22,6.0,70.0,-0.151,-0.25,0.292,0.57,211.1,West India Coastal Current (WICC),0.0,NASA OSCAR L4 / INCOIS High-Res Hydrodynamic Ocean Model
1147,2026-08-22,6.0,71.0,-0.143,-0.161,0.215,0.42,221.6,West India Coastal Current (WICC),0.0,NASA OSCAR L4 / INCOIS High-Res Hydrodynamic Ocean Model
1148,2026-08-22,6.0,72.0,-0.088,-0.33,0.342,0.66,194.9,West India Coastal Current (WICC),0.0,NASA OSCAR L4 / INCOIS High-Res Hydrodynamic Ocean Model
1149,2026-08-22,6.0,73.0,-0.162,-0.37,0.404,0.79,203.6,West India Coastal Current (WICC),0.0,NASA OSCAR L4 / INCOIS High-Res Hydrodynamic Ocean Model
1150,2026-08-22,6.0,74.0,-0.045,0.016,0.048,0.09,289.6,West India Coastal Current (WICC),0.0,NASA OSCAR L4 / INCOIS High-Res Hydrodynamic Ocean Model
1151,2026-08-22,6.0,75.0,-0.119,-0.28,0.304,0.59,203.0,West India Coastal Current (WICC),0.0,NASA OSCAR L4 / INCOIS High-Res Hydrodynamic Ocean Model
1152,2026-08-22,6.0,76.0,-0.08,-0.462,0.469,0.91,189.8,West India Coastal Current (WICC),0.0,NASA OSCAR L4 / INCOIS High-Res Hydrodynamic Ocean Model
1153,2026-08-22,6.0,77.0,0.225,0.301,0.376,0.73,36.8,East India Coastal Current (EICC),0.0,NASA OSCAR L4 / INCOIS High-Res Hydrodynamic Ocean Model
1154,2026-08-22,6.0,78.0,0.285,0.057,0.291,0.57,78.7,East India Coastal Current (EICC),0.0,NASA OSCAR L4 / INCOIS High-Res Hydrodynamic Ocean Model
1155,2026-08-22,6.0,79.0,0.142,0.164,0.217,0.42,40.9,East India Coastal Current (EICC),0.0,NASA OSCAR L4 / INCOIS High-Res Hydrodynamic Ocean Model
1156,2026-08-22,6.0,80.0,0.233,-0.016,0.234,0.45,93.9,East India Coastal Current (EICC),0.0,NASA OSCAR L4 / INCOIS High-Res Hydrodynamic Ocean Model
1157,2026-08-22,6.0,81.0,0.162,0.183,0.244,0.47,41.5,East India Coastal Current (EICC),0.0,NASA OSCAR L4 / INCOIS High-Res Hydrodynamic Ocean Model
1158,2026-08-22,6.0,82.0,0.239,0.395,0.462,0.9,31.2,East India Coastal Current (EICC),0.0,NASA OSCAR L4 / INCOIS High-Res Hydrodynamic Ocean Model
1159,2026-08-22,6.0,83.0,0.2,0.258,0.326,0.63,37.8,East India Coastal Current (EICC),0.0,NASA OSCAR L4 / INCOIS High-Res Hydrodynamic Ocean Model
1160,2026-08-22,6.0,84.0,0.15,0.221,0.267,0.52,34.2,East India Coastal Current (EICC),0.0,NASA OSCAR L4 / INCOIS High-Res Hydrodynamic Ocean Model
1161,2026-08-22,6.0,85.0,0.187,0.032,0.19,0.37,80.3,East India Coastal Current (EICC),0.0,NASA OSCAR L4 / INCOIS High-Res Hydrodynamic Ocean Model
1162,2026-08-22,6.0,86.0,0.208,0.204,0.291,0.57,45.6,East India Coastal Current (EICC),0.0,NASA OSCAR L4 / INCOIS High-Res Hydrodynamic Ocean Model
1163,2026-08-22,6.0,87.0,0.113,0.268,0.291,0.57,22.9,East India Coastal Current (EICC),0.0,NASA OSCAR L4 / INCOIS High-Res Hydrodynamic Ocean Model
1164,2026-08-22,6.0,88.0,0.202,0.186,0.275,0.53,47.4,East India Coastal Current (EICC),0.0,NASA OSCAR L4 / INCOIS High-Res Hydrodynamic Ocean Model
1165,2026-08-22,6.0,89.0,0.098,0.046,0.108,0.21,64.9,East India Coastal Current (EICC),0.0,NASA OSCAR L4 / INCOIS High-Res Hydrodynamic Ocean Model
1166,2026-08-22,6.0,90.0,0.131,0.041,0.137,0.27,72.6,East India Coastal Current (EICC),0.0,NASA OSCAR L4 / INCOIS High-Res Hydrodynamic Ocean Model
1167,2026-08-22,6.0,91.0,0.115,0.217,0.246,0.48,27.9,East India Coastal Current (EICC),0.0,NASA OSCAR L4 / INCOIS High-Res Hydrodynamic Ocean Model
1168,2026-08-22,6.0,92.0,0.184,0.117,0.218,0.42,57.5,East India Coastal Current (EICC),0.0,NASA OSCAR L4 / INCOIS High-Res Hydrodynamic Ocean Model
1169,2026-08-22,6.0,93.0,0.445,0.171,0.477,0.93,69.0,East India Coastal Current (EICC),0.0,NASA OSCAR L4 / INCOIS High-Res Hydrodynamic Ocean Model
1170,2026-08-22,6.0,94.0,0.084,0.153,0.175,0.34,28.8,East India Coastal Current (EICC),0.0,NASA OSCAR L4 / INCOIS High-Res Hydrodynamic Ocean Model
1171,2026-08-22,7.0,68.0,-0.205,-0.055,0.212,0.41,255.0,West India Coastal Current (WICC),0.0,NASA OSCAR L4 / INCOIS High-Res Hydrodynamic Ocean Model
1172,2026-08-22,7.0,69.0,-0.127,-0.179,0.219,0.43,215.4,West India Coastal Current (WICC),0.0,NASA OSCAR L4 / INCOIS High-Res Hydrodynamic Ocean Model
1173,2026-08-22,7.0,70.0,-0.307,-0.222,0.379,0.74,234.1,West India Coastal Current (WICC),0.0,NASA OSCAR L4 / INCOIS High-Res Hydrodynamic Ocean Model
1174,2026-08-22,7.0,71.0,-0.153,-0.486,0.51,0.99,197.5,West India Coastal Current (WICC),0.0,NASA OSCAR L4 / INCOIS High-Res Hydrodynamic Ocean Model
1175,2026-08-22,7.0,72.0,-0.283,-0.292,0.407,0.79,224.1,West India Coastal Current (WICC),0.0,NASA OSCAR L4 / INCOIS High-Res Hydrodynamic Ocean Model
1176,2026-08-22,7.0,73.0,-0.076,-0.169,0.185,0.36,204.2,West India Coastal Current (WICC),0.0,NASA OSCAR L4 / INCOIS High-Res Hydrodynamic Ocean Model
1177,2026-08-22,7.0,74.0,-0.115,-0.22,0.248,0.48,207.6,West India Coastal Current (WICC),0.0,NASA OSCAR L4 / INCOIS High-Res Hydrodynamic Ocean Model
1178,2026-08-22,7.0,75.0,-0.356,-0.329,0.485,0.94,227.3,West India Coastal Current (WICC),0.0,NASA OSCAR L4 / INCOIS High-Res Hydrodynamic Ocean Model
1179,2026-08-22,7.0,76.0,-0.343,-0.123,0.364,0.71,250.3,West India Coastal Current (WICC),0.0,NASA OSCAR L4 / INCOIS High-Res Hydrodynamic Ocean Model
1180,2026-08-22,7.0,77.0,0.131,0.111,0.172,0.33,49.7,East India Coastal Current (EICC),0.0,NASA OSCAR L4 / INCOIS High-Res Hydrodynamic Ocean Model
1181,2026-08-22,7.0,78.0,0.216,0.213,0.303,0.59,45.4,East India Coastal Current (EICC),0.0,NASA OSCAR L4 / INCOIS High-Res Hydrodynamic Ocean Model
1182,2026-08-22,7.0,79.0,0.226,0.268,0.351,0.68,40.1,East India Coastal Current (EICC),0.0,NASA OSCAR L4 / INCOIS High-Res Hydrodynamic Ocean Model
1183,2026-08-22,7.0,80.0,0.176,0.138,0.224,0.44,51.9,East India Coastal Current (EICC),0.0,NASA OSCAR L4 / INCOIS High-Res Hydrodynamic Ocean Model
1184,2026-08-22,7.0,81.0,0.202,0.11,0.23,0.45,61.4,East India Coastal Current (EICC),0.0,NASA OSCAR L4 / INCOIS High-Res Hydrodynamic Ocean Model
1185,2026-08-22,7.0,82.0,0.114,0.014,0.115,0.22,83.0,East India Coastal Current (EICC),0.0,NASA OSCAR L4 / INCOIS High-Res Hydrodynamic Ocean Model
1186,2026-08-22,7.0,83.0,0.211,0.006,0.211,0.41,88.4,East India Coastal Current (EICC),0.0,NASA OSCAR L4 / INCOIS High-Res Hydrodynamic Ocean Model
1187,2026-08-22,7.0,84.0,0.185,0.158,0.243,0.47,49.5,East India Coastal Current (EICC),0.0,NASA OSCAR L4 / INCOIS High-Res Hydrodynamic Ocean Model
1188,2026-08-22,7.0,85.0,0.198,0.128,0.236,0.46,57.1,East India Coastal Current (EICC),0.0,NASA OSCAR L4 / INCOIS High-Res Hydrodynamic Ocean Model
1189,2026-08-22,7.0,86.0,0.153,0.145,0.211,0.41,46.5,East India Coastal Current (EICC),0.0,NASA OSCAR L4 / INCOIS High-Res Hydrodynamic Ocean Model
1190,2026-08-22,7.0,87.0,0.19,0.175,0.258,0.5,47.4,East India Coastal Current (EICC),0.0,NASA OSCAR L4 / INCOIS High-Res Hydrodynamic Ocean Model
1191,2026-08-22,7.0,88.0,0.291,-0.018,0.292,0.57,93.5,East India Coastal Current (EICC),0.0,NASA OSCAR L4 / INCOIS High-Res Hydrodynamic Ocean Model
1192,2026-08-22,7.0,89.0,0.254,0.176,0.309,0.6,55.3,East India Coastal Current (EICC),0.0,NASA OSCAR L4 / INCOIS High-Res Hydrodynamic Ocean Model
1193,2026-08-22,7.0,90.0,0.113,0.049,0.123,0.24,66.6,East India Coastal Current (EICC),0.0,NASA OSCAR L4 / INCOIS High-Res Hydrodynamic Ocean Model
1194,2026-08-22,7.0,91.0,0.195,0.096,0.217,0.42,63.8,East India Coastal Current (EICC),0.0,NASA OSCAR L4 / INCOIS High-Res Hydrodynamic Ocean Model
1195,2026-08-22,7.0,92.0,0.145,0.187,0.237,0.46,37.8,East India Coastal Current (EICC),0.0,NASA OSCAR L4 / INCOIS High-Res Hydrodynamic Ocean Model
1196,2026-08-22,7.0,93.0,0.149,0.257,0.297,0.58,30.1,East India Coastal Current (EICC),0.0,NASA OSCAR L4 / INCOIS High-Res Hydrodynamic Ocean Model
1197,2026-08-22,7.0,94.0,0.106,0.206,0.232,0.45,27.2,East India Coastal Current (EICC),0.0,NASA OSCAR L4 / INCOIS High-Res Hydrodynamic Ocean Model
1198,2026-08-22,8.0,68.0,-0.175,-0.2,0.266,0.52,221.2,West India Coastal Current (WICC),0.0,NASA OSCAR L4 / INCOIS High-Res Hydrodynamic Ocean Model
1199,2026-08-22,8.0,69.0,-0.246,-0.269,0.365,0.71,222.4,West India Coastal Current (WICC),0.0,NASA OSCAR L4 / INCOIS High-Res Hydrodynamic Ocean Model
1200,2026-08-22,8.0,70.0,-0.035,-0.219,0.222,0.43,189.1,West India Coastal Current (WICC),0.0,NASA OSCAR L4 / INCOIS High-Res Hydrodynamic Ocean Model
1201,2026-08-22,8.0,71.0,-0.141,-0.237,0.276,0.54,210.7,West India Coastal Current (WICC),0.0,NASA OSCAR L4 / INCOIS High-Res Hydrodynamic Ocean Model
1202,2026-08-22,8.0,72.0,-0.148,-0.092,0.174,0.34,238.1,West India Coastal Current (WICC),0.0,NASA OSCAR L4 / INCOIS High-Res Hydrodynamic Ocean Model
1203,2026-08-22,8.0,73.0,-0.096,-0.216,0.236,0.46,204.0,West India Coastal Current (WICC),0.0,NASA OSCAR L4 / INCOIS High-Res Hydrodynamic Ocean Model
1204,2026-08-22,8.0,74.0,-0.04,-0.143,0.148,0.29,195.6,West India Coastal Current (WICC),0.0,NASA OSCAR L4 / INCOIS High-Res Hydrodynamic Ocean Model
1205,2026-08-22,8.0,75.0,-0.149,-0.334,0.366,0.71,204.0,West India Coastal Current (WICC),0.0,NASA OSCAR L4 / INCOIS High-Res Hydrodynamic Ocean Model
1206,2026-08-22,8.0,76.0,-0.122,-0.445,0.461,0.9,195.3,West India Coastal Current (WICC),0.0,NASA OSCAR L4 / INCOIS High-Res Hydrodynamic Ocean Model
1207,2026-08-22,8.0,77.0,0.254,0.23,0.343,0.67,47.8,East India Coastal Current (EICC),0.0,NASA OSCAR L4 / INCOIS High-Res Hydrodynamic Ocean Model
1208,2026-08-22,8.0,78.0,0.091,0.156,0.181,0.35,30.3,East India Coastal Current (EICC),0.0,NASA OSCAR L4 / INCOIS High-Res Hydrodynamic Ocean Model
1209,2026-08-22,8.0,79.0,0.129,0.252,0.283,0.55,27.1,East India Coastal Current (EICC),0.0,NASA OSCAR L4 / INCOIS High-Res Hydrodynamic Ocean Model
1210,2026-08-22,8.0,80.0,0.205,0.211,0.294,0.57,44.2,East India Coastal Current (EICC),0.0,NASA OSCAR L4 / INCOIS High-Res Hydrodynamic Ocean Model
1211,2026-08-22,8.0,81.0,0.242,0.079,0.255,0.5,71.9,East India Coastal Current (EICC),0.0,NASA OSCAR L4 / INCOIS High-Res Hydrodynamic Ocean Model
1212,2026-08-22,8.0,82.0,0.208,0.317,0.379,0.74,33.3,East India Coastal Current (EICC),0.0,NASA OSCAR L4 / INCOIS High-Res Hydrodynamic Ocean Model
1213,2026-08-22,8.0,83.0,0.116,0.031,0.12,0.23,75.0,East India Coastal Current (EICC),0.0,NASA OSCAR L4 / INCOIS High-Res Hydrodynamic Ocean Model
1214,2026-08-22,8.0,84.0,0.144,0.276,0.311,0.6,27.6,East India Coastal Current (EICC),0.0,NASA OSCAR L4 / INCOIS High-Res Hydrodynamic Ocean Model
1215,2026-08-22,8.0,85.0,0.202,0.065,0.212,0.41,72.2,East India Coastal Current (EICC),0.0,NASA OSCAR L4 / INCOIS High-Res Hydrodynamic Ocean Model
1216,2026-08-22,8.0,86.0,0.206,0.131,0.244,0.47,57.5,East India Coastal Current (EICC),0.0,NASA OSCAR L4 / INCOIS High-Res Hydrodynamic Ocean Model
1217,2026-08-22,8.0,87.0,0.332,0.107,0.349,0.68,72.1,East India Coastal Current (EICC),0.0,NASA OSCAR L4 / INCOIS High-Res Hydrodynamic Ocean Model
1218,2026-08-22,8.0,88.0,0.218,0.138,0.258,0.5,57.7,East India Coastal Current (EICC),0.0,NASA OSCAR L4 / INCOIS High-Res Hydrodynamic Ocean Model
1219,2026-08-22,8.0,89.0,0.147,0.209,0.256,0.5,35.1,East India Coastal Current (EICC),0.0,NASA OSCAR L4 / INCOIS High-Res Hydrodynamic Ocean Model
1220,2026-08-22,8.0,90.0,0.221,0.294,0.368,0.72,36.9,East India Coastal Current (EICC),0.0,NASA OSCAR L4 / INCOIS High-Res Hydrodynamic Ocean Model
1221,2026-08-22,8.0,91.0,0.226,0.01,0.226,0.44,87.5,East India Coastal Current (EICC),0.0,NASA OSCAR L4 / INCOIS High-Res Hydrodynamic Ocean Model
1222,2026-08-22,8.0,92.0,0.159,0.176,0.237,0.46,42.1,East India Coastal Current (EICC),0.0,NASA OSCAR L4 / INCOIS High-Res Hydrodynamic Ocean Model
1223,2026-08-22,8.0,93.0,0.238,0.287,0.373,0.73,39.7,East India Coastal Current (EICC),0.0,NASA OSCAR L4 / INCOIS High-Res Hydrodynamic Ocean Model
1224,2026-08-22,8.0,94.0,0.073,0.123,0.143,0.28,30.7,East India Coastal Current (EICC),0.0,NASA OSCAR L4 / INCOIS High-Res Hydrodynamic Ocean Model
1225,2026-08-22,9.0,68.0,-0.014,-0.187,0.188,0.37,184.3,West India Coastal Current (WICC),0.0,NASA OSCAR L4 / INCOIS High-Res Hydrodynamic Ocean Model
1226,2026-08-22,9.0,69.0,-0.094,-0.208,0.228,0.44,204.3,West India Coastal Current (WICC),0.0,NASA OSCAR L4 / INCOIS High-Res Hydrodynamic Ocean Model
1227,2026-08-22,9.0,70.0,-0.199,-0.176,0.266,0.52,228.5,West India Coastal Current (WICC),0.0,NASA OSCAR L4 / INCOIS High-Res Hydrodynamic Ocean Model
1228,2026-08-22,9.0,71.0,-0.201,-0.316,0.375,0.73,212.5,West India Coastal Current (WICC),0.0,NASA OSCAR L4 / INCOIS High-Res Hydrodynamic Ocean Model
1229,2026-08-22,9.0,72.0,-0.256,-0.337,0.423,0.82,217.2,West India Coastal Current (WICC),0.0,NASA OSCAR L4 / INCOIS High-Res Hydrodynamic Ocean Model
1230,2026-08-22,9.0,73.0,0.072,0.084,0.111,0.22,40.6,West India Coastal Current (WICC),0.0,NASA OSCAR L4 / INCOIS High-Res Hydrodynamic Ocean Model
1231,2026-08-22,9.0,85.0,0.066,0.318,0.325,0.63,11.7,East India Coastal Current (EICC),0.0,NASA OSCAR L4 / INCOIS High-Res Hydrodynamic Ocean Model
1232,2026-08-22,9.0,86.0,0.213,0.039,0.217,0.42,79.6,East India Coastal Current (EICC),0.0,NASA OSCAR L4 / INCOIS High-Res Hydrodynamic Ocean Model
1233,2026-08-22,9.0,87.0,0.157,0.104,0.188,0.37,56.5,East India Coastal Current (EICC),0.0,NASA OSCAR L4 / INCOIS High-Res Hydrodynamic Ocean Model
1234,2026-08-22,9.0,88.0,0.248,0.317,0.402,0.78,38.0,East India Coastal Current (EICC),0.0,NASA OSCAR L4 / INCOIS High-Res Hydrodynamic Ocean Model
1235,2026-08-22,9.0,89.0,0.14,0.127,0.189,0.37,47.8,East India Coastal Current (EICC),0.0,NASA OSCAR L4 / INCOIS High-Res Hydrodynamic Ocean Model
1236,2026-08-22,9.0,90.0,0.305,0.171,0.35,0.68,60.7,East India Coastal Current (EICC),0.0,NASA OSCAR L4 / INCOIS High-Res Hydrodynamic Ocean Model
1237,2026-08-22,9.0,91.0,0.19,0.302,0.357,0.69,32.2,East India Coastal Current (EICC),0.0,NASA OSCAR L4 / INCOIS High-Res Hydrodynamic Ocean Model
1238,2026-08-22,9.0,92.0,0.22,0.213,0.306,0.59,45.9,East India Coastal Current (EICC),0.0,NASA OSCAR L4 / INCOIS High-Res Hydrodynamic Ocean Model
1239,2026-08-22,9.0,93.0,0.067,0.079,0.104,0.2,40.3,East India Coastal Current (EICC),0.0,NASA OSCAR L4 / INCOIS High-Res Hydrodynamic Ocean Model
1240,2026-08-22,9.0,94.0,0.244,0.227,0.333,0.65,47.1,East India Coastal Current (EICC),0.0,NASA OSCAR L4 / INCOIS High-Res Hydrodynamic Ocean Model
1241,2026-08-22,10.0,68.0,-0.116,-0.224,0.252,0.49,207.4,West India Coastal Current (WICC),0.0,NASA OSCAR L4 / INCOIS High-Res Hydrodynamic Ocean Model
1242,2026-08-22,10.0,69.0,-0.102,-0.375,0.389,0.76,195.2,West India Coastal Current (WICC),0.0,NASA OSCAR L4 / INCOIS High-Res Hydrodynamic Ocean Model
1243,2026-08-22,10.0,70.0,-0.194,-0.227,0.299,0.58,220.5,West India Coastal Current (WICC),0.0,NASA OSCAR L4 / INCOIS High-Res Hydrodynamic Ocean Model
1244,2026-08-22,10.0,71.0,-0.187,-0.32,0.371,0.72,210.3,West India Coastal Current (WICC),0.0,NASA OSCAR L4 / INCOIS High-Res Hydrodynamic Ocean Model
1245,2026-08-22,10.0,72.0,-0.163,-0.454,0.482,0.94,199.7,West India Coastal Current (WICC),0.0,NASA OSCAR L4 / INCOIS High-Res Hydrodynamic Ocean Model
1246,2026-08-22,10.0,73.0,-0.035,-0.17,0.174,0.34,191.6,West India Coastal Current (WICC),0.0,NASA OSCAR L4 / INCOIS High-Res Hydrodynamic Ocean Model
1247,2026-08-22,10.0,85.0,0.288,0.258,0.387,0.75,48.1,East India Coastal Current (EICC),0.0,NASA OSCAR L4 / INCOIS High-Res Hydrodynamic Ocean Model
1248,2026-08-22,10.0,86.0,0.1,0.103,0.144,0.28,44.2,East India Coastal Current (EICC),0.0,NASA OSCAR L4 / INCOIS High-Res Hydrodynamic Ocean Model
1249,2026-08-22,10.0,87.0,0.191,0.044,0.196,0.38,77.0,East India Coastal Current (EICC),0.0,NASA OSCAR L4 / INCOIS High-Res Hydrodynamic Ocean Model
1250,2026-08-22,10.0,88.0,0.225,0.137,0.263,0.51,58.7,East India Coastal Current (EICC),0.0,NASA OSCAR L4 / INCOIS High-Res Hydrodynamic Ocean Model
1251,2026-08-22,10.0,89.0,0.207,0.036,0.21,0.41,80.1,East India Coastal Current (EICC),0.0,NASA OSCAR L4 / INCOIS High-Res Hydrodynamic Ocean Model
1252,2026-08-22,10.0,90.0,0.129,0.239,0.272,0.53,28.4,East India Coastal Current (EICC),0.0,NASA OSCAR L4 / INCOIS High-Res Hydrodynamic Ocean Model
1253,2026-08-22,10.0,91.0,0.122,0.071,0.141,0.27,59.8,East India Coastal Current (EICC),0.0,NASA OSCAR L4 / INCOIS High-Res Hydrodynamic Ocean Model
1254,2026-08-22,10.0,92.0,0.17,0.216,0.275,0.53,38.2,East India Coastal Current (EICC),0.0,NASA OSCAR L4 / INCOIS High-Res Hydrodynamic Ocean Model
1255,2026-08-22,10.0,93.0,0.249,-0.062,0.257,0.5,104.0,East India Coastal Current (EICC),0.0,NASA OSCAR L4 / INCOIS High-Res Hydrodynamic Ocean Model
1256,2026-08-22,10.0,94.0,0.301,0.12,0.324,0.63,68.3,East India Coastal Current (EICC),0.0,NASA OSCAR L4 / INCOIS High-Res Hydrodynamic Ocean Model
1257,2026-08-22,11.0,68.0,-0.162,-0.313,0.352,0.68,207.4,West India Coastal Current (WICC),0.0,NASA OSCAR L4 / INCOIS High-Res Hydrodynamic Ocean Model
1258,2026-08-22,11.0,69.0,-0.197,-0.364,0.414,0.8,208.4,West India Coastal Current (WICC),0.0,NASA OSCAR L4 / INCOIS High-Res Hydrodynamic Ocean Model
1259,2026-08-22,11.0,70.0,-0.328,-0.264,0.421,0.82,231.2,West India Coastal Current (WICC),0.0,NASA OSCAR L4 / INCOIS High-Res Hydrodynamic Ocean Model
1260,2026-08-22,11.0,71.0,-0.279,-0.345,0.444,0.86,219.0,West India Coastal Current (WICC),0.0,NASA OSCAR L4 / INCOIS High-Res Hydrodynamic Ocean Model
1261,2026-08-22,11.0,72.0,-0.168,-0.237,0.291,0.57,215.3,West India Coastal Current (WICC),0.0,NASA OSCAR L4 / INCOIS High-Res Hydrodynamic Ocean Model
1262,2026-08-22,11.0,73.0,-0.065,-0.361,0.367,0.71,190.2,West India Coastal Current (WICC),0.0,NASA OSCAR L4 / INCOIS High-Res Hydrodynamic Ocean Model
1263,2026-08-22,11.0,85.0,0.188,0.174,0.256,0.5,47.2,East India Coastal Current (EICC),0.0,NASA OSCAR L4 / INCOIS High-Res Hydrodynamic Ocean Model
1264,2026-08-22,11.0,86.0,0.181,0.278,0.332,0.65,33.1,East India Coastal Current (EICC),0.0,NASA OSCAR L4 / INCOIS High-Res Hydrodynamic Ocean Model
1265,2026-08-22,11.0,87.0,0.173,0.15,0.229,0.45,49.1,East India Coastal Current (EICC),0.0,NASA OSCAR L4 / INCOIS High-Res Hydrodynamic Ocean Model
1266,2026-08-22,11.0,88.0,0.193,0.124,0.229,0.45,57.3,East India Coastal Current (EICC),0.0,NASA OSCAR L4 / INCOIS High-Res Hydrodynamic Ocean Model
1267,2026-08-22,11.0,89.0,0.244,0.178,0.302,0.59,53.9,East India Coastal Current (EICC),0.0,NASA OSCAR L4 / INCOIS High-Res Hydrodynamic Ocean Model
1268,2026-08-22,11.0,90.0,0.236,0.079,0.249,0.48,71.5,East India Coastal Current (EICC),0.0,NASA OSCAR L4 / INCOIS High-Res Hydrodynamic Ocean Model
1269,2026-08-22,11.0,91.0,0.097,0.038,0.104,0.2,68.6,East India Coastal Current (EICC),0.0,NASA OSCAR L4 / INCOIS High-Res Hydrodynamic Ocean Model
1270,2026-08-22,11.0,92.0,0.151,0.041,0.156,0.3,74.8,East India Coastal Current (EICC),0.0,NASA OSCAR L4 / INCOIS High-Res Hydrodynamic Ocean Model
1271,2026-08-22,11.0,93.0,0.316,0.002,0.316,0.61,89.6,East India Coastal Current (EICC),0.0,NASA OSCAR L4 / INCOIS High-Res Hydrodynamic Ocean Model
1272,2026-08-22,11.0,94.0,0.256,0.198,0.324,0.63,52.3,East India Coastal Current (EICC),0.0,NASA OSCAR L4 / INCOIS High-Res Hydrodynamic Ocean Model
1273,2026-08-22,12.0,68.0,-0.195,-0.208,0.285,0.55,223.2,West India Coastal Current (WICC),0.0,NASA OSCAR L4 / INCOIS High-Res Hydrodynamic Ocean Model
1274,2026-08-22,12.0,69.0,-0.222,-0.245,0.331,0.64,222.2,West India Coastal Current (WICC),0.0,NASA OSCAR L4 / INCOIS High-Res Hydrodynamic Ocean Model
1275,2026-08-22,12.0,70.0,-0.141,-0.07,0.157,0.31,243.6,West India Coastal Current (WICC),0.0,NASA OSCAR L4 / INCOIS High-Res Hydrodynamic Ocean Model
1276,2026-08-22,12.0,71.0,0.0,-0.26,0.26,0.51,180.0,West India Coastal Current (WICC),0.0,NASA OSCAR L4 / INCOIS High-Res Hydrodynamic Ocean Model
1277,2026-08-22,12.0,72.0,-0.223,-0.116,0.251,0.49,242.5,West India Coastal Current (WICC),0.0,NASA OSCAR L4 / INCOIS High-Res Hydrodynamic Ocean Model
1278,2026-08-22,12.0,73.0,-0.261,-0.314,0.408,0.79,219.7,West India Coastal Current (WICC),0.0,NASA OSCAR L4 / INCOIS High-Res Hydrodynamic Ocean Model
1279,2026-08-22,12.0,85.0,0.148,0.123,0.192,0.37,50.3,East India Coastal Current (EICC),0.0,NASA OSCAR L4 / INCOIS High-Res Hydrodynamic Ocean Model
1280,2026-08-22,12.0,86.0,0.112,0.153,0.19,0.37,36.2,East India Coastal Current (EICC),0.0,NASA OSCAR L4 / INCOIS High-Res Hydrodynamic Ocean Model
1281,2026-08-22,12.0,87.0,0.102,0.076,0.127,0.25,53.3,East India Coastal Current (EICC),0.0,NASA OSCAR L4 / INCOIS High-Res Hydrodynamic Ocean Model
1282,2026-08-22,12.0,88.0,0.321,0.045,0.324,0.63,82.0,East India Coastal Current (EICC),0.0,NASA OSCAR L4 / INCOIS High-Res Hydrodynamic Ocean Model
1283,2026-08-22,12.0,89.0,0.262,0.067,0.27,0.52,75.7,East India Coastal Current (EICC),0.0,NASA OSCAR L4 / INCOIS High-Res Hydrodynamic Ocean Model
1284,2026-08-22,12.0,90.0,0.16,0.194,0.251,0.49,39.5,East India Coastal Current (EICC),0.0,NASA OSCAR L4 / INCOIS High-Res Hydrodynamic Ocean Model
1285,2026-08-22,12.0,91.0,0.208,0.185,0.278,0.54,48.3,East India Coastal Current (EICC),0.0,NASA OSCAR L4 / INCOIS High-Res Hydrodynamic Ocean Model
1286,2026-08-22,12.0,92.0,0.264,0.378,0.461,0.9,34.9,East India Coastal Current (EICC),0.0,NASA OSCAR L4 / INCOIS High-Res Hydrodynamic Ocean Model
1287,2026-08-22,12.0,93.0,0.221,0.023,0.222,0.43,84.1,East India Coastal Current (EICC),0.0,NASA OSCAR L4 / INCOIS High-Res Hydrodynamic Ocean Model
1288,2026-08-22,12.0,94.0,0.327,0.104,0.343,0.67,72.4,East India Coastal Current (EICC),0.0,NASA OSCAR L4 / INCOIS High-Res Hydrodynamic Ocean Model
1289,2026-08-22,13.0,68.0,-0.233,-0.284,0.367,0.71,219.4,West India Coastal Current (WICC),0.0,NASA OSCAR L4 / INCOIS High-Res Hydrodynamic Ocean Model
1290,2026-08-22,13.0,69.0,-0.162,-0.404,0.435,0.85,201.9,West India Coastal Current (WICC),0.0,NASA OSCAR L4 / INCOIS High-Res Hydrodynamic Ocean Model
1291,2026-08-22,13.0,70.0,-0.069,-0.34,0.347,0.67,191.5,West India Coastal Current (WICC),0.0,NASA OSCAR L4 / INCOIS High-Res Hydrodynamic Ocean Model
1292,2026-08-22,13.0,71.0,-0.105,-0.008,0.105,0.2,265.6,West India Coastal Current (WICC),0.0,NASA OSCAR L4 / INCOIS High-Res Hydrodynamic Ocean Model
1293,2026-08-22,13.0,72.0,-0.187,-0.138,0.232,0.45,233.6,West India Coastal Current (WICC),0.0,NASA OSCAR L4 / INCOIS High-Res Hydrodynamic Ocean Model
1294,2026-08-22,13.0,73.0,-0.094,-0.213,0.233,0.45,203.8,West India Coastal Current (WICC),0.0,NASA OSCAR L4 / INCOIS High-Res Hydrodynamic Ocean Model
1295,2026-08-22,13.0,85.0,0.194,0.297,0.355,0.69,33.2,East India Coastal Current (EICC),0.0,NASA OSCAR L4 / INCOIS High-Res Hydrodynamic Ocean Model
1296,2026-08-22,13.0,86.0,0.24,0.076,0.252,0.49,72.4,East India Coastal Current (EICC),0.0,NASA OSCAR L4 / INCOIS High-Res Hydrodynamic Ocean Model
1297,2026-08-22,13.0,87.0,0.176,0.104,0.204,0.4,59.4,East India Coastal Current (EICC),0.0,NASA OSCAR L4 / INCOIS High-Res Hydrodynamic Ocean Model
1298,2026-08-22,13.0,88.0,0.207,0.152,0.257,0.5,53.7,East India Coastal Current (EICC),0.0,NASA OSCAR L4 / INCOIS High-Res Hydrodynamic Ocean Model
1299,2026-08-22,13.0,89.0,0.239,0.13,0.272,0.53,61.5,East India Coastal Current (EICC),0.0,NASA OSCAR L4 / INCOIS High-Res Hydrodynamic Ocean Model
1300,2026-08-22,13.0,90.0,0.27,0.195,0.333,0.65,54.2,East India Coastal Current (EICC),0.0,NASA OSCAR L4 / INCOIS High-Res Hydrodynamic Ocean Model
1301,2026-08-22,13.0,91.0,0.186,0.218,0.287,0.56,40.5,East India Coastal Current (EICC),0.0,NASA OSCAR L4 / INCOIS High-Res Hydrodynamic Ocean Model
1302,2026-08-22,13.0,92.0,0.237,0.339,0.414,0.8,35.0,East India Coastal Current (EICC),0.0,NASA OSCAR L4 / INCOIS High-Res Hydrodynamic Ocean Model
1303,2026-08-22,13.0,93.0,0.247,0.317,0.402,0.78,37.9,East India Coastal Current (EICC),0.0,NASA OSCAR L4 / INCOIS High-Res Hydrodynamic Ocean Model
1304,2026-08-22,13.0,94.0,0.276,0.048,0.28,0.54,80.1,East India Coastal Current (EICC),0.0,NASA OSCAR L4 / INCOIS High-Res Hydrodynamic Ocean Model
1305,2026-08-22,14.0,68.0,-0.075,-0.25,0.261,0.51,196.7,West India Coastal Current (WICC),0.0,NASA OSCAR L4 / INCOIS High-Res Hydrodynamic Ocean Model
1306,2026-08-22,14.0,69.0,-0.18,-0.229,0.291,0.57,218.2,West India Coastal Current (WICC),0.0,NASA OSCAR L4 / INCOIS High-Res Hydrodynamic Ocean Model
1307,2026-08-22,14.0,70.0,-0.077,-0.433,0.44,0.86,190.1,West India Coastal Current (WICC),0.0,NASA OSCAR L4 / INCOIS High-Res Hydrodynamic Ocean Model
1308,2026-08-22,14.0,71.0,0.051,-0.266,0.271,0.53,169.1,West India Coastal Current (WICC),0.0,NASA OSCAR L4 / INCOIS High-Res Hydrodynamic Ocean Model
1309,2026-08-22,14.0,72.0,-0.065,-0.148,0.162,0.31,203.7,West India Coastal Current (WICC),0.0,NASA OSCAR L4 / INCOIS High-Res Hydrodynamic Ocean Model
1310,2026-08-22,14.0,73.0,-0.099,-0.213,0.235,0.46,204.9,West India Coastal Current (WICC),0.0,NASA OSCAR L4 / INCOIS High-Res Hydrodynamic Ocean Model
1311,2026-08-22,14.0,85.0,0.264,0.106,0.284,0.55,68.1,East India Coastal Current (EICC),0.0,NASA OSCAR L4 / INCOIS High-Res Hydrodynamic Ocean Model
1312,2026-08-22,14.0,86.0,0.084,0.081,0.117,0.23,46.0,East India Coastal Current (EICC),0.0,NASA OSCAR L4 / INCOIS High-Res Hydrodynamic Ocean Model
1313,2026-08-22,14.0,87.0,0.186,0.092,0.208,0.4,63.7,East India Coastal Current (EICC),0.0,NASA OSCAR L4 / INCOIS High-Res Hydrodynamic Ocean Model
1314,2026-08-22,14.0,88.0,0.211,0.126,0.246,0.48,59.2,East India Coastal Current (EICC),0.0,NASA OSCAR L4 / INCOIS High-Res Hydrodynamic Ocean Model
1315,2026-08-22,14.0,89.0,0.336,0.106,0.352,0.68,72.5,East India Coastal Current (EICC),0.0,NASA OSCAR L4 / INCOIS High-Res Hydrodynamic Ocean Model
1316,2026-08-22,14.0,90.0,0.272,0.161,0.316,0.61,59.4,East India Coastal Current (EICC),0.0,NASA OSCAR L4 / INCOIS High-Res Hydrodynamic Ocean Model
1317,2026-08-22,14.0,91.0,0.226,0.029,0.228,0.44,82.7,East India Coastal Current (EICC),0.0,NASA OSCAR L4 / INCOIS High-Res Hydrodynamic Ocean Model
1318,2026-08-22,14.0,92.0,0.173,0.189,0.256,0.5,42.5,East India Coastal Current (EICC),0.0,NASA OSCAR L4 / INCOIS High-Res Hydrodynamic Ocean Model
1319,2026-08-22,14.0,93.0,0.261,0.168,0.31,0.6,57.2,East India Coastal Current (EICC),0.0,NASA OSCAR L4 / INCOIS High-Res Hydrodynamic Ocean Model
1320,2026-08-22,14.0,94.0,0.262,0.198,0.328,0.64,52.9,East India Coastal Current (EICC),0.0,NASA OSCAR L4 / INCOIS High-Res Hydrodynamic Ocean Model
1321,2026-08-22,15.0,68.0,-0.124,-0.209,0.243,0.47,210.7,West India Coastal Current (WICC),0.0,NASA OSCAR L4 / INCOIS High-Res Hydrodynamic Ocean Model
1322,2026-08-22,15.0,69.0,-0.152,-0.139,0.206,0.4,227.6,West India Coastal Current (WICC),0.0,NASA OSCAR L4 / INCOIS High-Res Hydrodynamic Ocean Model
1323,2026-08-22,15.0,70.0,-0.147,-0.483,0.505,0.98,196.9,West India Coastal Current (WICC),0.0,NASA OSCAR L4 / INCOIS High-Res Hydrodynamic Ocean Model
1324,2026-08-22,15.0,71.0,-0.256,-0.289,0.386,0.75,221.5,West India Coastal Current (WICC),0.0,NASA OSCAR L4 / INCOIS High-Res Hydrodynamic Ocean Model
1325,2026-08-22,15.0,72.0,-0.101,-0.088,0.134,0.26,228.9,West India Coastal Current (WICC),0.0,NASA OSCAR L4 / INCOIS High-Res Hydrodynamic Ocean Model
1326,2026-08-22,15.0,73.0,-0.052,-0.048,0.071,0.14,227.3,West India Coastal Current (WICC),0.0,NASA OSCAR L4 / INCOIS High-Res Hydrodynamic Ocean Model
1327,2026-08-22,15.0,85.0,0.179,0.132,0.222,0.43,53.6,East India Coastal Current (EICC),0.0,NASA OSCAR L4 / INCOIS High-Res Hydrodynamic Ocean Model
1328,2026-08-22,15.0,86.0,0.254,0.253,0.359,0.7,45.1,East India Coastal Current (EICC),0.0,NASA OSCAR L4 / INCOIS High-Res Hydrodynamic Ocean Model
1329,2026-08-22,15.0,87.0,0.201,0.039,0.205,0.4,79.0,East India Coastal Current (EICC),0.0,NASA OSCAR L4 / INCOIS High-Res Hydrodynamic Ocean Model
1330,2026-08-22,15.0,88.0,0.236,0.21,0.316,0.61,48.3,East India Coastal Current (EICC),0.0,NASA OSCAR L4 / INCOIS High-Res Hydrodynamic Ocean Model
1331,2026-08-22,15.0,89.0,0.18,0.232,0.294,0.57,37.8,East India Coastal Current (EICC),0.0,NASA OSCAR L4 / INCOIS High-Res Hydrodynamic Ocean Model
1332,2026-08-22,15.0,90.0,0.225,0.039,0.228,0.44,80.2,East India Coastal Current (EICC),0.0,NASA OSCAR L4 / INCOIS High-Res Hydrodynamic Ocean Model
1333,2026-08-22,15.0,91.0,0.198,0.178,0.266,0.52,48.0,East India Coastal Current (EICC),0.0,NASA OSCAR L4 / INCOIS High-Res Hydrodynamic Ocean Model
1334,2026-08-22,15.0,92.0,0.11,0.335,0.353,0.69,18.2,East India Coastal Current (EICC),0.0,NASA OSCAR L4 / INCOIS High-Res Hydrodynamic Ocean Model
1335,2026-08-22,15.0,93.0,0.116,0.114,0.163,0.32,45.5,East India Coastal Current (EICC),0.0,NASA OSCAR L4 / INCOIS High-Res Hydrodynamic Ocean Model
1336,2026-08-22,15.0,94.0,0.258,0.239,0.352,0.68,47.2,East India Coastal Current (EICC),0.0,NASA OSCAR L4 / INCOIS High-Res Hydrodynamic Ocean Model
1337,2026-08-22,16.0,68.0,0.012,-0.276,0.276,0.54,177.5,West India Coastal Current (WICC),0.0,NASA OSCAR L4 / INCOIS High-Res Hydrodynamic Ocean Model
1338,2026-08-22,16.0,69.0,-0.161,-0.185,0.245,0.48,221.0,West India Coastal Current (WICC),0.0,NASA OSCAR L4 / INCOIS High-Res Hydrodynamic Ocean Model
1339,2026-08-22,16.0,70.0,-0.128,-0.233,0.266,0.52,208.8,West India Coastal Current (WICC),0.0,NASA OSCAR L4 / INCOIS High-Res Hydrodynamic Ocean Model
1340,2026-08-22,16.0,71.0,-0.068,-0.291,0.299,0.58,193.2,West India Coastal Current (WICC),0.0,NASA OSCAR L4 / INCOIS High-Res Hydrodynamic Ocean Model
1341,2026-08-22,16.0,72.0,-0.142,-0.381,0.407,0.79,200.4,West India Coastal Current (WICC),0.0,NASA OSCAR L4 / INCOIS High-Res Hydrodynamic Ocean Model
1342,2026-08-22,16.0,73.0,-0.121,-0.268,0.294,0.57,204.3,West India Coastal Current (WICC),0.0,NASA OSCAR L4 / INCOIS High-Res Hydrodynamic Ocean Model
1343,2026-08-22,16.0,85.0,0.178,0.202,0.269,0.52,41.4,East India Coastal Current (EICC),0.0,NASA OSCAR L4 / INCOIS High-Res Hydrodynamic Ocean Model
1344,2026-08-22,16.0,86.0,0.365,0.321,0.486,0.94,48.7,East India Coastal Current (EICC),0.0,NASA OSCAR L4 / INCOIS High-Res Hydrodynamic Ocean Model
1345,2026-08-22,16.0,87.0,0.126,0.27,0.298,0.58,25.0,East India Coastal Current (EICC),0.0,NASA OSCAR L4 / INCOIS High-Res Hydrodynamic Ocean Model
1346,2026-08-22,16.0,88.0,0.24,0.322,0.402,0.78,36.7,East India Coastal Current (EICC),0.0,NASA OSCAR L4 / INCOIS High-Res Hydrodynamic Ocean Model
1347,2026-08-22,16.0,89.0,0.259,0.209,0.333,0.65,51.1,East India Coastal Current (EICC),0.0,NASA OSCAR L4 / INCOIS High-Res Hydrodynamic Ocean Model
1348,2026-08-22,16.0,90.0,0.245,0.079,0.257,0.5,72.1,East India Coastal Current (EICC),0.0,NASA OSCAR L4 / INCOIS High-Res Hydrodynamic Ocean Model
1349,2026-08-22,16.0,91.0,0.129,0.036,0.134,0.26,74.4,East India Coastal Current (EICC),0.0,NASA OSCAR L4 / INCOIS High-Res Hydrodynamic Ocean Model
1350,2026-08-22,16.0,92.0,0.147,0.183,0.235,0.46,38.8,East India Coastal Current (EICC),0.0,NASA OSCAR L4 / INCOIS High-Res Hydrodynamic Ocean Model
1351,2026-08-22,16.0,93.0,0.099,0.189,0.213,0.41,27.6,East India Coastal Current (EICC),0.0,NASA OSCAR L4 / INCOIS High-Res Hydrodynamic Ocean Model
1352,2026-08-22,16.0,94.0,0.157,0.136,0.208,0.4,49.1,East India Coastal Current (EICC),0.0,NASA OSCAR L4 / INCOIS High-Res Hydrodynamic Ocean Model
1353,2026-08-22,17.0,68.0,-0.276,-0.095,0.292,0.57,251.0,West India Coastal Current (WICC),0.0,NASA OSCAR L4 / INCOIS High-Res Hydrodynamic Ocean Model
1354,2026-08-22,17.0,69.0,-0.139,-0.194,0.239,0.46,215.6,West India Coastal Current (WICC),0.0,NASA OSCAR L4 / INCOIS High-Res Hydrodynamic Ocean Model
1355,2026-08-22,17.0,70.0,-0.188,-0.277,0.335,0.65,214.2,West India Coastal Current (WICC),0.0,NASA OSCAR L4 / INCOIS High-Res Hydrodynamic Ocean Model
1356,2026-08-22,17.0,71.0,-0.003,-0.257,0.257,0.5,180.7,West India Coastal Current (WICC),0.0,NASA OSCAR L4 / INCOIS High-Res Hydrodynamic Ocean Model
1357,2026-08-22,17.0,72.0,-0.232,-0.182,0.295,0.57,231.9,West India Coastal Current (WICC),0.0,NASA OSCAR L4 / INCOIS High-Res Hydrodynamic Ocean Model
1358,2026-08-22,17.0,73.0,-0.292,-0.262,0.392,0.76,228.1,West India Coastal Current (WICC),0.0,NASA OSCAR L4 / INCOIS High-Res Hydrodynamic Ocean Model
1359,2026-08-22,17.0,85.0,0.16,0.015,0.161,0.31,84.6,East India Coastal Current (EICC),0.0,NASA OSCAR L4 / INCOIS High-Res Hydrodynamic Ocean Model
1360,2026-08-22,17.0,86.0,0.368,0.136,0.392,0.76,69.7,East India Coastal Current (EICC),0.0,NASA OSCAR L4 / INCOIS High-Res Hydrodynamic Ocean Model
1361,2026-08-22,17.0,87.0,0.227,0.036,0.23,0.45,81.0,East India Coastal Current (EICC),0.0,NASA OSCAR L4 / INCOIS High-Res Hydrodynamic Ocean Model
1362,2026-08-22,17.0,88.0,0.253,0.262,0.364,0.71,44.0,East India Coastal Current (EICC),0.0,NASA OSCAR L4 / INCOIS High-Res Hydrodynamic Ocean Model
1363,2026-08-22,17.0,89.0,0.191,0.313,0.367,0.71,31.4,East India Coastal Current (EICC),0.0,NASA OSCAR L4 / INCOIS High-Res Hydrodynamic Ocean Model
1364,2026-08-22,17.0,90.0,0.078,0.174,0.191,0.37,24.1,East India Coastal Current (EICC),0.0,NASA OSCAR L4 / INCOIS High-Res Hydrodynamic Ocean Model
1365,2026-08-22,17.0,91.0,0.159,-0.033,0.162,0.31,101.7,East India Coastal Current (EICC),0.0,NASA OSCAR L4 / INCOIS High-Res Hydrodynamic Ocean Model
1366,2026-08-22,17.0,92.0,0.22,0.148,0.265,0.52,56.1,East India Coastal Current (EICC),0.0,NASA OSCAR L4 / INCOIS High-Res Hydrodynamic Ocean Model
1367,2026-08-22,17.0,93.0,0.131,0.177,0.22,0.43,36.5,East India Coastal Current (EICC),0.0,NASA OSCAR L4 / INCOIS High-Res Hydrodynamic Ocean Model
1368,2026-08-22,17.0,94.0,0.146,0.288,0.323,0.63,26.9,East India Coastal Current (EICC),0.0,NASA OSCAR L4 / INCOIS High-Res Hydrodynamic Ocean Model
1369,2026-08-22,18.0,68.0,0.014,-0.388,0.388,0.75,177.9,West India Coastal Current (WICC),0.0,NASA OSCAR L4 / INCOIS High-Res Hydrodynamic Ocean Model
1370,2026-08-22,18.0,69.0,-0.186,-0.243,0.306,0.59,217.4,West India Coastal Current (WICC),0.0,NASA OSCAR L4 / INCOIS High-Res Hydrodynamic Ocean Model
1371,2026-08-22,18.0,70.0,-0.13,-0.097,0.162,0.31,233.3,West India Coastal Current (WICC),0.0,NASA OSCAR L4 / INCOIS High-Res Hydrodynamic Ocean Model
1372,2026-08-22,18.0,71.0,-0.161,-0.121,0.201,0.39,233.1,West India Coastal Current (WICC),0.0,NASA OSCAR L4 / INCOIS High-Res Hydrodynamic Ocean Model
1373,2026-08-22,18.0,72.0,-0.062,-0.195,0.205,0.4,197.6,West India Coastal Current (WICC),0.0,NASA OSCAR L4 / INCOIS High-Res Hydrodynamic Ocean Model
1374,2026-08-22,18.0,73.0,-0.246,-0.061,0.253,0.49,256.1,West India Coastal Current (WICC),0.0,NASA OSCAR L4 / INCOIS High-Res Hydrodynamic Ocean Model
1375,2026-08-22,18.0,85.0,0.253,0.18,0.31,0.6,54.6,East India Coastal Current (EICC),0.0,NASA OSCAR L4 / INCOIS High-Res Hydrodynamic Ocean Model
1376,2026-08-22,18.0,86.0,0.18,0.317,0.365,0.71,29.6,East India Coastal Current (EICC),0.0,NASA OSCAR L4 / INCOIS High-Res Hydrodynamic Ocean Model
1377,2026-08-22,18.0,87.0,0.047,0.031,0.056,0.11,56.6,East India Coastal Current (EICC),0.0,NASA OSCAR L4 / INCOIS High-Res Hydrodynamic Ocean Model
1378,2026-08-22,18.0,88.0,0.334,0.15,0.366,0.71,65.8,East India Coastal Current (EICC),0.0,NASA OSCAR L4 / INCOIS High-Res Hydrodynamic Ocean Model
1379,2026-08-22,18.0,89.0,0.304,0.049,0.308,0.6,80.8,East India Coastal Current (EICC),0.0,NASA OSCAR L4 / INCOIS High-Res Hydrodynamic Ocean Model
1380,2026-08-22,18.0,90.0,0.254,0.252,0.358,0.7,45.2,East India Coastal Current (EICC),0.0,NASA OSCAR L4 / INCOIS High-Res Hydrodynamic Ocean Model
1381,2026-08-22,18.0,91.0,0.207,0.195,0.284,0.55,46.7,East India Coastal Current (EICC),0.0,NASA OSCAR L4 / INCOIS High-Res Hydrodynamic Ocean Model
1382,2026-08-22,18.0,92.0,0.209,0.19,0.282,0.55,47.7,East India Coastal Current (EICC),0.0,NASA OSCAR L4 / INCOIS High-Res Hydrodynamic Ocean Model
1383,2026-08-22,18.0,93.0,0.207,0.201,0.289,0.56,45.8,East India Coastal Current (EICC),0.0,NASA OSCAR L4 / INCOIS High-Res Hydrodynamic Ocean Model
1384,2026-08-22,18.0,94.0,0.106,-0.016,0.107,0.21,98.6,East India Coastal Current (EICC),0.0,NASA OSCAR L4 / INCOIS High-Res Hydrodynamic Ocean Model
1385,2026-08-22,19.0,68.0,-0.174,-0.187,0.255,0.5,222.9,West India Coastal Current (WICC),0.0,NASA OSCAR L4 / INCOIS High-Res Hydrodynamic Ocean Model
1386,2026-08-22,19.0,69.0,-0.209,-0.1,0.232,0.45,244.4,West India Coastal Current (WICC),0.0,NASA OSCAR L4 / INCOIS High-Res Hydrodynamic Ocean Model
1387,2026-08-22,19.0,70.0,-0.054,-0.071,0.089,0.17,217.3,West India Coastal Current (WICC),0.0,NASA OSCAR L4 / INCOIS High-Res Hydrodynamic Ocean Model
1388,2026-08-22,19.0,71.0,-0.015,-0.259,0.259,0.5,183.3,West India Coastal Current (WICC),0.0,NASA OSCAR L4 / INCOIS High-Res Hydrodynamic Ocean Model
1389,2026-08-22,19.0,72.0,-0.142,-0.405,0.429,0.83,199.3,West India Coastal Current (WICC),0.0,NASA OSCAR L4 / INCOIS High-Res Hydrodynamic Ocean Model
1390,2026-08-22,19.0,73.0,-0.149,-0.107,0.183,0.36,234.3,West India Coastal Current (WICC),0.0,NASA OSCAR L4 / INCOIS High-Res Hydrodynamic Ocean Model
1391,2026-08-22,19.0,85.0,0.096,0.129,0.161,0.31,36.7,East India Coastal Current (EICC),0.0,NASA OSCAR L4 / INCOIS High-Res Hydrodynamic Ocean Model
1392,2026-08-22,19.0,86.0,0.08,0.097,0.126,0.24,39.5,East India Coastal Current (EICC),0.0,NASA OSCAR L4 / INCOIS High-Res Hydrodynamic Ocean Model
1393,2026-08-22,19.0,87.0,0.111,-0.009,0.111,0.22,94.6,East India Coastal Current (EICC),0.0,NASA OSCAR L4 / INCOIS High-Res Hydrodynamic Ocean Model
1394,2026-08-22,19.0,88.0,0.13,0.125,0.18,0.35,46.1,East India Coastal Current (EICC),0.0,NASA OSCAR L4 / INCOIS High-Res Hydrodynamic Ocean Model
1395,2026-08-22,19.0,89.0,0.175,0.193,0.261,0.51,42.2,East India Coastal Current (EICC),0.0,NASA OSCAR L4 / INCOIS High-Res Hydrodynamic Ocean Model
1396,2026-08-22,19.0,90.0,0.229,0.342,0.412,0.8,33.8,East India Coastal Current (EICC),0.0,NASA OSCAR L4 / INCOIS High-Res Hydrodynamic Ocean Model
1397,2026-08-22,19.0,91.0,0.283,0.06,0.289,0.56,78.0,East India Coastal Current (EICC),0.0,NASA OSCAR L4 / INCOIS High-Res Hydrodynamic Ocean Model
1398,2026-08-22,19.0,92.0,0.296,0.271,0.401,0.78,47.5,East India Coastal Current (EICC),0.0,NASA OSCAR L4 / INCOIS High-Res Hydrodynamic Ocean Model
1399,2026-08-22,19.0,93.0,0.188,0.073,0.202,0.39,68.8,East India Coastal Current (EICC),0.0,NASA OSCAR L4 / INCOIS High-Res Hydrodynamic Ocean Model
1400,2026-08-22,19.0,94.0,0.256,0.248,0.356,0.69,45.9,East India Coastal Current (EICC),0.0,NASA OSCAR L4 / INCOIS High-Res Hydrodynamic Ocean Model
1401,2026-08-22,20.0,68.0,-0.175,-0.106,0.205,0.4,238.8,West India Coastal Current (WICC),0.0,NASA OSCAR L4 / INCOIS High-Res Hydrodynamic Ocean Model
1402,2026-08-22,20.0,69.0,-0.095,-0.334,0.347,0.67,195.9,West India Coastal Current (WICC),0.0,NASA OSCAR L4 / INCOIS High-Res Hydrodynamic Ocean Model
1403,2026-08-22,20.0,70.0,-0.308,-0.086,0.32,0.62,254.4,West India Coastal Current (WICC),0.0,NASA OSCAR L4 / INCOIS High-Res Hydrodynamic Ocean Model
1404,2026-08-22,20.0,71.0,-0.222,-0.242,0.328,0.64,222.5,West India Coastal Current (WICC),0.0,NASA OSCAR L4 / INCOIS High-Res Hydrodynamic Ocean Model
1405,2026-08-22,20.0,72.0,-0.18,-0.312,0.36,0.7,210.0,West India Coastal Current (WICC),0.0,NASA OSCAR L4 / INCOIS High-Res Hydrodynamic Ocean Model
1406,2026-08-22,20.0,73.0,-0.142,-0.265,0.301,0.59,208.2,West India Coastal Current (WICC),0.0,NASA OSCAR L4 / INCOIS High-Res Hydrodynamic Ocean Model
1407,2026-08-22,20.0,85.0,0.218,0.204,0.299,0.58,46.9,East India Coastal Current (EICC),0.0,NASA OSCAR L4 / INCOIS High-Res Hydrodynamic Ocean Model
1408,2026-08-22,20.0,86.0,0.115,0.178,0.212,0.41,32.9,East India Coastal Current (EICC),0.0,NASA OSCAR L4 / INCOIS High-Res Hydrodynamic Ocean Model
1409,2026-08-22,20.0,87.0,0.279,0.234,0.364,0.71,50.0,East India Coastal Current (EICC),0.0,NASA OSCAR L4 / INCOIS High-Res Hydrodynamic Ocean Model
1410,2026-08-22,20.0,88.0,0.161,0.207,0.262,0.51,37.9,East India Coastal Current (EICC),0.0,NASA OSCAR L4 / INCOIS High-Res Hydrodynamic Ocean Model
1411,2026-08-22,20.0,89.0,0.138,0.166,0.216,0.42,39.7,East India Coastal Current (EICC),0.0,NASA OSCAR L4 / INCOIS High-Res Hydrodynamic Ocean Model
1412,2026-08-22,20.0,90.0,0.311,-0.036,0.313,0.61,96.6,East India Coastal Current (EICC),0.0,NASA OSCAR L4 / INCOIS High-Res Hydrodynamic Ocean Model
1413,2026-08-22,20.0,91.0,0.149,0.245,0.287,0.56,31.3,East India Coastal Current (EICC),0.0,NASA OSCAR L4 / INCOIS High-Res Hydrodynamic Ocean Model
1414,2026-08-22,20.0,92.0,0.367,0.214,0.425,0.83,59.8,East India Coastal Current (EICC),0.0,NASA OSCAR L4 / INCOIS High-Res Hydrodynamic Ocean Model
1415,2026-08-22,20.0,93.0,0.125,0.197,0.233,0.45,32.4,East India Coastal Current (EICC),0.0,NASA OSCAR L4 / INCOIS High-Res Hydrodynamic Ocean Model
1416,2026-08-22,20.0,94.0,0.329,0.127,0.353,0.69,68.9,East India Coastal Current (EICC),0.0,NASA OSCAR L4 / INCOIS High-Res Hydrodynamic Ocean Model
1417,2026-08-22,21.0,68.0,-0.171,-0.128,0.214,0.42,233.2,West India Coastal Current (WICC),0.0,NASA OSCAR L4 / INCOIS High-Res Hydrodynamic Ocean Model
1418,2026-08-22,21.0,69.0,-0.115,-0.225,0.253,0.49,207.1,West India Coastal Current (WICC),0.0,NASA OSCAR L4 / INCOIS High-Res Hydrodynamic Ocean Model
1419,2026-08-22,21.0,70.0,-0.196,-0.346,0.398,0.77,209.5,West India Coastal Current (WICC),0.0,NASA OSCAR L4 / INCOIS High-Res Hydrodynamic Ocean Model
1420,2026-08-22,21.0,71.0,-0.164,-0.279,0.324,0.63,210.4,West India Coastal Current (WICC),0.0,NASA OSCAR L4 / INCOIS High-Res Hydrodynamic Ocean Model
1421,2026-08-22,21.0,72.0,-0.38,-0.431,0.575,1.12,221.4,West India Coastal Current (WICC),0.0,NASA OSCAR L4 / INCOIS High-Res Hydrodynamic Ocean Model
1422,2026-08-22,21.0,73.0,-0.075,-0.243,0.254,0.49,197.2,West India Coastal Current (WICC),0.0,NASA OSCAR L4 / INCOIS High-Res Hydrodynamic Ocean Model
1423,2026-08-22,21.0,74.0,0.032,-0.328,0.33,0.64,174.4,West India Coastal Current (WICC),0.0,NASA OSCAR L4 / INCOIS High-Res Hydrodynamic Ocean Model
1424,2026-08-22,21.0,75.0,-0.128,-0.196,0.234,0.45,213.1,West India Coastal Current (WICC),0.0,NASA OSCAR L4 / INCOIS High-Res Hydrodynamic Ocean Model
1425,2026-08-22,21.0,76.0,-0.113,-0.235,0.261,0.51,205.7,West India Coastal Current (WICC),0.0,NASA OSCAR L4 / INCOIS High-Res Hydrodynamic Ocean Model
1426,2026-08-22,21.0,77.0,0.281,0.156,0.321,0.62,61.0,East India Coastal Current (EICC),0.0,NASA OSCAR L4 / INCOIS High-Res Hydrodynamic Ocean Model
1427,2026-08-22,21.0,78.0,0.274,0.092,0.289,0.56,71.4,East India Coastal Current (EICC),0.0,NASA OSCAR L4 / INCOIS High-Res Hydrodynamic Ocean Model
1428,2026-08-22,21.0,79.0,0.317,0.093,0.33,0.64,73.6,East India Coastal Current (EICC),0.0,NASA OSCAR L4 / INCOIS High-Res Hydrodynamic Ocean Model
1429,2026-08-22,21.0,80.0,0.359,-0.056,0.363,0.71,98.9,East India Coastal Current (EICC),0.0,NASA OSCAR L4 / INCOIS High-Res Hydrodynamic Ocean Model
1430,2026-08-22,21.0,81.0,0.338,0.131,0.362,0.7,68.8,East India Coastal Current (EICC),0.0,NASA OSCAR L4 / INCOIS High-Res Hydrodynamic Ocean Model
1431,2026-08-22,21.0,82.0,0.225,0.159,0.276,0.54,54.8,East India Coastal Current (EICC),0.0,NASA OSCAR L4 / INCOIS High-Res Hydrodynamic Ocean Model
1432,2026-08-22,21.0,83.0,0.161,0.004,0.161,0.31,88.6,East India Coastal Current (EICC),0.0,NASA OSCAR L4 / INCOIS High-Res Hydrodynamic Ocean Model
1433,2026-08-22,21.0,84.0,0.032,0.123,0.127,0.25,14.6,East India Coastal Current (EICC),0.0,NASA OSCAR L4 / INCOIS High-Res Hydrodynamic Ocean Model
1434,2026-08-22,21.0,85.0,0.167,0.042,0.172,0.33,75.9,East India Coastal Current (EICC),0.0,NASA OSCAR L4 / INCOIS High-Res Hydrodynamic Ocean Model
1435,2026-08-22,21.0,86.0,0.218,0.217,0.308,0.6,45.1,East India Coastal Current (EICC),0.0,NASA OSCAR L4 / INCOIS High-Res Hydrodynamic Ocean Model
1436,2026-08-22,21.0,87.0,0.114,0.194,0.225,0.44,30.4,East India Coastal Current (EICC),0.0,NASA OSCAR L4 / INCOIS High-Res Hydrodynamic Ocean Model
1437,2026-08-22,21.0,88.0,0.223,0.008,0.223,0.43,87.9,East India Coastal Current (EICC),0.0,NASA OSCAR L4 / INCOIS High-Res Hydrodynamic Ocean Model
1438,2026-08-22,21.0,89.0,0.131,0.165,0.211,0.41,38.4,East India Coastal Current (EICC),0.0,NASA OSCAR L4 / INCOIS High-Res Hydrodynamic Ocean Model
1439,2026-08-22,21.0,90.0,0.208,0.083,0.224,0.44,68.2,East India Coastal Current (EICC),0.0,NASA OSCAR L4 / INCOIS High-Res Hydrodynamic Ocean Model
1440,2026-08-22,21.0,91.0,0.284,0.044,0.287,0.56,81.2,East India Coastal Current (EICC),0.0,NASA OSCAR L4 / INCOIS High-Res Hydrodynamic Ocean Model
1441,2026-08-22,21.0,92.0,0.128,0.114,0.171,0.33,48.3,East India Coastal Current (EICC),0.0,NASA OSCAR L4 / INCOIS High-Res Hydrodynamic Ocean Model
1442,2026-08-22,21.0,93.0,0.272,0.183,0.328,0.64,56.1,East India Coastal Current (EICC),0.0,NASA OSCAR L4 / INCOIS High-Res Hydrodynamic Ocean Model
1443,2026-08-22,21.0,94.0,0.157,-0.0,0.157,0.31,90.0,East India Coastal Current (EICC),0.0,NASA OSCAR L4 / INCOIS High-Res Hydrodynamic Ocean Model
1444,2026-08-22,22.0,68.0,-0.137,-0.203,0.245,0.48,214.0,West India Coastal Current (WICC),0.0,NASA OSCAR L4 / INCOIS High-Res Hydrodynamic Ocean Model
1445,2026-08-22,22.0,69.0,-0.111,-0.336,0.354,0.69,198.3,West India Coastal Current (WICC),0.0,NASA OSCAR L4 / INCOIS High-Res Hydrodynamic Ocean Model
1446,2026-08-22,22.0,70.0,-0.102,-0.483,0.494,0.96,191.9,West India Coastal Current (WICC),0.0,NASA OSCAR L4 / INCOIS High-Res Hydrodynamic Ocean Model
1447,2026-08-22,22.0,71.0,-0.157,-0.091,0.181,0.35,239.9,West India Coastal Current (WICC),0.0,NASA OSCAR L4 / INCOIS High-Res Hydrodynamic Ocean Model
1448,2026-08-22,22.0,72.0,-0.23,-0.139,0.269,0.52,238.9,West India Coastal Current (WICC),0.0,NASA OSCAR L4 / INCOIS High-Res Hydrodynamic Ocean Model
1449,2026-08-22,22.0,73.0,-0.132,-0.259,0.291,0.57,207.0,West India Coastal Current (WICC),0.0,NASA OSCAR L4 / INCOIS High-Res Hydrodynamic Ocean Model
1450,2026-08-22,22.0,74.0,-0.254,-0.229,0.342,0.66,228.0,West India Coastal Current (WICC),0.0,NASA OSCAR L4 / INCOIS High-Res Hydrodynamic Ocean Model
1451,2026-08-22,22.0,75.0,-0.166,-0.153,0.226,0.44,227.3,West India Coastal Current (WICC),0.0,NASA OSCAR L4 / INCOIS High-Res Hydrodynamic Ocean Model
1452,2026-08-22,22.0,76.0,-0.147,-0.095,0.175,0.34,237.1,West India Coastal Current (WICC),0.0,NASA OSCAR L4 / INCOIS High-Res Hydrodynamic Ocean Model
1453,2026-08-22,22.0,77.0,0.366,-0.029,0.367,0.71,94.5,East India Coastal Current (EICC),0.0,NASA OSCAR L4 / INCOIS High-Res Hydrodynamic Ocean Model
1454,2026-08-22,22.0,78.0,0.21,0.252,0.328,0.64,39.8,East India Coastal Current (EICC),0.0,NASA OSCAR L4 / INCOIS High-Res Hydrodynamic Ocean Model
1455,2026-08-22,22.0,79.0,0.331,-0.03,0.332,0.65,95.2,East India Coastal Current (EICC),0.0,NASA OSCAR L4 / INCOIS High-Res Hydrodynamic Ocean Model
1456,2026-08-22,22.0,80.0,0.125,-0.038,0.131,0.25,106.9,East India Coastal Current (EICC),0.0,NASA OSCAR L4 / INCOIS High-Res Hydrodynamic Ocean Model
1457,2026-08-22,22.0,81.0,0.215,0.016,0.216,0.42,85.7,East India Coastal Current (EICC),0.0,NASA OSCAR L4 / INCOIS High-Res Hydrodynamic Ocean Model
1458,2026-08-22,22.0,82.0,0.197,0.185,0.27,0.52,46.8,East India Coastal Current (EICC),0.0,NASA OSCAR L4 / INCOIS High-Res Hydrodynamic Ocean Model
1459,2026-08-22,22.0,83.0,0.214,0.121,0.246,0.48,60.5,East India Coastal Current (EICC),0.0,NASA OSCAR L4 / INCOIS High-Res Hydrodynamic Ocean Model
1460,2026-08-22,22.0,84.0,0.125,0.069,0.143,0.28,61.1,East India Coastal Current (EICC),0.0,NASA OSCAR L4 / INCOIS High-Res Hydrodynamic Ocean Model
1461,2026-08-22,22.0,85.0,0.179,0.211,0.277,0.54,40.3,East India Coastal Current (EICC),0.0,NASA OSCAR L4 / INCOIS High-Res Hydrodynamic Ocean Model
1462,2026-08-22,22.0,86.0,0.268,0.153,0.309,0.6,60.3,East India Coastal Current (EICC),0.0,NASA OSCAR L4 / INCOIS High-Res Hydrodynamic Ocean Model
1463,2026-08-22,22.0,87.0,0.108,0.39,0.405,0.79,15.5,East India Coastal Current (EICC),0.0,NASA OSCAR L4 / INCOIS High-Res Hydrodynamic Ocean Model
1464,2026-08-22,22.0,88.0,0.28,0.089,0.294,0.57,72.4,East India Coastal Current (EICC),0.0,NASA OSCAR L4 / INCOIS High-Res Hydrodynamic Ocean Model
1465,2026-08-22,22.0,89.0,0.249,0.032,0.251,0.49,82.7,East India Coastal Current (EICC),0.0,NASA OSCAR L4 / INCOIS High-Res Hydrodynamic Ocean Model
1466,2026-08-22,22.0,90.0,0.211,0.16,0.265,0.52,52.8,East India Coastal Current (EICC),0.0,NASA OSCAR L4 / INCOIS High-Res Hydrodynamic Ocean Model
1467,2026-08-22,22.0,91.0,0.266,0.106,0.286,0.56,68.3,East India Coastal Current (EICC),0.0,NASA OSCAR L4 / INCOIS High-Res Hydrodynamic Ocean Model
1468,2026-08-22,22.0,92.0,0.185,0.287,0.341,0.66,32.8,East India Coastal Current (EICC),0.0,NASA OSCAR L4 / INCOIS High-Res Hydrodynamic Ocean Model
1469,2026-08-22,22.0,93.0,0.192,0.09,0.212,0.41,64.9,East India Coastal Current (EICC),0.0,NASA OSCAR L4 / INCOIS High-Res Hydrodynamic Ocean Model
1470,2026-08-22,22.0,94.0,0.194,0.178,0.263,0.51,47.5,East India Coastal Current (EICC),0.0,NASA OSCAR L4 / INCOIS High-Res Hydrodynamic Ocean Model
1471,2026-08-22,23.0,68.0,-0.164,-0.344,0.381,0.74,205.5,West India Coastal Current (WICC),0.0,NASA OSCAR L4 / INCOIS High-Res Hydrodynamic Ocean Model
1472,2026-08-22,23.0,69.0,-0.072,-0.254,0.264,0.51,195.8,West India Coastal Current (WICC),0.0,NASA OSCAR L4 / INCOIS High-Res Hydrodynamic Ocean Model
1473,2026-08-22,23.0,70.0,-0.224,-0.227,0.319,0.62,224.6,West India Coastal Current (WICC),0.0,NASA OSCAR L4 / INCOIS High-Res Hydrodynamic Ocean Model
1474,2026-08-22,23.0,71.0,-0.056,-0.181,0.189,0.37,197.2,West India Coastal Current (WICC),0.0,NASA OSCAR L4 / INCOIS High-Res Hydrodynamic Ocean Model
1475,2026-08-22,23.0,72.0,-0.069,-0.239,0.249,0.48,196.1,West India Coastal Current (WICC),0.0,NASA OSCAR L4 / INCOIS High-Res Hydrodynamic Ocean Model
1476,2026-08-22,23.0,73.0,-0.357,-0.249,0.435,0.85,235.1,West India Coastal Current (WICC),0.0,NASA OSCAR L4 / INCOIS High-Res Hydrodynamic Ocean Model
1477,2026-08-22,23.0,74.0,-0.235,-0.075,0.247,0.48,252.3,West India Coastal Current (WICC),0.0,NASA OSCAR L4 / INCOIS High-Res Hydrodynamic Ocean Model
1478,2026-08-22,23.0,75.0,-0.252,-0.333,0.418,0.81,217.1,West India Coastal Current (WICC),0.0,NASA OSCAR L4 / INCOIS High-Res Hydrodynamic Ocean Model
1479,2026-08-22,23.0,76.0,-0.049,-0.253,0.258,0.5,191.0,West India Coastal Current (WICC),0.0,NASA OSCAR L4 / INCOIS High-Res Hydrodynamic Ocean Model
1480,2026-08-22,23.0,77.0,0.284,0.229,0.365,0.71,51.1,East India Coastal Current (EICC),0.0,NASA OSCAR L4 / INCOIS High-Res Hydrodynamic Ocean Model
1481,2026-08-22,23.0,78.0,0.119,0.323,0.344,0.67,20.2,East India Coastal Current (EICC),0.0,NASA OSCAR L4 / INCOIS High-Res Hydrodynamic Ocean Model
1482,2026-08-22,23.0,79.0,0.039,0.077,0.086,0.17,26.9,East India Coastal Current (EICC),0.0,NASA OSCAR L4 / INCOIS High-Res Hydrodynamic Ocean Model
1483,2026-08-22,23.0,80.0,0.34,0.074,0.348,0.68,77.7,East India Coastal Current (EICC),0.0,NASA OSCAR L4 / INCOIS High-Res Hydrodynamic Ocean Model
1484,2026-08-22,23.0,81.0,0.167,0.213,0.271,0.53,38.1,East India Coastal Current (EICC),0.0,NASA OSCAR L4 / INCOIS High-Res Hydrodynamic Ocean Model
1485,2026-08-22,23.0,82.0,0.276,0.154,0.316,0.61,60.8,East India Coastal Current (EICC),0.0,NASA OSCAR L4 / INCOIS High-Res Hydrodynamic Ocean Model
1486,2026-08-22,23.0,83.0,0.184,0.186,0.262,0.51,44.7,East India Coastal Current (EICC),0.0,NASA OSCAR L4 / INCOIS High-Res Hydrodynamic Ocean Model
1487,2026-08-22,23.0,84.0,0.171,0.372,0.409,0.8,24.7,East India Coastal Current (EICC),0.0,NASA OSCAR L4 / INCOIS High-Res Hydrodynamic Ocean Model
1488,2026-08-22,23.0,85.0,0.172,0.034,0.175,0.34,78.8,East India Coastal Current (EICC),0.0,NASA OSCAR L4 / INCOIS High-Res Hydrodynamic Ocean Model
1489,2026-08-22,23.0,86.0,0.195,0.139,0.239,0.46,54.5,East India Coastal Current (EICC),0.0,NASA OSCAR L4 / INCOIS High-Res Hydrodynamic Ocean Model
1490,2026-08-22,23.0,87.0,0.262,0.212,0.337,0.66,51.0,East India Coastal Current (EICC),0.0,NASA OSCAR L4 / INCOIS High-Res Hydrodynamic Ocean Model
1491,2026-08-22,23.0,88.0,0.297,0.046,0.301,0.59,81.2,East India Coastal Current (EICC),0.0,NASA OSCAR L4 / INCOIS High-Res Hydrodynamic Ocean Model
1492,2026-08-22,23.0,89.0,0.249,0.144,0.288,0.56,60.0,East India Coastal Current (EICC),0.0,NASA OSCAR L4 / INCOIS High-Res Hydrodynamic Ocean Model
1493,2026-08-22,23.0,90.0,0.145,0.083,0.167,0.32,60.2,East India Coastal Current (EICC),0.0,NASA OSCAR L4 / INCOIS High-Res Hydrodynamic Ocean Model
1494,2026-08-22,23.0,91.0,0.157,0.106,0.189,0.37,56.0,East India Coastal Current (EICC),0.0,NASA OSCAR L4 / INCOIS High-Res Hydrodynamic Ocean Model
1495,2026-08-22,23.0,92.0,0.072,0.162,0.177,0.34,24.0,East India Coastal Current (EICC),0.0,NASA OSCAR L4 / INCOIS High-Res Hydrodynamic Ocean Model
1496,2026-08-22,23.0,93.0,0.245,0.209,0.322,0.63,49.5,East India Coastal Current (EICC),0.0,NASA OSCAR L4 / INCOIS High-Res Hydrodynamic Ocean Model
1497,2026-08-22,23.0,94.0,0.08,0.055,0.097,0.19,55.5,East India Coastal Current (EICC),0.0,NASA OSCAR L4 / INCOIS High-Res Hydrodynamic Ocean Model
1498,2026-08-22,24.0,68.0,-0.235,0.039,0.238,0.46,279.4,West India Coastal Current (WICC),0.0,NASA OSCAR L4 / INCOIS High-Res Hydrodynamic Ocean Model
1499,2026-08-22,24.0,69.0,-0.195,-0.315,0.37,0.72,211.8,West India Coastal Current (WICC),0.0,NASA OSCAR L4 / INCOIS High-Res Hydrodynamic Ocean Model
1500,2026-08-22,24.0,70.0,-0.054,-0.298,0.303,0.59,190.3,West India Coastal Current (WICC),0.0,NASA OSCAR L4 / INCOIS High-Res Hydrodynamic Ocean Model
1501,2026-08-22,24.0,71.0,-0.182,-0.086,0.201,0.39,244.7,West India Coastal Current (WICC),0.0,NASA OSCAR L4 / INCOIS High-Res Hydrodynamic Ocean Model
1502,2026-08-22,24.0,72.0,-0.003,-0.475,0.475,0.92,180.4,West India Coastal Current (WICC),0.0,NASA OSCAR L4 / INCOIS High-Res Hydrodynamic Ocean Model
1503,2026-08-22,24.0,73.0,-0.212,-0.335,0.396,0.77,212.3,West India Coastal Current (WICC),0.0,NASA OSCAR L4 / INCOIS High-Res Hydrodynamic Ocean Model
1504,2026-08-22,24.0,74.0,-0.211,-0.248,0.326,0.63,220.4,West India Coastal Current (WICC),0.0,NASA OSCAR L4 / INCOIS High-Res Hydrodynamic Ocean Model
1505,2026-08-22,24.0,75.0,-0.207,-0.275,0.344,0.67,217.0,West India Coastal Current (WICC),0.0,NASA OSCAR L4 / INCOIS High-Res Hydrodynamic Ocean Model
1506,2026-08-22,24.0,76.0,-0.149,0.073,0.166,0.32,296.1,West India Coastal Current (WICC),0.0,NASA OSCAR L4 / INCOIS High-Res Hydrodynamic Ocean Model
1507,2026-08-22,24.0,77.0,0.127,0.259,0.288,0.56,26.1,East India Coastal Current (EICC),0.0,NASA OSCAR L4 / INCOIS High-Res Hydrodynamic Ocean Model
1508,2026-08-22,24.0,78.0,0.154,0.155,0.218,0.42,44.8,East India Coastal Current (EICC),0.0,NASA OSCAR L4 / INCOIS High-Res Hydrodynamic Ocean Model
1509,2026-08-22,24.0,79.0,0.258,0.217,0.337,0.66,49.9,East India Coastal Current (EICC),0.0,NASA OSCAR L4 / INCOIS High-Res Hydrodynamic Ocean Model
1510,2026-08-22,24.0,80.0,0.292,0.232,0.373,0.73,51.5,East India Coastal Current (EICC),0.0,NASA OSCAR L4 / INCOIS High-Res Hydrodynamic Ocean Model
1511,2026-08-22,24.0,81.0,0.238,0.138,0.275,0.53,59.9,East India Coastal Current (EICC),0.0,NASA OSCAR L4 / INCOIS High-Res Hydrodynamic Ocean Model
1512,2026-08-22,24.0,82.0,0.292,0.185,0.346,0.67,57.6,East India Coastal Current (EICC),0.0,NASA OSCAR L4 / INCOIS High-Res Hydrodynamic Ocean Model
1513,2026-08-22,24.0,83.0,0.186,0.062,0.196,0.38,71.6,East India Coastal Current (EICC),0.0,NASA OSCAR L4 / INCOIS High-Res Hydrodynamic Ocean Model
1514,2026-08-22,24.0,84.0,0.069,0.302,0.31,0.6,12.9,East India Coastal Current (EICC),0.0,NASA OSCAR L4 / INCOIS High-Res Hydrodynamic Ocean Model
1515,2026-08-22,24.0,85.0,0.193,0.414,0.457,0.89,25.0,East India Coastal Current (EICC),0.0,NASA OSCAR L4 / INCOIS High-Res Hydrodynamic Ocean Model
1516,2026-08-22,24.0,86.0,0.252,0.096,0.27,0.52,69.1,East India Coastal Current (EICC),0.0,NASA OSCAR L4 / INCOIS High-Res Hydrodynamic Ocean Model
1517,2026-08-22,24.0,87.0,0.282,0.228,0.363,0.71,51.0,East India Coastal Current (EICC),0.0,NASA OSCAR L4 / INCOIS High-Res Hydrodynamic Ocean Model
1518,2026-08-22,24.0,88.0,0.254,0.211,0.33,0.64,50.3,East India Coastal Current (EICC),0.0,NASA OSCAR L4 / INCOIS High-Res Hydrodynamic Ocean Model
1519,2026-08-22,24.0,89.0,0.341,0.178,0.385,0.75,62.4,East India Coastal Current (EICC),0.0,NASA OSCAR L4 / INCOIS High-Res Hydrodynamic Ocean Model
1520,2026-08-22,24.0,90.0,0.259,0.166,0.308,0.6,57.3,East India Coastal Current (EICC),0.0,NASA OSCAR L4 / INCOIS High-Res Hydrodynamic Ocean Model
1521,2026-08-22,24.0,91.0,0.207,0.307,0.37,0.72,34.0,East India Coastal Current (EICC),0.0,NASA OSCAR L4 / INCOIS High-Res Hydrodynamic Ocean Model
1522,2026-08-22,24.0,92.0,0.255,0.133,0.288,0.56,62.5,East India Coastal Current (EICC),0.0,NASA OSCAR L4 / INCOIS High-Res Hydrodynamic Ocean Model
1523,2026-08-22,24.0,93.0,0.269,0.261,0.375,0.73,45.9,East India Coastal Current (EICC),0.0,NASA OSCAR L4 / INCOIS High-Res Hydrodynamic Ocean Model
1524,2026-08-22,24.0,94.0,0.114,0.168,0.203,0.39,34.2,East India Coastal Current (EICC),0.0,NASA OSCAR L4 / INCOIS High-Res Hydrodynamic Ocean Model
1525,2026-08-21,6.0,68.0,-0.111,-0.304,0.324,0.63,200.1,West India Coastal Current (WICC),0.0,NASA OSCAR L4 / INCOIS High-Res Hydrodynamic Ocean Model
1526,2026-08-21,6.0,69.0,-0.017,-0.229,0.23,0.45,184.2,West India Coastal Current (WICC),0.0,NASA OSCAR L4 / INCOIS High-Res Hydrodynamic Ocean Model
1527,2026-08-21,6.0,70.0,-0.207,-0.268,0.339,0.66,217.7,West India Coastal Current (WICC),0.0,NASA OSCAR L4 / INCOIS High-Res Hydrodynamic Ocean Model
1528,2026-08-21,6.0,71.0,-0.161,-0.411,0.441,0.86,201.4,West India Coastal Current (WICC),0.0,NASA OSCAR L4 / INCOIS High-Res Hydrodynamic Ocean Model
1529,2026-08-21,6.0,72.0,-0.115,-0.436,0.451,0.88,194.8,West India Coastal Current (WICC),0.0,NASA OSCAR L4 / INCOIS High-Res Hydrodynamic Ocean Model
1530,2026-08-21,6.0,73.0,-0.193,-0.156,0.248,0.48,231.1,West India Coastal Current (WICC),0.0,NASA OSCAR L4 / INCOIS High-Res Hydrodynamic Ocean Model
1531,2026-08-21,6.0,74.0,-0.27,-0.12,0.295,0.57,246.0,West India Coastal Current (WICC),0.0,NASA OSCAR L4 / INCOIS High-Res Hydrodynamic Ocean Model
1532,2026-08-21,6.0,75.0,-0.145,-0.227,0.269,0.52,212.6,West India Coastal Current (WICC),0.0,NASA OSCAR L4 / INCOIS High-Res Hydrodynamic Ocean Model
1533,2026-08-21,6.0,76.0,-0.136,-0.345,0.371,0.72,201.5,West India Coastal Current (WICC),0.0,NASA OSCAR L4 / INCOIS High-Res Hydrodynamic Ocean Model
1534,2026-08-21,6.0,77.0,0.35,0.066,0.356,0.69,79.3,East India Coastal Current (EICC),0.0,NASA OSCAR L4 / INCOIS High-Res Hydrodynamic Ocean Model
1535,2026-08-21,6.0,78.0,0.16,0.251,0.298,0.58,32.5,East India Coastal Current (EICC),0.0,NASA OSCAR L4 / INCOIS High-Res Hydrodynamic Ocean Model
1536,2026-08-21,6.0,79.0,0.039,0.085,0.094,0.18,24.6,East India Coastal Current (EICC),0.0,NASA OSCAR L4 / INCOIS High-Res Hydrodynamic Ocean Model
1537,2026-08-21,6.0,80.0,0.137,0.06,0.15,0.29,66.3,East India Coastal Current (EICC),0.0,NASA OSCAR L4 / INCOIS High-Res Hydrodynamic Ocean Model
1538,2026-08-21,6.0,81.0,0.223,0.292,0.367,0.71,37.4,East India Coastal Current (EICC),0.0,NASA OSCAR L4 / INCOIS High-Res Hydrodynamic Ocean Model
1539,2026-08-21,6.0,82.0,0.161,0.1,0.19,0.37,58.2,East India Coastal Current (EICC),0.0,NASA OSCAR L4 / INCOIS High-Res Hydrodynamic Ocean Model
1540,2026-08-21,6.0,83.0,0.121,0.149,0.192,0.37,39.1,East India Coastal Current (EICC),0.0,NASA OSCAR L4 / INCOIS High-Res Hydrodynamic Ocean Model
1541,2026-08-21,6.0,84.0,0.357,0.087,0.367,0.71,76.3,East India Coastal Current (EICC),0.0,NASA OSCAR L4 / INCOIS High-Res Hydrodynamic Ocean Model
1542,2026-08-21,6.0,85.0,0.078,0.266,0.277,0.54,16.3,East India Coastal Current (EICC),0.0,NASA OSCAR L4 / INCOIS High-Res Hydrodynamic Ocean Model
1543,2026-08-21,6.0,86.0,0.129,0.238,0.271,0.53,28.5,East India Coastal Current (EICC),0.0,NASA OSCAR L4 / INCOIS High-Res Hydrodynamic Ocean Model
1544,2026-08-21,6.0,87.0,0.133,0.246,0.28,0.54,28.4,East India Coastal Current (EICC),0.0,NASA OSCAR L4 / INCOIS High-Res Hydrodynamic Ocean Model
1545,2026-08-21,6.0,88.0,0.118,0.162,0.2,0.39,36.1,East India Coastal Current (EICC),0.0,NASA OSCAR L4 / INCOIS High-Res Hydrodynamic Ocean Model
1546,2026-08-21,6.0,89.0,0.058,0.089,0.106,0.21,33.1,East India Coastal Current (EICC),0.0,NASA OSCAR L4 / INCOIS High-Res Hydrodynamic Ocean Model
1547,2026-08-21,6.0,90.0,0.142,0.111,0.18,0.35,52.0,East India Coastal Current (EICC),0.0,NASA OSCAR L4 / INCOIS High-Res Hydrodynamic Ocean Model
1548,2026-08-21,6.0,91.0,0.257,0.273,0.375,0.73,43.3,East India Coastal Current (EICC),0.0,NASA OSCAR L4 / INCOIS High-Res Hydrodynamic Ocean Model
1549,2026-08-21,6.0,92.0,0.119,0.108,0.161,0.31,47.8,East India Coastal Current (EICC),0.0,NASA OSCAR L4 / INCOIS High-Res Hydrodynamic Ocean Model
1550,2026-08-21,6.0,93.0,0.268,0.008,0.268,0.52,88.3,East India Coastal Current (EICC),0.0,NASA OSCAR L4 / INCOIS High-Res Hydrodynamic Ocean Model
1551,2026-08-21,6.0,94.0,0.266,0.219,0.345,0.67,50.5,East India Coastal Current (EICC),0.0,NASA OSCAR L4 / INCOIS High-Res Hydrodynamic Ocean Model
1552,2026-08-21,7.0,68.0,-0.129,-0.322,0.347,0.67,201.8,West India Coastal Current (WICC),0.0,NASA OSCAR L4 / INCOIS High-Res Hydrodynamic Ocean Model
1553,2026-08-21,7.0,69.0,-0.091,-0.448,0.457,0.89,191.5,West India Coastal Current (WICC),0.0,NASA OSCAR L4 / INCOIS High-Res Hydrodynamic Ocean Model
1554,2026-08-21,7.0,70.0,-0.183,-0.498,0.531,1.03,200.2,West India Coastal Current (WICC),0.0,NASA OSCAR L4 / INCOIS High-Res Hydrodynamic Ocean Model
1555,2026-08-21,7.0,71.0,-0.224,-0.275,0.355,0.69,219.2,West India Coastal Current (WICC),0.0,NASA OSCAR L4 / INCOIS High-Res Hydrodynamic Ocean Model
1556,2026-08-21,7.0,72.0,-0.133,-0.171,0.217,0.42,217.9,West India Coastal Current (WICC),0.0,NASA OSCAR L4 / INCOIS High-Res Hydrodynamic Ocean Model
1557,2026-08-21,7.0,73.0,-0.196,-0.453,0.494,0.96,203.4,West India Coastal Current (WICC),0.0,NASA OSCAR L4 / INCOIS High-Res Hydrodynamic Ocean Model
1558,2026-08-21,7.0,74.0,-0.168,-0.126,0.21,0.41,233.1,West India Coastal Current (WICC),0.0,NASA OSCAR L4 / INCOIS High-Res Hydrodynamic Ocean Model
1559,2026-08-21,7.0,75.0,-0.175,-0.343,0.385,0.75,207.0,West India Coastal Current (WICC),0.0,NASA OSCAR L4 / INCOIS High-Res Hydrodynamic Ocean Model
1560,2026-08-21,7.0,76.0,-0.164,-0.26,0.307,0.6,212.2,West India Coastal Current (WICC),0.0,NASA OSCAR L4 / INCOIS High-Res Hydrodynamic Ocean Model
1561,2026-08-21,7.0,77.0,0.317,0.071,0.325,0.63,77.4,East India Coastal Current (EICC),0.0,NASA OSCAR L4 / INCOIS High-Res Hydrodynamic Ocean Model
1562,2026-08-21,7.0,78.0,0.231,0.246,0.337,0.66,43.2,East India Coastal Current (EICC),0.0,NASA OSCAR L4 / INCOIS High-Res Hydrodynamic Ocean Model
1563,2026-08-21,7.0,79.0,0.151,0.104,0.183,0.36,55.4,East India Coastal Current (EICC),0.0,NASA OSCAR L4 / INCOIS High-Res Hydrodynamic Ocean Model
1564,2026-08-21,7.0,80.0,0.32,0.141,0.35,0.68,66.2,East India Coastal Current (EICC),0.0,NASA OSCAR L4 / INCOIS High-Res Hydrodynamic Ocean Model
1565,2026-08-21,7.0,81.0,0.257,0.05,0.262,0.51,79.0,East India Coastal Current (EICC),0.0,NASA OSCAR L4 / INCOIS High-Res Hydrodynamic Ocean Model
1566,2026-08-21,7.0,82.0,0.144,0.021,0.146,0.28,81.7,East India Coastal Current (EICC),0.0,NASA OSCAR L4 / INCOIS High-Res Hydrodynamic Ocean Model
1567,2026-08-21,7.0,83.0,0.26,-0.031,0.262,0.51,96.8,East India Coastal Current (EICC),0.0,NASA OSCAR L4 / INCOIS High-Res Hydrodynamic Ocean Model
1568,2026-08-21,7.0,84.0,0.131,0.083,0.155,0.3,57.6,East India Coastal Current (EICC),0.0,NASA OSCAR L4 / INCOIS High-Res Hydrodynamic Ocean Model
1569,2026-08-21,7.0,85.0,0.253,0.153,0.296,0.58,58.8,East India Coastal Current (EICC),0.0,NASA OSCAR L4 / INCOIS High-Res Hydrodynamic Ocean Model
1570,2026-08-21,7.0,86.0,0.286,0.193,0.345,0.67,56.0,East India Coastal Current (EICC),0.0,NASA OSCAR L4 / INCOIS High-Res Hydrodynamic Ocean Model
1571,2026-08-21,7.0,87.0,0.222,0.063,0.231,0.45,74.2,East India Coastal Current (EICC),0.0,NASA OSCAR L4 / INCOIS High-Res Hydrodynamic Ocean Model
1572,2026-08-21,7.0,88.0,0.294,0.205,0.358,0.7,55.1,East India Coastal Current (EICC),0.0,NASA OSCAR L4 / INCOIS High-Res Hydrodynamic Ocean Model
1573,2026-08-21,7.0,89.0,0.14,0.128,0.19,0.37,47.6,East India Coastal Current (EICC),0.0,NASA OSCAR L4 / INCOIS High-Res Hydrodynamic Ocean Model
1574,2026-08-21,7.0,90.0,0.28,0.154,0.32,0.62,61.2,East India Coastal Current (EICC),0.0,NASA OSCAR L4 / INCOIS High-Res Hydrodynamic Ocean Model
1575,2026-08-21,7.0,91.0,0.124,-0.003,0.124,0.24,91.4,East India Coastal Current (EICC),0.0,NASA OSCAR L4 / INCOIS High-Res Hydrodynamic Ocean Model
1576,2026-08-21,7.0,92.0,0.434,0.181,0.47,0.91,67.4,East India Coastal Current (EICC),0.0,NASA OSCAR L4 / INCOIS High-Res Hydrodynamic Ocean Model
1577,2026-08-21,7.0,93.0,0.371,0.209,0.426,0.83,60.6,East India Coastal Current (EICC),0.0,NASA OSCAR L4 / INCOIS High-Res Hydrodynamic Ocean Model
1578,2026-08-21,7.0,94.0,0.178,0.257,0.313,0.61,34.7,East India Coastal Current (EICC),0.0,NASA OSCAR L4 / INCOIS High-Res Hydrodynamic Ocean Model
1579,2026-08-21,8.0,68.0,-0.239,-0.18,0.299,0.58,233.0,West India Coastal Current (WICC),0.0,NASA OSCAR L4 / INCOIS High-Res Hydrodynamic Ocean Model
1580,2026-08-21,8.0,69.0,-0.205,-0.247,0.321,0.62,219.7,West India Coastal Current (WICC),0.0,NASA OSCAR L4 / INCOIS High-Res Hydrodynamic Ocean Model
1581,2026-08-21,8.0,70.0,-0.191,-0.23,0.299,0.58,219.7,West India Coastal Current (WICC),0.0,NASA OSCAR L4 / INCOIS High-Res Hydrodynamic Ocean Model
1582,2026-08-21,8.0,71.0,-0.084,-0.186,0.204,0.4,204.3,West India Coastal Current (WICC),0.0,NASA OSCAR L4 / INCOIS High-Res Hydrodynamic Ocean Model
1583,2026-08-21,8.0,72.0,-0.299,-0.324,0.441,0.86,222.7,West India Coastal Current (WICC),0.0,NASA OSCAR L4 / INCOIS High-Res Hydrodynamic Ocean Model
1584,2026-08-21,8.0,73.0,-0.151,-0.207,0.256,0.5,216.1,West India Coastal Current (WICC),0.0,NASA OSCAR L4 / INCOIS High-Res Hydrodynamic Ocean Model
1585,2026-08-21,8.0,74.0,-0.128,-0.366,0.388,0.75,199.3,West India Coastal Current (WICC),0.0,NASA OSCAR L4 / INCOIS High-Res Hydrodynamic Ocean Model
1586,2026-08-21,8.0,75.0,-0.182,-0.22,0.286,0.56,219.6,West India Coastal Current (WICC),0.0,NASA OSCAR L4 / INCOIS High-Res Hydrodynamic Ocean Model
1587,2026-08-21,8.0,76.0,-0.368,-0.379,0.528,1.03,224.2,West India Coastal Current (WICC),0.0,NASA OSCAR L4 / INCOIS High-Res Hydrodynamic Ocean Model
1588,2026-08-21,8.0,77.0,0.199,0.295,0.356,0.69,34.0,East India Coastal Current (EICC),0.0,NASA OSCAR L4 / INCOIS High-Res Hydrodynamic Ocean Model
1589,2026-08-21,8.0,78.0,0.234,0.116,0.261,0.51,63.6,East India Coastal Current (EICC),0.0,NASA OSCAR L4 / INCOIS High-Res Hydrodynamic Ocean Model
1590,2026-08-21,8.0,79.0,0.093,0.024,0.096,0.19,75.5,East India Coastal Current (EICC),0.0,NASA OSCAR L4 / INCOIS High-Res Hydrodynamic Ocean Model
1591,2026-08-21,8.0,80.0,0.199,0.252,0.321,0.62,38.3,East India Coastal Current (EICC),0.0,NASA OSCAR L4 / INCOIS High-Res Hydrodynamic Ocean Model
1592,2026-08-21,8.0,81.0,0.145,0.104,0.178,0.35,54.4,East India Coastal Current (EICC),0.0,NASA OSCAR L4 / INCOIS High-Res Hydrodynamic Ocean Model
1593,2026-08-21,8.0,82.0,0.176,0.128,0.218,0.42,54.0,East India Coastal Current (EICC),0.0,NASA OSCAR L4 / INCOIS High-Res Hydrodynamic Ocean Model
1594,2026-08-21,8.0,83.0,0.263,0.18,0.319,0.62,55.6,East India Coastal Current (EICC),0.0,NASA OSCAR L4 / INCOIS High-Res Hydrodynamic Ocean Model
1595,2026-08-21,8.0,84.0,0.127,0.269,0.297,0.58,25.3,East India Coastal Current (EICC),0.0,NASA OSCAR L4 / INCOIS High-Res Hydrodynamic Ocean Model
1596,2026-08-21,8.0,85.0,0.212,0.26,0.335,0.65,39.2,East India Coastal Current (EICC),0.0,NASA OSCAR L4 / INCOIS High-Res Hydrodynamic Ocean Model
1597,2026-08-21,8.0,86.0,0.215,-0.07,0.226,0.44,108.0,East India Coastal Current (EICC),0.0,NASA OSCAR L4 / INCOIS High-Res Hydrodynamic Ocean Model
1598,2026-08-21,8.0,87.0,0.154,0.09,0.178,0.35,59.7,East India Coastal Current (EICC),0.0,NASA OSCAR L4 / INCOIS High-Res Hydrodynamic Ocean Model
1599,2026-08-21,8.0,88.0,0.172,0.129,0.215,0.42,53.1,East India Coastal Current (EICC),0.0,NASA OSCAR L4 / INCOIS High-Res Hydrodynamic Ocean Model
1600,2026-08-21,8.0,89.0,0.13,-0.009,0.13,0.25,94.0,East India Coastal Current (EICC),0.0,NASA OSCAR L4 / INCOIS High-Res Hydrodynamic Ocean Model
1601,2026-08-21,8.0,90.0,0.315,0.009,0.315,0.61,88.4,East India Coastal Current (EICC),0.0,NASA OSCAR L4 / INCOIS High-Res Hydrodynamic Ocean Model
1602,2026-08-21,8.0,91.0,0.242,0.192,0.309,0.6,51.6,East India Coastal Current (EICC),0.0,NASA OSCAR L4 / INCOIS High-Res Hydrodynamic Ocean Model
1603,2026-08-21,8.0,92.0,0.151,0.287,0.324,0.63,27.8,East India Coastal Current (EICC),0.0,NASA OSCAR L4 / INCOIS High-Res Hydrodynamic Ocean Model
1604,2026-08-21,8.0,93.0,0.27,0.135,0.302,0.59,63.4,East India Coastal Current (EICC),0.0,NASA OSCAR L4 / INCOIS High-Res Hydrodynamic Ocean Model
1605,2026-08-21,8.0,94.0,0.164,0.034,0.167,0.32,78.3,East India Coastal Current (EICC),0.0,NASA OSCAR L4 / INCOIS High-Res Hydrodynamic Ocean Model
1606,2026-08-21,9.0,68.0,-0.174,-0.181,0.251,0.49,223.9,West India Coastal Current (WICC),0.0,NASA OSCAR L4 / INCOIS High-Res Hydrodynamic Ocean Model
1607,2026-08-21,9.0,69.0,-0.055,-0.258,0.264,0.51,192.0,West India Coastal Current (WICC),0.0,NASA OSCAR L4 / INCOIS High-Res Hydrodynamic Ocean Model
1608,2026-08-21,9.0,70.0,-0.174,-0.273,0.324,0.63,212.5,West India Coastal Current (WICC),0.0,NASA OSCAR L4 / INCOIS High-Res Hydrodynamic Ocean Model
1609,2026-08-21,9.0,71.0,-0.132,-0.318,0.344,0.67,202.5,West India Coastal Current (WICC),0.0,NASA OSCAR L4 / INCOIS High-Res Hydrodynamic Ocean Model
1610,2026-08-21,9.0,72.0,-0.184,-0.176,0.255,0.5,226.3,West India Coastal Current (WICC),0.0,NASA OSCAR L4 / INCOIS High-Res Hydrodynamic Ocean Model
1611,2026-08-21,9.0,73.0,-0.212,-0.373,0.429,0.83,209.6,West India Coastal Current (WICC),0.0,NASA OSCAR L4 / INCOIS High-Res Hydrodynamic Ocean Model
1612,2026-08-21,9.0,85.0,0.193,0.082,0.21,0.41,67.0,East India Coastal Current (EICC),0.0,NASA OSCAR L4 / INCOIS High-Res Hydrodynamic Ocean Model
1613,2026-08-21,9.0,86.0,0.299,0.114,0.32,0.62,69.1,East India Coastal Current (EICC),0.0,NASA OSCAR L4 / INCOIS High-Res Hydrodynamic Ocean Model
1614,2026-08-21,9.0,87.0,0.318,-0.039,0.32,0.62,97.0,East India Coastal Current (EICC),0.0,NASA OSCAR L4 / INCOIS High-Res Hydrodynamic Ocean Model
1615,2026-08-21,9.0,88.0,0.153,0.126,0.198,0.38,50.5,East India Coastal Current (EICC),0.0,NASA OSCAR L4 / INCOIS High-Res Hydrodynamic Ocean Model
1616,2026-08-21,9.0,89.0,0.091,0.244,0.26,0.51,20.5,East India Coastal Current (EICC),0.0,NASA OSCAR L4 / INCOIS High-Res Hydrodynamic Ocean Model
1617,2026-08-21,9.0,90.0,0.115,0.252,0.277,0.54,24.5,East India Coastal Current (EICC),0.0,NASA OSCAR L4 / INCOIS High-Res Hydrodynamic Ocean Model
1618,2026-08-21,9.0,91.0,0.174,0.184,0.253,0.49,43.4,East India Coastal Current (EICC),0.0,NASA OSCAR L4 / INCOIS High-Res Hydrodynamic Ocean Model
1619,2026-08-21,9.0,92.0,0.113,0.133,0.175,0.34,40.4,East India Coastal Current (EICC),0.0,NASA OSCAR L4 / INCOIS High-Res Hydrodynamic Ocean Model
1620,2026-08-21,9.0,93.0,0.164,0.269,0.315,0.61,31.4,East India Coastal Current (EICC),0.0,NASA OSCAR L4 / INCOIS High-Res Hydrodynamic Ocean Model
1621,2026-08-21,9.0,94.0,0.185,0.256,0.316,0.61,35.9,East India Coastal Current (EICC),0.0,NASA OSCAR L4 / INCOIS High-Res Hydrodynamic Ocean Model
1622,2026-08-21,10.0,68.0,-0.213,-0.17,0.273,0.53,231.4,West India Coastal Current (WICC),0.0,NASA OSCAR L4 / INCOIS High-Res Hydrodynamic Ocean Model
1623,2026-08-21,10.0,69.0,-0.201,-0.261,0.329,0.64,217.6,West India Coastal Current (WICC),0.0,NASA OSCAR L4 / INCOIS High-Res Hydrodynamic Ocean Model
1624,2026-08-21,10.0,70.0,-0.056,-0.234,0.241,0.47,193.5,West India Coastal Current (WICC),0.0,NASA OSCAR L4 / INCOIS High-Res Hydrodynamic Ocean Model
1625,2026-08-21,10.0,71.0,-0.072,-0.315,0.323,0.63,192.9,West India Coastal Current (WICC),0.0,NASA OSCAR L4 / INCOIS High-Res Hydrodynamic Ocean Model
1626,2026-08-21,10.0,72.0,-0.125,-0.231,0.263,0.51,208.4,West India Coastal Current (WICC),0.0,NASA OSCAR L4 / INCOIS High-Res Hydrodynamic Ocean Model
1627,2026-08-21,10.0,73.0,-0.151,-0.331,0.364,0.71,204.5,West India Coastal Current (WICC),0.0,NASA OSCAR L4 / INCOIS High-Res Hydrodynamic Ocean Model
1628,2026-08-21,10.0,85.0,0.193,0.191,0.272,0.53,45.3,East India Coastal Current (EICC),0.0,NASA OSCAR L4 / INCOIS High-Res Hydrodynamic Ocean Model
1629,2026-08-21,10.0,86.0,0.217,0.143,0.26,0.51,56.6,East India Coastal Current (EICC),0.0,NASA OSCAR L4 / INCOIS High-Res Hydrodynamic Ocean Model
1630,2026-08-21,10.0,87.0,0.341,0.181,0.386,0.75,62.0,East India Coastal Current (EICC),0.0,NASA OSCAR L4 / INCOIS High-Res Hydrodynamic Ocean Model
1631,2026-08-21,10.0,88.0,0.239,0.004,0.239,0.46,89.0,East India Coastal Current (EICC),0.0,NASA OSCAR L4 / INCOIS High-Res Hydrodynamic Ocean Model
1632,2026-08-21,10.0,89.0,0.299,0.072,0.308,0.6,76.5,East India Coastal Current (EICC),0.0,NASA OSCAR L4 / INCOIS High-Res Hydrodynamic Ocean Model
1633,2026-08-21,10.0,90.0,0.176,0.11,0.208,0.4,58.0,East India Coastal Current (EICC),0.0,NASA OSCAR L4 / INCOIS High-Res Hydrodynamic Ocean Model
1634,2026-08-21,10.0,91.0,0.296,0.128,0.322,0.63,66.6,East India Coastal Current (EICC),0.0,NASA OSCAR L4 / INCOIS High-Res Hydrodynamic Ocean Model
1635,2026-08-21,10.0,92.0,0.279,0.081,0.291,0.57,73.8,East India Coastal Current (EICC),0.0,NASA OSCAR L4 / INCOIS High-Res Hydrodynamic Ocean Model
1636,2026-08-21,10.0,93.0,0.075,0.198,0.212,0.41,20.7,East India Coastal Current (EICC),0.0,NASA OSCAR L4 / INCOIS High-Res Hydrodynamic Ocean Model
1637,2026-08-21,10.0,94.0,0.144,0.2,0.246,0.48,35.8,East India Coastal Current (EICC),0.0,NASA OSCAR L4 / INCOIS High-Res Hydrodynamic Ocean Model
1638,2026-08-21,11.0,68.0,-0.126,-0.314,0.338,0.66,201.9,West India Coastal Current (WICC),0.0,NASA OSCAR L4 / INCOIS High-Res Hydrodynamic Ocean Model
1639,2026-08-21,11.0,69.0,-0.172,-0.374,0.412,0.8,204.7,West India Coastal Current (WICC),0.0,NASA OSCAR L4 / INCOIS High-Res Hydrodynamic Ocean Model
1640,2026-08-21,11.0,70.0,-0.195,-0.137,0.238,0.46,234.9,West India Coastal Current (WICC),0.0,NASA OSCAR L4 / INCOIS High-Res Hydrodynamic Ocean Model
1641,2026-08-21,11.0,71.0,-0.175,-0.277,0.328,0.64,212.3,West India Coastal Current (WICC),0.0,NASA OSCAR L4 / INCOIS High-Res Hydrodynamic Ocean Model
1642,2026-08-21,11.0,72.0,-0.152,-0.148,0.212,0.41,225.8,West India Coastal Current (WICC),0.0,NASA OSCAR L4 / INCOIS High-Res Hydrodynamic Ocean Model
1643,2026-08-21,11.0,73.0,-0.112,-0.351,0.368,0.72,197.7,West India Coastal Current (WICC),0.0,NASA OSCAR L4 / INCOIS High-Res Hydrodynamic Ocean Model
1644,2026-08-21,11.0,85.0,0.18,0.242,0.302,0.59,36.6,East India Coastal Current (EICC),0.0,NASA OSCAR L4 / INCOIS High-Res Hydrodynamic Ocean Model
1645,2026-08-21,11.0,86.0,0.338,0.017,0.338,0.66,87.1,East India Coastal Current (EICC),0.0,NASA OSCAR L4 / INCOIS High-Res Hydrodynamic Ocean Model
1646,2026-08-21,11.0,87.0,0.383,0.143,0.409,0.8,69.5,East India Coastal Current (EICC),0.0,NASA OSCAR L4 / INCOIS High-Res Hydrodynamic Ocean Model
1647,2026-08-21,11.0,88.0,0.109,0.134,0.173,0.34,39.1,East India Coastal Current (EICC),0.0,NASA OSCAR L4 / INCOIS High-Res Hydrodynamic Ocean Model
1648,2026-08-21,11.0,89.0,0.233,0.031,0.235,0.46,82.4,East India Coastal Current (EICC),0.0,NASA OSCAR L4 / INCOIS High-Res Hydrodynamic Ocean Model
1649,2026-08-21,11.0,90.0,0.207,0.281,0.349,0.68,36.4,East India Coastal Current (EICC),0.0,NASA OSCAR L4 / INCOIS High-Res Hydrodynamic Ocean Model
1650,2026-08-21,11.0,91.0,0.162,0.214,0.268,0.52,37.1,East India Coastal Current (EICC),0.0,NASA OSCAR L4 / INCOIS High-Res Hydrodynamic Ocean Model
1651,2026-08-21,11.0,92.0,0.234,0.198,0.307,0.6,49.8,East India Coastal Current (EICC),0.0,NASA OSCAR L4 / INCOIS High-Res Hydrodynamic Ocean Model
1652,2026-08-21,11.0,93.0,0.212,0.288,0.358,0.7,36.4,East India Coastal Current (EICC),0.0,NASA OSCAR L4 / INCOIS High-Res Hydrodynamic Ocean Model
1653,2026-08-21,11.0,94.0,0.227,0.385,0.447,0.87,30.5,East India Coastal Current (EICC),0.0,NASA OSCAR L4 / INCOIS High-Res Hydrodynamic Ocean Model
1654,2026-08-21,12.0,68.0,-0.161,-0.241,0.29,0.56,213.7,West India Coastal Current (WICC),0.0,NASA OSCAR L4 / INCOIS High-Res Hydrodynamic Ocean Model
1655,2026-08-21,12.0,69.0,-0.082,-0.235,0.249,0.48,199.2,West India Coastal Current (WICC),0.0,NASA OSCAR L4 / INCOIS High-Res Hydrodynamic Ocean Model
1656,2026-08-21,12.0,70.0,-0.17,-0.24,0.294,0.57,215.3,West India Coastal Current (WICC),0.0,NASA OSCAR L4 / INCOIS High-Res Hydrodynamic Ocean Model
1657,2026-08-21,12.0,71.0,-0.118,-0.227,0.256,0.5,207.5,West India Coastal Current (WICC),0.0,NASA OSCAR L4 / INCOIS High-Res Hydrodynamic Ocean Model
1658,2026-08-21,12.0,72.0,0.004,-0.073,0.073,0.14,176.9,West India Coastal Current (WICC),0.0,NASA OSCAR L4 / INCOIS High-Res Hydrodynamic Ocean Model
1659,2026-08-21,12.0,73.0,-0.241,-0.276,0.366,0.71,221.1,West India Coastal Current (WICC),0.0,NASA OSCAR L4 / INCOIS High-Res Hydrodynamic Ocean Model
1660,2026-08-21,12.0,85.0,0.296,0.193,0.353,0.69,56.9,East India Coastal Current (EICC),0.0,NASA OSCAR L4 / INCOIS High-Res Hydrodynamic Ocean Model
1661,2026-08-21,12.0,86.0,0.156,-0.025,0.158,0.31,99.1,East India Coastal Current (EICC),0.0,NASA OSCAR L4 / INCOIS High-Res Hydrodynamic Ocean Model
1662,2026-08-21,12.0,87.0,0.058,0.161,0.171,0.33,19.8,East India Coastal Current (EICC),0.0,NASA OSCAR L4 / INCOIS High-Res Hydrodynamic Ocean Model
1663,2026-08-21,12.0,88.0,0.261,-0.025,0.262,0.51,95.5,East India Coastal Current (EICC),0.0,NASA OSCAR L4 / INCOIS High-Res Hydrodynamic Ocean Model
1664,2026-08-21,12.0,89.0,0.159,0.289,0.33,0.64,28.8,East India Coastal Current (EICC),0.0,NASA OSCAR L4 / INCOIS High-Res Hydrodynamic Ocean Model
1665,2026-08-21,12.0,90.0,0.258,0.234,0.348,0.68,47.8,East India Coastal Current (EICC),0.0,NASA OSCAR L4 / INCOIS High-Res Hydrodynamic Ocean Model
1666,2026-08-21,12.0,91.0,0.161,-0.036,0.165,0.32,102.6,East India Coastal Current (EICC),0.0,NASA OSCAR L4 / INCOIS High-Res Hydrodynamic Ocean Model
1667,2026-08-21,12.0,92.0,0.131,0.248,0.28,0.54,27.8,East India Coastal Current (EICC),0.0,NASA OSCAR L4 / INCOIS High-Res Hydrodynamic Ocean Model
1668,2026-08-21,12.0,93.0,0.179,0.195,0.265,0.52,42.6,East India Coastal Current (EICC),0.0,NASA OSCAR L4 / INCOIS High-Res Hydrodynamic Ocean Model
1669,2026-08-21,12.0,94.0,0.304,0.24,0.387,0.75,51.7,East India Coastal Current (EICC),0.0,NASA OSCAR L4 / INCOIS High-Res Hydrodynamic Ocean Model
1670,2026-08-21,13.0,68.0,-0.139,-0.253,0.289,0.56,208.8,West India Coastal Current (WICC),0.0,NASA OSCAR L4 / INCOIS High-Res Hydrodynamic Ocean Model
1671,2026-08-21,13.0,69.0,-0.226,-0.138,0.265,0.52,238.6,West India Coastal Current (WICC),0.0,NASA OSCAR L4 / INCOIS High-Res Hydrodynamic Ocean Model
1672,2026-08-21,13.0,70.0,-0.201,-0.323,0.38,0.74,211.9,West India Coastal Current (WICC),0.0,NASA OSCAR L4 / INCOIS High-Res Hydrodynamic Ocean Model
1673,2026-08-21,13.0,71.0,-0.106,-0.234,0.257,0.5,204.4,West India Coastal Current (WICC),0.0,NASA OSCAR L4 / INCOIS High-Res Hydrodynamic Ocean Model
1674,2026-08-21,13.0,72.0,-0.283,-0.255,0.381,0.74,228.0,West India Coastal Current (WICC),0.0,NASA OSCAR L4 / INCOIS High-Res Hydrodynamic Ocean Model
1675,2026-08-21,13.0,73.0,-0.129,-0.213,0.249,0.48,211.2,West India Coastal Current (WICC),0.0,NASA OSCAR L4 / INCOIS High-Res Hydrodynamic Ocean Model
1676,2026-08-21,13.0,85.0,0.171,0.063,0.182,0.35,69.8,East India Coastal Current (EICC),0.0,NASA OSCAR L4 / INCOIS High-Res Hydrodynamic Ocean Model
1677,2026-08-21,13.0,86.0,0.169,0.087,0.19,0.37,62.8,East India Coastal Current (EICC),0.0,NASA OSCAR L4 / INCOIS High-Res Hydrodynamic Ocean Model
1678,2026-08-21,13.0,87.0,0.261,0.266,0.373,0.73,44.5,East India Coastal Current (EICC),0.0,NASA OSCAR L4 / INCOIS High-Res Hydrodynamic Ocean Model
1679,2026-08-21,13.0,88.0,0.199,0.121,0.233,0.45,58.7,East India Coastal Current (EICC),0.0,NASA OSCAR L4 / INCOIS High-Res Hydrodynamic Ocean Model
1680,2026-08-21,13.0,89.0,0.198,0.267,0.332,0.65,36.6,East India Coastal Current (EICC),0.0,NASA OSCAR L4 / INCOIS High-Res Hydrodynamic Ocean Model
1681,2026-08-21,13.0,90.0,0.298,-0.016,0.298,0.58,93.1,East India Coastal Current (EICC),0.0,NASA OSCAR L4 / INCOIS High-Res Hydrodynamic Ocean Model
1682,2026-08-21,13.0,91.0,0.194,0.085,0.212,0.41,66.3,East India Coastal Current (EICC),0.0,NASA OSCAR L4 / INCOIS High-Res Hydrodynamic Ocean Model
1683,2026-08-21,13.0,92.0,0.211,0.123,0.244,0.47,59.8,East India Coastal Current (EICC),0.0,NASA OSCAR L4 / INCOIS High-Res Hydrodynamic Ocean Model
1684,2026-08-21,13.0,93.0,0.218,0.196,0.293,0.57,48.0,East India Coastal Current (EICC),0.0,NASA OSCAR L4 / INCOIS High-Res Hydrodynamic Ocean Model
1685,2026-08-21,13.0,94.0,0.116,-0.016,0.117,0.23,97.9,East India Coastal Current (EICC),0.0,NASA OSCAR L4 / INCOIS High-Res Hydrodynamic Ocean Model
1686,2026-08-21,14.0,68.0,-0.328,-0.179,0.374,0.73,241.4,West India Coastal Current (WICC),0.0,NASA OSCAR L4 / INCOIS High-Res Hydrodynamic Ocean Model
1687,2026-08-21,14.0,69.0,-0.143,-0.257,0.294,0.57,209.1,West India Coastal Current (WICC),0.0,NASA OSCAR L4 / INCOIS High-Res Hydrodynamic Ocean Model
1688,2026-08-21,14.0,70.0,-0.283,-0.156,0.323,0.63,241.1,West India Coastal Current (WICC),0.0,NASA OSCAR L4 / INCOIS High-Res Hydrodynamic Ocean Model
1689,2026-08-21,14.0,71.0,-0.096,-0.293,0.308,0.6,198.1,West India Coastal Current (WICC),0.0,NASA OSCAR L4 / INCOIS High-Res Hydrodynamic Ocean Model
1690,2026-08-21,14.0,72.0,-0.113,-0.403,0.419,0.81,195.7,West India Coastal Current (WICC),0.0,NASA OSCAR L4 / INCOIS High-Res Hydrodynamic Ocean Model
1691,2026-08-21,14.0,73.0,-0.076,-0.444,0.45,0.87,189.7,West India Coastal Current (WICC),0.0,NASA OSCAR L4 / INCOIS High-Res Hydrodynamic Ocean Model
1692,2026-08-21,14.0,85.0,0.303,0.176,0.35,0.68,59.8,East India Coastal Current (EICC),0.0,NASA OSCAR L4 / INCOIS High-Res Hydrodynamic Ocean Model
1693,2026-08-21,14.0,86.0,0.249,0.214,0.328,0.64,49.3,East India Coastal Current (EICC),0.0,NASA OSCAR L4 / INCOIS High-Res Hydrodynamic Ocean Model
1694,2026-08-21,14.0,87.0,0.212,0.152,0.261,0.51,54.4,East India Coastal Current (EICC),0.0,NASA OSCAR L4 / INCOIS High-Res Hydrodynamic Ocean Model
1695,2026-08-21,14.0,88.0,0.284,0.175,0.334,0.65,58.4,East India Coastal Current (EICC),0.0,NASA OSCAR L4 / INCOIS High-Res Hydrodynamic Ocean Model
1696,2026-08-21,14.0,89.0,0.319,0.241,0.4,0.78,52.9,East India Coastal Current (EICC),0.0,NASA OSCAR L4 / INCOIS High-Res Hydrodynamic Ocean Model
1697,2026-08-21,14.0,90.0,0.294,0.195,0.353,0.69,56.4,East India Coastal Current (EICC),0.0,NASA OSCAR L4 / INCOIS High-Res Hydrodynamic Ocean Model
1698,2026-08-21,14.0,91.0,0.186,0.162,0.247,0.48,48.9,East India Coastal Current (EICC),0.0,NASA OSCAR L4 / INCOIS High-Res Hydrodynamic Ocean Model
1699,2026-08-21,14.0,92.0,0.107,0.439,0.452,0.88,13.7,East India Coastal Current (EICC),0.0,NASA OSCAR L4 / INCOIS High-Res Hydrodynamic Ocean Model
1700,2026-08-21,14.0,93.0,0.302,-0.121,0.325,0.63,111.8,East India Coastal Current (EICC),0.0,NASA OSCAR L4 / INCOIS High-Res Hydrodynamic Ocean Model
1701,2026-08-21,14.0,94.0,0.227,0.281,0.361,0.7,38.9,East India Coastal Current (EICC),0.0,NASA OSCAR L4 / INCOIS High-Res Hydrodynamic Ocean Model
1702,2026-08-21,15.0,68.0,-0.136,-0.201,0.243,0.47,214.1,West India Coastal Current (WICC),0.0,NASA OSCAR L4 / INCOIS High-Res Hydrodynamic Ocean Model
1703,2026-08-21,15.0,69.0,0.024,-0.243,0.244,0.47,174.4,West India Coastal Current (WICC),0.0,NASA OSCAR L4 / INCOIS High-Res Hydrodynamic Ocean Model
1704,2026-08-21,15.0,70.0,-0.043,-0.211,0.215,0.42,191.5,West India Coastal Current (WICC),0.0,NASA OSCAR L4 / INCOIS High-Res Hydrodynamic Ocean Model
1705,2026-08-21,15.0,71.0,-0.041,-0.319,0.322,0.63,187.3,West India Coastal Current (WICC),0.0,NASA OSCAR L4 / INCOIS High-Res Hydrodynamic Ocean Model
1706,2026-08-21,15.0,72.0,-0.208,-0.227,0.308,0.6,222.5,West India Coastal Current (WICC),0.0,NASA OSCAR L4 / INCOIS High-Res Hydrodynamic Ocean Model
1707,2026-08-21,15.0,73.0,-0.101,-0.512,0.522,1.01,191.2,West India Coastal Current (WICC),0.0,NASA OSCAR L4 / INCOIS High-Res Hydrodynamic Ocean Model
1708,2026-08-21,15.0,85.0,0.178,0.114,0.211,0.41,57.4,East India Coastal Current (EICC),0.0,NASA OSCAR L4 / INCOIS High-Res Hydrodynamic Ocean Model
1709,2026-08-21,15.0,86.0,0.104,0.165,0.195,0.38,32.2,East India Coastal Current (EICC),0.0,NASA OSCAR L4 / INCOIS High-Res Hydrodynamic Ocean Model
1710,2026-08-21,15.0,87.0,0.264,0.163,0.31,0.6,58.3,East India Coastal Current (EICC),0.0,NASA OSCAR L4 / INCOIS High-Res Hydrodynamic Ocean Model
1711,2026-08-21,15.0,88.0,0.041,-0.001,0.041,0.08,91.4,East India Coastal Current (EICC),0.0,NASA OSCAR L4 / INCOIS High-Res Hydrodynamic Ocean Model
1712,2026-08-21,15.0,89.0,0.243,0.176,0.3,0.58,54.1,East India Coastal Current (EICC),0.0,NASA OSCAR L4 / INCOIS High-Res Hydrodynamic Ocean Model
1713,2026-08-21,15.0,90.0,0.202,0.18,0.271,0.53,48.3,East India Coastal Current (EICC),0.0,NASA OSCAR L4 / INCOIS High-Res Hydrodynamic Ocean Model
1714,2026-08-21,15.0,91.0,0.32,0.356,0.479,0.93,42.0,East India Coastal Current (EICC),0.0,NASA OSCAR L4 / INCOIS High-Res Hydrodynamic Ocean Model
1715,2026-08-21,15.0,92.0,0.216,0.008,0.216,0.42,87.9,East India Coastal Current (EICC),0.0,NASA OSCAR L4 / INCOIS High-Res Hydrodynamic Ocean Model
1716,2026-08-21,15.0,93.0,0.028,0.111,0.114,0.22,14.2,East India Coastal Current (EICC),0.0,NASA OSCAR L4 / INCOIS High-Res Hydrodynamic Ocean Model
1717,2026-08-21,15.0,94.0,0.251,0.073,0.261,0.51,73.8,East India Coastal Current (EICC),0.0,NASA OSCAR L4 / INCOIS High-Res Hydrodynamic Ocean Model
1718,2026-08-21,16.0,68.0,-0.247,-0.342,0.422,0.82,215.8,West India Coastal Current (WICC),0.0,NASA OSCAR L4 / INCOIS High-Res Hydrodynamic Ocean Model
1719,2026-08-21,16.0,69.0,-0.043,-0.431,0.433,0.84,185.7,West India Coastal Current (WICC),0.0,NASA OSCAR L4 / INCOIS High-Res Hydrodynamic Ocean Model
1720,2026-08-21,16.0,70.0,-0.263,-0.358,0.444,0.86,216.3,West India Coastal Current (WICC),0.0,NASA OSCAR L4 / INCOIS High-Res Hydrodynamic Ocean Model
1721,2026-08-21,16.0,71.0,-0.112,-0.338,0.356,0.69,198.3,West India Coastal Current (WICC),0.0,NASA OSCAR L4 / INCOIS High-Res Hydrodynamic Ocean Model
1722,2026-08-21,16.0,72.0,0.048,-0.188,0.194,0.38,165.7,West India Coastal Current (WICC),0.0,NASA OSCAR L4 / INCOIS High-Res Hydrodynamic Ocean Model
1723,2026-08-21,16.0,73.0,-0.25,-0.258,0.359,0.7,224.1,West India Coastal Current (WICC),0.0,NASA OSCAR L4 / INCOIS High-Res Hydrodynamic Ocean Model
1724,2026-08-21,16.0,85.0,0.229,0.316,0.39,0.76,35.9,East India Coastal Current (EICC),0.0,NASA OSCAR L4 / INCOIS High-Res Hydrodynamic Ocean Model
1725,2026-08-21,16.0,86.0,0.127,0.066,0.143,0.28,62.5,East India Coastal Current (EICC),0.0,NASA OSCAR L4 / INCOIS High-Res Hydrodynamic Ocean Model
1726,2026-08-21,16.0,87.0,0.219,0.254,0.335,0.65,40.8,East India Coastal Current (EICC),0.0,NASA OSCAR L4 / INCOIS High-Res Hydrodynamic Ocean Model
1727,2026-08-21,16.0,88.0,0.296,0.147,0.33,0.64,63.6,East India Coastal Current (EICC),0.0,NASA OSCAR L4 / INCOIS High-Res Hydrodynamic Ocean Model
1728,2026-08-21,16.0,89.0,0.135,0.134,0.19,0.37,45.2,East India Coastal Current (EICC),0.0,NASA OSCAR L4 / INCOIS High-Res Hydrodynamic Ocean Model
1729,2026-08-21,16.0,90.0,0.255,0.108,0.277,0.54,67.0,East India Coastal Current (EICC),0.0,NASA OSCAR L4 / INCOIS High-Res Hydrodynamic Ocean Model
1730,2026-08-21,16.0,91.0,0.284,0.13,0.312,0.61,65.4,East India Coastal Current (EICC),0.0,NASA OSCAR L4 / INCOIS High-Res Hydrodynamic Ocean Model
1731,2026-08-21,16.0,92.0,0.259,0.311,0.405,0.79,39.8,East India Coastal Current (EICC),0.0,NASA OSCAR L4 / INCOIS High-Res Hydrodynamic Ocean Model
1732,2026-08-21,16.0,93.0,0.052,0.155,0.163,0.32,18.5,East India Coastal Current (EICC),0.0,NASA OSCAR L4 / INCOIS High-Res Hydrodynamic Ocean Model
1733,2026-08-21,16.0,94.0,0.129,0.179,0.221,0.43,35.8,East India Coastal Current (EICC),0.0,NASA OSCAR L4 / INCOIS High-Res Hydrodynamic Ocean Model
1734,2026-08-21,17.0,68.0,-0.078,-0.11,0.135,0.26,215.3,West India Coastal Current (WICC),0.0,NASA OSCAR L4 / INCOIS High-Res Hydrodynamic Ocean Model
1735,2026-08-21,17.0,69.0,0.005,-0.081,0.081,0.16,176.5,West India Coastal Current (WICC),0.0,NASA OSCAR L4 / INCOIS High-Res Hydrodynamic Ocean Model
1736,2026-08-21,17.0,70.0,-0.138,-0.148,0.202,0.39,223.0,West India Coastal Current (WICC),0.0,NASA OSCAR L4 / INCOIS High-Res Hydrodynamic Ocean Model
1737,2026-08-21,17.0,71.0,-0.075,-0.263,0.273,0.53,195.9,West India Coastal Current (WICC),0.0,NASA OSCAR L4 / INCOIS High-Res Hydrodynamic Ocean Model
1738,2026-08-21,17.0,72.0,-0.275,-0.199,0.339,0.66,234.1,West India Coastal Current (WICC),0.0,NASA OSCAR L4 / INCOIS High-Res Hydrodynamic Ocean Model
1739,2026-08-21,17.0,73.0,-0.007,-0.237,0.237,0.46,181.7,West India Coastal Current (WICC),0.0,NASA OSCAR L4 / INCOIS High-Res Hydrodynamic Ocean Model
1740,2026-08-21,17.0,85.0,0.143,0.244,0.283,0.55,30.4,East India Coastal Current (EICC),0.0,NASA OSCAR L4 / INCOIS High-Res Hydrodynamic Ocean Model
1741,2026-08-21,17.0,86.0,0.135,0.264,0.297,0.58,27.1,East India Coastal Current (EICC),0.0,NASA OSCAR L4 / INCOIS High-Res Hydrodynamic Ocean Model
1742,2026-08-21,17.0,87.0,0.113,0.473,0.486,0.94,13.4,East India Coastal Current (EICC),0.0,NASA OSCAR L4 / INCOIS High-Res Hydrodynamic Ocean Model
1743,2026-08-21,17.0,88.0,0.185,0.291,0.345,0.67,32.4,East India Coastal Current (EICC),0.0,NASA OSCAR L4 / INCOIS High-Res Hydrodynamic Ocean Model
1744,2026-08-21,17.0,89.0,0.181,0.242,0.302,0.59,36.8,East India Coastal Current (EICC),0.0,NASA OSCAR L4 / INCOIS High-Res Hydrodynamic Ocean Model
1745,2026-08-21,17.0,90.0,0.267,0.166,0.314,0.61,58.1,East India Coastal Current (EICC),0.0,NASA OSCAR L4 / INCOIS High-Res Hydrodynamic Ocean Model
1746,2026-08-21,17.0,91.0,0.185,0.035,0.188,0.37,79.3,East India Coastal Current (EICC),0.0,NASA OSCAR L4 / INCOIS High-Res Hydrodynamic Ocean Model
1747,2026-08-21,17.0,92.0,0.09,0.135,0.162,0.31,33.7,East India Coastal Current (EICC),0.0,NASA OSCAR L4 / INCOIS High-Res Hydrodynamic Ocean Model
1748,2026-08-21,17.0,93.0,0.256,0.135,0.289,0.56,62.2,East India Coastal Current (EICC),0.0,NASA OSCAR L4 / INCOIS High-Res Hydrodynamic Ocean Model
1749,2026-08-21,17.0,94.0,0.289,-0.055,0.294,0.57,100.8,East India Coastal Current (EICC),0.0,NASA OSCAR L4 / INCOIS High-Res Hydrodynamic Ocean Model
1750,2026-08-21,18.0,68.0,-0.194,-0.054,0.201,0.39,254.4,West India Coastal Current (WICC),0.0,NASA OSCAR L4 / INCOIS High-Res Hydrodynamic Ocean Model
1751,2026-08-21,18.0,69.0,-0.185,-0.206,0.277,0.54,221.9,West India Coastal Current (WICC),0.0,NASA OSCAR L4 / INCOIS High-Res Hydrodynamic Ocean Model
1752,2026-08-21,18.0,70.0,-0.236,-0.204,0.312,0.61,229.2,West India Coastal Current (WICC),0.0,NASA OSCAR L4 / INCOIS High-Res Hydrodynamic Ocean Model
1753,2026-08-21,18.0,71.0,-0.059,-0.198,0.207,0.4,196.6,West India Coastal Current (WICC),0.0,NASA OSCAR L4 / INCOIS High-Res Hydrodynamic Ocean Model
1754,2026-08-21,18.0,72.0,-0.278,-0.409,0.495,0.96,214.2,West India Coastal Current (WICC),0.0,NASA OSCAR L4 / INCOIS High-Res Hydrodynamic Ocean Model
1755,2026-08-21,18.0,73.0,-0.108,-0.294,0.313,0.61,200.2,West India Coastal Current (WICC),0.0,NASA OSCAR L4 / INCOIS High-Res Hydrodynamic Ocean Model
1756,2026-08-21,18.0,85.0,0.131,0.153,0.201,0.39,40.6,East India Coastal Current (EICC),0.0,NASA OSCAR L4 / INCOIS High-Res Hydrodynamic Ocean Model
1757,2026-08-21,18.0,86.0,0.103,-0.204,0.229,0.45,153.2,East India Coastal Current (EICC),0.0,NASA OSCAR L4 / INCOIS High-Res Hydrodynamic Ocean Model
1758,2026-08-21,18.0,87.0,0.093,0.17,0.194,0.38,28.7,East India Coastal Current (EICC),0.0,NASA OSCAR L4 / INCOIS High-Res Hydrodynamic Ocean Model
1759,2026-08-21,18.0,88.0,0.253,-0.004,0.253,0.49,90.9,East India Coastal Current (EICC),0.0,NASA OSCAR L4 / INCOIS High-Res Hydrodynamic Ocean Model
1760,2026-08-21,18.0,89.0,0.143,0.191,0.239,0.46,36.8,East India Coastal Current (EICC),0.0,NASA OSCAR L4 / INCOIS High-Res Hydrodynamic Ocean Model
1761,2026-08-21,18.0,90.0,0.262,0.223,0.344,0.67,49.6,East India Coastal Current (EICC),0.0,NASA OSCAR L4 / INCOIS High-Res Hydrodynamic Ocean Model
1762,2026-08-21,18.0,91.0,0.175,0.114,0.209,0.41,56.9,East India Coastal Current (EICC),0.0,NASA OSCAR L4 / INCOIS High-Res Hydrodynamic Ocean Model
1763,2026-08-21,18.0,92.0,0.272,0.37,0.459,0.89,36.3,East India Coastal Current (EICC),0.0,NASA OSCAR L4 / INCOIS High-Res Hydrodynamic Ocean Model
1764,2026-08-21,18.0,93.0,0.311,0.156,0.348,0.68,63.4,East India Coastal Current (EICC),0.0,NASA OSCAR L4 / INCOIS High-Res Hydrodynamic Ocean Model
1765,2026-08-21,18.0,94.0,0.318,0.173,0.362,0.7,61.5,East India Coastal Current (EICC),0.0,NASA OSCAR L4 / INCOIS High-Res Hydrodynamic Ocean Model
1766,2026-08-21,19.0,68.0,-0.259,-0.272,0.376,0.73,223.6,West India Coastal Current (WICC),0.0,NASA OSCAR L4 / INCOIS High-Res Hydrodynamic Ocean Model
1767,2026-08-21,19.0,69.0,-0.115,-0.098,0.151,0.29,229.6,West India Coastal Current (WICC),0.0,NASA OSCAR L4 / INCOIS High-Res Hydrodynamic Ocean Model
1768,2026-08-21,19.0,70.0,-0.224,-0.201,0.301,0.59,228.1,West India Coastal Current (WICC),0.0,NASA OSCAR L4 / INCOIS High-Res Hydrodynamic Ocean Model
1769,2026-08-21,19.0,71.0,-0.207,-0.426,0.474,0.92,205.9,West India Coastal Current (WICC),0.0,NASA OSCAR L4 / INCOIS High-Res Hydrodynamic Ocean Model
1770,2026-08-21,19.0,72.0,-0.278,-0.099,0.295,0.57,250.4,West India Coastal Current (WICC),0.0,NASA OSCAR L4 / INCOIS High-Res Hydrodynamic Ocean Model
1771,2026-08-21,19.0,73.0,0.008,-0.231,0.231,0.45,178.0,West India Coastal Current (WICC),0.0,NASA OSCAR L4 / INCOIS High-Res Hydrodynamic Ocean Model
1772,2026-08-21,19.0,85.0,0.275,0.253,0.374,0.73,47.4,East India Coastal Current (EICC),0.0,NASA OSCAR L4 / INCOIS High-Res Hydrodynamic Ocean Model
1773,2026-08-21,19.0,86.0,0.271,0.117,0.295,0.57,66.6,East India Coastal Current (EICC),0.0,NASA OSCAR L4 / INCOIS High-Res Hydrodynamic Ocean Model
1774,2026-08-21,19.0,87.0,0.136,0.201,0.243,0.47,34.1,East India Coastal Current (EICC),0.0,NASA OSCAR L4 / INCOIS High-Res Hydrodynamic Ocean Model
1775,2026-08-21,19.0,88.0,0.193,0.13,0.233,0.45,56.0,East India Coastal Current (EICC),0.0,NASA OSCAR L4 / INCOIS High-Res Hydrodynamic Ocean Model
1776,2026-08-21,19.0,89.0,0.119,0.177,0.213,0.41,33.9,East India Coastal Current (EICC),0.0,NASA OSCAR L4 / INCOIS High-Res Hydrodynamic Ocean Model
1777,2026-08-21,19.0,90.0,0.338,0.222,0.404,0.79,56.7,East India Coastal Current (EICC),0.0,NASA OSCAR L4 / INCOIS High-Res Hydrodynamic Ocean Model
1778,2026-08-21,19.0,91.0,0.359,0.234,0.429,0.83,56.9,East India Coastal Current (EICC),0.0,NASA OSCAR L4 / INCOIS High-Res Hydrodynamic Ocean Model
1779,2026-08-21,19.0,92.0,0.222,0.144,0.265,0.52,57.0,East India Coastal Current (EICC),0.0,NASA OSCAR L4 / INCOIS High-Res Hydrodynamic Ocean Model
1780,2026-08-21,19.0,93.0,0.161,0.215,0.269,0.52,36.8,East India Coastal Current (EICC),0.0,NASA OSCAR L4 / INCOIS High-Res Hydrodynamic Ocean Model
1781,2026-08-21,19.0,94.0,0.148,0.169,0.225,0.44,41.2,East India Coastal Current (EICC),0.0,NASA OSCAR L4 / INCOIS High-Res Hydrodynamic Ocean Model
1782,2026-08-21,20.0,68.0,-0.253,-0.385,0.461,0.9,213.3,West India Coastal Current (WICC),0.0,NASA OSCAR L4 / INCOIS High-Res Hydrodynamic Ocean Model
1783,2026-08-21,20.0,69.0,-0.185,-0.263,0.322,0.63,215.1,West India Coastal Current (WICC),0.0,NASA OSCAR L4 / INCOIS High-Res Hydrodynamic Ocean Model
1784,2026-08-21,20.0,70.0,-0.096,-0.411,0.422,0.82,193.1,West India Coastal Current (WICC),0.0,NASA OSCAR L4 / INCOIS High-Res Hydrodynamic Ocean Model
1785,2026-08-21,20.0,71.0,-0.052,-0.22,0.226,0.44,193.3,West India Coastal Current (WICC),0.0,NASA OSCAR L4 / INCOIS High-Res Hydrodynamic Ocean Model
1786,2026-08-21,20.0,72.0,-0.314,-0.42,0.524,1.02,216.8,West India Coastal Current (WICC),0.0,NASA OSCAR L4 / INCOIS High-Res Hydrodynamic Ocean Model
1787,2026-08-21,20.0,73.0,-0.042,-0.276,0.279,0.54,188.7,West India Coastal Current (WICC),0.0,NASA OSCAR L4 / INCOIS High-Res Hydrodynamic Ocean Model
1788,2026-08-21,20.0,85.0,0.247,0.286,0.378,0.73,40.8,East India Coastal Current (EICC),0.0,NASA OSCAR L4 / INCOIS High-Res Hydrodynamic Ocean Model
1789,2026-08-21,20.0,86.0,0.193,0.191,0.272,0.53,45.3,East India Coastal Current (EICC),0.0,NASA OSCAR L4 / INCOIS High-Res Hydrodynamic Ocean Model
1790,2026-08-21,20.0,87.0,0.126,0.223,0.256,0.5,29.5,East India Coastal Current (EICC),0.0,NASA OSCAR L4 / INCOIS High-Res Hydrodynamic Ocean Model
1791,2026-08-21,20.0,88.0,0.145,0.227,0.269,0.52,32.6,East India Coastal Current (EICC),0.0,NASA OSCAR L4 / INCOIS High-Res Hydrodynamic Ocean Model
1792,2026-08-21,20.0,89.0,0.121,0.24,0.269,0.52,26.8,East India Coastal Current (EICC),0.0,NASA OSCAR L4 / INCOIS High-Res Hydrodynamic Ocean Model
1793,2026-08-21,20.0,90.0,0.295,0.205,0.359,0.7,55.2,East India Coastal Current (EICC),0.0,NASA OSCAR L4 / INCOIS High-Res Hydrodynamic Ocean Model
1794,2026-08-21,20.0,91.0,0.124,0.146,0.192,0.37,40.3,East India Coastal Current (EICC),0.0,NASA OSCAR L4 / INCOIS High-Res Hydrodynamic Ocean Model
1795,2026-08-21,20.0,92.0,0.261,0.272,0.377,0.73,43.8,East India Coastal Current (EICC),0.0,NASA OSCAR L4 / INCOIS High-Res Hydrodynamic Ocean Model
1796,2026-08-21,20.0,93.0,0.177,-0.119,0.213,0.41,123.9,East India Coastal Current (EICC),0.0,NASA OSCAR L4 / INCOIS High-Res Hydrodynamic Ocean Model
1797,2026-08-21,20.0,94.0,0.211,0.114,0.24,0.47,61.6,East India Coastal Current (EICC),0.0,NASA OSCAR L4 / INCOIS High-Res Hydrodynamic Ocean Model
1798,2026-08-21,21.0,68.0,-0.175,-0.284,0.334,0.65,211.6,West India Coastal Current (WICC),0.0,NASA OSCAR L4 / INCOIS High-Res Hydrodynamic Ocean Model
1799,2026-08-21,21.0,69.0,-0.081,-0.472,0.479,0.93,189.7,West India Coastal Current (WICC),0.0,NASA OSCAR L4 / INCOIS High-Res Hydrodynamic Ocean Model
1800,2026-08-21,21.0,70.0,-0.114,-0.239,0.265,0.52,205.5,West India Coastal Current (WICC),0.0,NASA OSCAR L4 / INCOIS High-Res Hydrodynamic Ocean Model
1801,2026-08-21,21.0,71.0,-0.294,-0.334,0.445,0.87,221.4,West India Coastal Current (WICC),0.0,NASA OSCAR L4 / INCOIS High-Res Hydrodynamic Ocean Model
1802,2026-08-21,21.0,72.0,-0.011,-0.173,0.173,0.34,183.6,West India Coastal Current (WICC),0.0,NASA OSCAR L4 / INCOIS High-Res Hydrodynamic Ocean Model
1803,2026-08-21,21.0,73.0,-0.182,-0.221,0.286,0.56,219.5,West India Coastal Current (WICC),0.0,NASA OSCAR L4 / INCOIS High-Res Hydrodynamic Ocean Model
1804,2026-08-21,21.0,74.0,-0.197,-0.299,0.358,0.7,213.4,West India Coastal Current (WICC),0.0,NASA OSCAR L4 / INCOIS High-Res Hydrodynamic Ocean Model
1805,2026-08-21,21.0,75.0,-0.026,-0.352,0.353,0.69,184.2,West India Coastal Current (WICC),0.0,NASA OSCAR L4 / INCOIS High-Res Hydrodynamic Ocean Model
1806,2026-08-21,21.0,76.0,-0.275,-0.148,0.312,0.61,241.7,West India Coastal Current (WICC),0.0,NASA OSCAR L4 / INCOIS High-Res Hydrodynamic Ocean Model
1807,2026-08-21,21.0,77.0,0.418,0.164,0.449,0.87,68.6,East India Coastal Current (EICC),0.0,NASA OSCAR L4 / INCOIS High-Res Hydrodynamic Ocean Model
1808,2026-08-21,21.0,78.0,0.233,0.042,0.237,0.46,79.8,East India Coastal Current (EICC),0.0,NASA OSCAR L4 / INCOIS High-Res Hydrodynamic Ocean Model
1809,2026-08-21,21.0,79.0,0.296,0.187,0.35,0.68,57.7,East India Coastal Current (EICC),0.0,NASA OSCAR L4 / INCOIS High-Res Hydrodynamic Ocean Model
1810,2026-08-21,21.0,80.0,0.051,0.102,0.114,0.22,26.6,East India Coastal Current (EICC),0.0,NASA OSCAR L4 / INCOIS High-Res Hydrodynamic Ocean Model
1811,2026-08-21,21.0,81.0,0.26,0.158,0.304,0.59,58.7,East India Coastal Current (EICC),0.0,NASA OSCAR L4 / INCOIS High-Res Hydrodynamic Ocean Model
1812,2026-08-21,21.0,82.0,0.261,0.283,0.385,0.75,42.7,East India Coastal Current (EICC),0.0,NASA OSCAR L4 / INCOIS High-Res Hydrodynamic Ocean Model
1813,2026-08-21,21.0,83.0,0.183,-0.107,0.212,0.41,120.3,East India Coastal Current (EICC),0.0,NASA OSCAR L4 / INCOIS High-Res Hydrodynamic Ocean Model
1814,2026-08-21,21.0,84.0,0.152,0.333,0.366,0.71,24.5,East India Coastal Current (EICC),0.0,NASA OSCAR L4 / INCOIS High-Res Hydrodynamic Ocean Model
1815,2026-08-21,21.0,85.0,0.254,0.171,0.306,0.59,56.1,East India Coastal Current (EICC),0.0,NASA OSCAR L4 / INCOIS High-Res Hydrodynamic Ocean Model
1816,2026-08-21,21.0,86.0,0.197,0.075,0.211,0.41,69.2,East India Coastal Current (EICC),0.0,NASA OSCAR L4 / INCOIS High-Res Hydrodynamic Ocean Model
1817,2026-08-21,21.0,87.0,0.089,0.147,0.172,0.33,31.2,East India Coastal Current (EICC),0.0,NASA OSCAR L4 / INCOIS High-Res Hydrodynamic Ocean Model
1818,2026-08-21,21.0,88.0,0.276,0.197,0.339,0.66,54.5,East India Coastal Current (EICC),0.0,NASA OSCAR L4 / INCOIS High-Res Hydrodynamic Ocean Model
1819,2026-08-21,21.0,89.0,0.23,0.101,0.251,0.49,66.3,East India Coastal Current (EICC),0.0,NASA OSCAR L4 / INCOIS High-Res Hydrodynamic Ocean Model
1820,2026-08-21,21.0,90.0,0.135,0.245,0.28,0.54,28.9,East India Coastal Current (EICC),0.0,NASA OSCAR L4 / INCOIS High-Res Hydrodynamic Ocean Model
1821,2026-08-21,21.0,91.0,0.285,0.032,0.287,0.56,83.6,East India Coastal Current (EICC),0.0,NASA OSCAR L4 / INCOIS High-Res Hydrodynamic Ocean Model
1822,2026-08-21,21.0,92.0,0.283,0.191,0.341,0.66,56.0,East India Coastal Current (EICC),0.0,NASA OSCAR L4 / INCOIS High-Res Hydrodynamic Ocean Model
1823,2026-08-21,21.0,93.0,0.216,0.28,0.354,0.69,37.6,East India Coastal Current (EICC),0.0,NASA OSCAR L4 / INCOIS High-Res Hydrodynamic Ocean Model
1824,2026-08-21,21.0,94.0,0.16,0.258,0.304,0.59,31.8,East India Coastal Current (EICC),0.0,NASA OSCAR L4 / INCOIS High-Res Hydrodynamic Ocean Model
1825,2026-08-21,22.0,68.0,-0.224,-0.183,0.289,0.56,230.8,West India Coastal Current (WICC),0.0,NASA OSCAR L4 / INCOIS High-Res Hydrodynamic Ocean Model
1826,2026-08-21,22.0,69.0,-0.204,-0.109,0.231,0.45,241.9,West India Coastal Current (WICC),0.0,NASA OSCAR L4 / INCOIS High-Res Hydrodynamic Ocean Model
1827,2026-08-21,22.0,70.0,-0.15,-0.326,0.359,0.7,204.7,West India Coastal Current (WICC),0.0,NASA OSCAR L4 / INCOIS High-Res Hydrodynamic Ocean Model
1828,2026-08-21,22.0,71.0,-0.066,-0.348,0.354,0.69,190.7,West India Coastal Current (WICC),0.0,NASA OSCAR L4 / INCOIS High-Res Hydrodynamic Ocean Model
1829,2026-08-21,22.0,72.0,-0.022,-0.398,0.399,0.78,183.2,West India Coastal Current (WICC),0.0,NASA OSCAR L4 / INCOIS High-Res Hydrodynamic Ocean Model
1830,2026-08-21,22.0,73.0,-0.274,-0.371,0.461,0.9,216.4,West India Coastal Current (WICC),0.0,NASA OSCAR L4 / INCOIS High-Res Hydrodynamic Ocean Model
1831,2026-08-21,22.0,74.0,-0.322,-0.341,0.469,0.91,223.4,West India Coastal Current (WICC),0.0,NASA OSCAR L4 / INCOIS High-Res Hydrodynamic Ocean Model
1832,2026-08-21,22.0,75.0,-0.142,-0.471,0.492,0.96,196.8,West India Coastal Current (WICC),0.0,NASA OSCAR L4 / INCOIS High-Res Hydrodynamic Ocean Model
1833,2026-08-21,22.0,76.0,-0.126,-0.315,0.339,0.66,201.8,West India Coastal Current (WICC),0.0,NASA OSCAR L4 / INCOIS High-Res Hydrodynamic Ocean Model
1834,2026-08-21,22.0,77.0,0.033,0.131,0.135,0.26,14.1,East India Coastal Current (EICC),0.0,NASA OSCAR L4 / INCOIS High-Res Hydrodynamic Ocean Model
1835,2026-08-21,22.0,78.0,0.13,0.135,0.187,0.36,43.9,East India Coastal Current (EICC),0.0,NASA OSCAR L4 / INCOIS High-Res Hydrodynamic Ocean Model
1836,2026-08-21,22.0,79.0,0.247,0.33,0.412,0.8,36.8,East India Coastal Current (EICC),0.0,NASA OSCAR L4 / INCOIS High-Res Hydrodynamic Ocean Model
1837,2026-08-21,22.0,80.0,0.143,0.314,0.345,0.67,24.5,East India Coastal Current (EICC),0.0,NASA OSCAR L4 / INCOIS High-Res Hydrodynamic Ocean Model
1838,2026-08-21,22.0,81.0,0.172,0.28,0.329,0.64,31.6,East India Coastal Current (EICC),0.0,NASA OSCAR L4 / INCOIS High-Res Hydrodynamic Ocean Model
1839,2026-08-21,22.0,82.0,0.255,0.099,0.274,0.53,68.8,East India Coastal Current (EICC),0.0,NASA OSCAR L4 / INCOIS High-Res Hydrodynamic Ocean Model
1840,2026-08-21,22.0,83.0,0.253,0.4,0.473,0.92,32.3,East India Coastal Current (EICC),0.0,NASA OSCAR L4 / INCOIS High-Res Hydrodynamic Ocean Model
1841,2026-08-21,22.0,84.0,0.358,0.147,0.387,0.75,67.7,East India Coastal Current (EICC),0.0,NASA OSCAR L4 / INCOIS High-Res Hydrodynamic Ocean Model
1842,2026-08-21,22.0,85.0,0.259,0.105,0.279,0.54,67.9,East India Coastal Current (EICC),0.0,NASA OSCAR L4 / INCOIS High-Res Hydrodynamic Ocean Model
1843,2026-08-21,22.0,86.0,0.159,0.168,0.231,0.45,43.4,East India Coastal Current (EICC),0.0,NASA OSCAR L4 / INCOIS High-Res Hydrodynamic Ocean Model
1844,2026-08-21,22.0,87.0,0.187,0.369,0.414,0.8,26.9,East India Coastal Current (EICC),0.0,NASA OSCAR L4 / INCOIS High-Res Hydrodynamic Ocean Model
1845,2026-08-21,22.0,88.0,0.071,0.228,0.239,0.46,17.3,East India Coastal Current (EICC),0.0,NASA OSCAR L4 / INCOIS High-Res Hydrodynamic Ocean Model
1846,2026-08-21,22.0,89.0,0.065,0.347,0.353,0.69,10.6,East India Coastal Current (EICC),0.0,NASA OSCAR L4 / INCOIS High-Res Hydrodynamic Ocean Model
1847,2026-08-21,22.0,90.0,0.184,0.173,0.253,0.49,46.8,East India Coastal Current (EICC),0.0,NASA OSCAR L4 / INCOIS High-Res Hydrodynamic Ocean Model
1848,2026-08-21,22.0,91.0,0.207,0.059,0.215,0.42,74.1,East India Coastal Current (EICC),0.0,NASA OSCAR L4 / INCOIS High-Res Hydrodynamic Ocean Model
1849,2026-08-21,22.0,92.0,0.231,0.048,0.236,0.46,78.3,East India Coastal Current (EICC),0.0,NASA OSCAR L4 / INCOIS High-Res Hydrodynamic Ocean Model
1850,2026-08-21,22.0,93.0,0.19,0.351,0.399,0.78,28.4,East India Coastal Current (EICC),0.0,NASA OSCAR L4 / INCOIS High-Res Hydrodynamic Ocean Model
1851,2026-08-21,22.0,94.0,0.256,0.146,0.295,0.57,60.3,East India Coastal Current (EICC),0.0,NASA OSCAR L4 / INCOIS High-Res Hydrodynamic Ocean Model
1852,2026-08-21,23.0,68.0,-0.17,-0.304,0.348,0.68,209.2,West India Coastal Current (WICC),0.0,NASA OSCAR L4 / INCOIS High-Res Hydrodynamic Ocean Model
1853,2026-08-21,23.0,69.0,-0.119,-0.209,0.241,0.47,209.7,West India Coastal Current (WICC),0.0,NASA OSCAR L4 / INCOIS High-Res Hydrodynamic Ocean Model
1854,2026-08-21,23.0,70.0,0.031,-0.239,0.241,0.47,172.6,West India Coastal Current (WICC),0.0,NASA OSCAR L4 / INCOIS High-Res Hydrodynamic Ocean Model
1855,2026-08-21,23.0,71.0,-0.137,-0.233,0.27,0.52,210.5,West India Coastal Current (WICC),0.0,NASA OSCAR L4 / INCOIS High-Res Hydrodynamic Ocean Model
1856,2026-08-21,23.0,72.0,-0.19,-0.314,0.367,0.71,211.2,West India Coastal Current (WICC),0.0,NASA OSCAR L4 / INCOIS High-Res Hydrodynamic Ocean Model
1857,2026-08-21,23.0,73.0,-0.269,-0.457,0.53,1.03,210.5,West India Coastal Current (WICC),0.0,NASA OSCAR L4 / INCOIS High-Res Hydrodynamic Ocean Model
1858,2026-08-21,23.0,74.0,-0.206,-0.351,0.407,0.79,210.4,West India Coastal Current (WICC),0.0,NASA OSCAR L4 / INCOIS High-Res Hydrodynamic Ocean Model
1859,2026-08-21,23.0,75.0,-0.213,-0.157,0.265,0.52,233.6,West India Coastal Current (WICC),0.0,NASA OSCAR L4 / INCOIS High-Res Hydrodynamic Ocean Model
1860,2026-08-21,23.0,76.0,-0.131,-0.193,0.233,0.45,214.2,West India Coastal Current (WICC),0.0,NASA OSCAR L4 / INCOIS High-Res Hydrodynamic Ocean Model
1861,2026-08-21,23.0,77.0,0.136,0.185,0.23,0.45,36.3,East India Coastal Current (EICC),0.0,NASA OSCAR L4 / INCOIS High-Res Hydrodynamic Ocean Model
1862,2026-08-21,23.0,78.0,0.081,0.128,0.151,0.29,32.3,East India Coastal Current (EICC),0.0,NASA OSCAR L4 / INCOIS High-Res Hydrodynamic Ocean Model
1863,2026-08-21,23.0,79.0,0.261,-0.067,0.269,0.52,104.4,East India Coastal Current (EICC),0.0,NASA OSCAR L4 / INCOIS High-Res Hydrodynamic Ocean Model
1864,2026-08-21,23.0,80.0,0.266,0.191,0.327,0.64,54.3,East India Coastal Current (EICC),0.0,NASA OSCAR L4 / INCOIS High-Res Hydrodynamic Ocean Model
1865,2026-08-21,23.0,81.0,0.111,0.333,0.351,0.68,18.4,East India Coastal Current (EICC),0.0,NASA OSCAR L4 / INCOIS High-Res Hydrodynamic Ocean Model
1866,2026-08-21,23.0,82.0,0.167,0.227,0.282,0.55,36.3,East India Coastal Current (EICC),0.0,NASA OSCAR L4 / INCOIS High-Res Hydrodynamic Ocean Model
1867,2026-08-21,23.0,83.0,0.214,0.181,0.28,0.54,49.8,East India Coastal Current (EICC),0.0,NASA OSCAR L4 / INCOIS High-Res Hydrodynamic Ocean Model
1868,2026-08-21,23.0,84.0,0.14,0.313,0.343,0.67,24.1,East India Coastal Current (EICC),0.0,NASA OSCAR L4 / INCOIS High-Res Hydrodynamic Ocean Model
1869,2026-08-21,23.0,85.0,0.221,0.072,0.232,0.45,72.0,East India Coastal Current (EICC),0.0,NASA OSCAR L4 / INCOIS High-Res Hydrodynamic Ocean Model
1870,2026-08-21,23.0,86.0,0.171,0.211,0.272,0.53,39.0,East India Coastal Current (EICC),0.0,NASA OSCAR L4 / INCOIS High-Res Hydrodynamic Ocean Model
1871,2026-08-21,23.0,87.0,0.179,0.294,0.344,0.67,31.3,East India Coastal Current (EICC),0.0,NASA OSCAR L4 / INCOIS High-Res Hydrodynamic Ocean Model
1872,2026-08-21,23.0,88.0,0.163,0.105,0.194,0.38,57.2,East India Coastal Current (EICC),0.0,NASA OSCAR L4 / INCOIS High-Res Hydrodynamic Ocean Model
1873,2026-08-21,23.0,89.0,0.132,0.058,0.144,0.28,66.3,East India Coastal Current (EICC),0.0,NASA OSCAR L4 / INCOIS High-Res Hydrodynamic Ocean Model
1874,2026-08-21,23.0,90.0,0.205,-0.001,0.205,0.4,90.3,East India Coastal Current (EICC),0.0,NASA OSCAR L4 / INCOIS High-Res Hydrodynamic Ocean Model
1875,2026-08-21,23.0,91.0,0.366,0.076,0.374,0.73,78.3,East India Coastal Current (EICC),0.0,NASA OSCAR L4 / INCOIS High-Res Hydrodynamic Ocean Model
1876,2026-08-21,23.0,92.0,0.244,0.255,0.353,0.69,43.7,East India Coastal Current (EICC),0.0,NASA OSCAR L4 / INCOIS High-Res Hydrodynamic Ocean Model
1877,2026-08-21,23.0,93.0,0.172,0.271,0.321,0.62,32.4,East India Coastal Current (EICC),0.0,NASA OSCAR L4 / INCOIS High-Res Hydrodynamic Ocean Model
1878,2026-08-21,23.0,94.0,0.196,-0.066,0.207,0.4,108.6,East India Coastal Current (EICC),0.0,NASA OSCAR L4 / INCOIS High-Res Hydrodynamic Ocean Model
1879,2026-08-21,24.0,68.0,-0.063,-0.255,0.263,0.51,193.9,West India Coastal Current (WICC),0.0,NASA OSCAR L4 / INCOIS High-Res Hydrodynamic Ocean Model
1880,2026-08-21,24.0,69.0,-0.234,-0.448,0.505,0.98,207.6,West India Coastal Current (WICC),0.0,NASA OSCAR L4 / INCOIS High-Res Hydrodynamic Ocean Model
1881,2026-08-21,24.0,70.0,-0.148,-0.333,0.364,0.71,204.0,West India Coastal Current (WICC),0.0,NASA OSCAR L4 / INCOIS High-Res Hydrodynamic Ocean Model
1882,2026-08-21,24.0,71.0,-0.227,-0.413,0.471,0.92,208.8,West India Coastal Current (WICC),0.0,NASA OSCAR L4 / INCOIS High-Res Hydrodynamic Ocean Model
1883,2026-08-21,24.0,72.0,-0.103,-0.278,0.296,0.58,200.3,West India Coastal Current (WICC),0.0,NASA OSCAR L4 / INCOIS High-Res Hydrodynamic Ocean Model
1884,2026-08-21,24.0,73.0,-0.132,-0.173,0.218,0.42,217.3,West India Coastal Current (WICC),0.0,NASA OSCAR L4 / INCOIS High-Res Hydrodynamic Ocean Model
1885,2026-08-21,24.0,74.0,-0.29,-0.311,0.425,0.83,223.0,West India Coastal Current (WICC),0.0,NASA OSCAR L4 / INCOIS High-Res Hydrodynamic Ocean Model
1886,2026-08-21,24.0,75.0,-0.086,-0.459,0.467,0.91,190.6,West India Coastal Current (WICC),0.0,NASA OSCAR L4 / INCOIS High-Res Hydrodynamic Ocean Model
1887,2026-08-21,24.0,76.0,-0.046,-0.255,0.259,0.5,190.2,West India Coastal Current (WICC),0.0,NASA OSCAR L4 / INCOIS High-Res Hydrodynamic Ocean Model
1888,2026-08-21,24.0,77.0,0.162,0.078,0.18,0.35,64.3,East India Coastal Current (EICC),0.0,NASA OSCAR L4 / INCOIS High-Res Hydrodynamic Ocean Model
1889,2026-08-21,24.0,78.0,0.416,0.168,0.449,0.87,68.0,East India Coastal Current (EICC),0.0,NASA OSCAR L4 / INCOIS High-Res Hydrodynamic Ocean Model
1890,2026-08-21,24.0,79.0,0.194,0.133,0.235,0.46,55.6,East India Coastal Current (EICC),0.0,NASA OSCAR L4 / INCOIS High-Res Hydrodynamic Ocean Model
1891,2026-08-21,24.0,80.0,0.173,0.094,0.197,0.38,61.5,East India Coastal Current (EICC),0.0,NASA OSCAR L4 / INCOIS High-Res Hydrodynamic Ocean Model
1892,2026-08-21,24.0,81.0,0.156,0.201,0.254,0.49,37.8,East India Coastal Current (EICC),0.0,NASA OSCAR L4 / INCOIS High-Res Hydrodynamic Ocean Model
1893,2026-08-21,24.0,82.0,0.262,0.235,0.352,0.68,48.1,East India Coastal Current (EICC),0.0,NASA OSCAR L4 / INCOIS High-Res Hydrodynamic Ocean Model
1894,2026-08-21,24.0,83.0,0.219,0.426,0.479,0.93,27.2,East India Coastal Current (EICC),0.0,NASA OSCAR L4 / INCOIS High-Res Hydrodynamic Ocean Model
1895,2026-08-21,24.0,84.0,0.178,0.28,0.332,0.65,32.4,East India Coastal Current (EICC),0.0,NASA OSCAR L4 / INCOIS High-Res Hydrodynamic Ocean Model
1896,2026-08-21,24.0,85.0,0.212,0.103,0.236,0.46,64.1,East India Coastal Current (EICC),0.0,NASA OSCAR L4 / INCOIS High-Res Hydrodynamic Ocean Model
1897,2026-08-21,24.0,86.0,0.218,0.119,0.248,0.48,61.4,East India Coastal Current (EICC),0.0,NASA OSCAR L4 / INCOIS High-Res Hydrodynamic Ocean Model
1898,2026-08-21,24.0,87.0,0.249,0.024,0.25,0.49,84.5,East India Coastal Current (EICC),0.0,NASA OSCAR L4 / INCOIS High-Res Hydrodynamic Ocean Model
1899,2026-08-21,24.0,88.0,0.107,0.197,0.224,0.44,28.5,East India Coastal Current (EICC),0.0,NASA OSCAR L4 / INCOIS High-Res Hydrodynamic Ocean Model
1900,2026-08-21,24.0,89.0,0.275,0.189,0.334,0.65,55.5,East India Coastal Current (EICC),0.0,NASA OSCAR L4 / INCOIS High-Res Hydrodynamic Ocean Model
1901,2026-08-21,24.0,90.0,0.227,0.211,0.31,0.6,47.1,East India Coastal Current (EICC),0.0,NASA OSCAR L4 / INCOIS High-Res Hydrodynamic Ocean Model
1902,2026-08-21,24.0,91.0,0.349,0.214,0.409,0.8,58.5,East India Coastal Current (EICC),0.0,NASA OSCAR L4 / INCOIS High-Res Hydrodynamic Ocean Model
1903,2026-08-21,24.0,92.0,0.188,0.308,0.361,0.7,31.4,East India Coastal Current (EICC),0.0,NASA OSCAR L4 / INCOIS High-Res Hydrodynamic Ocean Model
1904,2026-08-21,24.0,93.0,0.277,0.231,0.361,0.7,50.2,East India Coastal Current (EICC),0.0,NASA OSCAR L4 / INCOIS High-Res Hydrodynamic Ocean Model
1905,2026-08-21,24.0,94.0,0.196,0.2,0.28,0.54,44.4,East India Coastal Current (EICC),0.0,NASA OSCAR L4 / INCOIS High-Res Hydrodynamic Ocean Model
1906,2026-08-20,6.0,68.0,-0.108,-0.265,0.286,0.56,202.2,West India Coastal Current (WICC),0.0,NASA OSCAR L4 / INCOIS High-Res Hydrodynamic Ocean Model
1907,2026-08-20,6.0,69.0,-0.055,-0.28,0.285,0.55,191.1,West India Coastal Current (WICC),0.0,NASA OSCAR L4 / INCOIS High-Res Hydrodynamic Ocean Model
1908,2026-08-20,6.0,70.0,-0.169,-0.169,0.239,0.46,225.0,West India Coastal Current (WICC),0.0,NASA OSCAR L4 / INCOIS High-Res Hydrodynamic Ocean Model
1909,2026-08-20,6.0,71.0,-0.137,-0.018,0.138,0.27,262.5,West India Coastal Current (WICC),0.0,NASA OSCAR L4 / INCOIS High-Res Hydrodynamic Ocean Model
1910,2026-08-20,6.0,72.0,-0.193,-0.3,0.357,0.69,212.8,West India Coastal Current (WICC),0.0,NASA OSCAR L4 / INCOIS High-Res Hydrodynamic Ocean Model
1911,2026-08-20,6.0,73.0,0.023,-0.354,0.355,0.69,176.3,West India Coastal Current (WICC),0.0,NASA OSCAR L4 / INCOIS High-Res Hydrodynamic Ocean Model
1912,2026-08-20,6.0,74.0,-0.118,-0.41,0.427,0.83,196.1,West India Coastal Current (WICC),0.0,NASA OSCAR L4 / INCOIS High-Res Hydrodynamic Ocean Model
1913,2026-08-20,6.0,75.0,-0.016,-0.339,0.339,0.66,182.7,West India Coastal Current (WICC),0.0,NASA OSCAR L4 / INCOIS High-Res Hydrodynamic Ocean Model
1914,2026-08-20,6.0,76.0,-0.108,-0.205,0.232,0.45,207.8,West India Coastal Current (WICC),0.0,NASA OSCAR L4 / INCOIS High-Res Hydrodynamic Ocean Model
1915,2026-08-20,6.0,77.0,0.123,0.028,0.126,0.24,77.2,East India Coastal Current (EICC),0.0,NASA OSCAR L4 / INCOIS High-Res Hydrodynamic Ocean Model
1916,2026-08-20,6.0,78.0,0.17,0.046,0.176,0.34,74.9,East India Coastal Current (EICC),0.0,NASA OSCAR L4 / INCOIS High-Res Hydrodynamic Ocean Model
1917,2026-08-20,6.0,79.0,0.187,0.144,0.236,0.46,52.4,East India Coastal Current (EICC),0.0,NASA OSCAR L4 / INCOIS High-Res Hydrodynamic Ocean Model
1918,2026-08-20,6.0,80.0,0.252,0.19,0.316,0.61,53.0,East India Coastal Current (EICC),0.0,NASA OSCAR L4 / INCOIS High-Res Hydrodynamic Ocean Model
1919,2026-08-20,6.0,81.0,0.116,-0.005,0.116,0.23,92.5,East India Coastal Current (EICC),0.0,NASA OSCAR L4 / INCOIS High-Res Hydrodynamic Ocean Model
1920,2026-08-20,6.0,82.0,0.199,0.026,0.201,0.39,82.6,East India Coastal Current (EICC),0.0,NASA OSCAR L4 / INCOIS High-Res Hydrodynamic Ocean Model
1921,2026-08-20,6.0,83.0,0.252,0.294,0.387,0.75,40.6,East India Coastal Current (EICC),0.0,NASA OSCAR L4 / INCOIS High-Res Hydrodynamic Ocean Model
1922,2026-08-20,6.0,84.0,0.286,0.059,0.292,0.57,78.3,East India Coastal Current (EICC),0.0,NASA OSCAR L4 / INCOIS High-Res Hydrodynamic Ocean Model
1923,2026-08-20,6.0,85.0,0.179,0.29,0.341,0.66,31.7,East India Coastal Current (EICC),0.0,NASA OSCAR L4 / INCOIS High-Res Hydrodynamic Ocean Model
1924,2026-08-20,6.0,86.0,0.16,0.177,0.239,0.46,42.1,East India Coastal Current (EICC),0.0,NASA OSCAR L4 / INCOIS High-Res Hydrodynamic Ocean Model
1925,2026-08-20,6.0,87.0,0.217,0.159,0.269,0.52,53.8,East India Coastal Current (EICC),0.0,NASA OSCAR L4 / INCOIS High-Res Hydrodynamic Ocean Model
1926,2026-08-20,6.0,88.0,0.333,0.198,0.387,0.75,59.3,East India Coastal Current (EICC),0.0,NASA OSCAR L4 / INCOIS High-Res Hydrodynamic Ocean Model
1927,2026-08-20,6.0,89.0,0.221,0.206,0.302,0.59,47.0,East India Coastal Current (EICC),0.0,NASA OSCAR L4 / INCOIS High-Res Hydrodynamic Ocean Model
1928,2026-08-20,6.0,90.0,0.176,0.131,0.219,0.43,53.3,East India Coastal Current (EICC),0.0,NASA OSCAR L4 / INCOIS High-Res Hydrodynamic Ocean Model
1929,2026-08-20,6.0,91.0,0.279,0.141,0.313,0.61,63.2,East India Coastal Current (EICC),0.0,NASA OSCAR L4 / INCOIS High-Res Hydrodynamic Ocean Model
1930,2026-08-20,6.0,92.0,0.122,0.274,0.3,0.58,24.0,East India Coastal Current (EICC),0.0,NASA OSCAR L4 / INCOIS High-Res Hydrodynamic Ocean Model
1931,2026-08-20,6.0,93.0,0.212,0.181,0.279,0.54,49.5,East India Coastal Current (EICC),0.0,NASA OSCAR L4 / INCOIS High-Res Hydrodynamic Ocean Model
1932,2026-08-20,6.0,94.0,0.13,0.213,0.25,0.49,31.4,East India Coastal Current (EICC),0.0,NASA OSCAR L4 / INCOIS High-Res Hydrodynamic Ocean Model
1933,2026-08-20,7.0,68.0,-0.088,-0.247,0.262,0.51,199.6,West India Coastal Current (WICC),0.0,NASA OSCAR L4 / INCOIS High-Res Hydrodynamic Ocean Model
1934,2026-08-20,7.0,69.0,-0.183,-0.414,0.453,0.88,203.8,West India Coastal Current (WICC),0.0,NASA OSCAR L4 / INCOIS High-Res Hydrodynamic Ocean Model
1935,2026-08-20,7.0,70.0,-0.049,-0.07,0.085,0.17,215.0,West India Coastal Current (WICC),0.0,NASA OSCAR L4 / INCOIS High-Res Hydrodynamic Ocean Model
1936,2026-08-20,7.0,71.0,-0.211,-0.15,0.259,0.5,234.6,West India Coastal Current (WICC),0.0,NASA OSCAR L4 / INCOIS High-Res Hydrodynamic Ocean Model
1937,2026-08-20,7.0,72.0,-0.191,-0.077,0.206,0.4,248.0,West India Coastal Current (WICC),0.0,NASA OSCAR L4 / INCOIS High-Res Hydrodynamic Ocean Model
1938,2026-08-20,7.0,73.0,-0.08,-0.307,0.317,0.62,194.6,West India Coastal Current (WICC),0.0,NASA OSCAR L4 / INCOIS High-Res Hydrodynamic Ocean Model
1939,2026-08-20,7.0,74.0,-0.104,-0.205,0.23,0.45,206.9,West India Coastal Current (WICC),0.0,NASA OSCAR L4 / INCOIS High-Res Hydrodynamic Ocean Model
1940,2026-08-20,7.0,75.0,-0.168,-0.146,0.223,0.43,229.0,West India Coastal Current (WICC),0.0,NASA OSCAR L4 / INCOIS High-Res Hydrodynamic Ocean Model
1941,2026-08-20,7.0,76.0,-0.317,-0.229,0.391,0.76,234.2,West India Coastal Current (WICC),0.0,NASA OSCAR L4 / INCOIS High-Res Hydrodynamic Ocean Model
1942,2026-08-20,7.0,77.0,0.221,0.058,0.228,0.44,75.3,East India Coastal Current (EICC),0.0,NASA OSCAR L4 / INCOIS High-Res Hydrodynamic Ocean Model
1943,2026-08-20,7.0,78.0,0.289,0.156,0.328,0.64,61.6,East India Coastal Current (EICC),0.0,NASA OSCAR L4 / INCOIS High-Res Hydrodynamic Ocean Model
1944,2026-08-20,7.0,79.0,0.126,0.176,0.216,0.42,35.6,East India Coastal Current (EICC),0.0,NASA OSCAR L4 / INCOIS High-Res Hydrodynamic Ocean Model
1945,2026-08-20,7.0,80.0,0.271,0.266,0.38,0.74,45.5,East India Coastal Current (EICC),0.0,NASA OSCAR L4 / INCOIS High-Res Hydrodynamic Ocean Model
1946,2026-08-20,7.0,81.0,0.205,-0.177,0.271,0.53,130.8,East India Coastal Current (EICC),0.0,NASA OSCAR L4 / INCOIS High-Res Hydrodynamic Ocean Model
1947,2026-08-20,7.0,82.0,0.218,0.038,0.221,0.43,80.1,East India Coastal Current (EICC),0.0,NASA OSCAR L4 / INCOIS High-Res Hydrodynamic Ocean Model
1948,2026-08-20,7.0,83.0,0.148,0.427,0.452,0.88,19.1,East India Coastal Current (EICC),0.0,NASA OSCAR L4 / INCOIS High-Res Hydrodynamic Ocean Model
1949,2026-08-20,7.0,84.0,0.069,0.132,0.149,0.29,27.6,East India Coastal Current (EICC),0.0,NASA OSCAR L4 / INCOIS High-Res Hydrodynamic Ocean Model
1950,2026-08-20,7.0,85.0,0.179,0.226,0.288,0.56,38.4,East India Coastal Current (EICC),0.0,NASA OSCAR L4 / INCOIS High-Res Hydrodynamic Ocean Model
1951,2026-08-20,7.0,86.0,0.313,0.09,0.326,0.63,74.0,East India Coastal Current (EICC),0.0,NASA OSCAR L4 / INCOIS High-Res Hydrodynamic Ocean Model
1952,2026-08-20,7.0,87.0,0.249,0.392,0.464,0.9,32.4,East India Coastal Current (EICC),0.0,NASA OSCAR L4 / INCOIS High-Res Hydrodynamic Ocean Model
1953,2026-08-20,7.0,88.0,0.143,0.179,0.229,0.45,38.6,East India Coastal Current (EICC),0.0,NASA OSCAR L4 / INCOIS High-Res Hydrodynamic Ocean Model
1954,2026-08-20,7.0,89.0,0.263,0.109,0.285,0.55,67.5,East India Coastal Current (EICC),0.0,NASA OSCAR L4 / INCOIS High-Res Hydrodynamic Ocean Model
1955,2026-08-20,7.0,90.0,0.251,-0.019,0.252,0.49,94.3,East India Coastal Current (EICC),0.0,NASA OSCAR L4 / INCOIS High-Res Hydrodynamic Ocean Model
1956,2026-08-20,7.0,91.0,0.246,0.19,0.311,0.6,52.3,East India Coastal Current (EICC),0.0,NASA OSCAR L4 / INCOIS High-Res Hydrodynamic Ocean Model
1957,2026-08-20,7.0,92.0,0.167,0.027,0.169,0.33,80.8,East India Coastal Current (EICC),0.0,NASA OSCAR L4 / INCOIS High-Res Hydrodynamic Ocean Model
1958,2026-08-20,7.0,93.0,0.295,0.197,0.355,0.69,56.3,East India Coastal Current (EICC),0.0,NASA OSCAR L4 / INCOIS High-Res Hydrodynamic Ocean Model
1959,2026-08-20,7.0,94.0,0.273,0.119,0.298,0.58,66.4,East India Coastal Current (EICC),0.0,NASA OSCAR L4 / INCOIS High-Res Hydrodynamic Ocean Model
1960,2026-08-20,8.0,68.0,-0.159,-0.341,0.376,0.73,205.0,West India Coastal Current (WICC),0.0,NASA OSCAR L4 / INCOIS High-Res Hydrodynamic Ocean Model
1961,2026-08-20,8.0,69.0,-0.229,-0.238,0.33,0.64,223.9,West India Coastal Current (WICC),0.0,NASA OSCAR L4 / INCOIS High-Res Hydrodynamic Ocean Model
1962,2026-08-20,8.0,70.0,-0.255,-0.274,0.374,0.73,222.9,West India Coastal Current (WICC),0.0,NASA OSCAR L4 / INCOIS High-Res Hydrodynamic Ocean Model
1963,2026-08-20,8.0,71.0,-0.26,-0.316,0.409,0.8,219.4,West India Coastal Current (WICC),0.0,NASA OSCAR L4 / INCOIS High-Res Hydrodynamic Ocean Model
1964,2026-08-20,8.0,72.0,-0.17,-0.209,0.269,0.52,219.1,West India Coastal Current (WICC),0.0,NASA OSCAR L4 / INCOIS High-Res Hydrodynamic Ocean Model
1965,2026-08-20,8.0,73.0,-0.125,-0.204,0.239,0.46,211.5,West India Coastal Current (WICC),0.0,NASA OSCAR L4 / INCOIS High-Res Hydrodynamic Ocean Model
1966,2026-08-20,8.0,74.0,-0.183,-0.247,0.307,0.6,216.5,West India Coastal Current (WICC),0.0,NASA OSCAR L4 / INCOIS High-Res Hydrodynamic Ocean Model
1967,2026-08-20,8.0,75.0,-0.317,-0.322,0.452,0.88,224.6,West India Coastal Current (WICC),0.0,NASA OSCAR L4 / INCOIS High-Res Hydrodynamic Ocean Model
1968,2026-08-20,8.0,76.0,-0.051,-0.12,0.13,0.25,203.0,West India Coastal Current (WICC),0.0,NASA OSCAR L4 / INCOIS High-Res Hydrodynamic Ocean Model
1969,2026-08-20,8.0,77.0,0.199,0.171,0.262,0.51,49.3,East India Coastal Current (EICC),0.0,NASA OSCAR L4 / INCOIS High-Res Hydrodynamic Ocean Model
1970,2026-08-20,8.0,78.0,0.058,0.088,0.105,0.2,33.4,East India Coastal Current (EICC),0.0,NASA OSCAR L4 / INCOIS High-Res Hydrodynamic Ocean Model
1971,2026-08-20,8.0,79.0,0.384,0.197,0.432,0.84,62.8,East India Coastal Current (EICC),0.0,NASA OSCAR L4 / INCOIS High-Res Hydrodynamic Ocean Model
1972,2026-08-20,8.0,80.0,0.095,0.289,0.304,0.59,18.2,East India Coastal Current (EICC),0.0,NASA OSCAR L4 / INCOIS High-Res Hydrodynamic Ocean Model
1973,2026-08-20,8.0,81.0,0.214,0.182,0.281,0.55,49.6,East India Coastal Current (EICC),0.0,NASA OSCAR L4 / INCOIS High-Res Hydrodynamic Ocean Model
1974,2026-08-20,8.0,82.0,0.185,0.298,0.351,0.68,31.8,East India Coastal Current (EICC),0.0,NASA OSCAR L4 / INCOIS High-Res Hydrodynamic Ocean Model
1975,2026-08-20,8.0,83.0,0.193,0.121,0.228,0.44,57.9,East India Coastal Current (EICC),0.0,NASA OSCAR L4 / INCOIS High-Res Hydrodynamic Ocean Model
1976,2026-08-20,8.0,84.0,0.213,0.188,0.284,0.55,48.6,East India Coastal Current (EICC),0.0,NASA OSCAR L4 / INCOIS High-Res Hydrodynamic Ocean Model
1977,2026-08-20,8.0,85.0,0.119,-0.05,0.129,0.25,112.8,East India Coastal Current (EICC),0.0,NASA OSCAR L4 / INCOIS High-Res Hydrodynamic Ocean Model
1978,2026-08-20,8.0,86.0,0.314,0.209,0.377,0.73,56.4,East India Coastal Current (EICC),0.0,NASA OSCAR L4 / INCOIS High-Res Hydrodynamic Ocean Model
1979,2026-08-20,8.0,87.0,0.182,0.161,0.243,0.47,48.5,East India Coastal Current (EICC),0.0,NASA OSCAR L4 / INCOIS High-Res Hydrodynamic Ocean Model
1980,2026-08-20,8.0,88.0,0.159,0.06,0.17,0.33,69.3,East India Coastal Current (EICC),0.0,NASA OSCAR L4 / INCOIS High-Res Hydrodynamic Ocean Model
1981,2026-08-20,8.0,89.0,0.275,0.046,0.279,0.54,80.5,East India Coastal Current (EICC),0.0,NASA OSCAR L4 / INCOIS High-Res Hydrodynamic Ocean Model
1982,2026-08-20,8.0,90.0,0.375,0.145,0.402,0.78,68.9,East India Coastal Current (EICC),0.0,NASA OSCAR L4 / INCOIS High-Res Hydrodynamic Ocean Model
1983,2026-08-20,8.0,91.0,0.236,0.193,0.305,0.59,50.7,East India Coastal Current (EICC),0.0,NASA OSCAR L4 / INCOIS High-Res Hydrodynamic Ocean Model
1984,2026-08-20,8.0,92.0,0.112,-0.031,0.116,0.23,105.5,East India Coastal Current (EICC),0.0,NASA OSCAR L4 / INCOIS High-Res Hydrodynamic Ocean Model
1985,2026-08-20,8.0,93.0,0.152,0.222,0.269,0.52,34.4,East India Coastal Current (EICC),0.0,NASA OSCAR L4 / INCOIS High-Res Hydrodynamic Ocean Model
1986,2026-08-20,8.0,94.0,0.18,0.289,0.34,0.66,31.9,East India Coastal Current (EICC),0.0,NASA OSCAR L4 / INCOIS High-Res Hydrodynamic Ocean Model
1987,2026-08-20,9.0,68.0,-0.205,-0.295,0.359,0.7,214.8,West India Coastal Current (WICC),0.0,NASA OSCAR L4 / INCOIS High-Res Hydrodynamic Ocean Model
1988,2026-08-20,9.0,69.0,-0.143,-0.138,0.199,0.39,226.0,West India Coastal Current (WICC),0.0,NASA OSCAR L4 / INCOIS High-Res Hydrodynamic Ocean Model
1989,2026-08-20,9.0,70.0,-0.202,-0.382,0.432,0.84,207.9,West India Coastal Current (WICC),0.0,NASA OSCAR L4 / INCOIS High-Res Hydrodynamic Ocean Model
1990,2026-08-20,9.0,71.0,-0.028,-0.281,0.282,0.55,185.7,West India Coastal Current (WICC),0.0,NASA OSCAR L4 / INCOIS High-Res Hydrodynamic Ocean Model
1991,2026-08-20,9.0,72.0,-0.17,-0.138,0.219,0.43,230.9,West India Coastal Current (WICC),0.0,NASA OSCAR L4 / INCOIS High-Res Hydrodynamic Ocean Model
1992,2026-08-20,9.0,73.0,-0.193,-0.203,0.28,0.54,223.6,West India Coastal Current (WICC),0.0,NASA OSCAR L4 / INCOIS High-Res Hydrodynamic Ocean Model
1993,2026-08-20,9.0,85.0,0.28,0.212,0.351,0.68,52.9,East India Coastal Current (EICC),0.0,NASA OSCAR L4 / INCOIS High-Res Hydrodynamic Ocean Model
1994,2026-08-20,9.0,86.0,0.14,0.181,0.229,0.45,37.7,East India Coastal Current (EICC),0.0,NASA OSCAR L4 / INCOIS High-Res Hydrodynamic Ocean Model
1995,2026-08-20,9.0,87.0,0.175,0.194,0.261,0.51,42.1,East India Coastal Current (EICC),0.0,NASA OSCAR L4 / INCOIS High-Res Hydrodynamic Ocean Model
1996,2026-08-20,9.0,88.0,0.138,0.088,0.164,0.32,57.5,East India Coastal Current (EICC),0.0,NASA OSCAR L4 / INCOIS High-Res Hydrodynamic Ocean Model
1997,2026-08-20,9.0,89.0,0.093,0.11,0.144,0.28,40.2,East India Coastal Current (EICC),0.0,NASA OSCAR L4 / INCOIS High-Res Hydrodynamic Ocean Model
1998,2026-08-20,9.0,90.0,0.14,0.136,0.195,0.38,45.8,East India Coastal Current (EICC),0.0,NASA OSCAR L4 / INCOIS High-Res Hydrodynamic Ocean Model
1999,2026-08-20,9.0,91.0,0.114,0.058,0.128,0.25,63.0,East India Coastal Current (EICC),0.0,NASA OSCAR L4 / INCOIS High-Res Hydrodynamic Ocean Model
2000,2026-08-20,9.0,92.0,0.172,0.209,0.271,0.53,39.5,East India Coastal Current (EICC),0.0,NASA OSCAR L4 / INCOIS High-Res Hydrodynamic Ocean Model
2001,2026-08-20,9.0,93.0,0.118,0.094,0.151,0.29,51.5,East India Coastal Current (EICC),0.0,NASA OSCAR L4 / INCOIS High-Res Hydrodynamic Ocean Model
2002,2026-08-20,9.0,94.0,0.175,0.076,0.191,0.37,66.5,East India Coastal Current (EICC),0.0,NASA OSCAR L4 / INCOIS High-Res Hydrodynamic Ocean Model
2003,2026-08-20,10.0,68.0,0.029,-0.139,0.142,0.28,168.2,West India Coastal Current (WICC),0.0,NASA OSCAR L4 / INCOIS High-Res Hydrodynamic Ocean Model
2004,2026-08-20,10.0,69.0,-0.165,-0.301,0.343,0.67,208.7,West India Coastal Current (WICC),0.0,NASA OSCAR L4 / INCOIS High-Res Hydrodynamic Ocean Model
2005,2026-08-20,10.0,70.0,-0.145,-0.343,0.372,0.72,202.9,West India Coastal Current (WICC),0.0,NASA OSCAR L4 / INCOIS High-Res Hydrodynamic Ocean Model
2006,2026-08-20,10.0,71.0,-0.099,-0.168,0.195,0.38,210.5,West India Coastal Current (WICC),0.0,NASA OSCAR L4 / INCOIS High-Res Hydrodynamic Ocean Model
2007,2026-08-20,10.0,72.0,-0.165,-0.259,0.307,0.6,212.5,West India Coastal Current (WICC),0.0,NASA OSCAR L4 / INCOIS High-Res Hydrodynamic Ocean Model
2008,2026-08-20,10.0,73.0,-0.204,-0.237,0.313,0.61,220.7,West India Coastal Current (WICC),0.0,NASA OSCAR L4 / INCOIS High-Res Hydrodynamic Ocean Model
2009,2026-08-20,10.0,85.0,0.216,0.128,0.251,0.49,59.3,East India Coastal Current (EICC),0.0,NASA OSCAR L4 / INCOIS High-Res Hydrodynamic Ocean Model
2010,2026-08-20,10.0,86.0,0.232,0.113,0.258,0.5,64.0,East India Coastal Current (EICC),0.0,NASA OSCAR L4 / INCOIS High-Res Hydrodynamic Ocean Model
2011,2026-08-20,10.0,87.0,0.274,0.033,0.276,0.54,83.1,East India Coastal Current (EICC),0.0,NASA OSCAR L4 / INCOIS High-Res Hydrodynamic Ocean Model
2012,2026-08-20,10.0,88.0,0.205,0.062,0.214,0.42,73.2,East India Coastal Current (EICC),0.0,NASA OSCAR L4 / INCOIS High-Res Hydrodynamic Ocean Model
2013,2026-08-20,10.0,89.0,0.183,0.221,0.287,0.56,39.6,East India Coastal Current (EICC),0.0,NASA OSCAR L4 / INCOIS High-Res Hydrodynamic Ocean Model
2014,2026-08-20,10.0,90.0,0.22,0.107,0.245,0.48,64.1,East India Coastal Current (EICC),0.0,NASA OSCAR L4 / INCOIS High-Res Hydrodynamic Ocean Model
2015,2026-08-20,10.0,91.0,0.243,0.205,0.318,0.62,49.8,East India Coastal Current (EICC),0.0,NASA OSCAR L4 / INCOIS High-Res Hydrodynamic Ocean Model
2016,2026-08-20,10.0,92.0,0.202,0.108,0.229,0.45,61.9,East India Coastal Current (EICC),0.0,NASA OSCAR L4 / INCOIS High-Res Hydrodynamic Ocean Model
2017,2026-08-20,10.0,93.0,0.253,0.006,0.253,0.49,88.6,East India Coastal Current (EICC),0.0,NASA OSCAR L4 / INCOIS High-Res Hydrodynamic Ocean Model
2018,2026-08-20,10.0,94.0,0.222,0.238,0.325,0.63,43.0,East India Coastal Current (EICC),0.0,NASA OSCAR L4 / INCOIS High-Res Hydrodynamic Ocean Model
2019,2026-08-20,11.0,68.0,-0.227,-0.258,0.344,0.67,221.3,West India Coastal Current (WICC),0.0,NASA OSCAR L4 / INCOIS High-Res Hydrodynamic Ocean Model
2020,2026-08-20,11.0,69.0,-0.102,-0.226,0.248,0.48,204.3,West India Coastal Current (WICC),0.0,NASA OSCAR L4 / INCOIS High-Res Hydrodynamic Ocean Model
2021,2026-08-20,11.0,70.0,-0.245,-0.11,0.269,0.52,245.8,West India Coastal Current (WICC),0.0,NASA OSCAR L4 / INCOIS High-Res Hydrodynamic Ocean Model
2022,2026-08-20,11.0,71.0,-0.191,-0.35,0.399,0.78,208.6,West India Coastal Current (WICC),0.0,NASA OSCAR L4 / INCOIS High-Res Hydrodynamic Ocean Model
2023,2026-08-20,11.0,72.0,-0.143,-0.268,0.304,0.59,208.1,West India Coastal Current (WICC),0.0,NASA OSCAR L4 / INCOIS High-Res Hydrodynamic Ocean Model
2024,2026-08-20,11.0,73.0,-0.093,-0.046,0.104,0.2,243.7,West India Coastal Current (WICC),0.0,NASA OSCAR L4 / INCOIS High-Res Hydrodynamic Ocean Model
2025,2026-08-20,11.0,85.0,0.153,0.154,0.217,0.42,44.8,East India Coastal Current (EICC),0.0,NASA OSCAR L4 / INCOIS High-Res Hydrodynamic Ocean Model
2026,2026-08-20,11.0,86.0,0.301,0.004,0.301,0.59,89.2,East India Coastal Current (EICC),0.0,NASA OSCAR L4 / INCOIS High-Res Hydrodynamic Ocean Model
2027,2026-08-20,11.0,87.0,0.212,0.277,0.349,0.68,37.4,East India Coastal Current (EICC),0.0,NASA OSCAR L4 / INCOIS High-Res Hydrodynamic Ocean Model
2028,2026-08-20,11.0,88.0,0.174,0.155,0.233,0.45,48.3,East India Coastal Current (EICC),0.0,NASA OSCAR L4 / INCOIS High-Res Hydrodynamic Ocean Model
2029,2026-08-20,11.0,89.0,0.267,0.3,0.402,0.78,41.7,East India Coastal Current (EICC),0.0,NASA OSCAR L4 / INCOIS High-Res Hydrodynamic Ocean Model
2030,2026-08-20,11.0,90.0,0.137,0.135,0.192,0.37,45.4,East India Coastal Current (EICC),0.0,NASA OSCAR L4 / INCOIS High-Res Hydrodynamic Ocean Model
2031,2026-08-20,11.0,91.0,0.21,0.186,0.281,0.55,48.5,East India Coastal Current (EICC),0.0,NASA OSCAR L4 / INCOIS High-Res Hydrodynamic Ocean Model
2032,2026-08-20,11.0,92.0,0.224,0.354,0.419,0.81,32.3,East India Coastal Current (EICC),0.0,NASA OSCAR L4 / INCOIS High-Res Hydrodynamic Ocean Model
2033,2026-08-20,11.0,93.0,0.223,0.127,0.257,0.5,60.3,East India Coastal Current (EICC),0.0,NASA OSCAR L4 / INCOIS High-Res Hydrodynamic Ocean Model
2034,2026-08-20,11.0,94.0,0.127,0.26,0.289,0.56,26.0,East India Coastal Current (EICC),0.0,NASA OSCAR L4 / INCOIS High-Res Hydrodynamic Ocean Model
2035,2026-08-20,12.0,68.0,-0.246,-0.292,0.382,0.74,220.1,West India Coastal Current (WICC),0.0,NASA OSCAR L4 / INCOIS High-Res Hydrodynamic Ocean Model
2036,2026-08-20,12.0,69.0,-0.125,-0.281,0.308,0.6,204.0,West India Coastal Current (WICC),0.0,NASA OSCAR L4 / INCOIS High-Res Hydrodynamic Ocean Model
2037,2026-08-20,12.0,70.0,-0.16,-0.321,0.359,0.7,206.5,West India Coastal Current (WICC),0.0,NASA OSCAR L4 / INCOIS High-Res Hydrodynamic Ocean Model
2038,2026-08-20,12.0,71.0,-0.239,-0.229,0.331,0.64,226.2,West India Coastal Current (WICC),0.0,NASA OSCAR L4 / INCOIS High-Res Hydrodynamic Ocean Model
2039,2026-08-20,12.0,72.0,-0.116,-0.153,0.192,0.37,217.2,West India Coastal Current (WICC),0.0,NASA OSCAR L4 / INCOIS High-Res Hydrodynamic Ocean Model
2040,2026-08-20,12.0,73.0,-0.166,-0.241,0.293,0.57,214.6,West India Coastal Current (WICC),0.0,NASA OSCAR L4 / INCOIS High-Res Hydrodynamic Ocean Model
2041,2026-08-20,12.0,85.0,0.181,0.164,0.244,0.47,47.8,East India Coastal Current (EICC),0.0,NASA OSCAR L4 / INCOIS High-Res Hydrodynamic Ocean Model
2042,2026-08-20,12.0,86.0,0.098,0.219,0.24,0.47,24.1,East India Coastal Current (EICC),0.0,NASA OSCAR L4 / INCOIS High-Res Hydrodynamic Ocean Model
2043,2026-08-20,12.0,87.0,0.089,0.214,0.232,0.45,22.6,East India Coastal Current (EICC),0.0,NASA OSCAR L4 / INCOIS High-Res Hydrodynamic Ocean Model
2044,2026-08-20,12.0,88.0,0.152,0.307,0.343,0.67,26.3,East India Coastal Current (EICC),0.0,NASA OSCAR L4 / INCOIS High-Res Hydrodynamic Ocean Model
2045,2026-08-20,12.0,89.0,0.235,0.018,0.236,0.46,85.6,East India Coastal Current (EICC),0.0,NASA OSCAR L4 / INCOIS High-Res Hydrodynamic Ocean Model
2046,2026-08-20,12.0,90.0,0.277,0.147,0.314,0.61,62.0,East India Coastal Current (EICC),0.0,NASA OSCAR L4 / INCOIS High-Res Hydrodynamic Ocean Model
2047,2026-08-20,12.0,91.0,0.164,-0.066,0.177,0.34,111.9,East India Coastal Current (EICC),0.0,NASA OSCAR L4 / INCOIS High-Res Hydrodynamic Ocean Model
2048,2026-08-20,12.0,92.0,-0.029,-0.011,0.031,0.06,249.2,East India Coastal Current (EICC),0.0,NASA OSCAR L4 / INCOIS High-Res Hydrodynamic Ocean Model
2049,2026-08-20,12.0,93.0,0.286,0.253,0.382,0.74,48.5,East India Coastal Current (EICC),0.0,NASA OSCAR L4 / INCOIS High-Res Hydrodynamic Ocean Model
2050,2026-08-20,12.0,94.0,0.179,0.312,0.36,0.7,29.8,East India Coastal Current (EICC),0.0,NASA OSCAR L4 / INCOIS High-Res Hydrodynamic Ocean Model
2051,2026-08-20,13.0,68.0,-0.121,-0.262,0.289,0.56,204.8,West India Coastal Current (WICC),0.0,NASA OSCAR L4 / INCOIS High-Res Hydrodynamic Ocean Model
2052,2026-08-20,13.0,69.0,-0.138,-0.426,0.448,0.87,197.9,West India Coastal Current (WICC),0.0,NASA OSCAR L4 / INCOIS High-Res Hydrodynamic Ocean Model
2053,2026-08-20,13.0,70.0,-0.142,-0.364,0.391,0.76,201.3,West India Coastal Current (WICC),0.0,NASA OSCAR L4 / INCOIS High-Res Hydrodynamic Ocean Model
2054,2026-08-20,13.0,71.0,-0.195,-0.102,0.22,0.43,242.4,West India Coastal Current (WICC),0.0,NASA OSCAR L4 / INCOIS High-Res Hydrodynamic Ocean Model
2055,2026-08-20,13.0,72.0,-0.156,0.011,0.156,0.3,274.0,West India Coastal Current (WICC),0.0,NASA OSCAR L4 / INCOIS High-Res Hydrodynamic Ocean Model
2056,2026-08-20,13.0,73.0,-0.117,-0.292,0.315,0.61,201.8,West India Coastal Current (WICC),0.0,NASA OSCAR L4 / INCOIS High-Res Hydrodynamic Ocean Model
2057,2026-08-20,13.0,85.0,0.045,0.159,0.165,0.32,15.8,East India Coastal Current (EICC),0.0,NASA OSCAR L4 / INCOIS High-Res Hydrodynamic Ocean Model
2058,2026-08-20,13.0,86.0,0.128,0.065,0.144,0.28,63.1,East India Coastal Current (EICC),0.0,NASA OSCAR L4 / INCOIS High-Res Hydrodynamic Ocean Model
2059,2026-08-20,13.0,87.0,0.322,0.129,0.347,0.67,68.2,East India Coastal Current (EICC),0.0,NASA OSCAR L4 / INCOIS High-Res Hydrodynamic Ocean Model
2060,2026-08-20,13.0,88.0,0.292,0.187,0.347,0.67,57.4,East India Coastal Current (EICC),0.0,NASA OSCAR L4 / INCOIS High-Res Hydrodynamic Ocean Model
2061,2026-08-20,13.0,89.0,0.262,0.0,0.262,0.51,90.0,East India Coastal Current (EICC),0.0,NASA OSCAR L4 / INCOIS High-Res Hydrodynamic Ocean Model
2062,2026-08-20,13.0,90.0,0.187,0.213,0.283,0.55,41.3,East India Coastal Current (EICC),0.0,NASA OSCAR L4 / INCOIS High-Res Hydrodynamic Ocean Model
2063,2026-08-20,13.0,91.0,0.229,0.297,0.375,0.73,37.6,East India Coastal Current (EICC),0.0,NASA OSCAR L4 / INCOIS High-Res Hydrodynamic Ocean Model
2064,2026-08-20,13.0,92.0,0.306,0.122,0.329,0.64,68.3,East India Coastal Current (EICC),0.0,NASA OSCAR L4 / INCOIS High-Res Hydrodynamic Ocean Model
2065,2026-08-20,13.0,93.0,0.204,0.19,0.279,0.54,47.0,East India Coastal Current (EICC),0.0,NASA OSCAR L4 / INCOIS High-Res Hydrodynamic Ocean Model
2066,2026-08-20,13.0,94.0,0.297,0.231,0.376,0.73,52.1,East India Coastal Current (EICC),0.0,NASA OSCAR L4 / INCOIS High-Res Hydrodynamic Ocean Model
2067,2026-08-20,14.0,68.0,-0.234,-0.345,0.417,0.81,214.1,West India Coastal Current (WICC),0.0,NASA OSCAR L4 / INCOIS High-Res Hydrodynamic Ocean Model
2068,2026-08-20,14.0,69.0,-0.157,-0.212,0.264,0.51,216.5,West India Coastal Current (WICC),0.0,NASA OSCAR L4 / INCOIS High-Res Hydrodynamic Ocean Model
2069,2026-08-20,14.0,70.0,-0.153,-0.188,0.242,0.47,219.1,West India Coastal Current (WICC),0.0,NASA OSCAR L4 / INCOIS High-Res Hydrodynamic Ocean Model
2070,2026-08-20,14.0,71.0,-0.221,-0.376,0.436,0.85,210.4,West India Coastal Current (WICC),0.0,NASA OSCAR L4 / INCOIS High-Res Hydrodynamic Ocean Model
2071,2026-08-20,14.0,72.0,-0.164,-0.124,0.206,0.4,232.9,West India Coastal Current (WICC),0.0,NASA OSCAR L4 / INCOIS High-Res Hydrodynamic Ocean Model
2072,2026-08-20,14.0,73.0,-0.222,-0.333,0.4,0.78,213.7,West India Coastal Current (WICC),0.0,NASA OSCAR L4 / INCOIS High-Res Hydrodynamic Ocean Model
2073,2026-08-20,14.0,85.0,0.368,0.057,0.372,0.72,81.2,East India Coastal Current (EICC),0.0,NASA OSCAR L4 / INCOIS High-Res Hydrodynamic Ocean Model
2074,2026-08-20,14.0,86.0,0.148,-0.032,0.151,0.29,102.2,East India Coastal Current (EICC),0.0,NASA OSCAR L4 / INCOIS High-Res Hydrodynamic Ocean Model
2075,2026-08-20,14.0,87.0,0.274,0.156,0.315,0.61,60.3,East India Coastal Current (EICC),0.0,NASA OSCAR L4 / INCOIS High-Res Hydrodynamic Ocean Model
2076,2026-08-20,14.0,88.0,0.238,0.11,0.262,0.51,65.2,East India Coastal Current (EICC),0.0,NASA OSCAR L4 / INCOIS High-Res Hydrodynamic Ocean Model
2077,2026-08-20,14.0,89.0,0.303,0.149,0.338,0.66,63.8,East India Coastal Current (EICC),0.0,NASA OSCAR L4 / INCOIS High-Res Hydrodynamic Ocean Model
2078,2026-08-20,14.0,90.0,0.137,0.106,0.173,0.34,52.3,East India Coastal Current (EICC),0.0,NASA OSCAR L4 / INCOIS High-Res Hydrodynamic Ocean Model
2079,2026-08-20,14.0,91.0,0.215,0.182,0.282,0.55,49.8,East India Coastal Current (EICC),0.0,NASA OSCAR L4 / INCOIS High-Res Hydrodynamic Ocean Model
2080,2026-08-20,14.0,92.0,0.262,0.283,0.386,0.75,42.8,East India Coastal Current (EICC),0.0,NASA OSCAR L4 / INCOIS High-Res Hydrodynamic Ocean Model
2081,2026-08-20,14.0,93.0,0.121,0.103,0.159,0.31,49.6,East India Coastal Current (EICC),0.0,NASA OSCAR L4 / INCOIS High-Res Hydrodynamic Ocean Model
2082,2026-08-20,14.0,94.0,0.237,0.198,0.309,0.6,50.1,East India Coastal Current (EICC),0.0,NASA OSCAR L4 / INCOIS High-Res Hydrodynamic Ocean Model
2083,2026-08-20,15.0,68.0,-0.226,-0.194,0.298,0.58,229.4,West India Coastal Current (WICC),0.0,NASA OSCAR L4 / INCOIS High-Res Hydrodynamic Ocean Model
2084,2026-08-20,15.0,69.0,-0.145,-0.23,0.272,0.53,212.2,West India Coastal Current (WICC),0.0,NASA OSCAR L4 / INCOIS High-Res Hydrodynamic Ocean Model
2085,2026-08-20,15.0,70.0,-0.174,-0.31,0.355,0.69,209.3,West India Coastal Current (WICC),0.0,NASA OSCAR L4 / INCOIS High-Res Hydrodynamic Ocean Model
2086,2026-08-20,15.0,71.0,-0.322,-0.152,0.356,0.69,244.7,West India Coastal Current (WICC),0.0,NASA OSCAR L4 / INCOIS High-Res Hydrodynamic Ocean Model
2087,2026-08-20,15.0,72.0,-0.118,-0.299,0.321,0.62,201.5,West India Coastal Current (WICC),0.0,NASA OSCAR L4 / INCOIS High-Res Hydrodynamic Ocean Model
2088,2026-08-20,15.0,73.0,-0.152,-0.082,0.173,0.34,241.7,West India Coastal Current (WICC),0.0,NASA OSCAR L4 / INCOIS High-Res Hydrodynamic Ocean Model
2089,2026-08-20,15.0,85.0,0.188,0.248,0.311,0.6,37.2,East India Coastal Current (EICC),0.0,NASA OSCAR L4 / INCOIS High-Res Hydrodynamic Ocean Model
2090,2026-08-20,15.0,86.0,0.313,-0.028,0.314,0.61,95.1,East India Coastal Current (EICC),0.0,NASA OSCAR L4 / INCOIS High-Res Hydrodynamic Ocean Model
2091,2026-08-20,15.0,87.0,0.332,0.174,0.375,0.73,62.3,East India Coastal Current (EICC),0.0,NASA OSCAR L4 / INCOIS High-Res Hydrodynamic Ocean Model
2092,2026-08-20,15.0,88.0,0.274,0.258,0.376,0.73,46.7,East India Coastal Current (EICC),0.0,NASA OSCAR L4 / INCOIS High-Res Hydrodynamic Ocean Model
2093,2026-08-20,15.0,89.0,0.096,0.162,0.188,0.37,30.7,East India Coastal Current (EICC),0.0,NASA OSCAR L4 / INCOIS High-Res Hydrodynamic Ocean Model
2094,2026-08-20,15.0,90.0,0.082,-0.021,0.085,0.17,104.4,East India Coastal Current (EICC),0.0,NASA OSCAR L4 / INCOIS High-Res Hydrodynamic Ocean Model
2095,2026-08-20,15.0,91.0,0.265,0.065,0.273,0.53,76.2,East India Coastal Current (EICC),0.0,NASA OSCAR L4 / INCOIS High-Res Hydrodynamic Ocean Model
2096,2026-08-20,15.0,92.0,0.179,0.246,0.304,0.59,36.0,East India Coastal Current (EICC),0.0,NASA OSCAR L4 / INCOIS High-Res Hydrodynamic Ocean Model
2097,2026-08-20,15.0,93.0,0.207,-0.048,0.212,0.41,103.1,East India Coastal Current (EICC),0.0,NASA OSCAR L4 / INCOIS High-Res Hydrodynamic Ocean Model
2098,2026-08-20,15.0,94.0,0.202,0.289,0.353,0.69,35.0,East India Coastal Current (EICC),0.0,NASA OSCAR L4 / INCOIS High-Res Hydrodynamic Ocean Model
2099,2026-08-20,16.0,68.0,-0.198,-0.325,0.381,0.74,211.4,West India Coastal Current (WICC),0.0,NASA OSCAR L4 / INCOIS High-Res Hydrodynamic Ocean Model
2100,2026-08-20,16.0,69.0,-0.182,-0.107,0.211,0.41,239.5,West India Coastal Current (WICC),0.0,NASA OSCAR L4 / INCOIS High-Res Hydrodynamic Ocean Model
2101,2026-08-20,16.0,70.0,-0.174,-0.168,0.242,0.47,226.0,West India Coastal Current (WICC),0.0,NASA OSCAR L4 / INCOIS High-Res Hydrodynamic Ocean Model
2102,2026-08-20,16.0,71.0,-0.121,-0.209,0.241,0.47,210.1,West India Coastal Current (WICC),0.0,NASA OSCAR L4 / INCOIS High-Res Hydrodynamic Ocean Model
2103,2026-08-20,16.0,72.0,-0.1,-0.259,0.278,0.54,201.1,West India Coastal Current (WICC),0.0,NASA OSCAR L4 / INCOIS High-Res Hydrodynamic Ocean Model
2104,2026-08-20,16.0,73.0,-0.228,-0.198,0.302,0.59,229.0,West India Coastal Current (WICC),0.0,NASA OSCAR L4 / INCOIS High-Res Hydrodynamic Ocean Model
2105,2026-08-20,16.0,85.0,0.121,-0.049,0.131,0.25,112.0,East India Coastal Current (EICC),0.0,NASA OSCAR L4 / INCOIS High-Res Hydrodynamic Ocean Model
2106,2026-08-20,16.0,86.0,0.137,0.076,0.157,0.31,61.0,East India Coastal Current (EICC),0.0,NASA OSCAR L4 / INCOIS High-Res Hydrodynamic Ocean Model
2107,2026-08-20,16.0,87.0,0.245,0.265,0.361,0.7,42.8,East India Coastal Current (EICC),0.0,NASA OSCAR L4 / INCOIS High-Res Hydrodynamic Ocean Model
2108,2026-08-20,16.0,88.0,0.121,0.224,0.255,0.5,28.4,East India Coastal Current (EICC),0.0,NASA OSCAR L4 / INCOIS High-Res Hydrodynamic Ocean Model
2109,2026-08-20,16.0,89.0,0.287,0.204,0.352,0.68,54.6,East India Coastal Current (EICC),0.0,NASA OSCAR L4 / INCOIS High-Res Hydrodynamic Ocean Model
2110,2026-08-20,16.0,90.0,0.304,0.126,0.329,0.64,67.5,East India Coastal Current (EICC),0.0,NASA OSCAR L4 / INCOIS High-Res Hydrodynamic Ocean Model
2111,2026-08-20,16.0,91.0,0.192,0.14,0.238,0.46,53.9,East India Coastal Current (EICC),0.0,NASA OSCAR L4 / INCOIS High-Res Hydrodynamic Ocean Model
2112,2026-08-20,16.0,92.0,0.175,0.264,0.317,0.62,33.5,East India Coastal Current (EICC),0.0,NASA OSCAR L4 / INCOIS High-Res Hydrodynamic Ocean Model
2113,2026-08-20,16.0,93.0,0.167,0.234,0.287,0.56,35.5,East India Coastal Current (EICC),0.0,NASA OSCAR L4 / INCOIS High-Res Hydrodynamic Ocean Model
2114,2026-08-20,16.0,94.0,0.199,0.09,0.218,0.42,65.7,East India Coastal Current (EICC),0.0,NASA OSCAR L4 / INCOIS High-Res Hydrodynamic Ocean Model
2115,2026-08-20,17.0,68.0,-0.023,-0.032,0.039,0.08,215.7,West India Coastal Current (WICC),0.0,NASA OSCAR L4 / INCOIS High-Res Hydrodynamic Ocean Model
2116,2026-08-20,17.0,69.0,-0.207,-0.379,0.432,0.84,208.6,West India Coastal Current (WICC),0.0,NASA OSCAR L4 / INCOIS High-Res Hydrodynamic Ocean Model
2117,2026-08-20,17.0,70.0,-0.179,-0.335,0.38,0.74,208.1,West India Coastal Current (WICC),0.0,NASA OSCAR L4 / INCOIS High-Res Hydrodynamic Ocean Model
2118,2026-08-20,17.0,71.0,-0.292,-0.216,0.363,0.71,233.5,West India Coastal Current (WICC),0.0,NASA OSCAR L4 / INCOIS High-Res Hydrodynamic Ocean Model
2119,2026-08-20,17.0,72.0,-0.191,-0.217,0.289,0.56,221.4,West India Coastal Current (WICC),0.0,NASA OSCAR L4 / INCOIS High-Res Hydrodynamic Ocean Model
2120,2026-08-20,17.0,73.0,-0.057,-0.418,0.422,0.82,187.8,West India Coastal Current (WICC),0.0,NASA OSCAR L4 / INCOIS High-Res Hydrodynamic Ocean Model
2121,2026-08-20,17.0,85.0,0.198,0.197,0.279,0.54,45.1,East India Coastal Current (EICC),0.0,NASA OSCAR L4 / INCOIS High-Res Hydrodynamic Ocean Model
2122,2026-08-20,17.0,86.0,0.142,0.215,0.258,0.5,33.4,East India Coastal Current (EICC),0.0,NASA OSCAR L4 / INCOIS High-Res Hydrodynamic Ocean Model
2123,2026-08-20,17.0,87.0,0.2,0.184,0.272,0.53,47.4,East India Coastal Current (EICC),0.0,NASA OSCAR L4 / INCOIS High-Res Hydrodynamic Ocean Model
2124,2026-08-20,17.0,88.0,0.261,0.174,0.314,0.61,56.3,East India Coastal Current (EICC),0.0,NASA OSCAR L4 / INCOIS High-Res Hydrodynamic Ocean Model
2125,2026-08-20,17.0,89.0,0.236,0.17,0.291,0.57,54.2,East India Coastal Current (EICC),0.0,NASA OSCAR L4 / INCOIS High-Res Hydrodynamic Ocean Model
2126,2026-08-20,17.0,90.0,0.179,0.218,0.282,0.55,39.4,East India Coastal Current (EICC),0.0,NASA OSCAR L4 / INCOIS High-Res Hydrodynamic Ocean Model
2127,2026-08-20,17.0,91.0,0.062,0.354,0.359,0.7,9.9,East India Coastal Current (EICC),0.0,NASA OSCAR L4 / INCOIS High-Res Hydrodynamic Ocean Model
2128,2026-08-20,17.0,92.0,0.161,0.128,0.206,0.4,51.5,East India Coastal Current (EICC),0.0,NASA OSCAR L4 / INCOIS High-Res Hydrodynamic Ocean Model
2129,2026-08-20,17.0,93.0,0.229,0.142,0.269,0.52,58.2,East India Coastal Current (EICC),0.0,NASA OSCAR L4 / INCOIS High-Res Hydrodynamic Ocean Model
2130,2026-08-20,17.0,94.0,0.238,0.247,0.343,0.67,43.9,East India Coastal Current (EICC),0.0,NASA OSCAR L4 / INCOIS High-Res Hydrodynamic Ocean Model
2131,2026-08-20,18.0,68.0,-0.038,-0.316,0.318,0.62,186.9,West India Coastal Current (WICC),0.0,NASA OSCAR L4 / INCOIS High-Res Hydrodynamic Ocean Model
2132,2026-08-20,18.0,69.0,0.054,-0.205,0.212,0.41,165.2,West India Coastal Current (WICC),0.0,NASA OSCAR L4 / INCOIS High-Res Hydrodynamic Ocean Model
2133,2026-08-20,18.0,70.0,-0.058,-0.29,0.296,0.58,191.3,West India Coastal Current (WICC),0.0,NASA OSCAR L4 / INCOIS High-Res Hydrodynamic Ocean Model
2134,2026-08-20,18.0,71.0,-0.061,-0.292,0.298,0.58,191.8,West India Coastal Current (WICC),0.0,NASA OSCAR L4 / INCOIS High-Res Hydrodynamic Ocean Model
2135,2026-08-20,18.0,72.0,-0.269,-0.336,0.43,0.84,218.7,West India Coastal Current (WICC),0.0,NASA OSCAR L4 / INCOIS High-Res Hydrodynamic Ocean Model
2136,2026-08-20,18.0,73.0,-0.226,-0.302,0.377,0.73,216.8,West India Coastal Current (WICC),0.0,NASA OSCAR L4 / INCOIS High-Res Hydrodynamic Ocean Model
2137,2026-08-20,18.0,85.0,0.111,0.262,0.285,0.55,23.0,East India Coastal Current (EICC),0.0,NASA OSCAR L4 / INCOIS High-Res Hydrodynamic Ocean Model
2138,2026-08-20,18.0,86.0,0.305,0.087,0.317,0.62,74.1,East India Coastal Current (EICC),0.0,NASA OSCAR L4 / INCOIS High-Res Hydrodynamic Ocean Model
2139,2026-08-20,18.0,87.0,0.13,0.175,0.218,0.42,36.6,East India Coastal Current (EICC),0.0,NASA OSCAR L4 / INCOIS High-Res Hydrodynamic Ocean Model
2140,2026-08-20,18.0,88.0,0.239,0.148,0.281,0.55,58.2,East India Coastal Current (EICC),0.0,NASA OSCAR L4 / INCOIS High-Res Hydrodynamic Ocean Model
2141,2026-08-20,18.0,89.0,0.143,0.063,0.156,0.3,66.2,East India Coastal Current (EICC),0.0,NASA OSCAR L4 / INCOIS High-Res Hydrodynamic Ocean Model
2142,2026-08-20,18.0,90.0,0.206,0.147,0.253,0.49,54.5,East India Coastal Current (EICC),0.0,NASA OSCAR L4 / INCOIS High-Res Hydrodynamic Ocean Model
2143,2026-08-20,18.0,91.0,0.353,0.247,0.431,0.84,55.0,East India Coastal Current (EICC),0.0,NASA OSCAR L4 / INCOIS High-Res Hydrodynamic Ocean Model
2144,2026-08-20,18.0,92.0,0.388,0.023,0.389,0.76,86.6,East India Coastal Current (EICC),0.0,NASA OSCAR L4 / INCOIS High-Res Hydrodynamic Ocean Model
2145,2026-08-20,18.0,93.0,0.331,0.309,0.453,0.88,47.0,East India Coastal Current (EICC),0.0,NASA OSCAR L4 / INCOIS High-Res Hydrodynamic Ocean Model
2146,2026-08-20,18.0,94.0,0.167,0.213,0.271,0.53,38.1,East India Coastal Current (EICC),0.0,NASA OSCAR L4 / INCOIS High-Res Hydrodynamic Ocean Model
2147,2026-08-20,19.0,68.0,-0.095,-0.225,0.244,0.47,202.9,West India Coastal Current (WICC),0.0,NASA OSCAR L4 / INCOIS High-Res Hydrodynamic Ocean Model
2148,2026-08-20,19.0,69.0,-0.262,-0.517,0.58,1.13,206.9,West India Coastal Current (WICC),0.0,NASA OSCAR L4 / INCOIS High-Res Hydrodynamic Ocean Model
2149,2026-08-20,19.0,70.0,-0.139,-0.305,0.335,0.65,204.5,West India Coastal Current (WICC),0.0,NASA OSCAR L4 / INCOIS High-Res Hydrodynamic Ocean Model
2150,2026-08-20,19.0,71.0,0.016,-0.268,0.268,0.52,176.6,West India Coastal Current (WICC),0.0,NASA OSCAR L4 / INCOIS High-Res Hydrodynamic Ocean Model
2151,2026-08-20,19.0,72.0,-0.146,-0.258,0.296,0.58,209.5,West India Coastal Current (WICC),0.0,NASA OSCAR L4 / INCOIS High-Res Hydrodynamic Ocean Model
2152,2026-08-20,19.0,73.0,-0.003,-0.23,0.23,0.45,180.7,West India Coastal Current (WICC),0.0,NASA OSCAR L4 / INCOIS High-Res Hydrodynamic Ocean Model
2153,2026-08-20,19.0,85.0,0.341,0.01,0.341,0.66,88.3,East India Coastal Current (EICC),0.0,NASA OSCAR L4 / INCOIS High-Res Hydrodynamic Ocean Model
2154,2026-08-20,19.0,86.0,0.24,0.107,0.263,0.51,66.0,East India Coastal Current (EICC),0.0,NASA OSCAR L4 / INCOIS High-Res Hydrodynamic Ocean Model
2155,2026-08-20,19.0,87.0,0.166,0.203,0.262,0.51,39.3,East India Coastal Current (EICC),0.0,NASA OSCAR L4 / INCOIS High-Res Hydrodynamic Ocean Model
2156,2026-08-20,19.0,88.0,0.163,0.048,0.17,0.33,73.6,East India Coastal Current (EICC),0.0,NASA OSCAR L4 / INCOIS High-Res Hydrodynamic Ocean Model
2157,2026-08-20,19.0,89.0,0.249,0.154,0.293,0.57,58.3,East India Coastal Current (EICC),0.0,NASA OSCAR L4 / INCOIS High-Res Hydrodynamic Ocean Model
2158,2026-08-20,19.0,90.0,0.191,0.281,0.34,0.66,34.2,East India Coastal Current (EICC),0.0,NASA OSCAR L4 / INCOIS High-Res Hydrodynamic Ocean Model
2159,2026-08-20,19.0,91.0,0.275,0.101,0.293,0.57,69.8,East India Coastal Current (EICC),0.0,NASA OSCAR L4 / INCOIS High-Res Hydrodynamic Ocean Model
2160,2026-08-20,19.0,92.0,0.232,0.143,0.273,0.53,58.4,East India Coastal Current (EICC),0.0,NASA OSCAR L4 / INCOIS High-Res Hydrodynamic Ocean Model
2161,2026-08-20,19.0,93.0,0.244,0.111,0.268,0.52,65.5,East India Coastal Current (EICC),0.0,NASA OSCAR L4 / INCOIS High-Res Hydrodynamic Ocean Model
2162,2026-08-20,19.0,94.0,0.244,0.192,0.31,0.6,51.8,East India Coastal Current (EICC),0.0,NASA OSCAR L4 / INCOIS High-Res Hydrodynamic Ocean Model
2163,2026-08-20,20.0,68.0,-0.127,-0.198,0.235,0.46,212.7,West India Coastal Current (WICC),0.0,NASA OSCAR L4 / INCOIS High-Res Hydrodynamic Ocean Model
2164,2026-08-20,20.0,69.0,-0.043,-0.203,0.208,0.4,192.0,West India Coastal Current (WICC),0.0,NASA OSCAR L4 / INCOIS High-Res Hydrodynamic Ocean Model
2165,2026-08-20,20.0,70.0,-0.112,-0.357,0.374,0.73,197.4,West India Coastal Current (WICC),0.0,NASA OSCAR L4 / INCOIS High-Res Hydrodynamic Ocean Model
2166,2026-08-20,20.0,71.0,-0.2,-0.206,0.287,0.56,224.2,West India Coastal Current (WICC),0.0,NASA OSCAR L4 / INCOIS High-Res Hydrodynamic Ocean Model
2167,2026-08-20,20.0,72.0,-0.176,-0.221,0.283,0.55,218.5,West India Coastal Current (WICC),0.0,NASA OSCAR L4 / INCOIS High-Res Hydrodynamic Ocean Model
2168,2026-08-20,20.0,73.0,-0.12,-0.334,0.355,0.69,199.8,West India Coastal Current (WICC),0.0,NASA OSCAR L4 / INCOIS High-Res Hydrodynamic Ocean Model
2169,2026-08-20,20.0,85.0,0.137,0.105,0.173,0.34,52.5,East India Coastal Current (EICC),0.0,NASA OSCAR L4 / INCOIS High-Res Hydrodynamic Ocean Model
2170,2026-08-20,20.0,86.0,0.213,0.178,0.278,0.54,50.1,East India Coastal Current (EICC),0.0,NASA OSCAR L4 / INCOIS High-Res Hydrodynamic Ocean Model
2171,2026-08-20,20.0,87.0,0.047,0.081,0.094,0.18,30.1,East India Coastal Current (EICC),0.0,NASA OSCAR L4 / INCOIS High-Res Hydrodynamic Ocean Model
2172,2026-08-20,20.0,88.0,0.364,0.187,0.409,0.8,62.8,East India Coastal Current (EICC),0.0,NASA OSCAR L4 / INCOIS High-Res Hydrodynamic Ocean Model
2173,2026-08-20,20.0,89.0,0.211,0.12,0.243,0.47,60.4,East India Coastal Current (EICC),0.0,NASA OSCAR L4 / INCOIS High-Res Hydrodynamic Ocean Model
2174,2026-08-20,20.0,90.0,0.079,0.319,0.329,0.64,13.9,East India Coastal Current (EICC),0.0,NASA OSCAR L4 / INCOIS High-Res Hydrodynamic Ocean Model
2175,2026-08-20,20.0,91.0,0.268,0.169,0.317,0.62,57.8,East India Coastal Current (EICC),0.0,NASA OSCAR L4 / INCOIS High-Res Hydrodynamic Ocean Model
2176,2026-08-20,20.0,92.0,0.172,0.034,0.175,0.34,78.8,East India Coastal Current (EICC),0.0,NASA OSCAR L4 / INCOIS High-Res Hydrodynamic Ocean Model
2177,2026-08-20,20.0,93.0,0.2,-0.005,0.2,0.39,91.4,East India Coastal Current (EICC),0.0,NASA OSCAR L4 / INCOIS High-Res Hydrodynamic Ocean Model
2178,2026-08-20,20.0,94.0,0.276,0.127,0.304,0.59,65.3,East India Coastal Current (EICC),0.0,NASA OSCAR L4 / INCOIS High-Res Hydrodynamic Ocean Model
2179,2026-08-20,21.0,68.0,-0.05,-0.237,0.242,0.47,191.9,West India Coastal Current (WICC),0.0,NASA OSCAR L4 / INCOIS High-Res Hydrodynamic Ocean Model
2180,2026-08-20,21.0,69.0,-0.005,-0.302,0.302,0.59,180.9,West India Coastal Current (WICC),0.0,NASA OSCAR L4 / INCOIS High-Res Hydrodynamic Ocean Model
2181,2026-08-20,21.0,70.0,-0.105,-0.38,0.394,0.77,195.4,West India Coastal Current (WICC),0.0,NASA OSCAR L4 / INCOIS High-Res Hydrodynamic Ocean Model
2182,2026-08-20,21.0,71.0,-0.057,-0.098,0.113,0.22,210.2,West India Coastal Current (WICC),0.0,NASA OSCAR L4 / INCOIS High-Res Hydrodynamic Ocean Model
2183,2026-08-20,21.0,72.0,-0.252,-0.324,0.41,0.8,217.9,West India Coastal Current (WICC),0.0,NASA OSCAR L4 / INCOIS High-Res Hydrodynamic Ocean Model
2184,2026-08-20,21.0,73.0,-0.21,-0.046,0.215,0.42,257.6,West India Coastal Current (WICC),0.0,NASA OSCAR L4 / INCOIS High-Res Hydrodynamic Ocean Model
2185,2026-08-20,21.0,74.0,-0.204,-0.394,0.444,0.86,207.4,West India Coastal Current (WICC),0.0,NASA OSCAR L4 / INCOIS High-Res Hydrodynamic Ocean Model
2186,2026-08-20,21.0,75.0,-0.05,-0.224,0.23,0.45,192.6,West India Coastal Current (WICC),0.0,NASA OSCAR L4 / INCOIS High-Res Hydrodynamic Ocean Model
2187,2026-08-20,21.0,76.0,-0.062,-0.071,0.094,0.18,221.1,West India Coastal Current (WICC),0.0,NASA OSCAR L4 / INCOIS High-Res Hydrodynamic Ocean Model
2188,2026-08-20,21.0,77.0,0.238,0.123,0.268,0.52,62.7,East India Coastal Current (EICC),0.0,NASA OSCAR L4 / INCOIS High-Res Hydrodynamic Ocean Model
2189,2026-08-20,21.0,78.0,0.277,0.156,0.318,0.62,60.6,East India Coastal Current (EICC),0.0,NASA OSCAR L4 / INCOIS High-Res Hydrodynamic Ocean Model
2190,2026-08-20,21.0,79.0,0.247,0.103,0.268,0.52,67.4,East India Coastal Current (EICC),0.0,NASA OSCAR L4 / INCOIS High-Res Hydrodynamic Ocean Model
2191,2026-08-20,21.0,80.0,0.174,0.012,0.174,0.34,86.1,East India Coastal Current (EICC),0.0,NASA OSCAR L4 / INCOIS High-Res Hydrodynamic Ocean Model
2192,2026-08-20,21.0,81.0,0.475,0.238,0.531,1.03,63.4,East India Coastal Current (EICC),0.0,NASA OSCAR L4 / INCOIS High-Res Hydrodynamic Ocean Model
2193,2026-08-20,21.0,82.0,0.428,0.325,0.537,1.04,52.8,East India Coastal Current (EICC),0.0,NASA OSCAR L4 / INCOIS High-Res Hydrodynamic Ocean Model
2194,2026-08-20,21.0,83.0,0.274,-0.017,0.275,0.53,93.6,East India Coastal Current (EICC),0.0,NASA OSCAR L4 / INCOIS High-Res Hydrodynamic Ocean Model
2195,2026-08-20,21.0,84.0,0.074,0.057,0.093,0.18,52.4,East India Coastal Current (EICC),0.0,NASA OSCAR L4 / INCOIS High-Res Hydrodynamic Ocean Model
2196,2026-08-20,21.0,85.0,0.167,0.002,0.167,0.32,89.3,East India Coastal Current (EICC),0.0,NASA OSCAR L4 / INCOIS High-Res Hydrodynamic Ocean Model
2197,2026-08-20,21.0,86.0,0.261,0.072,0.271,0.53,74.6,East India Coastal Current (EICC),0.0,NASA OSCAR L4 / INCOIS High-Res Hydrodynamic Ocean Model
2198,2026-08-20,21.0,87.0,0.176,0.057,0.185,0.36,72.1,East India Coastal Current (EICC),0.0,NASA OSCAR L4 / INCOIS High-Res Hydrodynamic Ocean Model
2199,2026-08-20,21.0,88.0,0.158,0.18,0.24,0.47,41.3,East India Coastal Current (EICC),0.0,NASA OSCAR L4 / INCOIS High-Res Hydrodynamic Ocean Model
2200,2026-08-20,21.0,89.0,0.082,0.169,0.188,0.37,25.9,East India Coastal Current (EICC),0.0,NASA OSCAR L4 / INCOIS High-Res Hydrodynamic Ocean Model
2201,2026-08-20,21.0,90.0,0.254,0.09,0.269,0.52,70.5,East India Coastal Current (EICC),0.0,NASA OSCAR L4 / INCOIS High-Res Hydrodynamic Ocean Model
2202,2026-08-20,21.0,91.0,0.239,0.102,0.26,0.51,66.9,East India Coastal Current (EICC),0.0,NASA OSCAR L4 / INCOIS High-Res Hydrodynamic Ocean Model
2203,2026-08-20,21.0,92.0,0.244,0.247,0.347,0.67,44.6,East India Coastal Current (EICC),0.0,NASA OSCAR L4 / INCOIS High-Res Hydrodynamic Ocean Model
2204,2026-08-20,21.0,93.0,0.234,0.156,0.281,0.55,56.3,East India Coastal Current (EICC),0.0,NASA OSCAR L4 / INCOIS High-Res Hydrodynamic Ocean Model
2205,2026-08-20,21.0,94.0,0.248,0.037,0.251,0.49,81.5,East India Coastal Current (EICC),0.0,NASA OSCAR L4 / INCOIS High-Res Hydrodynamic Ocean Model
2206,2026-08-20,22.0,68.0,-0.084,-0.149,0.171,0.33,209.4,West India Coastal Current (WICC),0.0,NASA OSCAR L4 / INCOIS High-Res Hydrodynamic Ocean Model
2207,2026-08-20,22.0,69.0,-0.153,-0.56,0.581,1.13,195.3,West India Coastal Current (WICC),0.0,NASA OSCAR L4 / INCOIS High-Res Hydrodynamic Ocean Model
2208,2026-08-20,22.0,70.0,-0.116,-0.34,0.359,0.7,198.8,West India Coastal Current (WICC),0.0,NASA OSCAR L4 / INCOIS High-Res Hydrodynamic Ocean Model
2209,2026-08-20,22.0,71.0,-0.24,-0.488,0.544,1.06,206.2,West India Coastal Current (WICC),0.0,NASA OSCAR L4 / INCOIS High-Res Hydrodynamic Ocean Model
2210,2026-08-20,22.0,72.0,-0.07,-0.15,0.166,0.32,205.0,West India Coastal Current (WICC),0.0,NASA OSCAR L4 / INCOIS High-Res Hydrodynamic Ocean Model
2211,2026-08-20,22.0,73.0,-0.158,-0.285,0.326,0.63,209.0,West India Coastal Current (WICC),0.0,NASA OSCAR L4 / INCOIS High-Res Hydrodynamic Ocean Model
2212,2026-08-20,22.0,74.0,-0.111,-0.438,0.452,0.88,194.2,West India Coastal Current (WICC),0.0,NASA OSCAR L4 / INCOIS High-Res Hydrodynamic Ocean Model
2213,2026-08-20,22.0,75.0,-0.034,-0.157,0.161,0.31,192.2,West India Coastal Current (WICC),0.0,NASA OSCAR L4 / INCOIS High-Res Hydrodynamic Ocean Model
2214,2026-08-20,22.0,76.0,-0.376,-0.136,0.4,0.78,250.1,West India Coastal Current (WICC),0.0,NASA OSCAR L4 / INCOIS High-Res Hydrodynamic Ocean Model
2215,2026-08-20,22.0,77.0,0.188,0.075,0.202,0.39,68.3,East India Coastal Current (EICC),0.0,NASA OSCAR L4 / INCOIS High-Res Hydrodynamic Ocean Model
2216,2026-08-20,22.0,78.0,0.224,0.078,0.237,0.46,70.8,East India Coastal Current (EICC),0.0,NASA OSCAR L4 / INCOIS High-Res Hydrodynamic Ocean Model
2217,2026-08-20,22.0,79.0,0.194,0.211,0.287,0.56,42.6,East India Coastal Current (EICC),0.0,NASA OSCAR L4 / INCOIS High-Res Hydrodynamic Ocean Model
2218,2026-08-20,22.0,80.0,0.14,0.193,0.238,0.46,36.0,East India Coastal Current (EICC),0.0,NASA OSCAR L4 / INCOIS High-Res Hydrodynamic Ocean Model
2219,2026-08-20,22.0,81.0,0.203,0.261,0.331,0.64,37.9,East India Coastal Current (EICC),0.0,NASA OSCAR L4 / INCOIS High-Res Hydrodynamic Ocean Model
2220,2026-08-20,22.0,82.0,0.162,0.188,0.248,0.48,40.8,East India Coastal Current (EICC),0.0,NASA OSCAR L4 / INCOIS High-Res Hydrodynamic Ocean Model
2221,2026-08-20,22.0,83.0,0.189,0.14,0.235,0.46,53.5,East India Coastal Current (EICC),0.0,NASA OSCAR L4 / INCOIS High-Res Hydrodynamic Ocean Model
2222,2026-08-20,22.0,84.0,0.24,0.169,0.294,0.57,54.8,East India Coastal Current (EICC),0.0,NASA OSCAR L4 / INCOIS High-Res Hydrodynamic Ocean Model
2223,2026-08-20,22.0,85.0,0.073,0.157,0.173,0.34,24.9,East India Coastal Current (EICC),0.0,NASA OSCAR L4 / INCOIS High-Res Hydrodynamic Ocean Model
2224,2026-08-20,22.0,86.0,0.285,0.131,0.314,0.61,65.3,East India Coastal Current (EICC),0.0,NASA OSCAR L4 / INCOIS High-Res Hydrodynamic Ocean Model
2225,2026-08-20,22.0,87.0,0.056,0.227,0.234,0.45,13.9,East India Coastal Current (EICC),0.0,NASA OSCAR L4 / INCOIS High-Res Hydrodynamic Ocean Model
2226,2026-08-20,22.0,88.0,0.097,0.288,0.304,0.59,18.6,East India Coastal Current (EICC),0.0,NASA OSCAR L4 / INCOIS High-Res Hydrodynamic Ocean Model
2227,2026-08-20,22.0,89.0,0.237,0.175,0.295,0.57,53.6,East India Coastal Current (EICC),0.0,NASA OSCAR L4 / INCOIS High-Res Hydrodynamic Ocean Model
2228,2026-08-20,22.0,90.0,0.246,-0.018,0.247,0.48,94.2,East India Coastal Current (EICC),0.0,NASA OSCAR L4 / INCOIS High-Res Hydrodynamic Ocean Model
2229,2026-08-20,22.0,91.0,0.217,0.128,0.252,0.49,59.5,East India Coastal Current (EICC),0.0,NASA OSCAR L4 / INCOIS High-Res Hydrodynamic Ocean Model
2230,2026-08-20,22.0,92.0,0.057,0.116,0.129,0.25,26.2,East India Coastal Current (EICC),0.0,NASA OSCAR L4 / INCOIS High-Res Hydrodynamic Ocean Model
2231,2026-08-20,22.0,93.0,0.134,-0.087,0.16,0.31,123.0,East India Coastal Current (EICC),0.0,NASA OSCAR L4 / INCOIS High-Res Hydrodynamic Ocean Model
2232,2026-08-20,22.0,94.0,0.198,0.08,0.214,0.42,68.0,East India Coastal Current (EICC),0.0,NASA OSCAR L4 / INCOIS High-Res Hydrodynamic Ocean Model
2233,2026-08-20,23.0,68.0,-0.154,-0.426,0.453,0.88,199.9,West India Coastal Current (WICC),0.0,NASA OSCAR L4 / INCOIS High-Res Hydrodynamic Ocean Model
2234,2026-08-20,23.0,69.0,-0.256,-0.098,0.274,0.53,249.1,West India Coastal Current (WICC),0.0,NASA OSCAR L4 / INCOIS High-Res Hydrodynamic Ocean Model
2235,2026-08-20,23.0,70.0,-0.124,-0.37,0.39,0.76,198.5,West India Coastal Current (WICC),0.0,NASA OSCAR L4 / INCOIS High-Res Hydrodynamic Ocean Model
2236,2026-08-20,23.0,71.0,-0.109,-0.148,0.184,0.36,216.4,West India Coastal Current (WICC),0.0,NASA OSCAR L4 / INCOIS High-Res Hydrodynamic Ocean Model
2237,2026-08-20,23.0,72.0,-0.277,-0.188,0.335,0.65,235.8,West India Coastal Current (WICC),0.0,NASA OSCAR L4 / INCOIS High-Res Hydrodynamic Ocean Model
2238,2026-08-20,23.0,73.0,-0.093,-0.332,0.345,0.67,195.6,West India Coastal Current (WICC),0.0,NASA OSCAR L4 / INCOIS High-Res Hydrodynamic Ocean Model
2239,2026-08-20,23.0,74.0,-0.18,-0.321,0.368,0.72,209.3,West India Coastal Current (WICC),0.0,NASA OSCAR L4 / INCOIS High-Res Hydrodynamic Ocean Model
2240,2026-08-20,23.0,75.0,-0.325,-0.311,0.45,0.87,226.3,West India Coastal Current (WICC),0.0,NASA OSCAR L4 / INCOIS High-Res Hydrodynamic Ocean Model
2241,2026-08-20,23.0,76.0,-0.254,-0.181,0.312,0.61,234.5,West India Coastal Current (WICC),0.0,NASA OSCAR L4 / INCOIS High-Res Hydrodynamic Ocean Model
2242,2026-08-20,23.0,77.0,0.257,0.108,0.279,0.54,67.2,East India Coastal Current (EICC),0.0,NASA OSCAR L4 / INCOIS High-Res Hydrodynamic Ocean Model
2243,2026-08-20,23.0,78.0,0.135,0.05,0.144,0.28,69.7,East India Coastal Current (EICC),0.0,NASA OSCAR L4 / INCOIS High-Res Hydrodynamic Ocean Model
2244,2026-08-20,23.0,79.0,0.223,0.277,0.356,0.69,38.8,East India Coastal Current (EICC),0.0,NASA OSCAR L4 / INCOIS High-Res Hydrodynamic Ocean Model
2245,2026-08-20,23.0,80.0,0.321,0.059,0.326,0.63,79.6,East India Coastal Current (EICC),0.0,NASA OSCAR L4 / INCOIS High-Res Hydrodynamic Ocean Model
2246,2026-08-20,23.0,81.0,0.287,0.171,0.334,0.65,59.2,East India Coastal Current (EICC),0.0,NASA OSCAR L4 / INCOIS High-Res Hydrodynamic Ocean Model
2247,2026-08-20,23.0,82.0,0.265,0.287,0.391,0.76,42.7,East India Coastal Current (EICC),0.0,NASA OSCAR L4 / INCOIS High-Res Hydrodynamic Ocean Model
2248,2026-08-20,23.0,83.0,0.207,0.218,0.301,0.59,43.5,East India Coastal Current (EICC),0.0,NASA OSCAR L4 / INCOIS High-Res Hydrodynamic Ocean Model
2249,2026-08-20,23.0,84.0,0.117,0.192,0.225,0.44,31.4,East India Coastal Current (EICC),0.0,NASA OSCAR L4 / INCOIS High-Res Hydrodynamic Ocean Model
2250,2026-08-20,23.0,85.0,0.15,0.145,0.209,0.41,46.0,East India Coastal Current (EICC),0.0,NASA OSCAR L4 / INCOIS High-Res Hydrodynamic Ocean Model
2251,2026-08-20,23.0,86.0,0.225,0.251,0.337,0.66,41.9,East India Coastal Current (EICC),0.0,NASA OSCAR L4 / INCOIS High-Res Hydrodynamic Ocean Model
2252,2026-08-20,23.0,87.0,0.175,0.161,0.238,0.46,47.4,East India Coastal Current (EICC),0.0,NASA OSCAR L4 / INCOIS High-Res Hydrodynamic Ocean Model
2253,2026-08-20,23.0,88.0,0.066,0.201,0.212,0.41,18.2,East India Coastal Current (EICC),0.0,NASA OSCAR L4 / INCOIS High-Res Hydrodynamic Ocean Model
2254,2026-08-20,23.0,89.0,0.247,0.195,0.315,0.61,51.7,East India Coastal Current (EICC),0.0,NASA OSCAR L4 / INCOIS High-Res Hydrodynamic Ocean Model
2255,2026-08-20,23.0,90.0,0.184,0.097,0.208,0.4,62.2,East India Coastal Current (EICC),0.0,NASA OSCAR L4 / INCOIS High-Res Hydrodynamic Ocean Model
2256,2026-08-20,23.0,91.0,0.211,0.186,0.281,0.55,48.6,East India Coastal Current (EICC),0.0,NASA OSCAR L4 / INCOIS High-Res Hydrodynamic Ocean Model
2257,2026-08-20,23.0,92.0,0.149,0.114,0.188,0.37,52.6,East India Coastal Current (EICC),0.0,NASA OSCAR L4 / INCOIS High-Res Hydrodynamic Ocean Model
2258,2026-08-20,23.0,93.0,0.27,0.246,0.365,0.71,47.7,East India Coastal Current (EICC),0.0,NASA OSCAR L4 / INCOIS High-Res Hydrodynamic Ocean Model
2259,2026-08-20,23.0,94.0,0.222,0.071,0.233,0.45,72.3,East India Coastal Current (EICC),0.0,NASA OSCAR L4 / INCOIS High-Res Hydrodynamic Ocean Model
2260,2026-08-20,24.0,68.0,-0.273,-0.462,0.537,1.04,210.6,West India Coastal Current (WICC),0.0,NASA OSCAR L4 / INCOIS High-Res Hydrodynamic Ocean Model
2261,2026-08-20,24.0,69.0,-0.11,-0.295,0.315,0.61,200.4,West India Coastal Current (WICC),0.0,NASA OSCAR L4 / INCOIS High-Res Hydrodynamic Ocean Model
2262,2026-08-20,24.0,70.0,-0.218,-0.293,0.365,0.71,216.7,West India Coastal Current (WICC),0.0,NASA OSCAR L4 / INCOIS High-Res Hydrodynamic Ocean Model
2263,2026-08-20,24.0,71.0,0.015,-0.263,0.263,0.51,176.7,West India Coastal Current (WICC),0.0,NASA OSCAR L4 / INCOIS High-Res Hydrodynamic Ocean Model
2264,2026-08-20,24.0,72.0,-0.111,-0.244,0.268,0.52,204.5,West India Coastal Current (WICC),0.0,NASA OSCAR L4 / INCOIS High-Res Hydrodynamic Ocean Model
2265,2026-08-20,24.0,73.0,-0.169,-0.244,0.297,0.58,214.7,West India Coastal Current (WICC),0.0,NASA OSCAR L4 / INCOIS High-Res Hydrodynamic Ocean Model
2266,2026-08-20,24.0,74.0,-0.401,-0.226,0.46,0.89,240.6,West India Coastal Current (WICC),0.0,NASA OSCAR L4 / INCOIS High-Res Hydrodynamic Ocean Model
2267,2026-08-20,24.0,75.0,-0.251,-0.198,0.32,0.62,231.7,West India Coastal Current (WICC),0.0,NASA OSCAR L4 / INCOIS High-Res Hydrodynamic Ocean Model
2268,2026-08-20,24.0,76.0,-0.263,-0.125,0.291,0.57,244.6,West India Coastal Current (WICC),0.0,NASA OSCAR L4 / INCOIS High-Res Hydrodynamic Ocean Model
2269,2026-08-20,24.0,77.0,0.256,0.145,0.294,0.57,60.5,East India Coastal Current (EICC),0.0,NASA OSCAR L4 / INCOIS High-Res Hydrodynamic Ocean Model
2270,2026-08-20,24.0,78.0,0.323,0.162,0.361,0.7,63.4,East India Coastal Current (EICC),0.0,NASA OSCAR L4 / INCOIS High-Res Hydrodynamic Ocean Model
2271,2026-08-20,24.0,79.0,0.302,0.23,0.38,0.74,52.7,East India Coastal Current (EICC),0.0,NASA OSCAR L4 / INCOIS High-Res Hydrodynamic Ocean Model
2272,2026-08-20,24.0,80.0,0.407,0.201,0.454,0.88,63.7,East India Coastal Current (EICC),0.0,NASA OSCAR L4 / INCOIS High-Res Hydrodynamic Ocean Model
2273,2026-08-20,24.0,81.0,0.093,0.08,0.123,0.24,49.3,East India Coastal Current (EICC),0.0,NASA OSCAR L4 / INCOIS High-Res Hydrodynamic Ocean Model
2274,2026-08-20,24.0,82.0,0.216,0.156,0.266,0.52,54.2,East India Coastal Current (EICC),0.0,NASA OSCAR L4 / INCOIS High-Res Hydrodynamic Ocean Model
2275,2026-08-20,24.0,83.0,0.338,0.193,0.389,0.76,60.3,East India Coastal Current (EICC),0.0,NASA OSCAR L4 / INCOIS High-Res Hydrodynamic Ocean Model
2276,2026-08-20,24.0,84.0,0.272,0.133,0.303,0.59,63.9,East India Coastal Current (EICC),0.0,NASA OSCAR L4 / INCOIS High-Res Hydrodynamic Ocean Model
2277,2026-08-20,24.0,85.0,0.166,0.132,0.212,0.41,51.5,East India Coastal Current (EICC),0.0,NASA OSCAR L4 / INCOIS High-Res Hydrodynamic Ocean Model
2278,2026-08-20,24.0,86.0,0.19,0.27,0.33,0.64,35.1,East India Coastal Current (EICC),0.0,NASA OSCAR L4 / INCOIS High-Res Hydrodynamic Ocean Model
2279,2026-08-20,24.0,87.0,0.159,0.067,0.173,0.34,67.2,East India Coastal Current (EICC),0.0,NASA OSCAR L4 / INCOIS High-Res Hydrodynamic Ocean Model
2280,2026-08-20,24.0,88.0,0.08,0.253,0.265,0.52,17.5,East India Coastal Current (EICC),0.0,NASA OSCAR L4 / INCOIS High-Res Hydrodynamic Ocean Model
2281,2026-08-20,24.0,89.0,0.16,0.094,0.186,0.36,59.6,East India Coastal Current (EICC),0.0,NASA OSCAR L4 / INCOIS High-Res Hydrodynamic Ocean Model
2282,2026-08-20,24.0,90.0,0.24,0.099,0.26,0.51,67.6,East India Coastal Current (EICC),0.0,NASA OSCAR L4 / INCOIS High-Res Hydrodynamic Ocean Model
2283,2026-08-20,24.0,91.0,0.202,0.267,0.335,0.65,37.1,East India Coastal Current (EICC),0.0,NASA OSCAR L4 / INCOIS High-Res Hydrodynamic Ocean Model
2284,2026-08-20,24.0,92.0,0.263,0.19,0.324,0.63,54.2,East India Coastal Current (EICC),0.0,NASA OSCAR L4 / INCOIS High-Res Hydrodynamic Ocean Model
2285,2026-08-20,24.0,93.0,0.102,0.196,0.221,0.43,27.5,East India Coastal Current (EICC),0.0,NASA OSCAR L4 / INCOIS High-Res Hydrodynamic Ocean Model
2286,2026-08-20,24.0,94.0,0.263,0.163,0.309,0.6,58.2,East India Coastal Current (EICC),0.0,NASA OSCAR L4 / INCOIS High-Res Hydrodynamic Ocean Model
2287,2026-08-19,6.0,68.0,-0.143,-0.244,0.283,0.55,210.4,West India Coastal Current (WICC),0.0,NASA OSCAR L4 / INCOIS High-Res Hydrodynamic Ocean Model
2288,2026-08-19,6.0,69.0,-0.156,-0.3,0.338,0.66,207.5,West India Coastal Current (WICC),0.0,NASA OSCAR L4 / INCOIS High-Res Hydrodynamic Ocean Model
2289,2026-08-19,6.0,70.0,-0.16,-0.295,0.336,0.65,208.5,West India Coastal Current (WICC),0.0,NASA OSCAR L4 / INCOIS High-Res Hydrodynamic Ocean Model
2290,2026-08-19,6.0,71.0,-0.111,-0.282,0.303,0.59,201.5,West India Coastal Current (WICC),0.0,NASA OSCAR L4 / INCOIS High-Res Hydrodynamic Ocean Model
2291,2026-08-19,6.0,72.0,-0.165,-0.416,0.448,0.87,201.6,West India Coastal Current (WICC),0.0,NASA OSCAR L4 / INCOIS High-Res Hydrodynamic Ocean Model
2292,2026-08-19,6.0,73.0,-0.103,-0.126,0.163,0.32,219.3,West India Coastal Current (WICC),0.0,NASA OSCAR L4 / INCOIS High-Res Hydrodynamic Ocean Model
2293,2026-08-19,6.0,74.0,-0.28,-0.214,0.352,0.68,232.6,West India Coastal Current (WICC),0.0,NASA OSCAR L4 / INCOIS High-Res Hydrodynamic Ocean Model
2294,2026-08-19,6.0,75.0,-0.225,-0.401,0.46,0.89,209.3,West India Coastal Current (WICC),0.0,NASA OSCAR L4 / INCOIS High-Res Hydrodynamic Ocean Model
2295,2026-08-19,6.0,76.0,-0.249,-0.134,0.283,0.55,241.7,West India Coastal Current (WICC),0.0,NASA OSCAR L4 / INCOIS High-Res Hydrodynamic Ocean Model
2296,2026-08-19,6.0,77.0,0.222,0.1,0.243,0.47,65.8,East India Coastal Current (EICC),0.0,NASA OSCAR L4 / INCOIS High-Res Hydrodynamic Ocean Model
2297,2026-08-19,6.0,78.0,0.175,0.088,0.196,0.38,63.3,East India Coastal Current (EICC),0.0,NASA OSCAR L4 / INCOIS High-Res Hydrodynamic Ocean Model
2298,2026-08-19,6.0,79.0,-0.006,0.175,0.175,0.34,358.0,East India Coastal Current (EICC),0.0,NASA OSCAR L4 / INCOIS High-Res Hydrodynamic Ocean Model
2299,2026-08-19,6.0,80.0,0.219,0.286,0.36,0.7,37.4,East India Coastal Current (EICC),0.0,NASA OSCAR L4 / INCOIS High-Res Hydrodynamic Ocean Model
2300,2026-08-19,6.0,81.0,0.038,0.281,0.284,0.55,7.7,East India Coastal Current (EICC),0.0,NASA OSCAR L4 / INCOIS High-Res Hydrodynamic Ocean Model
2301,2026-08-19,6.0,82.0,0.222,0.187,0.29,0.56,49.9,East India Coastal Current (EICC),0.0,NASA OSCAR L4 / INCOIS High-Res Hydrodynamic Ocean Model
2302,2026-08-19,6.0,83.0,0.167,-0.02,0.168,0.33,96.8,East India Coastal Current (EICC),0.0,NASA OSCAR L4 / INCOIS High-Res Hydrodynamic Ocean Model
2303,2026-08-19,6.0,84.0,0.324,0.066,0.331,0.64,78.5,East India Coastal Current (EICC),0.0,NASA OSCAR L4 / INCOIS High-Res Hydrodynamic Ocean Model
2304,2026-08-19,6.0,85.0,0.385,0.192,0.43,0.84,63.5,East India Coastal Current (EICC),0.0,NASA OSCAR L4 / INCOIS High-Res Hydrodynamic Ocean Model
2305,2026-08-19,6.0,86.0,0.239,0.171,0.294,0.57,54.4,East India Coastal Current (EICC),0.0,NASA OSCAR L4 / INCOIS High-Res Hydrodynamic Ocean Model
2306,2026-08-19,6.0,87.0,0.116,0.181,0.215,0.42,32.7,East India Coastal Current (EICC),0.0,NASA OSCAR L4 / INCOIS High-Res Hydrodynamic Ocean Model
2307,2026-08-19,6.0,88.0,0.275,0.116,0.298,0.58,67.1,East India Coastal Current (EICC),0.0,NASA OSCAR L4 / INCOIS High-Res Hydrodynamic Ocean Model
2308,2026-08-19,6.0,89.0,0.27,0.13,0.3,0.58,64.3,East India Coastal Current (EICC),0.0,NASA OSCAR L4 / INCOIS High-Res Hydrodynamic Ocean Model
2309,2026-08-19,6.0,90.0,0.188,0.084,0.206,0.4,65.9,East India Coastal Current (EICC),0.0,NASA OSCAR L4 / INCOIS High-Res Hydrodynamic Ocean Model
2310,2026-08-19,6.0,91.0,0.247,0.256,0.356,0.69,44.0,East India Coastal Current (EICC),0.0,NASA OSCAR L4 / INCOIS High-Res Hydrodynamic Ocean Model
2311,2026-08-19,6.0,92.0,0.229,0.281,0.362,0.7,39.2,East India Coastal Current (EICC),0.0,NASA OSCAR L4 / INCOIS High-Res Hydrodynamic Ocean Model
2312,2026-08-19,6.0,93.0,0.133,0.018,0.134,0.26,82.3,East India Coastal Current (EICC),0.0,NASA OSCAR L4 / INCOIS High-Res Hydrodynamic Ocean Model
2313,2026-08-19,6.0,94.0,0.146,0.316,0.348,0.68,24.8,East India Coastal Current (EICC),0.0,NASA OSCAR L4 / INCOIS High-Res Hydrodynamic Ocean Model
2314,2026-08-19,7.0,68.0,-0.226,-0.137,0.264,0.51,238.8,West India Coastal Current (WICC),0.0,NASA OSCAR L4 / INCOIS High-Res Hydrodynamic Ocean Model
2315,2026-08-19,7.0,69.0,-0.077,-0.431,0.438,0.85,190.1,West India Coastal Current (WICC),0.0,NASA OSCAR L4 / INCOIS High-Res Hydrodynamic Ocean Model
2316,2026-08-19,7.0,70.0,-0.291,-0.11,0.311,0.6,249.3,West India Coastal Current (WICC),0.0,NASA OSCAR L4 / INCOIS High-Res Hydrodynamic Ocean Model
2317,2026-08-19,7.0,71.0,-0.099,-0.167,0.194,0.38,210.7,West India Coastal Current (WICC),0.0,NASA OSCAR L4 / INCOIS High-Res Hydrodynamic Ocean Model
2318,2026-08-19,7.0,72.0,-0.132,-0.415,0.435,0.85,197.6,West India Coastal Current (WICC),0.0,NASA OSCAR L4 / INCOIS High-Res Hydrodynamic Ocean Model
2319,2026-08-19,7.0,73.0,-0.117,-0.297,0.319,0.62,201.5,West India Coastal Current (WICC),0.0,NASA OSCAR L4 / INCOIS High-Res Hydrodynamic Ocean Model
2320,2026-08-19,7.0,74.0,-0.184,-0.188,0.263,0.51,224.4,West India Coastal Current (WICC),0.0,NASA OSCAR L4 / INCOIS High-Res Hydrodynamic Ocean Model
2321,2026-08-19,7.0,75.0,-0.272,-0.291,0.398,0.77,223.1,West India Coastal Current (WICC),0.0,NASA OSCAR L4 / INCOIS High-Res Hydrodynamic Ocean Model
2322,2026-08-19,7.0,76.0,-0.13,-0.281,0.31,0.6,204.8,West India Coastal Current (WICC),0.0,NASA OSCAR L4 / INCOIS High-Res Hydrodynamic Ocean Model
2323,2026-08-19,7.0,77.0,0.145,0.037,0.15,0.29,75.7,East India Coastal Current (EICC),0.0,NASA OSCAR L4 / INCOIS High-Res Hydrodynamic Ocean Model
2324,2026-08-19,7.0,78.0,0.232,0.081,0.246,0.48,70.8,East India Coastal Current (EICC),0.0,NASA OSCAR L4 / INCOIS High-Res Hydrodynamic Ocean Model
2325,2026-08-19,7.0,79.0,0.243,0.17,0.297,0.58,55.0,East India Coastal Current (EICC),0.0,NASA OSCAR L4 / INCOIS High-Res Hydrodynamic Ocean Model
2326,2026-08-19,7.0,80.0,-0.027,0.148,0.15,0.29,349.7,East India Coastal Current (EICC),0.0,NASA OSCAR L4 / INCOIS High-Res Hydrodynamic Ocean Model
2327,2026-08-19,7.0,81.0,0.256,0.019,0.257,0.5,85.8,East India Coastal Current (EICC),0.0,NASA OSCAR L4 / INCOIS High-Res Hydrodynamic Ocean Model
2328,2026-08-19,7.0,82.0,0.426,0.177,0.461,0.9,67.4,East India Coastal Current (EICC),0.0,NASA OSCAR L4 / INCOIS High-Res Hydrodynamic Ocean Model
2329,2026-08-19,7.0,83.0,0.268,0.181,0.323,0.63,56.0,East India Coastal Current (EICC),0.0,NASA OSCAR L4 / INCOIS High-Res Hydrodynamic Ocean Model
2330,2026-08-19,7.0,84.0,0.15,0.181,0.235,0.46,39.6,East India Coastal Current (EICC),0.0,NASA OSCAR L4 / INCOIS High-Res Hydrodynamic Ocean Model
2331,2026-08-19,7.0,85.0,0.275,0.284,0.395,0.77,44.1,East India Coastal Current (EICC),0.0,NASA OSCAR L4 / INCOIS High-Res Hydrodynamic Ocean Model
2332,2026-08-19,7.0,86.0,0.142,0.104,0.176,0.34,53.8,East India Coastal Current (EICC),0.0,NASA OSCAR L4 / INCOIS High-Res Hydrodynamic Ocean Model
2333,2026-08-19,7.0,87.0,0.32,0.108,0.338,0.66,71.4,East India Coastal Current (EICC),0.0,NASA OSCAR L4 / INCOIS High-Res Hydrodynamic Ocean Model
2334,2026-08-19,7.0,88.0,0.201,0.103,0.226,0.44,62.9,East India Coastal Current (EICC),0.0,NASA OSCAR L4 / INCOIS High-Res Hydrodynamic Ocean Model
2335,2026-08-19,7.0,89.0,0.304,0.03,0.305,0.59,84.4,East India Coastal Current (EICC),0.0,NASA OSCAR L4 / INCOIS High-Res Hydrodynamic Ocean Model
2336,2026-08-19,7.0,90.0,0.351,0.046,0.354,0.69,82.5,East India Coastal Current (EICC),0.0,NASA OSCAR L4 / INCOIS High-Res Hydrodynamic Ocean Model
2337,2026-08-19,7.0,91.0,0.166,0.184,0.248,0.48,42.1,East India Coastal Current (EICC),0.0,NASA OSCAR L4 / INCOIS High-Res Hydrodynamic Ocean Model
2338,2026-08-19,7.0,92.0,0.16,0.114,0.196,0.38,54.5,East India Coastal Current (EICC),0.0,NASA OSCAR L4 / INCOIS High-Res Hydrodynamic Ocean Model
2339,2026-08-19,7.0,93.0,0.254,0.102,0.274,0.53,68.1,East India Coastal Current (EICC),0.0,NASA OSCAR L4 / INCOIS High-Res Hydrodynamic Ocean Model
2340,2026-08-19,7.0,94.0,0.128,0.147,0.195,0.38,41.0,East India Coastal Current (EICC),0.0,NASA OSCAR L4 / INCOIS High-Res Hydrodynamic Ocean Model
2341,2026-08-19,8.0,68.0,-0.131,-0.245,0.278,0.54,208.1,West India Coastal Current (WICC),0.0,NASA OSCAR L4 / INCOIS High-Res Hydrodynamic Ocean Model
2342,2026-08-19,8.0,69.0,-0.176,-0.324,0.369,0.72,208.5,West India Coastal Current (WICC),0.0,NASA OSCAR L4 / INCOIS High-Res Hydrodynamic Ocean Model
2343,2026-08-19,8.0,70.0,-0.202,-0.075,0.215,0.42,249.6,West India Coastal Current (WICC),0.0,NASA OSCAR L4 / INCOIS High-Res Hydrodynamic Ocean Model
2344,2026-08-19,8.0,71.0,-0.183,-0.198,0.27,0.52,222.7,West India Coastal Current (WICC),0.0,NASA OSCAR L4 / INCOIS High-Res Hydrodynamic Ocean Model
2345,2026-08-19,8.0,72.0,-0.324,-0.32,0.455,0.88,225.4,West India Coastal Current (WICC),0.0,NASA OSCAR L4 / INCOIS High-Res Hydrodynamic Ocean Model
2346,2026-08-19,8.0,73.0,-0.089,-0.33,0.342,0.66,195.1,West India Coastal Current (WICC),0.0,NASA OSCAR L4 / INCOIS High-Res Hydrodynamic Ocean Model
2347,2026-08-19,8.0,74.0,-0.016,-0.111,0.112,0.22,188.2,West India Coastal Current (WICC),0.0,NASA OSCAR L4 / INCOIS High-Res Hydrodynamic Ocean Model
2348,2026-08-19,8.0,75.0,-0.15,-0.285,0.322,0.63,207.8,West India Coastal Current (WICC),0.0,NASA OSCAR L4 / INCOIS High-Res Hydrodynamic Ocean Model
2349,2026-08-19,8.0,76.0,-0.183,-0.138,0.229,0.45,233.0,West India Coastal Current (WICC),0.0,NASA OSCAR L4 / INCOIS High-Res Hydrodynamic Ocean Model
2350,2026-08-19,8.0,77.0,0.153,0.136,0.205,0.4,48.4,East India Coastal Current (EICC),0.0,NASA OSCAR L4 / INCOIS High-Res Hydrodynamic Ocean Model
2351,2026-08-19,8.0,78.0,0.229,0.174,0.288,0.56,52.8,East India Coastal Current (EICC),0.0,NASA OSCAR L4 / INCOIS High-Res Hydrodynamic Ocean Model
2352,2026-08-19,8.0,79.0,0.179,0.324,0.37,0.72,28.9,East India Coastal Current (EICC),0.0,NASA OSCAR L4 / INCOIS High-Res Hydrodynamic Ocean Model
2353,2026-08-19,8.0,80.0,0.244,0.314,0.398,0.77,37.8,East India Coastal Current (EICC),0.0,NASA OSCAR L4 / INCOIS High-Res Hydrodynamic Ocean Model
2354,2026-08-19,8.0,81.0,0.191,0.081,0.207,0.4,67.0,East India Coastal Current (EICC),0.0,NASA OSCAR L4 / INCOIS High-Res Hydrodynamic Ocean Model
2355,2026-08-19,8.0,82.0,0.152,0.252,0.294,0.57,31.1,East India Coastal Current (EICC),0.0,NASA OSCAR L4 / INCOIS High-Res Hydrodynamic Ocean Model
2356,2026-08-19,8.0,83.0,0.209,0.268,0.34,0.66,37.9,East India Coastal Current (EICC),0.0,NASA OSCAR L4 / INCOIS High-Res Hydrodynamic Ocean Model
2357,2026-08-19,8.0,84.0,0.286,0.177,0.336,0.65,58.2,East India Coastal Current (EICC),0.0,NASA OSCAR L4 / INCOIS High-Res Hydrodynamic Ocean Model
2358,2026-08-19,8.0,85.0,0.31,0.214,0.377,0.73,55.4,East India Coastal Current (EICC),0.0,NASA OSCAR L4 / INCOIS High-Res Hydrodynamic Ocean Model
2359,2026-08-19,8.0,86.0,0.176,0.375,0.414,0.8,25.1,East India Coastal Current (EICC),0.0,NASA OSCAR L4 / INCOIS High-Res Hydrodynamic Ocean Model
2360,2026-08-19,8.0,87.0,0.165,0.126,0.208,0.4,52.6,East India Coastal Current (EICC),0.0,NASA OSCAR L4 / INCOIS High-Res Hydrodynamic Ocean Model
2361,2026-08-19,8.0,88.0,0.112,-0.03,0.116,0.23,105.0,East India Coastal Current (EICC),0.0,NASA OSCAR L4 / INCOIS High-Res Hydrodynamic Ocean Model
2362,2026-08-19,8.0,89.0,0.331,0.195,0.384,0.75,59.5,East India Coastal Current (EICC),0.0,NASA OSCAR L4 / INCOIS High-Res Hydrodynamic Ocean Model
2363,2026-08-19,8.0,90.0,0.178,0.178,0.252,0.49,45.0,East India Coastal Current (EICC),0.0,NASA OSCAR L4 / INCOIS High-Res Hydrodynamic Ocean Model
2364,2026-08-19,8.0,91.0,0.262,0.082,0.275,0.53,72.6,East India Coastal Current (EICC),0.0,NASA OSCAR L4 / INCOIS High-Res Hydrodynamic Ocean Model
2365,2026-08-19,8.0,92.0,0.14,0.264,0.299,0.58,27.9,East India Coastal Current (EICC),0.0,NASA OSCAR L4 / INCOIS High-Res Hydrodynamic Ocean Model
2366,2026-08-19,8.0,93.0,0.171,0.077,0.188,0.37,65.8,East India Coastal Current (EICC),0.0,NASA OSCAR L4 / INCOIS High-Res Hydrodynamic Ocean Model
2367,2026-08-19,8.0,94.0,0.187,0.097,0.211,0.41,62.6,East India Coastal Current (EICC),0.0,NASA OSCAR L4 / INCOIS High-Res Hydrodynamic Ocean Model
2368,2026-08-19,9.0,68.0,-0.143,-0.268,0.304,0.59,208.1,West India Coastal Current (WICC),0.0,NASA OSCAR L4 / INCOIS High-Res Hydrodynamic Ocean Model
2369,2026-08-19,9.0,69.0,-0.178,-0.261,0.316,0.61,214.3,West India Coastal Current (WICC),0.0,NASA OSCAR L4 / INCOIS High-Res Hydrodynamic Ocean Model
2370,2026-08-19,9.0,70.0,-0.068,-0.245,0.254,0.49,195.5,West India Coastal Current (WICC),0.0,NASA OSCAR L4 / INCOIS High-Res Hydrodynamic Ocean Model
2371,2026-08-19,9.0,71.0,-0.319,-0.417,0.525,1.02,217.4,West India Coastal Current (WICC),0.0,NASA OSCAR L4 / INCOIS High-Res Hydrodynamic Ocean Model
2372,2026-08-19,9.0,72.0,-0.2,-0.183,0.271,0.53,227.5,West India Coastal Current (WICC),0.0,NASA OSCAR L4 / INCOIS High-Res Hydrodynamic Ocean Model
2373,2026-08-19,9.0,73.0,-0.179,-0.449,0.483,0.94,201.7,West India Coastal Current (WICC),0.0,NASA OSCAR L4 / INCOIS High-Res Hydrodynamic Ocean Model
2374,2026-08-19,9.0,85.0,0.146,-0.001,0.146,0.28,90.4,East India Coastal Current (EICC),0.0,NASA OSCAR L4 / INCOIS High-Res Hydrodynamic Ocean Model
2375,2026-08-19,9.0,86.0,0.165,0.113,0.2,0.39,55.6,East India Coastal Current (EICC),0.0,NASA OSCAR L4 / INCOIS High-Res Hydrodynamic Ocean Model
2376,2026-08-19,9.0,87.0,0.156,0.116,0.194,0.38,53.4,East India Coastal Current (EICC),0.0,NASA OSCAR L4 / INCOIS High-Res Hydrodynamic Ocean Model
2377,2026-08-19,9.0,88.0,0.11,0.295,0.315,0.61,20.4,East India Coastal Current (EICC),0.0,NASA OSCAR L4 / INCOIS High-Res Hydrodynamic Ocean Model
2378,2026-08-19,9.0,89.0,0.067,0.308,0.315,0.61,12.3,East India Coastal Current (EICC),0.0,NASA OSCAR L4 / INCOIS High-Res Hydrodynamic Ocean Model
2379,2026-08-19,9.0,90.0,0.122,0.118,0.17,0.33,46.0,East India Coastal Current (EICC),0.0,NASA OSCAR L4 / INCOIS High-Res Hydrodynamic Ocean Model
2380,2026-08-19,9.0,91.0,0.161,0.113,0.197,0.38,54.9,East India Coastal Current (EICC),0.0,NASA OSCAR L4 / INCOIS High-Res Hydrodynamic Ocean Model
2381,2026-08-19,9.0,92.0,0.344,0.224,0.411,0.8,56.9,East India Coastal Current (EICC),0.0,NASA OSCAR L4 / INCOIS High-Res Hydrodynamic Ocean Model
2382,2026-08-19,9.0,93.0,0.233,0.256,0.346,0.67,42.3,East India Coastal Current (EICC),0.0,NASA OSCAR L4 / INCOIS High-Res Hydrodynamic Ocean Model
2383,2026-08-19,9.0,94.0,0.33,-0.061,0.336,0.65,100.5,East India Coastal Current (EICC),0.0,NASA OSCAR L4 / INCOIS High-Res Hydrodynamic Ocean Model
2384,2026-08-19,10.0,68.0,-0.005,-0.353,0.353,0.69,180.8,West India Coastal Current (WICC),0.0,NASA OSCAR L4 / INCOIS High-Res Hydrodynamic Ocean Model
2385,2026-08-19,10.0,69.0,-0.01,-0.202,0.202,0.39,182.8,West India Coastal Current (WICC),0.0,NASA OSCAR L4 / INCOIS High-Res Hydrodynamic Ocean Model
2386,2026-08-19,10.0,70.0,-0.147,-0.251,0.291,0.57,210.4,West India Coastal Current (WICC),0.0,NASA OSCAR L4 / INCOIS High-Res Hydrodynamic Ocean Model
2387,2026-08-19,10.0,71.0,-0.112,-0.389,0.405,0.79,196.1,West India Coastal Current (WICC),0.0,NASA OSCAR L4 / INCOIS High-Res Hydrodynamic Ocean Model
2388,2026-08-19,10.0,72.0,-0.086,-0.229,0.245,0.48,200.6,West India Coastal Current (WICC),0.0,NASA OSCAR L4 / INCOIS High-Res Hydrodynamic Ocean Model
2389,2026-08-19,10.0,73.0,-0.151,-0.327,0.36,0.7,204.8,West India Coastal Current (WICC),0.0,NASA OSCAR L4 / INCOIS High-Res Hydrodynamic Ocean Model
2390,2026-08-19,10.0,85.0,0.228,0.207,0.308,0.6,47.8,East India Coastal Current (EICC),0.0,NASA OSCAR L4 / INCOIS High-Res Hydrodynamic Ocean Model
2391,2026-08-19,10.0,86.0,0.168,0.153,0.227,0.44,47.7,East India Coastal Current (EICC),0.0,NASA OSCAR L4 / INCOIS High-Res Hydrodynamic Ocean Model
2392,2026-08-19,10.0,87.0,0.059,0.312,0.318,0.62,10.7,East India Coastal Current (EICC),0.0,NASA OSCAR L4 / INCOIS High-Res Hydrodynamic Ocean Model
2393,2026-08-19,10.0,88.0,0.36,0.061,0.365,0.71,80.4,East India Coastal Current (EICC),0.0,NASA OSCAR L4 / INCOIS High-Res Hydrodynamic Ocean Model
2394,2026-08-19,10.0,89.0,0.132,0.216,0.253,0.49,31.4,East India Coastal Current (EICC),0.0,NASA OSCAR L4 / INCOIS High-Res Hydrodynamic Ocean Model
2395,2026-08-19,10.0,90.0,0.239,0.117,0.266,0.52,63.9,East India Coastal Current (EICC),0.0,NASA OSCAR L4 / INCOIS High-Res Hydrodynamic Ocean Model
2396,2026-08-19,10.0,91.0,0.228,0.137,0.266,0.52,59.0,East India Coastal Current (EICC),0.0,NASA OSCAR L4 / INCOIS High-Res Hydrodynamic Ocean Model
2397,2026-08-19,10.0,92.0,0.067,0.222,0.232,0.45,16.8,East India Coastal Current (EICC),0.0,NASA OSCAR L4 / INCOIS High-Res Hydrodynamic Ocean Model
2398,2026-08-19,10.0,93.0,0.181,0.047,0.187,0.36,75.4,East India Coastal Current (EICC),0.0,NASA OSCAR L4 / INCOIS High-Res Hydrodynamic Ocean Model
2399,2026-08-19,10.0,94.0,0.242,0.144,0.282,0.55,59.2,East India Coastal Current (EICC),0.0,NASA OSCAR L4 / INCOIS High-Res Hydrodynamic Ocean Model
2400,2026-08-19,11.0,68.0,-0.141,-0.237,0.276,0.54,210.7,West India Coastal Current (WICC),0.0,NASA OSCAR L4 / INCOIS High-Res Hydrodynamic Ocean Model
2401,2026-08-19,11.0,69.0,-0.083,-0.25,0.263,0.51,198.4,West India Coastal Current (WICC),0.0,NASA OSCAR L4 / INCOIS High-Res Hydrodynamic Ocean Model
2402,2026-08-19,11.0,70.0,-0.123,-0.267,0.294,0.57,204.7,West India Coastal Current (WICC),0.0,NASA OSCAR L4 / INCOIS High-Res Hydrodynamic Ocean Model
2403,2026-08-19,11.0,71.0,-0.025,-0.537,0.538,1.05,182.7,West India Coastal Current (WICC),0.0,NASA OSCAR L4 / INCOIS High-Res Hydrodynamic Ocean Model
2404,2026-08-19,11.0,72.0,-0.186,-0.248,0.31,0.6,216.9,West India Coastal Current (WICC),0.0,NASA OSCAR L4 / INCOIS High-Res Hydrodynamic Ocean Model
2405,2026-08-19,11.0,73.0,-0.341,-0.063,0.347,0.67,259.5,West India Coastal Current (WICC),0.0,NASA OSCAR L4 / INCOIS High-Res Hydrodynamic Ocean Model
2406,2026-08-19,11.0,85.0,0.181,0.272,0.327,0.64,33.6,East India Coastal Current (EICC),0.0,NASA OSCAR L4 / INCOIS High-Res Hydrodynamic Ocean Model
2407,2026-08-19,11.0,86.0,0.228,0.073,0.239,0.46,72.2,East India Coastal Current (EICC),0.0,NASA OSCAR L4 / INCOIS High-Res Hydrodynamic Ocean Model
2408,2026-08-19,11.0,87.0,0.061,0.067,0.091,0.18,42.3,East India Coastal Current (EICC),0.0,NASA OSCAR L4 / INCOIS High-Res Hydrodynamic Ocean Model
2409,2026-08-19,11.0,88.0,0.19,0.157,0.246,0.48,50.4,East India Coastal Current (EICC),0.0,NASA OSCAR L4 / INCOIS High-Res Hydrodynamic Ocean Model
2410,2026-08-19,11.0,89.0,0.256,0.109,0.278,0.54,66.9,East India Coastal Current (EICC),0.0,NASA OSCAR L4 / INCOIS High-Res Hydrodynamic Ocean Model
2411,2026-08-19,11.0,90.0,0.224,0.076,0.237,0.46,71.3,East India Coastal Current (EICC),0.0,NASA OSCAR L4 / INCOIS High-Res Hydrodynamic Ocean Model
2412,2026-08-19,11.0,91.0,0.341,0.089,0.352,0.68,75.4,East India Coastal Current (EICC),0.0,NASA OSCAR L4 / INCOIS High-Res Hydrodynamic Ocean Model
2413,2026-08-19,11.0,92.0,0.204,-0.013,0.204,0.4,93.6,East India Coastal Current (EICC),0.0,NASA OSCAR L4 / INCOIS High-Res Hydrodynamic Ocean Model
2414,2026-08-19,11.0,93.0,0.21,0.007,0.21,0.41,88.1,East India Coastal Current (EICC),0.0,NASA OSCAR L4 / INCOIS High-Res Hydrodynamic Ocean Model
2415,2026-08-19,11.0,94.0,0.062,0.177,0.188,0.37,19.3,East India Coastal Current (EICC),0.0,NASA OSCAR L4 / INCOIS High-Res Hydrodynamic Ocean Model
2416,2026-08-19,12.0,68.0,-0.23,-0.171,0.287,0.56,233.4,West India Coastal Current (WICC),0.0,NASA OSCAR L4 / INCOIS High-Res Hydrodynamic Ocean Model
2417,2026-08-19,12.0,69.0,-0.147,-0.405,0.431,0.84,199.9,West India Coastal Current (WICC),0.0,NASA OSCAR L4 / INCOIS High-Res Hydrodynamic Ocean Model
2418,2026-08-19,12.0,70.0,-0.022,-0.115,0.117,0.23,190.8,West India Coastal Current (WICC),0.0,NASA OSCAR L4 / INCOIS High-Res Hydrodynamic Ocean Model
2419,2026-08-19,12.0,71.0,-0.063,-0.262,0.269,0.52,193.5,West India Coastal Current (WICC),0.0,NASA OSCAR L4 / INCOIS High-Res Hydrodynamic Ocean Model
2420,2026-08-19,12.0,72.0,-0.109,-0.245,0.268,0.52,204.0,West India Coastal Current (WICC),0.0,NASA OSCAR L4 / INCOIS High-Res Hydrodynamic Ocean Model
2421,2026-08-19,12.0,73.0,-0.105,-0.135,0.171,0.33,217.9,West India Coastal Current (WICC),0.0,NASA OSCAR L4 / INCOIS High-Res Hydrodynamic Ocean Model
2422,2026-08-19,12.0,85.0,0.194,0.067,0.205,0.4,70.9,East India Coastal Current (EICC),0.0,NASA OSCAR L4 / INCOIS High-Res Hydrodynamic Ocean Model
2423,2026-08-19,12.0,86.0,0.297,0.088,0.31,0.6,73.5,East India Coastal Current (EICC),0.0,NASA OSCAR L4 / INCOIS High-Res Hydrodynamic Ocean Model
2424,2026-08-19,12.0,87.0,0.054,0.246,0.252,0.49,12.4,East India Coastal Current (EICC),0.0,NASA OSCAR L4 / INCOIS High-Res Hydrodynamic Ocean Model
2425,2026-08-19,12.0,88.0,0.375,0.126,0.396,0.77,71.4,East India Coastal Current (EICC),0.0,NASA OSCAR L4 / INCOIS High-Res Hydrodynamic Ocean Model
2426,2026-08-19,12.0,89.0,0.143,0.178,0.228,0.44,38.8,East India Coastal Current (EICC),0.0,NASA OSCAR L4 / INCOIS High-Res Hydrodynamic Ocean Model
2427,2026-08-19,12.0,90.0,0.129,0.211,0.247,0.48,31.4,East India Coastal Current (EICC),0.0,NASA OSCAR L4 / INCOIS High-Res Hydrodynamic Ocean Model
2428,2026-08-19,12.0,91.0,0.073,0.192,0.205,0.4,20.8,East India Coastal Current (EICC),0.0,NASA OSCAR L4 / INCOIS High-Res Hydrodynamic Ocean Model
2429,2026-08-19,12.0,92.0,0.216,0.183,0.283,0.55,49.7,East India Coastal Current (EICC),0.0,NASA OSCAR L4 / INCOIS High-Res Hydrodynamic Ocean Model
2430,2026-08-19,12.0,93.0,0.287,0.051,0.291,0.57,79.9,East India Coastal Current (EICC),0.0,NASA OSCAR L4 / INCOIS High-Res Hydrodynamic Ocean Model
2431,2026-08-19,12.0,94.0,0.102,0.146,0.178,0.35,34.9,East India Coastal Current (EICC),0.0,NASA OSCAR L4 / INCOIS High-Res Hydrodynamic Ocean Model
2432,2026-08-19,13.0,68.0,-0.3,-0.135,0.329,0.64,245.8,West India Coastal Current (WICC),0.0,NASA OSCAR L4 / INCOIS High-Res Hydrodynamic Ocean Model
2433,2026-08-19,13.0,69.0,-0.194,-0.263,0.327,0.64,216.4,West India Coastal Current (WICC),0.0,NASA OSCAR L4 / INCOIS High-Res Hydrodynamic Ocean Model
2434,2026-08-19,13.0,70.0,-0.199,-0.166,0.259,0.5,230.2,West India Coastal Current (WICC),0.0,NASA OSCAR L4 / INCOIS High-Res Hydrodynamic Ocean Model
2435,2026-08-19,13.0,71.0,-0.161,-0.161,0.228,0.44,225.0,West India Coastal Current (WICC),0.0,NASA OSCAR L4 / INCOIS High-Res Hydrodynamic Ocean Model
2436,2026-08-19,13.0,72.0,-0.23,-0.218,0.317,0.62,226.5,West India Coastal Current (WICC),0.0,NASA OSCAR L4 / INCOIS High-Res Hydrodynamic Ocean Model
2437,2026-08-19,13.0,73.0,-0.113,-0.408,0.423,0.82,195.5,West India Coastal Current (WICC),0.0,NASA OSCAR L4 / INCOIS High-Res Hydrodynamic Ocean Model
2438,2026-08-19,13.0,85.0,0.202,0.199,0.284,0.55,45.4,East India Coastal Current (EICC),0.0,NASA OSCAR L4 / INCOIS High-Res Hydrodynamic Ocean Model
2439,2026-08-19,13.0,86.0,0.103,0.24,0.261,0.51,23.2,East India Coastal Current (EICC),0.0,NASA OSCAR L4 / INCOIS High-Res Hydrodynamic Ocean Model
2440,2026-08-19,13.0,87.0,0.238,0.244,0.341,0.66,44.3,East India Coastal Current (EICC),0.0,NASA OSCAR L4 / INCOIS High-Res Hydrodynamic Ocean Model
2441,2026-08-19,13.0,88.0,0.228,0.022,0.229,0.45,84.5,East India Coastal Current (EICC),0.0,NASA OSCAR L4 / INCOIS High-Res Hydrodynamic Ocean Model
2442,2026-08-19,13.0,89.0,0.235,0.27,0.358,0.7,41.0,East India Coastal Current (EICC),0.0,NASA OSCAR L4 / INCOIS High-Res Hydrodynamic Ocean Model
2443,2026-08-19,13.0,90.0,0.291,0.172,0.338,0.66,59.4,East India Coastal Current (EICC),0.0,NASA OSCAR L4 / INCOIS High-Res Hydrodynamic Ocean Model
2444,2026-08-19,13.0,91.0,0.134,0.239,0.274,0.53,29.3,East India Coastal Current (EICC),0.0,NASA OSCAR L4 / INCOIS High-Res Hydrodynamic Ocean Model
2445,2026-08-19,13.0,92.0,0.237,0.081,0.25,0.49,71.1,East India Coastal Current (EICC),0.0,NASA OSCAR L4 / INCOIS High-Res Hydrodynamic Ocean Model
2446,2026-08-19,13.0,93.0,0.161,0.183,0.244,0.47,41.3,East India Coastal Current (EICC),0.0,NASA OSCAR L4 / INCOIS High-Res Hydrodynamic Ocean Model
2447,2026-08-19,13.0,94.0,0.143,0.153,0.209,0.41,43.1,East India Coastal Current (EICC),0.0,NASA OSCAR L4 / INCOIS High-Res Hydrodynamic Ocean Model
2448,2026-08-19,14.0,68.0,-0.117,-0.284,0.307,0.6,202.4,West India Coastal Current (WICC),0.0,NASA OSCAR L4 / INCOIS High-Res Hydrodynamic Ocean Model
2449,2026-08-19,14.0,69.0,-0.157,-0.323,0.359,0.7,205.9,West India Coastal Current (WICC),0.0,NASA OSCAR L4 / INCOIS High-Res Hydrodynamic Ocean Model
2450,2026-08-19,14.0,70.0,-0.052,-0.206,0.212,0.41,194.2,West India Coastal Current (WICC),0.0,NASA OSCAR L4 / INCOIS High-Res Hydrodynamic Ocean Model
2451,2026-08-19,14.0,71.0,-0.026,-0.229,0.23,0.45,186.5,West India Coastal Current (WICC),0.0,NASA OSCAR L4 / INCOIS High-Res Hydrodynamic Ocean Model
2452,2026-08-19,14.0,72.0,-0.031,-0.204,0.206,0.4,188.6,West India Coastal Current (WICC),0.0,NASA OSCAR L4 / INCOIS High-Res Hydrodynamic Ocean Model
2453,2026-08-19,14.0,73.0,-0.083,-0.37,0.379,0.74,192.6,West India Coastal Current (WICC),0.0,NASA OSCAR L4 / INCOIS High-Res Hydrodynamic Ocean Model
2454,2026-08-19,14.0,85.0,0.253,0.095,0.27,0.52,69.4,East India Coastal Current (EICC),0.0,NASA OSCAR L4 / INCOIS High-Res Hydrodynamic Ocean Model
2455,2026-08-19,14.0,86.0,0.178,0.464,0.497,0.97,21.0,East India Coastal Current (EICC),0.0,NASA OSCAR L4 / INCOIS High-Res Hydrodynamic Ocean Model
2456,2026-08-19,14.0,87.0,0.323,0.082,0.333,0.65,75.8,East India Coastal Current (EICC),0.0,NASA OSCAR L4 / INCOIS High-Res Hydrodynamic Ocean Model
2457,2026-08-19,14.0,88.0,0.285,0.22,0.36,0.7,52.3,East India Coastal Current (EICC),0.0,NASA OSCAR L4 / INCOIS High-Res Hydrodynamic Ocean Model
2458,2026-08-19,14.0,89.0,0.111,0.019,0.113,0.22,80.3,East India Coastal Current (EICC),0.0,NASA OSCAR L4 / INCOIS High-Res Hydrodynamic Ocean Model
2459,2026-08-19,14.0,90.0,0.209,0.086,0.226,0.44,67.6,East India Coastal Current (EICC),0.0,NASA OSCAR L4 / INCOIS High-Res Hydrodynamic Ocean Model
2460,2026-08-19,14.0,91.0,0.163,0.079,0.181,0.35,64.1,East India Coastal Current (EICC),0.0,NASA OSCAR L4 / INCOIS High-Res Hydrodynamic Ocean Model
2461,2026-08-19,14.0,92.0,0.094,0.203,0.224,0.44,24.8,East India Coastal Current (EICC),0.0,NASA OSCAR L4 / INCOIS High-Res Hydrodynamic Ocean Model
2462,2026-08-19,14.0,93.0,0.11,0.007,0.11,0.21,86.4,East India Coastal Current (EICC),0.0,NASA OSCAR L4 / INCOIS High-Res Hydrodynamic Ocean Model
2463,2026-08-19,14.0,94.0,0.281,0.262,0.384,0.75,47.0,East India Coastal Current (EICC),0.0,NASA OSCAR L4 / INCOIS High-Res Hydrodynamic Ocean Model
2464,2026-08-19,15.0,68.0,-0.205,-0.12,0.238,0.46,239.7,West India Coastal Current (WICC),0.0,NASA OSCAR L4 / INCOIS High-Res Hydrodynamic Ocean Model
2465,2026-08-19,15.0,69.0,-0.288,-0.254,0.384,0.75,228.6,West India Coastal Current (WICC),0.0,NASA OSCAR L4 / INCOIS High-Res Hydrodynamic Ocean Model
2466,2026-08-19,15.0,70.0,-0.126,-0.104,0.163,0.32,230.5,West India Coastal Current (WICC),0.0,NASA OSCAR L4 / INCOIS High-Res Hydrodynamic Ocean Model
2467,2026-08-19,15.0,71.0,-0.273,-0.253,0.372,0.72,227.2,West India Coastal Current (WICC),0.0,NASA OSCAR L4 / INCOIS High-Res Hydrodynamic Ocean Model
2468,2026-08-19,15.0,72.0,-0.22,-0.269,0.348,0.68,219.3,West India Coastal Current (WICC),0.0,NASA OSCAR L4 / INCOIS High-Res Hydrodynamic Ocean Model
2469,2026-08-19,15.0,73.0,-0.258,-0.239,0.352,0.68,227.2,West India Coastal Current (WICC),0.0,NASA OSCAR L4 / INCOIS High-Res Hydrodynamic Ocean Model
2470,2026-08-19,15.0,85.0,0.298,0.028,0.299,0.58,84.6,East India Coastal Current (EICC),0.0,NASA OSCAR L4 / INCOIS High-Res Hydrodynamic Ocean Model
2471,2026-08-19,15.0,86.0,0.325,0.043,0.328,0.64,82.5,East India Coastal Current (EICC),0.0,NASA OSCAR L4 / INCOIS High-Res Hydrodynamic Ocean Model
2472,2026-08-19,15.0,87.0,0.341,0.17,0.381,0.74,63.5,East India Coastal Current (EICC),0.0,NASA OSCAR L4 / INCOIS High-Res Hydrodynamic Ocean Model
2473,2026-08-19,15.0,88.0,0.197,0.119,0.23,0.45,58.9,East India Coastal Current (EICC),0.0,NASA OSCAR L4 / INCOIS High-Res Hydrodynamic Ocean Model
2474,2026-08-19,15.0,89.0,0.049,0.135,0.144,0.28,19.9,East India Coastal Current (EICC),0.0,NASA OSCAR L4 / INCOIS High-Res Hydrodynamic Ocean Model
2475,2026-08-19,15.0,90.0,0.135,0.142,0.196,0.38,43.6,East India Coastal Current (EICC),0.0,NASA OSCAR L4 / INCOIS High-Res Hydrodynamic Ocean Model
2476,2026-08-19,15.0,91.0,0.211,0.097,0.232,0.45,65.3,East India Coastal Current (EICC),0.0,NASA OSCAR L4 / INCOIS High-Res Hydrodynamic Ocean Model
2477,2026-08-19,15.0,92.0,0.28,0.074,0.29,0.56,75.2,East India Coastal Current (EICC),0.0,NASA OSCAR L4 / INCOIS High-Res Hydrodynamic Ocean Model
2478,2026-08-19,15.0,93.0,0.127,0.127,0.18,0.35,45.0,East India Coastal Current (EICC),0.0,NASA OSCAR L4 / INCOIS High-Res Hydrodynamic Ocean Model
2479,2026-08-19,15.0,94.0,0.221,0.066,0.231,0.45,73.4,East India Coastal Current (EICC),0.0,NASA OSCAR L4 / INCOIS High-Res Hydrodynamic Ocean Model
2480,2026-08-19,16.0,68.0,-0.121,-0.098,0.156,0.3,231.0,West India Coastal Current (WICC),0.0,NASA OSCAR L4 / INCOIS High-Res Hydrodynamic Ocean Model
2481,2026-08-19,16.0,69.0,-0.171,-0.11,0.203,0.39,237.2,West India Coastal Current (WICC),0.0,NASA OSCAR L4 / INCOIS High-Res Hydrodynamic Ocean Model
2482,2026-08-19,16.0,70.0,-0.25,-0.363,0.441,0.86,214.6,West India Coastal Current (WICC),0.0,NASA OSCAR L4 / INCOIS High-Res Hydrodynamic Ocean Model
2483,2026-08-19,16.0,71.0,-0.308,-0.213,0.374,0.73,235.3,West India Coastal Current (WICC),0.0,NASA OSCAR L4 / INCOIS High-Res Hydrodynamic Ocean Model
2484,2026-08-19,16.0,72.0,-0.01,-0.239,0.239,0.46,182.4,West India Coastal Current (WICC),0.0,NASA OSCAR L4 / INCOIS High-Res Hydrodynamic Ocean Model
2485,2026-08-19,16.0,73.0,-0.151,-0.284,0.322,0.63,208.0,West India Coastal Current (WICC),0.0,NASA OSCAR L4 / INCOIS High-Res Hydrodynamic Ocean Model
2486,2026-08-19,16.0,85.0,0.158,0.112,0.194,0.38,54.7,East India Coastal Current (EICC),0.0,NASA OSCAR L4 / INCOIS High-Res Hydrodynamic Ocean Model
2487,2026-08-19,16.0,86.0,0.26,0.401,0.478,0.93,33.0,East India Coastal Current (EICC),0.0,NASA OSCAR L4 / INCOIS High-Res Hydrodynamic Ocean Model
2488,2026-08-19,16.0,87.0,0.157,0.203,0.257,0.5,37.7,East India Coastal Current (EICC),0.0,NASA OSCAR L4 / INCOIS High-Res Hydrodynamic Ocean Model
2489,2026-08-19,16.0,88.0,0.251,0.219,0.333,0.65,48.9,East India Coastal Current (EICC),0.0,NASA OSCAR L4 / INCOIS High-Res Hydrodynamic Ocean Model
2490,2026-08-19,16.0,89.0,0.191,0.046,0.196,0.38,76.5,East India Coastal Current (EICC),0.0,NASA OSCAR L4 / INCOIS High-Res Hydrodynamic Ocean Model
2491,2026-08-19,16.0,90.0,0.146,0.141,0.203,0.39,46.0,East India Coastal Current (EICC),0.0,NASA OSCAR L4 / INCOIS High-Res Hydrodynamic Ocean Model
2492,2026-08-19,16.0,91.0,0.262,0.173,0.314,0.61,56.6,East India Coastal Current (EICC),0.0,NASA OSCAR L4 / INCOIS High-Res Hydrodynamic Ocean Model
2493,2026-08-19,16.0,92.0,0.311,0.007,0.311,0.6,88.7,East India Coastal Current (EICC),0.0,NASA OSCAR L4 / INCOIS High-Res Hydrodynamic Ocean Model
2494,2026-08-19,16.0,93.0,0.095,0.126,0.158,0.31,37.0,East India Coastal Current (EICC),0.0,NASA OSCAR L4 / INCOIS High-Res Hydrodynamic Ocean Model
2495,2026-08-19,16.0,94.0,0.075,0.132,0.152,0.3,29.6,East India Coastal Current (EICC),0.0,NASA OSCAR L4 / INCOIS High-Res Hydrodynamic Ocean Model
2496,2026-08-19,17.0,68.0,-0.207,-0.306,0.369,0.72,214.1,West India Coastal Current (WICC),0.0,NASA OSCAR L4 / INCOIS High-Res Hydrodynamic Ocean Model
2497,2026-08-19,17.0,69.0,-0.202,-0.454,0.497,0.97,204.0,West India Coastal Current (WICC),0.0,NASA OSCAR L4 / INCOIS High-Res Hydrodynamic Ocean Model
2498,2026-08-19,17.0,70.0,-0.295,-0.321,0.436,0.85,222.6,West India Coastal Current (WICC),0.0,NASA OSCAR L4 / INCOIS High-Res Hydrodynamic Ocean Model
2499,2026-08-19,17.0,71.0,-0.141,-0.297,0.329,0.64,205.4,West India Coastal Current (WICC),0.0,NASA OSCAR L4 / INCOIS High-Res Hydrodynamic Ocean Model
2500,2026-08-19,17.0,72.0,-0.246,-0.093,0.263,0.51,249.3,West India Coastal Current (WICC),0.0,NASA OSCAR L4 / INCOIS High-Res Hydrodynamic Ocean Model
2501,2026-08-19,17.0,73.0,-0.16,-0.183,0.243,0.47,221.2,West India Coastal Current (WICC),0.0,NASA OSCAR L4 / INCOIS High-Res Hydrodynamic Ocean Model
2502,2026-08-19,17.0,85.0,0.066,0.016,0.068,0.13,76.4,East India Coastal Current (EICC),0.0,NASA OSCAR L4 / INCOIS High-Res Hydrodynamic Ocean Model
2503,2026-08-19,17.0,86.0,0.301,0.221,0.373,0.73,53.7,East India Coastal Current (EICC),0.0,NASA OSCAR L4 / INCOIS High-Res Hydrodynamic Ocean Model
2504,2026-08-19,17.0,87.0,0.254,0.112,0.278,0.54,66.2,East India Coastal Current (EICC),0.0,NASA OSCAR L4 / INCOIS High-Res Hydrodynamic Ocean Model
2505,2026-08-19,17.0,88.0,0.287,0.007,0.287,0.56,88.6,East India Coastal Current (EICC),0.0,NASA OSCAR L4 / INCOIS High-Res Hydrodynamic Ocean Model
2506,2026-08-19,17.0,89.0,0.04,0.128,0.134,0.26,17.4,East India Coastal Current (EICC),0.0,NASA OSCAR L4 / INCOIS High-Res Hydrodynamic Ocean Model
2507,2026-08-19,17.0,90.0,0.171,0.177,0.246,0.48,44.0,East India Coastal Current (EICC),0.0,NASA OSCAR L4 / INCOIS High-Res Hydrodynamic Ocean Model
2508,2026-08-19,17.0,91.0,0.268,0.203,0.336,0.65,52.9,East India Coastal Current (EICC),0.0,NASA OSCAR L4 / INCOIS High-Res Hydrodynamic Ocean Model
2509,2026-08-19,17.0,92.0,0.19,0.293,0.349,0.68,33.0,East India Coastal Current (EICC),0.0,NASA OSCAR L4 / INCOIS High-Res Hydrodynamic Ocean Model
2510,2026-08-19,17.0,93.0,0.297,0.08,0.308,0.6,74.9,East India Coastal Current (EICC),0.0,NASA OSCAR L4 / INCOIS High-Res Hydrodynamic Ocean Model
2511,2026-08-19,17.0,94.0,0.119,0.26,0.286,0.56,24.6,East India Coastal Current (EICC),0.0,NASA OSCAR L4 / INCOIS High-Res Hydrodynamic Ocean Model
2512,2026-08-19,18.0,68.0,-0.193,-0.138,0.237,0.46,234.4,West India Coastal Current (WICC),0.0,NASA OSCAR L4 / INCOIS High-Res Hydrodynamic Ocean Model
2513,2026-08-19,18.0,69.0,-0.137,-0.349,0.375,0.73,201.4,West India Coastal Current (WICC),0.0,NASA OSCAR L4 / INCOIS High-Res Hydrodynamic Ocean Model
2514,2026-08-19,18.0,70.0,-0.117,-0.367,0.385,0.75,197.7,West India Coastal Current (WICC),0.0,NASA OSCAR L4 / INCOIS High-Res Hydrodynamic Ocean Model
2515,2026-08-19,18.0,71.0,-0.131,-0.521,0.537,1.04,194.1,West India Coastal Current (WICC),0.0,NASA OSCAR L4 / INCOIS High-Res Hydrodynamic Ocean Model
2516,2026-08-19,18.0,72.0,-0.121,-0.183,0.219,0.43,213.5,West India Coastal Current (WICC),0.0,NASA OSCAR L4 / INCOIS High-Res Hydrodynamic Ocean Model
2517,2026-08-19,18.0,73.0,-0.128,-0.434,0.452,0.88,196.4,West India Coastal Current (WICC),0.0,NASA OSCAR L4 / INCOIS High-Res Hydrodynamic Ocean Model
2518,2026-08-19,18.0,85.0,0.214,0.232,0.316,0.61,42.7,East India Coastal Current (EICC),0.0,NASA OSCAR L4 / INCOIS High-Res Hydrodynamic Ocean Model
2519,2026-08-19,18.0,86.0,0.042,0.09,0.099,0.19,25.0,East India Coastal Current (EICC),0.0,NASA OSCAR L4 / INCOIS High-Res Hydrodynamic Ocean Model
2520,2026-08-19,18.0,87.0,0.306,0.2,0.366,0.71,56.8,East India Coastal Current (EICC),0.0,NASA OSCAR L4 / INCOIS High-Res Hydrodynamic Ocean Model
2521,2026-08-19,18.0,88.0,0.041,0.196,0.2,0.39,11.8,East India Coastal Current (EICC),0.0,NASA OSCAR L4 / INCOIS High-Res Hydrodynamic Ocean Model
2522,2026-08-19,18.0,89.0,0.108,0.149,0.184,0.36,35.9,East India Coastal Current (EICC),0.0,NASA OSCAR L4 / INCOIS High-Res Hydrodynamic Ocean Model
2523,2026-08-19,18.0,90.0,0.177,-0.022,0.178,0.35,97.1,East India Coastal Current (EICC),0.0,NASA OSCAR L4 / INCOIS High-Res Hydrodynamic Ocean Model
2524,2026-08-19,18.0,91.0,0.16,0.139,0.212,0.41,49.0,East India Coastal Current (EICC),0.0,NASA OSCAR L4 / INCOIS High-Res Hydrodynamic Ocean Model
2525,2026-08-19,18.0,92.0,0.383,0.282,0.476,0.93,53.6,East India Coastal Current (EICC),0.0,NASA OSCAR L4 / INCOIS High-Res Hydrodynamic Ocean Model
2526,2026-08-19,18.0,93.0,0.165,0.094,0.19,0.37,60.3,East India Coastal Current (EICC),0.0,NASA OSCAR L4 / INCOIS High-Res Hydrodynamic Ocean Model
2527,2026-08-19,18.0,94.0,0.135,0.093,0.164,0.32,55.4,East India Coastal Current (EICC),0.0,NASA OSCAR L4 / INCOIS High-Res Hydrodynamic Ocean Model
2528,2026-08-19,19.0,68.0,-0.162,-0.216,0.27,0.52,216.9,West India Coastal Current (WICC),0.0,NASA OSCAR L4 / INCOIS High-Res Hydrodynamic Ocean Model
2529,2026-08-19,19.0,69.0,-0.226,-0.319,0.391,0.76,215.3,West India Coastal Current (WICC),0.0,NASA OSCAR L4 / INCOIS High-Res Hydrodynamic Ocean Model
2530,2026-08-19,19.0,70.0,-0.108,-0.349,0.365,0.71,197.2,West India Coastal Current (WICC),0.0,NASA OSCAR L4 / INCOIS High-Res Hydrodynamic Ocean Model
2531,2026-08-19,19.0,71.0,-0.189,-0.373,0.418,0.81,206.9,West India Coastal Current (WICC),0.0,NASA OSCAR L4 / INCOIS High-Res Hydrodynamic Ocean Model
2532,2026-08-19,19.0,72.0,-0.102,-0.209,0.233,0.45,206.0,West India Coastal Current (WICC),0.0,NASA OSCAR L4 / INCOIS High-Res Hydrodynamic Ocean Model
2533,2026-08-19,19.0,73.0,-0.329,-0.207,0.389,0.76,237.8,West India Coastal Current (WICC),0.0,NASA OSCAR L4 / INCOIS High-Res Hydrodynamic Ocean Model
2534,2026-08-19,19.0,85.0,0.237,0.313,0.393,0.76,37.1,East India Coastal Current (EICC),0.0,NASA OSCAR L4 / INCOIS High-Res Hydrodynamic Ocean Model
2535,2026-08-19,19.0,86.0,0.253,-0.004,0.253,0.49,90.9,East India Coastal Current (EICC),0.0,NASA OSCAR L4 / INCOIS High-Res Hydrodynamic Ocean Model
2536,2026-08-19,19.0,87.0,0.112,0.239,0.264,0.51,25.1,East India Coastal Current (EICC),0.0,NASA OSCAR L4 / INCOIS High-Res Hydrodynamic Ocean Model
2537,2026-08-19,19.0,88.0,0.179,0.104,0.207,0.4,59.8,East India Coastal Current (EICC),0.0,NASA OSCAR L4 / INCOIS High-Res Hydrodynamic Ocean Model
2538,2026-08-19,19.0,89.0,0.039,0.167,0.171,0.33,13.1,East India Coastal Current (EICC),0.0,NASA OSCAR L4 / INCOIS High-Res Hydrodynamic Ocean Model
2539,2026-08-19,19.0,90.0,0.193,0.131,0.233,0.45,55.8,East India Coastal Current (EICC),0.0,NASA OSCAR L4 / INCOIS High-Res Hydrodynamic Ocean Model
2540,2026-08-19,19.0,91.0,0.165,0.066,0.178,0.35,68.2,East India Coastal Current (EICC),0.0,NASA OSCAR L4 / INCOIS High-Res Hydrodynamic Ocean Model
2541,2026-08-19,19.0,92.0,0.212,0.09,0.23,0.45,67.0,East India Coastal Current (EICC),0.0,NASA OSCAR L4 / INCOIS High-Res Hydrodynamic Ocean Model
2542,2026-08-19,19.0,93.0,0.158,0.144,0.214,0.42,47.7,East India Coastal Current (EICC),0.0,NASA OSCAR L4 / INCOIS High-Res Hydrodynamic Ocean Model
2543,2026-08-19,19.0,94.0,0.184,0.115,0.217,0.42,58.0,East India Coastal Current (EICC),0.0,NASA OSCAR L4 / INCOIS High-Res Hydrodynamic Ocean Model
2544,2026-08-19,20.0,68.0,-0.18,-0.247,0.306,0.59,216.1,West India Coastal Current (WICC),0.0,NASA OSCAR L4 / INCOIS High-Res Hydrodynamic Ocean Model
2545,2026-08-19,20.0,69.0,-0.14,-0.24,0.278,0.54,210.3,West India Coastal Current (WICC),0.0,NASA OSCAR L4 / INCOIS High-Res Hydrodynamic Ocean Model
2546,2026-08-19,20.0,70.0,-0.194,-0.426,0.468,0.91,204.5,West India Coastal Current (WICC),0.0,NASA OSCAR L4 / INCOIS High-Res Hydrodynamic Ocean Model
2547,2026-08-19,20.0,71.0,-0.014,-0.194,0.195,0.38,184.1,West India Coastal Current (WICC),0.0,NASA OSCAR L4 / INCOIS High-Res Hydrodynamic Ocean Model
2548,2026-08-19,20.0,72.0,-0.138,-0.292,0.323,0.63,205.3,West India Coastal Current (WICC),0.0,NASA OSCAR L4 / INCOIS High-Res Hydrodynamic Ocean Model
2549,2026-08-19,20.0,73.0,-0.069,-0.278,0.286,0.56,193.9,West India Coastal Current (WICC),0.0,NASA OSCAR L4 / INCOIS High-Res Hydrodynamic Ocean Model
2550,2026-08-19,20.0,85.0,0.173,-0.04,0.178,0.35,103.0,East India Coastal Current (EICC),0.0,NASA OSCAR L4 / INCOIS High-Res Hydrodynamic Ocean Model
2551,2026-08-19,20.0,86.0,0.295,0.063,0.302,0.59,77.9,East India Coastal Current (EICC),0.0,NASA OSCAR L4 / INCOIS High-Res Hydrodynamic Ocean Model
2552,2026-08-19,20.0,87.0,0.312,0.243,0.395,0.77,52.1,East India Coastal Current (EICC),0.0,NASA OSCAR L4 / INCOIS High-Res Hydrodynamic Ocean Model
2553,2026-08-19,20.0,88.0,0.306,0.142,0.337,0.66,65.1,East India Coastal Current (EICC),0.0,NASA OSCAR L4 / INCOIS High-Res Hydrodynamic Ocean Model
2554,2026-08-19,20.0,89.0,0.255,0.331,0.418,0.81,37.6,East India Coastal Current (EICC),0.0,NASA OSCAR L4 / INCOIS High-Res Hydrodynamic Ocean Model
2555,2026-08-19,20.0,90.0,0.09,0.194,0.214,0.42,24.9,East India Coastal Current (EICC),0.0,NASA OSCAR L4 / INCOIS High-Res Hydrodynamic Ocean Model
2556,2026-08-19,20.0,91.0,0.16,0.143,0.215,0.42,48.2,East India Coastal Current (EICC),0.0,NASA OSCAR L4 / INCOIS High-Res Hydrodynamic Ocean Model
2557,2026-08-19,20.0,92.0,0.177,0.228,0.289,0.56,37.8,East India Coastal Current (EICC),0.0,NASA OSCAR L4 / INCOIS High-Res Hydrodynamic Ocean Model
2558,2026-08-19,20.0,93.0,0.228,0.14,0.268,0.52,58.4,East India Coastal Current (EICC),0.0,NASA OSCAR L4 / INCOIS High-Res Hydrodynamic Ocean Model
2559,2026-08-19,20.0,94.0,0.263,0.15,0.303,0.59,60.3,East India Coastal Current (EICC),0.0,NASA OSCAR L4 / INCOIS High-Res Hydrodynamic Ocean Model
2560,2026-08-19,21.0,68.0,-0.186,-0.295,0.349,0.68,212.2,West India Coastal Current (WICC),0.0,NASA OSCAR L4 / INCOIS High-Res Hydrodynamic Ocean Model
2561,2026-08-19,21.0,69.0,-0.14,-0.218,0.259,0.5,212.7,West India Coastal Current (WICC),0.0,NASA OSCAR L4 / INCOIS High-Res Hydrodynamic Ocean Model
2562,2026-08-19,21.0,70.0,-0.06,-0.185,0.194,0.38,198.0,West India Coastal Current (WICC),0.0,NASA OSCAR L4 / INCOIS High-Res Hydrodynamic Ocean Model
2563,2026-08-19,21.0,71.0,-0.128,-0.213,0.249,0.48,211.0,West India Coastal Current (WICC),0.0,NASA OSCAR L4 / INCOIS High-Res Hydrodynamic Ocean Model
2564,2026-08-19,21.0,72.0,-0.117,-0.353,0.372,0.72,198.3,West India Coastal Current (WICC),0.0,NASA OSCAR L4 / INCOIS High-Res Hydrodynamic Ocean Model
2565,2026-08-19,21.0,73.0,-0.236,-0.278,0.365,0.71,220.3,West India Coastal Current (WICC),0.0,NASA OSCAR L4 / INCOIS High-Res Hydrodynamic Ocean Model
2566,2026-08-19,21.0,74.0,0.004,-0.212,0.212,0.41,178.9,West India Coastal Current (WICC),0.0,NASA OSCAR L4 / INCOIS High-Res Hydrodynamic Ocean Model
2567,2026-08-19,21.0,75.0,-0.043,-0.409,0.411,0.8,186.0,West India Coastal Current (WICC),0.0,NASA OSCAR L4 / INCOIS High-Res Hydrodynamic Ocean Model
2568,2026-08-19,21.0,76.0,-0.061,-0.219,0.227,0.44,195.6,West India Coastal Current (WICC),0.0,NASA OSCAR L4 / INCOIS High-Res Hydrodynamic Ocean Model
2569,2026-08-19,21.0,77.0,0.154,0.115,0.192,0.37,53.2,East India Coastal Current (EICC),0.0,NASA OSCAR L4 / INCOIS High-Res Hydrodynamic Ocean Model
2570,2026-08-19,21.0,78.0,0.235,0.143,0.275,0.53,58.7,East India Coastal Current (EICC),0.0,NASA OSCAR L4 / INCOIS High-Res Hydrodynamic Ocean Model
2571,2026-08-19,21.0,79.0,0.229,-0.018,0.23,0.45,94.5,East India Coastal Current (EICC),0.0,NASA OSCAR L4 / INCOIS High-Res Hydrodynamic Ocean Model
2572,2026-08-19,21.0,80.0,0.23,0.031,0.232,0.45,82.3,East India Coastal Current (EICC),0.0,NASA OSCAR L4 / INCOIS High-Res Hydrodynamic Ocean Model
2573,2026-08-19,21.0,81.0,0.184,0.149,0.237,0.46,51.0,East India Coastal Current (EICC),0.0,NASA OSCAR L4 / INCOIS High-Res Hydrodynamic Ocean Model
2574,2026-08-19,21.0,82.0,0.111,0.042,0.119,0.23,69.3,East India Coastal Current (EICC),0.0,NASA OSCAR L4 / INCOIS High-Res Hydrodynamic Ocean Model
2575,2026-08-19,21.0,83.0,0.196,0.166,0.257,0.5,49.7,East India Coastal Current (EICC),0.0,NASA OSCAR L4 / INCOIS High-Res Hydrodynamic Ocean Model
2576,2026-08-19,21.0,84.0,0.126,0.261,0.29,0.56,25.8,East India Coastal Current (EICC),0.0,NASA OSCAR L4 / INCOIS High-Res Hydrodynamic Ocean Model
2577,2026-08-19,21.0,85.0,0.269,0.275,0.385,0.75,44.4,East India Coastal Current (EICC),0.0,NASA OSCAR L4 / INCOIS High-Res Hydrodynamic Ocean Model
2578,2026-08-19,21.0,86.0,0.217,-0.019,0.218,0.42,95.0,East India Coastal Current (EICC),0.0,NASA OSCAR L4 / INCOIS High-Res Hydrodynamic Ocean Model
2579,2026-08-19,21.0,87.0,0.275,0.067,0.283,0.55,76.3,East India Coastal Current (EICC),0.0,NASA OSCAR L4 / INCOIS High-Res Hydrodynamic Ocean Model
2580,2026-08-19,21.0,88.0,0.3,0.339,0.453,0.88,41.5,East India Coastal Current (EICC),0.0,NASA OSCAR L4 / INCOIS High-Res Hydrodynamic Ocean Model
2581,2026-08-19,21.0,89.0,0.169,0.075,0.185,0.36,66.1,East India Coastal Current (EICC),0.0,NASA OSCAR L4 / INCOIS High-Res Hydrodynamic Ocean Model
2582,2026-08-19,21.0,90.0,0.211,0.162,0.266,0.52,52.5,East India Coastal Current (EICC),0.0,NASA OSCAR L4 / INCOIS High-Res Hydrodynamic Ocean Model
2583,2026-08-19,21.0,91.0,0.172,0.146,0.226,0.44,49.7,East India Coastal Current (EICC),0.0,NASA OSCAR L4 / INCOIS High-Res Hydrodynamic Ocean Model
2584,2026-08-19,21.0,92.0,0.202,0.149,0.251,0.49,53.6,East India Coastal Current (EICC),0.0,NASA OSCAR L4 / INCOIS High-Res Hydrodynamic Ocean Model
2585,2026-08-19,21.0,93.0,0.115,0.123,0.168,0.33,43.1,East India Coastal Current (EICC),0.0,NASA OSCAR L4 / INCOIS High-Res Hydrodynamic Ocean Model
2586,2026-08-19,21.0,94.0,0.197,0.253,0.321,0.62,37.9,East India Coastal Current (EICC),0.0,NASA OSCAR L4 / INCOIS High-Res Hydrodynamic Ocean Model
2587,2026-08-19,22.0,68.0,-0.063,-0.406,0.411,0.8,188.8,West India Coastal Current (WICC),0.0,NASA OSCAR L4 / INCOIS High-Res Hydrodynamic Ocean Model
2588,2026-08-19,22.0,69.0,-0.111,-0.344,0.361,0.7,197.9,West India Coastal Current (WICC),0.0,NASA OSCAR L4 / INCOIS High-Res Hydrodynamic Ocean Model
2589,2026-08-19,22.0,70.0,-0.196,-0.151,0.247,0.48,232.4,West India Coastal Current (WICC),0.0,NASA OSCAR L4 / INCOIS High-Res Hydrodynamic Ocean Model
2590,2026-08-19,22.0,71.0,-0.136,-0.382,0.405,0.79,199.6,West India Coastal Current (WICC),0.0,NASA OSCAR L4 / INCOIS High-Res Hydrodynamic Ocean Model
2591,2026-08-19,22.0,72.0,-0.24,-0.224,0.328,0.64,227.0,West India Coastal Current (WICC),0.0,NASA OSCAR L4 / INCOIS High-Res Hydrodynamic Ocean Model
2592,2026-08-19,22.0,73.0,-0.038,-0.089,0.097,0.19,203.1,West India Coastal Current (WICC),0.0,NASA OSCAR L4 / INCOIS High-Res Hydrodynamic Ocean Model
2593,2026-08-19,22.0,74.0,-0.191,-0.149,0.242,0.47,232.0,West India Coastal Current (WICC),0.0,NASA OSCAR L4 / INCOIS High-Res Hydrodynamic Ocean Model
2594,2026-08-19,22.0,75.0,-0.001,-0.221,0.221,0.43,180.3,West India Coastal Current (WICC),0.0,NASA OSCAR L4 / INCOIS High-Res Hydrodynamic Ocean Model
2595,2026-08-19,22.0,76.0,-0.218,-0.237,0.322,0.63,222.6,West India Coastal Current (WICC),0.0,NASA OSCAR L4 / INCOIS High-Res Hydrodynamic Ocean Model
2596,2026-08-19,22.0,77.0,0.127,0.31,0.335,0.65,22.3,East India Coastal Current (EICC),0.0,NASA OSCAR L4 / INCOIS High-Res Hydrodynamic Ocean Model
2597,2026-08-19,22.0,78.0,0.136,0.118,0.18,0.35,49.1,East India Coastal Current (EICC),0.0,NASA OSCAR L4 / INCOIS High-Res Hydrodynamic Ocean Model
2598,2026-08-19,22.0,79.0,0.195,0.241,0.31,0.6,39.0,East India Coastal Current (EICC),0.0,NASA OSCAR L4 / INCOIS High-Res Hydrodynamic Ocean Model
2599,2026-08-19,22.0,80.0,0.188,0.239,0.304,0.59,38.2,East India Coastal Current (EICC),0.0,NASA OSCAR L4 / INCOIS High-Res Hydrodynamic Ocean Model
2600,2026-08-19,22.0,81.0,0.238,0.217,0.322,0.63,47.6,East India Coastal Current (EICC),0.0,NASA OSCAR L4 / INCOIS High-Res Hydrodynamic Ocean Model
2601,2026-08-19,22.0,82.0,0.272,0.192,0.333,0.65,54.8,East India Coastal Current (EICC),0.0,NASA OSCAR L4 / INCOIS High-Res Hydrodynamic Ocean Model
2602,2026-08-19,22.0,83.0,0.223,0.07,0.234,0.45,72.6,East India Coastal Current (EICC),0.0,NASA OSCAR L4 / INCOIS High-Res Hydrodynamic Ocean Model
2603,2026-08-19,22.0,84.0,0.218,-0.089,0.235,0.46,112.2,East India Coastal Current (EICC),0.0,NASA OSCAR L4 / INCOIS High-Res Hydrodynamic Ocean Model
2604,2026-08-19,22.0,85.0,0.187,0.139,0.233,0.45,53.4,East India Coastal Current (EICC),0.0,NASA OSCAR L4 / INCOIS High-Res Hydrodynamic Ocean Model
2605,2026-08-19,22.0,86.0,0.239,0.3,0.384,0.75,38.5,East India Coastal Current (EICC),0.0,NASA OSCAR L4 / INCOIS High-Res Hydrodynamic Ocean Model
2606,2026-08-19,22.0,87.0,0.212,0.099,0.234,0.45,65.0,East India Coastal Current (EICC),0.0,NASA OSCAR L4 / INCOIS High-Res Hydrodynamic Ocean Model
2607,2026-08-19,22.0,88.0,0.153,0.193,0.246,0.48,38.4,East India Coastal Current (EICC),0.0,NASA OSCAR L4 / INCOIS High-Res Hydrodynamic Ocean Model
2608,2026-08-19,22.0,89.0,0.007,0.273,0.273,0.53,1.5,East India Coastal Current (EICC),0.0,NASA OSCAR L4 / INCOIS High-Res Hydrodynamic Ocean Model
2609,2026-08-19,22.0,90.0,0.233,0.165,0.286,0.56,54.7,East India Coastal Current (EICC),0.0,NASA OSCAR L4 / INCOIS High-Res Hydrodynamic Ocean Model
2610,2026-08-19,22.0,91.0,0.158,0.127,0.203,0.39,51.2,East India Coastal Current (EICC),0.0,NASA OSCAR L4 / INCOIS High-Res Hydrodynamic Ocean Model
2611,2026-08-19,22.0,92.0,0.086,0.222,0.238,0.46,21.2,East India Coastal Current (EICC),0.0,NASA OSCAR L4 / INCOIS High-Res Hydrodynamic Ocean Model
2612,2026-08-19,22.0,93.0,0.11,0.169,0.202,0.39,33.1,East India Coastal Current (EICC),0.0,NASA OSCAR L4 / INCOIS High-Res Hydrodynamic Ocean Model
2613,2026-08-19,22.0,94.0,0.351,0.264,0.439,0.85,53.1,East India Coastal Current (EICC),0.0,NASA OSCAR L4 / INCOIS High-Res Hydrodynamic Ocean Model
2614,2026-08-19,23.0,68.0,-0.239,-0.25,0.346,0.67,223.7,West India Coastal Current (WICC),0.0,NASA OSCAR L4 / INCOIS High-Res Hydrodynamic Ocean Model
2615,2026-08-19,23.0,69.0,-0.269,-0.262,0.376,0.73,225.8,West India Coastal Current (WICC),0.0,NASA OSCAR L4 / INCOIS High-Res Hydrodynamic Ocean Model
2616,2026-08-19,23.0,70.0,-0.145,-0.392,0.418,0.81,200.3,West India Coastal Current (WICC),0.0,NASA OSCAR L4 / INCOIS High-Res Hydrodynamic Ocean Model
2617,2026-08-19,23.0,71.0,-0.061,-0.243,0.251,0.49,194.1,West India Coastal Current (WICC),0.0,NASA OSCAR L4 / INCOIS High-Res Hydrodynamic Ocean Model
2618,2026-08-19,23.0,72.0,-0.14,-0.014,0.141,0.27,264.3,West India Coastal Current (WICC),0.0,NASA OSCAR L4 / INCOIS High-Res Hydrodynamic Ocean Model
2619,2026-08-19,23.0,73.0,0.011,-0.255,0.255,0.5,177.5,West India Coastal Current (WICC),0.0,NASA OSCAR L4 / INCOIS High-Res Hydrodynamic Ocean Model
2620,2026-08-19,23.0,74.0,-0.093,-0.228,0.246,0.48,202.2,West India Coastal Current (WICC),0.0,NASA OSCAR L4 / INCOIS High-Res Hydrodynamic Ocean Model
2621,2026-08-19,23.0,75.0,-0.145,-0.345,0.374,0.73,202.8,West India Coastal Current (WICC),0.0,NASA OSCAR L4 / INCOIS High-Res Hydrodynamic Ocean Model
2622,2026-08-19,23.0,76.0,-0.174,-0.298,0.345,0.67,210.3,West India Coastal Current (WICC),0.0,NASA OSCAR L4 / INCOIS High-Res Hydrodynamic Ocean Model
2623,2026-08-19,23.0,77.0,0.142,0.225,0.266,0.52,32.3,East India Coastal Current (EICC),0.0,NASA OSCAR L4 / INCOIS High-Res Hydrodynamic Ocean Model
2624,2026-08-19,23.0,78.0,0.106,0.001,0.106,0.21,89.5,East India Coastal Current (EICC),0.0,NASA OSCAR L4 / INCOIS High-Res Hydrodynamic Ocean Model
2625,2026-08-19,23.0,79.0,0.26,0.083,0.273,0.53,72.3,East India Coastal Current (EICC),0.0,NASA OSCAR L4 / INCOIS High-Res Hydrodynamic Ocean Model
2626,2026-08-19,23.0,80.0,0.143,0.154,0.21,0.41,42.9,East India Coastal Current (EICC),0.0,NASA OSCAR L4 / INCOIS High-Res Hydrodynamic Ocean Model
2627,2026-08-19,23.0,81.0,0.224,0.159,0.275,0.53,54.6,East India Coastal Current (EICC),0.0,NASA OSCAR L4 / INCOIS High-Res Hydrodynamic Ocean Model
2628,2026-08-19,23.0,82.0,0.173,0.185,0.253,0.49,43.1,East India Coastal Current (EICC),0.0,NASA OSCAR L4 / INCOIS High-Res Hydrodynamic Ocean Model
2629,2026-08-19,23.0,83.0,0.161,0.163,0.229,0.45,44.6,East India Coastal Current (EICC),0.0,NASA OSCAR L4 / INCOIS High-Res Hydrodynamic Ocean Model
2630,2026-08-19,23.0,84.0,0.21,0.069,0.221,0.43,71.8,East India Coastal Current (EICC),0.0,NASA OSCAR L4 / INCOIS High-Res Hydrodynamic Ocean Model
2631,2026-08-19,23.0,85.0,0.247,-0.016,0.248,0.48,93.7,East India Coastal Current (EICC),0.0,NASA OSCAR L4 / INCOIS High-Res Hydrodynamic Ocean Model
2632,2026-08-19,23.0,86.0,0.19,0.166,0.252,0.49,48.9,East India Coastal Current (EICC),0.0,NASA OSCAR L4 / INCOIS High-Res Hydrodynamic Ocean Model
2633,2026-08-19,23.0,87.0,0.119,0.117,0.167,0.32,45.5,East India Coastal Current (EICC),0.0,NASA OSCAR L4 / INCOIS High-Res Hydrodynamic Ocean Model
2634,2026-08-19,23.0,88.0,0.198,0.121,0.232,0.45,58.6,East India Coastal Current (EICC),0.0,NASA OSCAR L4 / INCOIS High-Res Hydrodynamic Ocean Model
2635,2026-08-19,23.0,89.0,0.179,0.216,0.281,0.55,39.6,East India Coastal Current (EICC),0.0,NASA OSCAR L4 / INCOIS High-Res Hydrodynamic Ocean Model
2636,2026-08-19,23.0,90.0,0.192,0.203,0.279,0.54,43.4,East India Coastal Current (EICC),0.0,NASA OSCAR L4 / INCOIS High-Res Hydrodynamic Ocean Model
2637,2026-08-19,23.0,91.0,0.125,0.106,0.164,0.32,49.7,East India Coastal Current (EICC),0.0,NASA OSCAR L4 / INCOIS High-Res Hydrodynamic Ocean Model
2638,2026-08-19,23.0,92.0,0.135,0.086,0.16,0.31,57.5,East India Coastal Current (EICC),0.0,NASA OSCAR L4 / INCOIS High-Res Hydrodynamic Ocean Model
2639,2026-08-19,23.0,93.0,0.038,0.284,0.287,0.56,7.6,East India Coastal Current (EICC),0.0,NASA OSCAR L4 / INCOIS High-Res Hydrodynamic Ocean Model
2640,2026-08-19,23.0,94.0,0.152,0.059,0.163,0.32,68.8,East India Coastal Current (EICC),0.0,NASA OSCAR L4 / INCOIS High-Res Hydrodynamic Ocean Model
2641,2026-08-19,24.0,68.0,-0.115,-0.373,0.39,0.76,197.1,West India Coastal Current (WICC),0.0,NASA OSCAR L4 / INCOIS High-Res Hydrodynamic Ocean Model
2642,2026-08-19,24.0,69.0,-0.134,-0.325,0.352,0.68,202.4,West India Coastal Current (WICC),0.0,NASA OSCAR L4 / INCOIS High-Res Hydrodynamic Ocean Model
2643,2026-08-19,24.0,70.0,-0.213,-0.291,0.361,0.7,216.2,West India Coastal Current (WICC),0.0,NASA OSCAR L4 / INCOIS High-Res Hydrodynamic Ocean Model
2644,2026-08-19,24.0,71.0,-0.143,-0.306,0.338,0.66,205.0,West India Coastal Current (WICC),0.0,NASA OSCAR L4 / INCOIS High-Res Hydrodynamic Ocean Model
2645,2026-08-19,24.0,72.0,0.014,-0.258,0.258,0.5,176.9,West India Coastal Current (WICC),0.0,NASA OSCAR L4 / INCOIS High-Res Hydrodynamic Ocean Model
2646,2026-08-19,24.0,73.0,-0.272,-0.265,0.38,0.74,225.7,West India Coastal Current (WICC),0.0,NASA OSCAR L4 / INCOIS High-Res Hydrodynamic Ocean Model
2647,2026-08-19,24.0,74.0,-0.141,-0.384,0.409,0.8,200.2,West India Coastal Current (WICC),0.0,NASA OSCAR L4 / INCOIS High-Res Hydrodynamic Ocean Model
2648,2026-08-19,24.0,75.0,-0.082,-0.29,0.301,0.59,195.8,West India Coastal Current (WICC),0.0,NASA OSCAR L4 / INCOIS High-Res Hydrodynamic Ocean Model
2649,2026-08-19,24.0,76.0,-0.177,-0.099,0.203,0.39,240.8,West India Coastal Current (WICC),0.0,NASA OSCAR L4 / INCOIS High-Res Hydrodynamic Ocean Model
2650,2026-08-19,24.0,77.0,0.201,0.109,0.229,0.45,61.5,East India Coastal Current (EICC),0.0,NASA OSCAR L4 / INCOIS High-Res Hydrodynamic Ocean Model
2651,2026-08-19,24.0,78.0,0.085,0.302,0.314,0.61,15.7,East India Coastal Current (EICC),0.0,NASA OSCAR L4 / INCOIS High-Res Hydrodynamic Ocean Model
2652,2026-08-19,24.0,79.0,0.194,0.263,0.327,0.64,36.4,East India Coastal Current (EICC),0.0,NASA OSCAR L4 / INCOIS High-Res Hydrodynamic Ocean Model
2653,2026-08-19,24.0,80.0,0.236,0.138,0.273,0.53,59.7,East India Coastal Current (EICC),0.0,NASA OSCAR L4 / INCOIS High-Res Hydrodynamic Ocean Model
2654,2026-08-19,24.0,81.0,0.233,0.247,0.34,0.66,43.3,East India Coastal Current (EICC),0.0,NASA OSCAR L4 / INCOIS High-Res Hydrodynamic Ocean Model
2655,2026-08-19,24.0,82.0,-0.019,0.101,0.103,0.2,349.3,East India Coastal Current (EICC),0.0,NASA OSCAR L4 / INCOIS High-Res Hydrodynamic Ocean Model
2656,2026-08-19,24.0,83.0,0.134,0.199,0.24,0.47,34.0,East India Coastal Current (EICC),0.0,NASA OSCAR L4 / INCOIS High-Res Hydrodynamic Ocean Model
2657,2026-08-19,24.0,84.0,0.403,0.247,0.473,0.92,58.5,East India Coastal Current (EICC),0.0,NASA OSCAR L4 / INCOIS High-Res Hydrodynamic Ocean Model
2658,2026-08-19,24.0,85.0,0.036,0.2,0.203,0.39,10.2,East India Coastal Current (EICC),0.0,NASA OSCAR L4 / INCOIS High-Res Hydrodynamic Ocean Model
2659,2026-08-19,24.0,86.0,0.139,0.208,0.25,0.49,33.8,East India Coastal Current (EICC),0.0,NASA OSCAR L4 / INCOIS High-Res Hydrodynamic Ocean Model
2660,2026-08-19,24.0,87.0,0.283,0.089,0.297,0.58,72.5,East India Coastal Current (EICC),0.0,NASA OSCAR L4 / INCOIS High-Res Hydrodynamic Ocean Model
2661,2026-08-19,24.0,88.0,0.26,0.381,0.461,0.9,34.3,East India Coastal Current (EICC),0.0,NASA OSCAR L4 / INCOIS High-Res Hydrodynamic Ocean Model
2662,2026-08-19,24.0,89.0,0.237,0.237,0.335,0.65,45.0,East India Coastal Current (EICC),0.0,NASA OSCAR L4 / INCOIS High-Res Hydrodynamic Ocean Model
2663,2026-08-19,24.0,90.0,0.245,0.19,0.31,0.6,52.2,East India Coastal Current (EICC),0.0,NASA OSCAR L4 / INCOIS High-Res Hydrodynamic Ocean Model
2664,2026-08-19,24.0,91.0,0.148,0.255,0.295,0.57,30.1,East India Coastal Current (EICC),0.0,NASA OSCAR L4 / INCOIS High-Res Hydrodynamic Ocean Model
2665,2026-08-19,24.0,92.0,0.277,0.2,0.342,0.66,54.2,East India Coastal Current (EICC),0.0,NASA OSCAR L4 / INCOIS High-Res Hydrodynamic Ocean Model
2666,2026-08-19,24.0,93.0,0.212,0.159,0.265,0.52,53.1,East India Coastal Current (EICC),0.0,NASA OSCAR L4 / INCOIS High-Res Hydrodynamic Ocean Model
2667,2026-08-19,24.0,94.0,0.272,0.236,0.36,0.7,49.1,East India Coastal Current (EICC),0.0,NASA OSCAR L4 / INCOIS High-Res Hydrodynamic Ocean Model
2668,2026-08-18,6.0,68.0,-0.255,-0.178,0.311,0.6,235.1,West India Coastal Current (WICC),0.0,NASA OSCAR L4 / INCOIS High-Res Hydrodynamic Ocean Model
2669,2026-08-18,6.0,69.0,-0.172,-0.395,0.431,0.84,203.5,West India Coastal Current (WICC),0.0,NASA OSCAR L4 / INCOIS High-Res Hydrodynamic Ocean Model
2670,2026-08-18,6.0,70.0,-0.186,-0.196,0.27,0.52,223.5,West India Coastal Current (WICC),0.0,NASA OSCAR L4 / INCOIS High-Res Hydrodynamic Ocean Model
2671,2026-08-18,6.0,71.0,-0.105,-0.21,0.235,0.46,206.6,West India Coastal Current (WICC),0.0,NASA OSCAR L4 / INCOIS High-Res Hydrodynamic Ocean Model
2672,2026-08-18,6.0,72.0,-0.092,-0.205,0.225,0.44,204.2,West India Coastal Current (WICC),0.0,NASA OSCAR L4 / INCOIS High-Res Hydrodynamic Ocean Model
2673,2026-08-18,6.0,73.0,-0.149,-0.254,0.294,0.57,210.4,West India Coastal Current (WICC),0.0,NASA OSCAR L4 / INCOIS High-Res Hydrodynamic Ocean Model
2674,2026-08-18,6.0,74.0,-0.196,-0.254,0.321,0.62,217.7,West India Coastal Current (WICC),0.0,NASA OSCAR L4 / INCOIS High-Res Hydrodynamic Ocean Model
2675,2026-08-18,6.0,75.0,-0.08,-0.323,0.333,0.65,193.9,West India Coastal Current (WICC),0.0,NASA OSCAR L4 / INCOIS High-Res Hydrodynamic Ocean Model
2676,2026-08-18,6.0,76.0,-0.123,-0.342,0.363,0.71,199.8,West India Coastal Current (WICC),0.0,NASA OSCAR L4 / INCOIS High-Res Hydrodynamic Ocean Model
2677,2026-08-18,6.0,77.0,0.332,0.153,0.366,0.71,65.3,East India Coastal Current (EICC),0.0,NASA OSCAR L4 / INCOIS High-Res Hydrodynamic Ocean Model
2678,2026-08-18,6.0,78.0,0.266,0.07,0.275,0.53,75.3,East India Coastal Current (EICC),0.0,NASA OSCAR L4 / INCOIS High-Res Hydrodynamic Ocean Model
2679,2026-08-18,6.0,79.0,0.314,0.204,0.374,0.73,57.0,East India Coastal Current (EICC),0.0,NASA OSCAR L4 / INCOIS High-Res Hydrodynamic Ocean Model
2680,2026-08-18,6.0,80.0,0.093,0.025,0.096,0.19,75.0,East India Coastal Current (EICC),0.0,NASA OSCAR L4 / INCOIS High-Res Hydrodynamic Ocean Model
2681,2026-08-18,6.0,81.0,0.211,0.219,0.304,0.59,43.9,East India Coastal Current (EICC),0.0,NASA OSCAR L4 / INCOIS High-Res Hydrodynamic Ocean Model
2682,2026-08-18,6.0,82.0,0.12,0.199,0.232,0.45,31.1,East India Coastal Current (EICC),0.0,NASA OSCAR L4 / INCOIS High-Res Hydrodynamic Ocean Model
2683,2026-08-18,6.0,83.0,0.081,0.286,0.297,0.58,15.8,East India Coastal Current (EICC),0.0,NASA OSCAR L4 / INCOIS High-Res Hydrodynamic Ocean Model
2684,2026-08-18,6.0,84.0,0.24,0.116,0.267,0.52,64.2,East India Coastal Current (EICC),0.0,NASA OSCAR L4 / INCOIS High-Res Hydrodynamic Ocean Model
2685,2026-08-18,6.0,85.0,0.263,0.19,0.324,0.63,54.2,East India Coastal Current (EICC),0.0,NASA OSCAR L4 / INCOIS High-Res Hydrodynamic Ocean Model
2686,2026-08-18,6.0,86.0,0.122,0.022,0.124,0.24,79.8,East India Coastal Current (EICC),0.0,NASA OSCAR L4 / INCOIS High-Res Hydrodynamic Ocean Model
2687,2026-08-18,6.0,87.0,0.246,0.16,0.293,0.57,57.0,East India Coastal Current (EICC),0.0,NASA OSCAR L4 / INCOIS High-Res Hydrodynamic Ocean Model
2688,2026-08-18,6.0,88.0,0.333,0.068,0.34,0.66,78.5,East India Coastal Current (EICC),0.0,NASA OSCAR L4 / INCOIS High-Res Hydrodynamic Ocean Model
2689,2026-08-18,6.0,89.0,0.248,-0.036,0.251,0.49,98.3,East India Coastal Current (EICC),0.0,NASA OSCAR L4 / INCOIS High-Res Hydrodynamic Ocean Model
2690,2026-08-18,6.0,90.0,0.225,0.353,0.419,0.81,32.5,East India Coastal Current (EICC),0.0,NASA OSCAR L4 / INCOIS High-Res Hydrodynamic Ocean Model
2691,2026-08-18,6.0,91.0,0.262,0.109,0.284,0.55,67.4,East India Coastal Current (EICC),0.0,NASA OSCAR L4 / INCOIS High-Res Hydrodynamic Ocean Model
2692,2026-08-18,6.0,92.0,0.135,0.307,0.335,0.65,23.7,East India Coastal Current (EICC),0.0,NASA OSCAR L4 / INCOIS High-Res Hydrodynamic Ocean Model
2693,2026-08-18,6.0,93.0,0.133,0.181,0.225,0.44,36.3,East India Coastal Current (EICC),0.0,NASA OSCAR L4 / INCOIS High-Res Hydrodynamic Ocean Model
2694,2026-08-18,6.0,94.0,0.18,0.224,0.287,0.56,38.8,East India Coastal Current (EICC),0.0,NASA OSCAR L4 / INCOIS High-Res Hydrodynamic Ocean Model
2695,2026-08-18,7.0,68.0,-0.004,-0.356,0.356,0.69,180.6,West India Coastal Current (WICC),0.0,NASA OSCAR L4 / INCOIS High-Res Hydrodynamic Ocean Model
2696,2026-08-18,7.0,69.0,-0.237,-0.265,0.356,0.69,221.8,West India Coastal Current (WICC),0.0,NASA OSCAR L4 / INCOIS High-Res Hydrodynamic Ocean Model
2697,2026-08-18,7.0,70.0,-0.131,-0.206,0.244,0.47,212.5,West India Coastal Current (WICC),0.0,NASA OSCAR L4 / INCOIS High-Res Hydrodynamic Ocean Model
2698,2026-08-18,7.0,71.0,-0.148,-0.299,0.334,0.65,206.3,West India Coastal Current (WICC),0.0,NASA OSCAR L4 / INCOIS High-Res Hydrodynamic Ocean Model
2699,2026-08-18,7.0,72.0,-0.119,-0.261,0.287,0.56,204.5,West India Coastal Current (WICC),0.0,NASA OSCAR L4 / INCOIS High-Res Hydrodynamic Ocean Model
2700,2026-08-18,7.0,73.0,-0.239,-0.291,0.377,0.73,219.4,West India Coastal Current (WICC),0.0,NASA OSCAR L4 / INCOIS High-Res Hydrodynamic Ocean Model
2701,2026-08-18,7.0,74.0,-0.095,-0.231,0.25,0.49,202.4,West India Coastal Current (WICC),0.0,NASA OSCAR L4 / INCOIS High-Res Hydrodynamic Ocean Model
2702,2026-08-18,7.0,75.0,-0.004,-0.39,0.39,0.76,180.6,West India Coastal Current (WICC),0.0,NASA OSCAR L4 / INCOIS High-Res Hydrodynamic Ocean Model
2703,2026-08-18,7.0,76.0,-0.128,-0.15,0.197,0.38,220.5,West India Coastal Current (WICC),0.0,NASA OSCAR L4 / INCOIS High-Res Hydrodynamic Ocean Model
2704,2026-08-18,7.0,77.0,0.167,0.039,0.171,0.33,76.9,East India Coastal Current (EICC),0.0,NASA OSCAR L4 / INCOIS High-Res Hydrodynamic Ocean Model
2705,2026-08-18,7.0,78.0,0.301,0.246,0.389,0.76,50.7,East India Coastal Current (EICC),0.0,NASA OSCAR L4 / INCOIS High-Res Hydrodynamic Ocean Model
2706,2026-08-18,7.0,79.0,0.215,0.182,0.282,0.55,49.8,East India Coastal Current (EICC),0.0,NASA OSCAR L4 / INCOIS High-Res Hydrodynamic Ocean Model
2707,2026-08-18,7.0,80.0,0.268,0.198,0.333,0.65,53.5,East India Coastal Current (EICC),0.0,NASA OSCAR L4 / INCOIS High-Res Hydrodynamic Ocean Model
2708,2026-08-18,7.0,81.0,0.315,0.233,0.392,0.76,53.5,East India Coastal Current (EICC),0.0,NASA OSCAR L4 / INCOIS High-Res Hydrodynamic Ocean Model
2709,2026-08-18,7.0,82.0,0.396,0.241,0.464,0.9,58.7,East India Coastal Current (EICC),0.0,NASA OSCAR L4 / INCOIS High-Res Hydrodynamic Ocean Model
2710,2026-08-18,7.0,83.0,0.12,0.208,0.24,0.47,30.0,East India Coastal Current (EICC),0.0,NASA OSCAR L4 / INCOIS High-Res Hydrodynamic Ocean Model
2711,2026-08-18,7.0,84.0,0.219,0.088,0.236,0.46,68.1,East India Coastal Current (EICC),0.0,NASA OSCAR L4 / INCOIS High-Res Hydrodynamic Ocean Model
2712,2026-08-18,7.0,85.0,0.173,0.141,0.223,0.43,50.8,East India Coastal Current (EICC),0.0,NASA OSCAR L4 / INCOIS High-Res Hydrodynamic Ocean Model
2713,2026-08-18,7.0,86.0,0.273,0.125,0.3,0.58,65.4,East India Coastal Current (EICC),0.0,NASA OSCAR L4 / INCOIS High-Res Hydrodynamic Ocean Model
2714,2026-08-18,7.0,87.0,0.24,0.307,0.39,0.76,38.0,East India Coastal Current (EICC),0.0,NASA OSCAR L4 / INCOIS High-Res Hydrodynamic Ocean Model
2715,2026-08-18,7.0,88.0,0.262,0.08,0.274,0.53,73.0,East India Coastal Current (EICC),0.0,NASA OSCAR L4 / INCOIS High-Res Hydrodynamic Ocean Model
2716,2026-08-18,7.0,89.0,0.168,0.198,0.26,0.51,40.3,East India Coastal Current (EICC),0.0,NASA OSCAR L4 / INCOIS High-Res Hydrodynamic Ocean Model
2717,2026-08-18,7.0,90.0,0.186,0.191,0.267,0.52,44.2,East India Coastal Current (EICC),0.0,NASA OSCAR L4 / INCOIS High-Res Hydrodynamic Ocean Model
2718,2026-08-18,7.0,91.0,0.156,0.142,0.211,0.41,47.7,East India Coastal Current (EICC),0.0,NASA OSCAR L4 / INCOIS High-Res Hydrodynamic Ocean Model
2719,2026-08-18,7.0,92.0,0.155,0.123,0.198,0.38,51.6,East India Coastal Current (EICC),0.0,NASA OSCAR L4 / INCOIS High-Res Hydrodynamic Ocean Model
2720,2026-08-18,7.0,93.0,0.161,-0.073,0.177,0.34,114.4,East India Coastal Current (EICC),0.0,NASA OSCAR L4 / INCOIS High-Res Hydrodynamic Ocean Model
2721,2026-08-18,7.0,94.0,0.035,0.261,0.263,0.51,7.6,East India Coastal Current (EICC),0.0,NASA OSCAR L4 / INCOIS High-Res Hydrodynamic Ocean Model
2722,2026-08-18,8.0,68.0,-0.048,-0.148,0.156,0.3,198.0,West India Coastal Current (WICC),0.0,NASA OSCAR L4 / INCOIS High-Res Hydrodynamic Ocean Model
2723,2026-08-18,8.0,69.0,-0.061,-0.269,0.276,0.54,192.8,West India Coastal Current (WICC),0.0,NASA OSCAR L4 / INCOIS High-Res Hydrodynamic Ocean Model
2724,2026-08-18,8.0,70.0,-0.263,-0.4,0.479,0.93,213.3,West India Coastal Current (WICC),0.0,NASA OSCAR L4 / INCOIS High-Res Hydrodynamic Ocean Model
2725,2026-08-18,8.0,71.0,-0.221,-0.126,0.254,0.49,240.3,West India Coastal Current (WICC),0.0,NASA OSCAR L4 / INCOIS High-Res Hydrodynamic Ocean Model
2726,2026-08-18,8.0,72.0,-0.091,-0.397,0.407,0.79,192.9,West India Coastal Current (WICC),0.0,NASA OSCAR L4 / INCOIS High-Res Hydrodynamic Ocean Model
2727,2026-08-18,8.0,73.0,-0.153,-0.337,0.37,0.72,204.4,West India Coastal Current (WICC),0.0,NASA OSCAR L4 / INCOIS High-Res Hydrodynamic Ocean Model
2728,2026-08-18,8.0,74.0,-0.226,-0.139,0.265,0.52,238.4,West India Coastal Current (WICC),0.0,NASA OSCAR L4 / INCOIS High-Res Hydrodynamic Ocean Model
2729,2026-08-18,8.0,75.0,-0.157,-0.403,0.433,0.84,201.3,West India Coastal Current (WICC),0.0,NASA OSCAR L4 / INCOIS High-Res Hydrodynamic Ocean Model
2730,2026-08-18,8.0,76.0,-0.079,-0.205,0.22,0.43,201.1,West India Coastal Current (WICC),0.0,NASA OSCAR L4 / INCOIS High-Res Hydrodynamic Ocean Model
2731,2026-08-18,8.0,77.0,0.197,-0.012,0.197,0.38,93.5,East India Coastal Current (EICC),0.0,NASA OSCAR L4 / INCOIS High-Res Hydrodynamic Ocean Model
2732,2026-08-18,8.0,78.0,0.081,0.18,0.197,0.38,24.2,East India Coastal Current (EICC),0.0,NASA OSCAR L4 / INCOIS High-Res Hydrodynamic Ocean Model
2733,2026-08-18,8.0,79.0,0.054,0.297,0.302,0.59,10.3,East India Coastal Current (EICC),0.0,NASA OSCAR L4 / INCOIS High-Res Hydrodynamic Ocean Model
2734,2026-08-18,8.0,80.0,0.294,0.065,0.301,0.59,77.5,East India Coastal Current (EICC),0.0,NASA OSCAR L4 / INCOIS High-Res Hydrodynamic Ocean Model
2735,2026-08-18,8.0,81.0,0.159,0.372,0.405,0.79,23.1,East India Coastal Current (EICC),0.0,NASA OSCAR L4 / INCOIS High-Res Hydrodynamic Ocean Model
2736,2026-08-18,8.0,82.0,0.243,0.221,0.328,0.64,47.7,East India Coastal Current (EICC),0.0,NASA OSCAR L4 / INCOIS High-Res Hydrodynamic Ocean Model
2737,2026-08-18,8.0,83.0,0.229,0.102,0.251,0.49,66.0,East India Coastal Current (EICC),0.0,NASA OSCAR L4 / INCOIS High-Res Hydrodynamic Ocean Model
2738,2026-08-18,8.0,84.0,0.358,0.02,0.359,0.7,86.8,East India Coastal Current (EICC),0.0,NASA OSCAR L4 / INCOIS High-Res Hydrodynamic Ocean Model
2739,2026-08-18,8.0,85.0,0.264,0.154,0.306,0.59,59.7,East India Coastal Current (EICC),0.0,NASA OSCAR L4 / INCOIS High-Res Hydrodynamic Ocean Model
2740,2026-08-18,8.0,86.0,0.277,0.222,0.355,0.69,51.3,East India Coastal Current (EICC),0.0,NASA OSCAR L4 / INCOIS High-Res Hydrodynamic Ocean Model
2741,2026-08-18,8.0,87.0,0.291,0.087,0.304,0.59,73.4,East India Coastal Current (EICC),0.0,NASA OSCAR L4 / INCOIS High-Res Hydrodynamic Ocean Model
2742,2026-08-18,8.0,88.0,0.123,0.06,0.137,0.27,64.0,East India Coastal Current (EICC),0.0,NASA OSCAR L4 / INCOIS High-Res Hydrodynamic Ocean Model
2743,2026-08-18,8.0,89.0,0.198,0.23,0.303,0.59,40.7,East India Coastal Current (EICC),0.0,NASA OSCAR L4 / INCOIS High-Res Hydrodynamic Ocean Model
2744,2026-08-18,8.0,90.0,0.131,0.243,0.276,0.54,28.3,East India Coastal Current (EICC),0.0,NASA OSCAR L4 / INCOIS High-Res Hydrodynamic Ocean Model
2745,2026-08-18,8.0,91.0,0.364,-0.059,0.369,0.72,99.2,East India Coastal Current (EICC),0.0,NASA OSCAR L4 / INCOIS High-Res Hydrodynamic Ocean Model
2746,2026-08-18,8.0,92.0,0.177,0.054,0.185,0.36,73.0,East India Coastal Current (EICC),0.0,NASA OSCAR L4 / INCOIS High-Res Hydrodynamic Ocean Model
2747,2026-08-18,8.0,93.0,0.283,0.16,0.325,0.63,60.5,East India Coastal Current (EICC),0.0,NASA OSCAR L4 / INCOIS High-Res Hydrodynamic Ocean Model
2748,2026-08-18,8.0,94.0,0.184,-0.039,0.188,0.37,102.0,East India Coastal Current (EICC),0.0,NASA OSCAR L4 / INCOIS High-Res Hydrodynamic Ocean Model
2749,2026-08-18,9.0,68.0,-0.152,-0.167,0.226,0.44,222.3,West India Coastal Current (WICC),0.0,NASA OSCAR L4 / INCOIS High-Res Hydrodynamic Ocean Model
2750,2026-08-18,9.0,69.0,-0.153,-0.166,0.226,0.44,222.7,West India Coastal Current (WICC),0.0,NASA OSCAR L4 / INCOIS High-Res Hydrodynamic Ocean Model
2751,2026-08-18,9.0,70.0,-0.175,-0.158,0.236,0.46,227.9,West India Coastal Current (WICC),0.0,NASA OSCAR L4 / INCOIS High-Res Hydrodynamic Ocean Model
2752,2026-08-18,9.0,71.0,-0.195,-0.304,0.361,0.7,212.7,West India Coastal Current (WICC),0.0,NASA OSCAR L4 / INCOIS High-Res Hydrodynamic Ocean Model
2753,2026-08-18,9.0,72.0,-0.145,-0.215,0.259,0.5,214.0,West India Coastal Current (WICC),0.0,NASA OSCAR L4 / INCOIS High-Res Hydrodynamic Ocean Model
2754,2026-08-18,9.0,73.0,-0.126,-0.173,0.214,0.42,216.1,West India Coastal Current (WICC),0.0,NASA OSCAR L4 / INCOIS High-Res Hydrodynamic Ocean Model
2755,2026-08-18,9.0,85.0,0.104,0.109,0.151,0.29,43.7,East India Coastal Current (EICC),0.0,NASA OSCAR L4 / INCOIS High-Res Hydrodynamic Ocean Model
2756,2026-08-18,9.0,86.0,0.169,0.188,0.253,0.49,42.0,East India Coastal Current (EICC),0.0,NASA OSCAR L4 / INCOIS High-Res Hydrodynamic Ocean Model
2757,2026-08-18,9.0,87.0,0.276,0.219,0.352,0.68,51.6,East India Coastal Current (EICC),0.0,NASA OSCAR L4 / INCOIS High-Res Hydrodynamic Ocean Model
2758,2026-08-18,9.0,88.0,0.219,0.375,0.434,0.84,30.3,East India Coastal Current (EICC),0.0,NASA OSCAR L4 / INCOIS High-Res Hydrodynamic Ocean Model
2759,2026-08-18,9.0,89.0,0.278,0.356,0.452,0.88,38.0,East India Coastal Current (EICC),0.0,NASA OSCAR L4 / INCOIS High-Res Hydrodynamic Ocean Model
2760,2026-08-18,9.0,90.0,0.253,0.076,0.264,0.51,73.3,East India Coastal Current (EICC),0.0,NASA OSCAR L4 / INCOIS High-Res Hydrodynamic Ocean Model
2761,2026-08-18,9.0,91.0,0.24,0.134,0.275,0.53,60.8,East India Coastal Current (EICC),0.0,NASA OSCAR L4 / INCOIS High-Res Hydrodynamic Ocean Model
2762,2026-08-18,9.0,92.0,0.244,0.284,0.374,0.73,40.7,East India Coastal Current (EICC),0.0,NASA OSCAR L4 / INCOIS High-Res Hydrodynamic Ocean Model
2763,2026-08-18,9.0,93.0,0.198,0.154,0.251,0.49,52.1,East India Coastal Current (EICC),0.0,NASA OSCAR L4 / INCOIS High-Res Hydrodynamic Ocean Model
2764,2026-08-18,9.0,94.0,0.351,0.178,0.394,0.77,63.1,East India Coastal Current (EICC),0.0,NASA OSCAR L4 / INCOIS High-Res Hydrodynamic Ocean Model
2765,2026-08-18,10.0,68.0,-0.074,-0.222,0.234,0.45,198.4,West India Coastal Current (WICC),0.0,NASA OSCAR L4 / INCOIS High-Res Hydrodynamic Ocean Model
2766,2026-08-18,10.0,69.0,-0.241,-0.286,0.374,0.73,220.1,West India Coastal Current (WICC),0.0,NASA OSCAR L4 / INCOIS High-Res Hydrodynamic Ocean Model
2767,2026-08-18,10.0,70.0,-0.221,-0.173,0.281,0.55,231.9,West India Coastal Current (WICC),0.0,NASA OSCAR L4 / INCOIS High-Res Hydrodynamic Ocean Model
2768,2026-08-18,10.0,71.0,-0.071,-0.154,0.17,0.33,204.8,West India Coastal Current (WICC),0.0,NASA OSCAR L4 / INCOIS High-Res Hydrodynamic Ocean Model
2769,2026-08-18,10.0,72.0,-0.133,-0.339,0.364,0.71,201.4,West India Coastal Current (WICC),0.0,NASA OSCAR L4 / INCOIS High-Res Hydrodynamic Ocean Model
2770,2026-08-18,10.0,73.0,-0.22,-0.303,0.374,0.73,216.0,West India Coastal Current (WICC),0.0,NASA OSCAR L4 / INCOIS High-Res Hydrodynamic Ocean Model
2771,2026-08-18,10.0,85.0,0.086,-0.005,0.086,0.17,93.3,East India Coastal Current (EICC),0.0,NASA OSCAR L4 / INCOIS High-Res Hydrodynamic Ocean Model
2772,2026-08-18,10.0,86.0,0.198,0.357,0.408,0.79,29.0,East India Coastal Current (EICC),0.0,NASA OSCAR L4 / INCOIS High-Res Hydrodynamic Ocean Model
2773,2026-08-18,10.0,87.0,0.209,0.264,0.337,0.66,38.4,East India Coastal Current (EICC),0.0,NASA OSCAR L4 / INCOIS High-Res Hydrodynamic Ocean Model
2774,2026-08-18,10.0,88.0,0.397,0.056,0.401,0.78,82.0,East India Coastal Current (EICC),0.0,NASA OSCAR L4 / INCOIS High-Res Hydrodynamic Ocean Model
2775,2026-08-18,10.0,89.0,0.173,0.093,0.196,0.38,61.7,East India Coastal Current (EICC),0.0,NASA OSCAR L4 / INCOIS High-Res Hydrodynamic Ocean Model
2776,2026-08-18,10.0,90.0,0.41,0.189,0.451,0.88,65.3,East India Coastal Current (EICC),0.0,NASA OSCAR L4 / INCOIS High-Res Hydrodynamic Ocean Model
2777,2026-08-18,10.0,91.0,0.091,0.313,0.326,0.63,16.2,East India Coastal Current (EICC),0.0,NASA OSCAR L4 / INCOIS High-Res Hydrodynamic Ocean Model
2778,2026-08-18,10.0,92.0,0.24,-0.104,0.262,0.51,113.4,East India Coastal Current (EICC),0.0,NASA OSCAR L4 / INCOIS High-Res Hydrodynamic Ocean Model
2779,2026-08-18,10.0,93.0,0.255,0.083,0.268,0.52,72.0,East India Coastal Current (EICC),0.0,NASA OSCAR L4 / INCOIS High-Res Hydrodynamic Ocean Model
2780,2026-08-18,10.0,94.0,0.241,0.169,0.294,0.57,55.0,East India Coastal Current (EICC),0.0,NASA OSCAR L4 / INCOIS High-Res Hydrodynamic Ocean Model
2781,2026-08-18,11.0,68.0,-0.166,-0.186,0.249,0.48,221.7,West India Coastal Current (WICC),0.0,NASA OSCAR L4 / INCOIS High-Res Hydrodynamic Ocean Model
2782,2026-08-18,11.0,69.0,-0.199,-0.228,0.303,0.59,221.1,West India Coastal Current (WICC),0.0,NASA OSCAR L4 / INCOIS High-Res Hydrodynamic Ocean Model
2783,2026-08-18,11.0,70.0,-0.19,-0.177,0.26,0.51,227.0,West India Coastal Current (WICC),0.0,NASA OSCAR L4 / INCOIS High-Res Hydrodynamic Ocean Model
2784,2026-08-18,11.0,71.0,0.009,-0.414,0.414,0.8,178.8,West India Coastal Current (WICC),0.0,NASA OSCAR L4 / INCOIS High-Res Hydrodynamic Ocean Model
2785,2026-08-18,11.0,72.0,-0.222,-0.261,0.343,0.67,220.4,West India Coastal Current (WICC),0.0,NASA OSCAR L4 / INCOIS High-Res Hydrodynamic Ocean Model
2786,2026-08-18,11.0,73.0,-0.252,-0.198,0.32,0.62,231.8,West India Coastal Current (WICC),0.0,NASA OSCAR L4 / INCOIS High-Res Hydrodynamic Ocean Model
2787,2026-08-18,11.0,85.0,0.112,-0.021,0.114,0.22,100.6,East India Coastal Current (EICC),0.0,NASA OSCAR L4 / INCOIS High-Res Hydrodynamic Ocean Model
2788,2026-08-18,11.0,86.0,0.26,-0.064,0.268,0.52,103.8,East India Coastal Current (EICC),0.0,NASA OSCAR L4 / INCOIS High-Res Hydrodynamic Ocean Model
2789,2026-08-18,11.0,87.0,0.333,0.015,0.333,0.65,87.4,East India Coastal Current (EICC),0.0,NASA OSCAR L4 / INCOIS High-Res Hydrodynamic Ocean Model
2790,2026-08-18,11.0,88.0,0.087,0.022,0.09,0.17,75.8,East India Coastal Current (EICC),0.0,NASA OSCAR L4 / INCOIS High-Res Hydrodynamic Ocean Model
2791,2026-08-18,11.0,89.0,0.342,0.146,0.372,0.72,66.9,East India Coastal Current (EICC),0.0,NASA OSCAR L4 / INCOIS High-Res Hydrodynamic Ocean Model
2792,2026-08-18,11.0,90.0,0.399,0.179,0.437,0.85,65.8,East India Coastal Current (EICC),0.0,NASA OSCAR L4 / INCOIS High-Res Hydrodynamic Ocean Model
2793,2026-08-18,11.0,91.0,0.144,0.184,0.234,0.45,38.0,East India Coastal Current (EICC),0.0,NASA OSCAR L4 / INCOIS High-Res Hydrodynamic Ocean Model
2794,2026-08-18,11.0,92.0,0.146,0.187,0.237,0.46,38.0,East India Coastal Current (EICC),0.0,NASA OSCAR L4 / INCOIS High-Res Hydrodynamic Ocean Model
2795,2026-08-18,11.0,93.0,0.219,0.048,0.224,0.44,77.6,East India Coastal Current (EICC),0.0,NASA OSCAR L4 / INCOIS High-Res Hydrodynamic Ocean Model
2796,2026-08-18,11.0,94.0,0.289,0.197,0.35,0.68,55.7,East India Coastal Current (EICC),0.0,NASA OSCAR L4 / INCOIS High-Res Hydrodynamic Ocean Model
2797,2026-08-18,12.0,68.0,-0.171,-0.152,0.229,0.45,228.4,West India Coastal Current (WICC),0.0,NASA OSCAR L4 / INCOIS High-Res Hydrodynamic Ocean Model
2798,2026-08-18,12.0,69.0,-0.02,-0.246,0.247,0.48,184.6,West India Coastal Current (WICC),0.0,NASA OSCAR L4 / INCOIS High-Res Hydrodynamic Ocean Model
2799,2026-08-18,12.0,70.0,-0.097,-0.381,0.393,0.76,194.3,West India Coastal Current (WICC),0.0,NASA OSCAR L4 / INCOIS High-Res Hydrodynamic Ocean Model
2800,2026-08-18,12.0,71.0,-0.063,-0.458,0.462,0.9,187.8,West India Coastal Current (WICC),0.0,NASA OSCAR L4 / INCOIS High-Res Hydrodynamic Ocean Model
2801,2026-08-18,12.0,72.0,-0.222,-0.285,0.361,0.7,217.9,West India Coastal Current (WICC),0.0,NASA OSCAR L4 / INCOIS High-Res Hydrodynamic Ocean Model
2802,2026-08-18,12.0,73.0,-0.245,-0.094,0.262,0.51,249.0,West India Coastal Current (WICC),0.0,NASA OSCAR L4 / INCOIS High-Res Hydrodynamic Ocean Model
2803,2026-08-18,12.0,85.0,0.282,0.024,0.283,0.55,85.1,East India Coastal Current (EICC),0.0,NASA OSCAR L4 / INCOIS High-Res Hydrodynamic Ocean Model
2804,2026-08-18,12.0,86.0,0.272,0.003,0.272,0.53,89.4,East India Coastal Current (EICC),0.0,NASA OSCAR L4 / INCOIS High-Res Hydrodynamic Ocean Model
2805,2026-08-18,12.0,87.0,0.173,0.219,0.279,0.54,38.3,East India Coastal Current (EICC),0.0,NASA OSCAR L4 / INCOIS High-Res Hydrodynamic Ocean Model
2806,2026-08-18,12.0,88.0,0.188,0.203,0.277,0.54,42.8,East India Coastal Current (EICC),0.0,NASA OSCAR L4 / INCOIS High-Res Hydrodynamic Ocean Model
2807,2026-08-18,12.0,89.0,0.278,0.239,0.367,0.71,49.3,East India Coastal Current (EICC),0.0,NASA OSCAR L4 / INCOIS High-Res Hydrodynamic Ocean Model
2808,2026-08-18,12.0,90.0,0.104,0.188,0.215,0.42,29.0,East India Coastal Current (EICC),0.0,NASA OSCAR L4 / INCOIS High-Res Hydrodynamic Ocean Model
2809,2026-08-18,12.0,91.0,0.203,0.154,0.255,0.5,52.8,East India Coastal Current (EICC),0.0,NASA OSCAR L4 / INCOIS High-Res Hydrodynamic Ocean Model
2810,2026-08-18,12.0,92.0,0.148,0.059,0.159,0.31,68.3,East India Coastal Current (EICC),0.0,NASA OSCAR L4 / INCOIS High-Res Hydrodynamic Ocean Model
2811,2026-08-18,12.0,93.0,0.148,0.183,0.235,0.46,39.0,East India Coastal Current (EICC),0.0,NASA OSCAR L4 / INCOIS High-Res Hydrodynamic Ocean Model
2812,2026-08-18,12.0,94.0,0.186,0.163,0.247,0.48,48.8,East India Coastal Current (EICC),0.0,NASA OSCAR L4 / INCOIS High-Res Hydrodynamic Ocean Model
2813,2026-08-18,13.0,68.0,-0.068,-0.089,0.112,0.22,217.4,West India Coastal Current (WICC),0.0,NASA OSCAR L4 / INCOIS High-Res Hydrodynamic Ocean Model
2814,2026-08-18,13.0,69.0,-0.199,-0.147,0.247,0.48,233.5,West India Coastal Current (WICC),0.0,NASA OSCAR L4 / INCOIS High-Res Hydrodynamic Ocean Model
2815,2026-08-18,13.0,70.0,-0.094,-0.267,0.283,0.55,199.4,West India Coastal Current (WICC),0.0,NASA OSCAR L4 / INCOIS High-Res Hydrodynamic Ocean Model
2816,2026-08-18,13.0,71.0,-0.219,-0.161,0.272,0.53,233.7,West India Coastal Current (WICC),0.0,NASA OSCAR L4 / INCOIS High-Res Hydrodynamic Ocean Model
2817,2026-08-18,13.0,72.0,-0.118,-0.042,0.125,0.24,250.4,West India Coastal Current (WICC),0.0,NASA OSCAR L4 / INCOIS High-Res Hydrodynamic Ocean Model
2818,2026-08-18,13.0,73.0,-0.222,-0.41,0.466,0.91,208.4,West India Coastal Current (WICC),0.0,NASA OSCAR L4 / INCOIS High-Res Hydrodynamic Ocean Model
2819,2026-08-18,13.0,85.0,0.244,0.206,0.319,0.62,49.8,East India Coastal Current (EICC),0.0,NASA OSCAR L4 / INCOIS High-Res Hydrodynamic Ocean Model
2820,2026-08-18,13.0,86.0,0.212,0.064,0.221,0.43,73.2,East India Coastal Current (EICC),0.0,NASA OSCAR L4 / INCOIS High-Res Hydrodynamic Ocean Model
2821,2026-08-18,13.0,87.0,0.241,0.202,0.314,0.61,50.0,East India Coastal Current (EICC),0.0,NASA OSCAR L4 / INCOIS High-Res Hydrodynamic Ocean Model
2822,2026-08-18,13.0,88.0,0.18,0.279,0.332,0.65,32.8,East India Coastal Current (EICC),0.0,NASA OSCAR L4 / INCOIS High-Res Hydrodynamic Ocean Model
2823,2026-08-18,13.0,89.0,0.08,0.029,0.085,0.17,70.1,East India Coastal Current (EICC),0.0,NASA OSCAR L4 / INCOIS High-Res Hydrodynamic Ocean Model
2824,2026-08-18,13.0,90.0,0.148,0.105,0.181,0.35,54.6,East India Coastal Current (EICC),0.0,NASA OSCAR L4 / INCOIS High-Res Hydrodynamic Ocean Model
2825,2026-08-18,13.0,91.0,0.282,0.23,0.364,0.71,50.8,East India Coastal Current (EICC),0.0,NASA OSCAR L4 / INCOIS High-Res Hydrodynamic Ocean Model
2826,2026-08-18,13.0,92.0,0.152,0.087,0.175,0.34,60.2,East India Coastal Current (EICC),0.0,NASA OSCAR L4 / INCOIS High-Res Hydrodynamic Ocean Model
2827,2026-08-18,13.0,93.0,0.182,0.171,0.25,0.49,46.8,East India Coastal Current (EICC),0.0,NASA OSCAR L4 / INCOIS High-Res Hydrodynamic Ocean Model
2828,2026-08-18,13.0,94.0,0.234,0.049,0.239,0.46,78.2,East India Coastal Current (EICC),0.0,NASA OSCAR L4 / INCOIS High-Res Hydrodynamic Ocean Model
2829,2026-08-18,14.0,68.0,-0.084,-0.314,0.325,0.63,195.0,West India Coastal Current (WICC),0.0,NASA OSCAR L4 / INCOIS High-Res Hydrodynamic Ocean Model
2830,2026-08-18,14.0,69.0,-0.192,-0.366,0.413,0.8,207.7,West India Coastal Current (WICC),0.0,NASA OSCAR L4 / INCOIS High-Res Hydrodynamic Ocean Model
2831,2026-08-18,14.0,70.0,-0.147,-0.295,0.33,0.64,206.5,West India Coastal Current (WICC),0.0,NASA OSCAR L4 / INCOIS High-Res Hydrodynamic Ocean Model
2832,2026-08-18,14.0,71.0,-0.229,-0.28,0.362,0.7,219.3,West India Coastal Current (WICC),0.0,NASA OSCAR L4 / INCOIS High-Res Hydrodynamic Ocean Model
2833,2026-08-18,14.0,72.0,-0.108,-0.244,0.267,0.52,203.9,West India Coastal Current (WICC),0.0,NASA OSCAR L4 / INCOIS High-Res Hydrodynamic Ocean Model
2834,2026-08-18,14.0,73.0,-0.275,-0.346,0.442,0.86,218.5,West India Coastal Current (WICC),0.0,NASA OSCAR L4 / INCOIS High-Res Hydrodynamic Ocean Model
2835,2026-08-18,14.0,85.0,0.211,0.225,0.308,0.6,43.2,East India Coastal Current (EICC),0.0,NASA OSCAR L4 / INCOIS High-Res Hydrodynamic Ocean Model
2836,2026-08-18,14.0,86.0,0.193,0.106,0.22,0.43,61.2,East India Coastal Current (EICC),0.0,NASA OSCAR L4 / INCOIS High-Res Hydrodynamic Ocean Model
2837,2026-08-18,14.0,87.0,0.123,0.218,0.25,0.49,29.4,East India Coastal Current (EICC),0.0,NASA OSCAR L4 / INCOIS High-Res Hydrodynamic Ocean Model
2838,2026-08-18,14.0,88.0,0.103,0.112,0.152,0.3,42.6,East India Coastal Current (EICC),0.0,NASA OSCAR L4 / INCOIS High-Res Hydrodynamic Ocean Model
2839,2026-08-18,14.0,89.0,0.08,0.117,0.142,0.28,34.4,East India Coastal Current (EICC),0.0,NASA OSCAR L4 / INCOIS High-Res Hydrodynamic Ocean Model
2840,2026-08-18,14.0,90.0,0.217,0.193,0.29,0.56,48.4,East India Coastal Current (EICC),0.0,NASA OSCAR L4 / INCOIS High-Res Hydrodynamic Ocean Model
2841,2026-08-18,14.0,91.0,0.091,0.037,0.098,0.19,67.9,East India Coastal Current (EICC),0.0,NASA OSCAR L4 / INCOIS High-Res Hydrodynamic Ocean Model
2842,2026-08-18,14.0,92.0,0.175,0.159,0.236,0.46,47.7,East India Coastal Current (EICC),0.0,NASA OSCAR L4 / INCOIS High-Res Hydrodynamic Ocean Model
2843,2026-08-18,14.0,93.0,0.119,0.036,0.124,0.24,73.2,East India Coastal Current (EICC),0.0,NASA OSCAR L4 / INCOIS High-Res Hydrodynamic Ocean Model
2844,2026-08-18,14.0,94.0,0.034,-0.113,0.118,0.23,163.3,East India Coastal Current (EICC),0.0,NASA OSCAR L4 / INCOIS High-Res Hydrodynamic Ocean Model
2845,2026-08-18,15.0,68.0,-0.207,-0.2,0.288,0.56,226.0,West India Coastal Current (WICC),0.0,NASA OSCAR L4 / INCOIS High-Res Hydrodynamic Ocean Model
2846,2026-08-18,15.0,69.0,-0.207,-0.143,0.252,0.49,235.4,West India Coastal Current (WICC),0.0,NASA OSCAR L4 / INCOIS High-Res Hydrodynamic Ocean Model
2847,2026-08-18,15.0,70.0,-0.123,-0.138,0.185,0.36,221.7,West India Coastal Current (WICC),0.0,NASA OSCAR L4 / INCOIS High-Res Hydrodynamic Ocean Model
2848,2026-08-18,15.0,71.0,-0.048,-0.379,0.382,0.74,187.2,West India Coastal Current (WICC),0.0,NASA OSCAR L4 / INCOIS High-Res Hydrodynamic Ocean Model
2849,2026-08-18,15.0,72.0,-0.092,-0.218,0.237,0.46,202.9,West India Coastal Current (WICC),0.0,NASA OSCAR L4 / INCOIS High-Res Hydrodynamic Ocean Model
2850,2026-08-18,15.0,73.0,-0.118,-0.202,0.234,0.45,210.3,West India Coastal Current (WICC),0.0,NASA OSCAR L4 / INCOIS High-Res Hydrodynamic Ocean Model
2851,2026-08-18,15.0,85.0,0.073,0.121,0.141,0.27,31.1,East India Coastal Current (EICC),0.0,NASA OSCAR L4 / INCOIS High-Res Hydrodynamic Ocean Model
2852,2026-08-18,15.0,86.0,0.195,0.216,0.291,0.57,42.1,East India Coastal Current (EICC),0.0,NASA OSCAR L4 / INCOIS High-Res Hydrodynamic Ocean Model
2853,2026-08-18,15.0,87.0,0.156,0.234,0.281,0.55,33.7,East India Coastal Current (EICC),0.0,NASA OSCAR L4 / INCOIS High-Res Hydrodynamic Ocean Model
2854,2026-08-18,15.0,88.0,0.178,0.204,0.271,0.53,41.1,East India Coastal Current (EICC),0.0,NASA OSCAR L4 / INCOIS High-Res Hydrodynamic Ocean Model
2855,2026-08-18,15.0,89.0,0.211,0.138,0.252,0.49,56.8,East India Coastal Current (EICC),0.0,NASA OSCAR L4 / INCOIS High-Res Hydrodynamic Ocean Model
2856,2026-08-18,15.0,90.0,0.311,0.02,0.312,0.61,86.3,East India Coastal Current (EICC),0.0,NASA OSCAR L4 / INCOIS High-Res Hydrodynamic Ocean Model
2857,2026-08-18,15.0,91.0,0.185,0.057,0.194,0.38,72.9,East India Coastal Current (EICC),0.0,NASA OSCAR L4 / INCOIS High-Res Hydrodynamic Ocean Model
2858,2026-08-18,15.0,92.0,0.115,0.17,0.205,0.4,34.1,East India Coastal Current (EICC),0.0,NASA OSCAR L4 / INCOIS High-Res Hydrodynamic Ocean Model
2859,2026-08-18,15.0,93.0,0.212,0.287,0.357,0.69,36.5,East India Coastal Current (EICC),0.0,NASA OSCAR L4 / INCOIS High-Res Hydrodynamic Ocean Model
2860,2026-08-18,15.0,94.0,0.169,0.134,0.216,0.42,51.6,East India Coastal Current (EICC),0.0,NASA OSCAR L4 / INCOIS High-Res Hydrodynamic Ocean Model
2861,2026-08-18,16.0,68.0,-0.156,-0.279,0.32,0.62,209.2,West India Coastal Current (WICC),0.0,NASA OSCAR L4 / INCOIS High-Res Hydrodynamic Ocean Model
2862,2026-08-18,16.0,69.0,-0.086,-0.232,0.247,0.48,200.3,West India Coastal Current (WICC),0.0,NASA OSCAR L4 / INCOIS High-Res Hydrodynamic Ocean Model
2863,2026-08-18,16.0,70.0,-0.155,-0.273,0.314,0.61,209.6,West India Coastal Current (WICC),0.0,NASA OSCAR L4 / INCOIS High-Res Hydrodynamic Ocean Model
2864,2026-08-18,16.0,71.0,-0.055,-0.216,0.223,0.43,194.3,West India Coastal Current (WICC),0.0,NASA OSCAR L4 / INCOIS High-Res Hydrodynamic Ocean Model
2865,2026-08-18,16.0,72.0,-0.122,-0.146,0.19,0.37,219.9,West India Coastal Current (WICC),0.0,NASA OSCAR L4 / INCOIS High-Res Hydrodynamic Ocean Model
2866,2026-08-18,16.0,73.0,-0.151,-0.274,0.313,0.61,208.9,West India Coastal Current (WICC),0.0,NASA OSCAR L4 / INCOIS High-Res Hydrodynamic Ocean Model
2867,2026-08-18,16.0,85.0,0.163,0.159,0.228,0.44,45.7,East India Coastal Current (EICC),0.0,NASA OSCAR L4 / INCOIS High-Res Hydrodynamic Ocean Model
2868,2026-08-18,16.0,86.0,0.099,0.242,0.261,0.51,22.2,East India Coastal Current (EICC),0.0,NASA OSCAR L4 / INCOIS High-Res Hydrodynamic Ocean Model
2869,2026-08-18,16.0,87.0,0.277,0.031,0.279,0.54,83.6,East India Coastal Current (EICC),0.0,NASA OSCAR L4 / INCOIS High-Res Hydrodynamic Ocean Model
2870,2026-08-18,16.0,88.0,0.235,-0.068,0.245,0.48,106.1,East India Coastal Current (EICC),0.0,NASA OSCAR L4 / INCOIS High-Res Hydrodynamic Ocean Model
2871,2026-08-18,16.0,89.0,0.175,-0.071,0.189,0.37,112.1,East India Coastal Current (EICC),0.0,NASA OSCAR L4 / INCOIS High-Res Hydrodynamic Ocean Model
2872,2026-08-18,16.0,90.0,0.277,0.192,0.337,0.66,55.3,East India Coastal Current (EICC),0.0,NASA OSCAR L4 / INCOIS High-Res Hydrodynamic Ocean Model
2873,2026-08-18,16.0,91.0,0.067,0.038,0.077,0.15,60.4,East India Coastal Current (EICC),0.0,NASA OSCAR L4 / INCOIS High-Res Hydrodynamic Ocean Model
2874,2026-08-18,16.0,92.0,0.313,0.155,0.349,0.68,63.7,East India Coastal Current (EICC),0.0,NASA OSCAR L4 / INCOIS High-Res Hydrodynamic Ocean Model
2875,2026-08-18,16.0,93.0,0.12,-0.004,0.12,0.23,91.9,East India Coastal Current (EICC),0.0,NASA OSCAR L4 / INCOIS High-Res Hydrodynamic Ocean Model
2876,2026-08-18,16.0,94.0,0.231,0.191,0.3,0.58,50.4,East India Coastal Current (EICC),0.0,NASA OSCAR L4 / INCOIS High-Res Hydrodynamic Ocean Model
2877,2026-08-18,17.0,68.0,-0.197,-0.061,0.206,0.4,252.8,West India Coastal Current (WICC),0.0,NASA OSCAR L4 / INCOIS High-Res Hydrodynamic Ocean Model
2878,2026-08-18,17.0,69.0,-0.155,-0.435,0.462,0.9,199.6,West India Coastal Current (WICC),0.0,NASA OSCAR L4 / INCOIS High-Res Hydrodynamic Ocean Model
2879,2026-08-18,17.0,70.0,-0.022,-0.203,0.204,0.4,186.2,West India Coastal Current (WICC),0.0,NASA OSCAR L4 / INCOIS High-Res Hydrodynamic Ocean Model
2880,2026-08-18,17.0,71.0,-0.108,-0.309,0.327,0.64,199.3,West India Coastal Current (WICC),0.0,NASA OSCAR L4 / INCOIS High-Res Hydrodynamic Ocean Model
2881,2026-08-18,17.0,72.0,-0.155,-0.248,0.292,0.57,212.0,West India Coastal Current (WICC),0.0,NASA OSCAR L4 / INCOIS High-Res Hydrodynamic Ocean Model
2882,2026-08-18,17.0,73.0,-0.128,-0.31,0.335,0.65,202.4,West India Coastal Current (WICC),0.0,NASA OSCAR L4 / INCOIS High-Res Hydrodynamic Ocean Model
2883,2026-08-18,17.0,85.0,0.257,0.189,0.319,0.62,53.7,East India Coastal Current (EICC),0.0,NASA OSCAR L4 / INCOIS High-Res Hydrodynamic Ocean Model
2884,2026-08-18,17.0,86.0,0.137,0.158,0.209,0.41,40.9,East India Coastal Current (EICC),0.0,NASA OSCAR L4 / INCOIS High-Res Hydrodynamic Ocean Model
2885,2026-08-18,17.0,87.0,0.207,0.313,0.375,0.73,33.5,East India Coastal Current (EICC),0.0,NASA OSCAR L4 / INCOIS High-Res Hydrodynamic Ocean Model
2886,2026-08-18,17.0,88.0,0.128,0.116,0.173,0.34,47.8,East India Coastal Current (EICC),0.0,NASA OSCAR L4 / INCOIS High-Res Hydrodynamic Ocean Model
2887,2026-08-18,17.0,89.0,0.101,0.23,0.251,0.49,23.7,East India Coastal Current (EICC),0.0,NASA OSCAR L4 / INCOIS High-Res Hydrodynamic Ocean Model
2888,2026-08-18,17.0,90.0,0.363,0.061,0.368,0.72,80.5,East India Coastal Current (EICC),0.0,NASA OSCAR L4 / INCOIS High-Res Hydrodynamic Ocean Model
2889,2026-08-18,17.0,91.0,0.106,0.125,0.164,0.32,40.3,East India Coastal Current (EICC),0.0,NASA OSCAR L4 / INCOIS High-Res Hydrodynamic Ocean Model
2890,2026-08-18,17.0,92.0,0.212,0.115,0.241,0.47,61.5,East India Coastal Current (EICC),0.0,NASA OSCAR L4 / INCOIS High-Res Hydrodynamic Ocean Model
2891,2026-08-18,17.0,93.0,0.304,0.168,0.347,0.67,61.1,East India Coastal Current (EICC),0.0,NASA OSCAR L4 / INCOIS High-Res Hydrodynamic Ocean Model
2892,2026-08-18,17.0,94.0,0.139,0.212,0.254,0.49,33.3,East India Coastal Current (EICC),0.0,NASA OSCAR L4 / INCOIS High-Res Hydrodynamic Ocean Model
2893,2026-08-18,18.0,68.0,-0.096,-0.271,0.288,0.56,199.5,West India Coastal Current (WICC),0.0,NASA OSCAR L4 / INCOIS High-Res Hydrodynamic Ocean Model
2894,2026-08-18,18.0,69.0,-0.114,-0.17,0.205,0.4,213.8,West India Coastal Current (WICC),0.0,NASA OSCAR L4 / INCOIS High-Res Hydrodynamic Ocean Model
2895,2026-08-18,18.0,70.0,-0.141,-0.142,0.2,0.39,224.8,West India Coastal Current (WICC),0.0,NASA OSCAR L4 / INCOIS High-Res Hydrodynamic Ocean Model
2896,2026-08-18,18.0,71.0,0.086,-0.174,0.194,0.38,153.7,West India Coastal Current (WICC),0.0,NASA OSCAR L4 / INCOIS High-Res Hydrodynamic Ocean Model
2897,2026-08-18,18.0,72.0,-0.201,-0.311,0.37,0.72,212.9,West India Coastal Current (WICC),0.0,NASA OSCAR L4 / INCOIS High-Res Hydrodynamic Ocean Model
2898,2026-08-18,18.0,73.0,-0.108,-0.393,0.408,0.79,195.4,West India Coastal Current (WICC),0.0,NASA OSCAR L4 / INCOIS High-Res Hydrodynamic Ocean Model
2899,2026-08-18,18.0,85.0,0.201,-0.015,0.202,0.39,94.3,East India Coastal Current (EICC),0.0,NASA OSCAR L4 / INCOIS High-Res Hydrodynamic Ocean Model
2900,2026-08-18,18.0,86.0,0.147,0.315,0.348,0.68,25.0,East India Coastal Current (EICC),0.0,NASA OSCAR L4 / INCOIS High-Res Hydrodynamic Ocean Model
2901,2026-08-18,18.0,87.0,0.214,-0.0,0.214,0.42,90.0,East India Coastal Current (EICC),0.0,NASA OSCAR L4 / INCOIS High-Res Hydrodynamic Ocean Model
2902,2026-08-18,18.0,88.0,0.161,0.364,0.398,0.77,23.9,East India Coastal Current (EICC),0.0,NASA OSCAR L4 / INCOIS High-Res Hydrodynamic Ocean Model
2903,2026-08-18,18.0,89.0,0.17,0.284,0.331,0.64,30.9,East India Coastal Current (EICC),0.0,NASA OSCAR L4 / INCOIS High-Res Hydrodynamic Ocean Model
2904,2026-08-18,18.0,90.0,0.223,0.016,0.224,0.44,85.9,East India Coastal Current (EICC),0.0,NASA OSCAR L4 / INCOIS High-Res Hydrodynamic Ocean Model
2905,2026-08-18,18.0,91.0,0.099,0.168,0.195,0.38,30.5,East India Coastal Current (EICC),0.0,NASA OSCAR L4 / INCOIS High-Res Hydrodynamic Ocean Model
2906,2026-08-18,18.0,92.0,0.335,0.153,0.368,0.72,65.5,East India Coastal Current (EICC),0.0,NASA OSCAR L4 / INCOIS High-Res Hydrodynamic Ocean Model
2907,2026-08-18,18.0,93.0,0.291,0.079,0.302,0.59,74.8,East India Coastal Current (EICC),0.0,NASA OSCAR L4 / INCOIS High-Res Hydrodynamic Ocean Model
2908,2026-08-18,18.0,94.0,0.182,0.221,0.286,0.56,39.5,East India Coastal Current (EICC),0.0,NASA OSCAR L4 / INCOIS High-Res Hydrodynamic Ocean Model
2909,2026-08-18,19.0,68.0,-0.167,-0.369,0.405,0.79,204.4,West India Coastal Current (WICC),0.0,NASA OSCAR L4 / INCOIS High-Res Hydrodynamic Ocean Model
2910,2026-08-18,19.0,69.0,-0.049,-0.306,0.31,0.6,189.1,West India Coastal Current (WICC),0.0,NASA OSCAR L4 / INCOIS High-Res Hydrodynamic Ocean Model
2911,2026-08-18,19.0,70.0,-0.056,0.002,0.056,0.11,272.0,West India Coastal Current (WICC),0.0,NASA OSCAR L4 / INCOIS High-Res Hydrodynamic Ocean Model
2912,2026-08-18,19.0,71.0,-0.235,-0.323,0.399,0.78,216.0,West India Coastal Current (WICC),0.0,NASA OSCAR L4 / INCOIS High-Res Hydrodynamic Ocean Model
2913,2026-08-18,19.0,72.0,-0.322,-0.297,0.438,0.85,227.3,West India Coastal Current (WICC),0.0,NASA OSCAR L4 / INCOIS High-Res Hydrodynamic Ocean Model
2914,2026-08-18,19.0,73.0,-0.15,-0.271,0.31,0.6,209.0,West India Coastal Current (WICC),0.0,NASA OSCAR L4 / INCOIS High-Res Hydrodynamic Ocean Model
2915,2026-08-18,19.0,85.0,0.143,0.187,0.235,0.46,37.4,East India Coastal Current (EICC),0.0,NASA OSCAR L4 / INCOIS High-Res Hydrodynamic Ocean Model
2916,2026-08-18,19.0,86.0,0.176,0.217,0.279,0.54,39.0,East India Coastal Current (EICC),0.0,NASA OSCAR L4 / INCOIS High-Res Hydrodynamic Ocean Model
2917,2026-08-18,19.0,87.0,0.329,0.253,0.415,0.81,52.4,East India Coastal Current (EICC),0.0,NASA OSCAR L4 / INCOIS High-Res Hydrodynamic Ocean Model
2918,2026-08-18,19.0,88.0,0.095,0.279,0.295,0.57,18.8,East India Coastal Current (EICC),0.0,NASA OSCAR L4 / INCOIS High-Res Hydrodynamic Ocean Model
2919,2026-08-18,19.0,89.0,0.244,0.162,0.293,0.57,56.4,East India Coastal Current (EICC),0.0,NASA OSCAR L4 / INCOIS High-Res Hydrodynamic Ocean Model
2920,2026-08-18,19.0,90.0,0.233,0.062,0.241,0.47,75.1,East India Coastal Current (EICC),0.0,NASA OSCAR L4 / INCOIS High-Res Hydrodynamic Ocean Model
2921,2026-08-18,19.0,91.0,0.251,0.158,0.297,0.58,57.8,East India Coastal Current (EICC),0.0,NASA OSCAR L4 / INCOIS High-Res Hydrodynamic Ocean Model
2922,2026-08-18,19.0,92.0,0.207,0.096,0.228,0.44,65.1,East India Coastal Current (EICC),0.0,NASA OSCAR L4 / INCOIS High-Res Hydrodynamic Ocean Model
2923,2026-08-18,19.0,93.0,0.294,0.012,0.294,0.57,87.7,East India Coastal Current (EICC),0.0,NASA OSCAR L4 / INCOIS High-Res Hydrodynamic Ocean Model
2924,2026-08-18,19.0,94.0,0.181,0.149,0.234,0.45,50.5,East India Coastal Current (EICC),0.0,NASA OSCAR L4 / INCOIS High-Res Hydrodynamic Ocean Model
2925,2026-08-18,20.0,68.0,-0.078,-0.069,0.104,0.2,228.5,West India Coastal Current (WICC),0.0,NASA OSCAR L4 / INCOIS High-Res Hydrodynamic Ocean Model
2926,2026-08-18,20.0,69.0,-0.14,-0.358,0.384,0.75,201.4,West India Coastal Current (WICC),0.0,NASA OSCAR L4 / INCOIS High-Res Hydrodynamic Ocean Model
2927,2026-08-18,20.0,70.0,-0.205,-0.355,0.41,0.8,210.0,West India Coastal Current (WICC),0.0,NASA OSCAR L4 / INCOIS High-Res Hydrodynamic Ocean Model
2928,2026-08-18,20.0,71.0,-0.164,-0.369,0.404,0.79,204.0,West India Coastal Current (WICC),0.0,NASA OSCAR L4 / INCOIS High-Res Hydrodynamic Ocean Model
2929,2026-08-18,20.0,72.0,-0.191,-0.191,0.27,0.52,225.0,West India Coastal Current (WICC),0.0,NASA OSCAR L4 / INCOIS High-Res Hydrodynamic Ocean Model
2930,2026-08-18,20.0,73.0,-0.111,-0.349,0.366,0.71,197.6,West India Coastal Current (WICC),0.0,NASA OSCAR L4 / INCOIS High-Res Hydrodynamic Ocean Model
2931,2026-08-18,20.0,85.0,0.223,0.132,0.259,0.5,59.4,East India Coastal Current (EICC),0.0,NASA OSCAR L4 / INCOIS High-Res Hydrodynamic Ocean Model
2932,2026-08-18,20.0,86.0,0.258,0.052,0.263,0.51,78.6,East India Coastal Current (EICC),0.0,NASA OSCAR L4 / INCOIS High-Res Hydrodynamic Ocean Model
2933,2026-08-18,20.0,87.0,0.276,0.081,0.288,0.56,73.6,East India Coastal Current (EICC),0.0,NASA OSCAR L4 / INCOIS High-Res Hydrodynamic Ocean Model
2934,2026-08-18,20.0,88.0,0.161,0.164,0.23,0.45,44.5,East India Coastal Current (EICC),0.0,NASA OSCAR L4 / INCOIS High-Res Hydrodynamic Ocean Model
2935,2026-08-18,20.0,89.0,0.274,0.207,0.343,0.67,52.9,East India Coastal Current (EICC),0.0,NASA OSCAR L4 / INCOIS High-Res Hydrodynamic Ocean Model
2936,2026-08-18,20.0,90.0,0.251,0.235,0.344,0.67,46.9,East India Coastal Current (EICC),0.0,NASA OSCAR L4 / INCOIS High-Res Hydrodynamic Ocean Model
2937,2026-08-18,20.0,91.0,0.073,0.141,0.159,0.31,27.4,East India Coastal Current (EICC),0.0,NASA OSCAR L4 / INCOIS High-Res Hydrodynamic Ocean Model
2938,2026-08-18,20.0,92.0,0.198,0.141,0.243,0.47,54.5,East India Coastal Current (EICC),0.0,NASA OSCAR L4 / INCOIS High-Res Hydrodynamic Ocean Model
2939,2026-08-18,20.0,93.0,0.257,0.332,0.42,0.82,37.7,East India Coastal Current (EICC),0.0,NASA OSCAR L4 / INCOIS High-Res Hydrodynamic Ocean Model
2940,2026-08-18,20.0,94.0,0.289,0.274,0.398,0.77,46.5,East India Coastal Current (EICC),0.0,NASA OSCAR L4 / INCOIS High-Res Hydrodynamic Ocean Model
2941,2026-08-18,21.0,68.0,-0.006,-0.258,0.258,0.5,181.3,West India Coastal Current (WICC),0.0,NASA OSCAR L4 / INCOIS High-Res Hydrodynamic Ocean Model
2942,2026-08-18,21.0,69.0,-0.196,-0.272,0.335,0.65,215.8,West India Coastal Current (WICC),0.0,NASA OSCAR L4 / INCOIS High-Res Hydrodynamic Ocean Model
2943,2026-08-18,21.0,70.0,-0.209,-0.245,0.322,0.63,220.5,West India Coastal Current (WICC),0.0,NASA OSCAR L4 / INCOIS High-Res Hydrodynamic Ocean Model
2944,2026-08-18,21.0,71.0,-0.195,-0.372,0.42,0.82,207.7,West India Coastal Current (WICC),0.0,NASA OSCAR L4 / INCOIS High-Res Hydrodynamic Ocean Model
2945,2026-08-18,21.0,72.0,-0.214,-0.182,0.281,0.55,229.6,West India Coastal Current (WICC),0.0,NASA OSCAR L4 / INCOIS High-Res Hydrodynamic Ocean Model
2946,2026-08-18,21.0,73.0,-0.194,-0.4,0.445,0.87,205.9,West India Coastal Current (WICC),0.0,NASA OSCAR L4 / INCOIS High-Res Hydrodynamic Ocean Model
2947,2026-08-18,21.0,74.0,-0.18,-0.153,0.236,0.46,229.6,West India Coastal Current (WICC),0.0,NASA OSCAR L4 / INCOIS High-Res Hydrodynamic Ocean Model
2948,2026-08-18,21.0,75.0,-0.056,-0.212,0.219,0.43,194.8,West India Coastal Current (WICC),0.0,NASA OSCAR L4 / INCOIS High-Res Hydrodynamic Ocean Model
2949,2026-08-18,21.0,76.0,-0.166,-0.241,0.293,0.57,214.6,West India Coastal Current (WICC),0.0,NASA OSCAR L4 / INCOIS High-Res Hydrodynamic Ocean Model
2950,2026-08-18,21.0,77.0,0.208,-0.026,0.21,0.41,97.1,East India Coastal Current (EICC),0.0,NASA OSCAR L4 / INCOIS High-Res Hydrodynamic Ocean Model
2951,2026-08-18,21.0,78.0,0.247,0.154,0.291,0.57,58.1,East India Coastal Current (EICC),0.0,NASA OSCAR L4 / INCOIS High-Res Hydrodynamic Ocean Model
2952,2026-08-18,21.0,79.0,0.235,0.11,0.259,0.5,64.9,East India Coastal Current (EICC),0.0,NASA OSCAR L4 / INCOIS High-Res Hydrodynamic Ocean Model
2953,2026-08-18,21.0,80.0,0.077,0.048,0.091,0.18,58.1,East India Coastal Current (EICC),0.0,NASA OSCAR L4 / INCOIS High-Res Hydrodynamic Ocean Model
2954,2026-08-18,21.0,81.0,0.249,0.148,0.29,0.56,59.3,East India Coastal Current (EICC),0.0,NASA OSCAR L4 / INCOIS High-Res Hydrodynamic Ocean Model
2955,2026-08-18,21.0,82.0,0.172,0.193,0.259,0.5,41.7,East India Coastal Current (EICC),0.0,NASA OSCAR L4 / INCOIS High-Res Hydrodynamic Ocean Model
2956,2026-08-18,21.0,83.0,0.169,0.012,0.169,0.33,85.9,East India Coastal Current (EICC),0.0,NASA OSCAR L4 / INCOIS High-Res Hydrodynamic Ocean Model
2957,2026-08-18,21.0,84.0,0.298,0.251,0.39,0.76,49.9,East India Coastal Current (EICC),0.0,NASA OSCAR L4 / INCOIS High-Res Hydrodynamic Ocean Model
2958,2026-08-18,21.0,85.0,0.122,0.089,0.151,0.29,53.9,East India Coastal Current (EICC),0.0,NASA OSCAR L4 / INCOIS High-Res Hydrodynamic Ocean Model
2959,2026-08-18,21.0,86.0,0.134,0.169,0.216,0.42,38.4,East India Coastal Current (EICC),0.0,NASA OSCAR L4 / INCOIS High-Res Hydrodynamic Ocean Model
2960,2026-08-18,21.0,87.0,0.328,0.207,0.388,0.75,57.7,East India Coastal Current (EICC),0.0,NASA OSCAR L4 / INCOIS High-Res Hydrodynamic Ocean Model
2961,2026-08-18,21.0,88.0,0.255,0.22,0.337,0.66,49.2,East India Coastal Current (EICC),0.0,NASA OSCAR L4 / INCOIS High-Res Hydrodynamic Ocean Model
2962,2026-08-18,21.0,89.0,0.224,0.162,0.276,0.54,54.1,East India Coastal Current (EICC),0.0,NASA OSCAR L4 / INCOIS High-Res Hydrodynamic Ocean Model
2963,2026-08-18,21.0,90.0,0.164,0.198,0.257,0.5,39.6,East India Coastal Current (EICC),0.0,NASA OSCAR L4 / INCOIS High-Res Hydrodynamic Ocean Model
2964,2026-08-18,21.0,91.0,0.268,0.243,0.362,0.7,47.8,East India Coastal Current (EICC),0.0,NASA OSCAR L4 / INCOIS High-Res Hydrodynamic Ocean Model
2965,2026-08-18,21.0,92.0,0.333,0.086,0.344,0.67,75.5,East India Coastal Current (EICC),0.0,NASA OSCAR L4 / INCOIS High-Res Hydrodynamic Ocean Model
2966,2026-08-18,21.0,93.0,0.324,0.23,0.397,0.77,54.6,East India Coastal Current (EICC),0.0,NASA OSCAR L4 / INCOIS High-Res Hydrodynamic Ocean Model
2967,2026-08-18,21.0,94.0,0.168,0.186,0.251,0.49,42.1,East India Coastal Current (EICC),0.0,NASA OSCAR L4 / INCOIS High-Res Hydrodynamic Ocean Model
2968,2026-08-18,22.0,68.0,-0.262,-0.356,0.442,0.86,216.4,West India Coastal Current (WICC),0.0,NASA OSCAR L4 / INCOIS High-Res Hydrodynamic Ocean Model
2969,2026-08-18,22.0,69.0,-0.371,-0.327,0.495,0.96,228.6,West India Coastal Current (WICC),0.0,NASA OSCAR L4 / INCOIS High-Res Hydrodynamic Ocean Model
2970,2026-08-18,22.0,70.0,-0.182,-0.2,0.27,0.52,222.3,West India Coastal Current (WICC),0.0,NASA OSCAR L4 / INCOIS High-Res Hydrodynamic Ocean Model
2971,2026-08-18,22.0,71.0,-0.25,-0.108,0.272,0.53,246.6,West India Coastal Current (WICC),0.0,NASA OSCAR L4 / INCOIS High-Res Hydrodynamic Ocean Model
2972,2026-08-18,22.0,72.0,-0.143,-0.267,0.303,0.59,208.2,West India Coastal Current (WICC),0.0,NASA OSCAR L4 / INCOIS High-Res Hydrodynamic Ocean Model
2973,2026-08-18,22.0,73.0,-0.175,-0.387,0.425,0.83,204.3,West India Coastal Current (WICC),0.0,NASA OSCAR L4 / INCOIS High-Res Hydrodynamic Ocean Model
2974,2026-08-18,22.0,74.0,-0.121,-0.528,0.542,1.05,192.9,West India Coastal Current (WICC),0.0,NASA OSCAR L4 / INCOIS High-Res Hydrodynamic Ocean Model
2975,2026-08-18,22.0,75.0,-0.272,-0.198,0.336,0.65,233.9,West India Coastal Current (WICC),0.0,NASA OSCAR L4 / INCOIS High-Res Hydrodynamic Ocean Model
2976,2026-08-18,22.0,76.0,-0.189,-0.356,0.403,0.78,208.0,West India Coastal Current (WICC),0.0,NASA OSCAR L4 / INCOIS High-Res Hydrodynamic Ocean Model
2977,2026-08-18,22.0,77.0,0.268,-0.009,0.268,0.52,91.9,East India Coastal Current (EICC),0.0,NASA OSCAR L4 / INCOIS High-Res Hydrodynamic Ocean Model
2978,2026-08-18,22.0,78.0,0.182,0.208,0.276,0.54,41.2,East India Coastal Current (EICC),0.0,NASA OSCAR L4 / INCOIS High-Res Hydrodynamic Ocean Model
2979,2026-08-18,22.0,79.0,0.194,0.215,0.29,0.56,42.1,East India Coastal Current (EICC),0.0,NASA OSCAR L4 / INCOIS High-Res Hydrodynamic Ocean Model
2980,2026-08-18,22.0,80.0,0.148,0.1,0.179,0.35,56.0,East India Coastal Current (EICC),0.0,NASA OSCAR L4 / INCOIS High-Res Hydrodynamic Ocean Model
2981,2026-08-18,22.0,81.0,0.3,0.149,0.335,0.65,63.6,East India Coastal Current (EICC),0.0,NASA OSCAR L4 / INCOIS High-Res Hydrodynamic Ocean Model
2982,2026-08-18,22.0,82.0,0.333,0.183,0.38,0.74,61.2,East India Coastal Current (EICC),0.0,NASA OSCAR L4 / INCOIS High-Res Hydrodynamic Ocean Model
2983,2026-08-18,22.0,83.0,0.173,0.172,0.244,0.47,45.2,East India Coastal Current (EICC),0.0,NASA OSCAR L4 / INCOIS High-Res Hydrodynamic Ocean Model
2984,2026-08-18,22.0,84.0,0.265,-0.078,0.276,0.54,106.4,East India Coastal Current (EICC),0.0,NASA OSCAR L4 / INCOIS High-Res Hydrodynamic Ocean Model
2985,2026-08-18,22.0,85.0,0.084,0.183,0.201,0.39,24.7,East India Coastal Current (EICC),0.0,NASA OSCAR L4 / INCOIS High-Res Hydrodynamic Ocean Model
2986,2026-08-18,22.0,86.0,0.214,0.156,0.265,0.52,53.9,East India Coastal Current (EICC),0.0,NASA OSCAR L4 / INCOIS High-Res Hydrodynamic Ocean Model
2987,2026-08-18,22.0,87.0,0.194,0.076,0.208,0.4,68.6,East India Coastal Current (EICC),0.0,NASA OSCAR L4 / INCOIS High-Res Hydrodynamic Ocean Model
2988,2026-08-18,22.0,88.0,0.251,0.081,0.264,0.51,72.1,East India Coastal Current (EICC),0.0,NASA OSCAR L4 / INCOIS High-Res Hydrodynamic Ocean Model
2989,2026-08-18,22.0,89.0,0.236,0.139,0.274,0.53,59.5,East India Coastal Current (EICC),0.0,NASA OSCAR L4 / INCOIS High-Res Hydrodynamic Ocean Model
2990,2026-08-18,22.0,90.0,0.317,0.09,0.33,0.64,74.2,East India Coastal Current (EICC),0.0,NASA OSCAR L4 / INCOIS High-Res Hydrodynamic Ocean Model
2991,2026-08-18,22.0,91.0,0.266,0.114,0.289,0.56,66.8,East India Coastal Current (EICC),0.0,NASA OSCAR L4 / INCOIS High-Res Hydrodynamic Ocean Model
2992,2026-08-18,22.0,92.0,0.212,0.097,0.233,0.45,65.4,East India Coastal Current (EICC),0.0,NASA OSCAR L4 / INCOIS High-Res Hydrodynamic Ocean Model
2993,2026-08-18,22.0,93.0,0.201,0.134,0.242,0.47,56.3,East India Coastal Current (EICC),0.0,NASA OSCAR L4 / INCOIS High-Res Hydrodynamic Ocean Model
2994,2026-08-18,22.0,94.0,0.322,0.148,0.354,0.69,65.3,East India Coastal Current (EICC),0.0,NASA OSCAR L4 / INCOIS High-Res Hydrodynamic Ocean Model
2995,2026-08-18,23.0,68.0,-0.295,-0.334,0.446,0.87,221.5,West India Coastal Current (WICC),0.0,NASA OSCAR L4 / INCOIS High-Res Hydrodynamic Ocean Model
2996,2026-08-18,23.0,69.0,-0.235,-0.206,0.313,0.61,228.8,West India Coastal Current (WICC),0.0,NASA OSCAR L4 / INCOIS High-Res Hydrodynamic Ocean Model
2997,2026-08-18,23.0,70.0,-0.229,-0.344,0.413,0.8,213.7,West India Coastal Current (WICC),0.0,NASA OSCAR L4 / INCOIS High-Res Hydrodynamic Ocean Model
2998,2026-08-18,23.0,71.0,0.05,-0.353,0.357,0.69,171.9,West India Coastal Current (WICC),0.0,NASA OSCAR L4 / INCOIS High-Res Hydrodynamic Ocean Model
2999,2026-08-18,23.0,72.0,-0.133,-0.171,0.217,0.42,217.9,West India Coastal Current (WICC),0.0,NASA OSCAR L4 / INCOIS High-Res Hydrodynamic Ocean Model
3000,2026-08-18,23.0,73.0,-0.031,-0.309,0.311,0.6,185.7,West India Coastal Current (WICC),0.0,NASA OSCAR L4 / INCOIS High-Res Hydrodynamic Ocean Model
3001,2026-08-18,23.0,74.0,-0.239,-0.087,0.254,0.49,250.0,West India Coastal Current (WICC),0.0,NASA OSCAR L4 / INCOIS High-Res Hydrodynamic Ocean Model
3002,2026-08-18,23.0,75.0,-0.068,-0.293,0.301,0.59,193.1,West India Coastal Current (WICC),0.0,NASA OSCAR L4 / INCOIS High-Res Hydrodynamic Ocean Model
3003,2026-08-18,23.0,76.0,-0.073,-0.39,0.397,0.77,190.6,West India Coastal Current (WICC),0.0,NASA OSCAR L4 / INCOIS High-Res Hydrodynamic Ocean Model
3004,2026-08-18,23.0,77.0,0.099,0.255,0.274,0.53,21.2,East India Coastal Current (EICC),0.0,NASA OSCAR L4 / INCOIS High-Res Hydrodynamic Ocean Model
3005,2026-08-18,23.0,78.0,0.143,0.033,0.147,0.29,77.0,East India Coastal Current (EICC),0.0,NASA OSCAR L4 / INCOIS High-Res Hydrodynamic Ocean Model
3006,2026-08-18,23.0,79.0,0.152,0.02,0.153,0.3,82.5,East India Coastal Current (EICC),0.0,NASA OSCAR L4 / INCOIS High-Res Hydrodynamic Ocean Model
3007,2026-08-18,23.0,80.0,0.294,0.063,0.301,0.59,77.9,East India Coastal Current (EICC),0.0,NASA OSCAR L4 / INCOIS High-Res Hydrodynamic Ocean Model
3008,2026-08-18,23.0,81.0,0.242,0.267,0.36,0.7,42.2,East India Coastal Current (EICC),0.0,NASA OSCAR L4 / INCOIS High-Res Hydrodynamic Ocean Model
3009,2026-08-18,23.0,82.0,0.086,-0.048,0.098,0.19,119.2,East India Coastal Current (EICC),0.0,NASA OSCAR L4 / INCOIS High-Res Hydrodynamic Ocean Model
3010,2026-08-18,23.0,83.0,0.214,0.055,0.221,0.43,75.6,East India Coastal Current (EICC),0.0,NASA OSCAR L4 / INCOIS High-Res Hydrodynamic Ocean Model
3011,2026-08-18,23.0,84.0,0.358,0.025,0.359,0.7,86.0,East India Coastal Current (EICC),0.0,NASA OSCAR L4 / INCOIS High-Res Hydrodynamic Ocean Model
3012,2026-08-18,23.0,85.0,0.208,0.124,0.242,0.47,59.2,East India Coastal Current (EICC),0.0,NASA OSCAR L4 / INCOIS High-Res Hydrodynamic Ocean Model
3013,2026-08-18,23.0,86.0,0.269,-0.004,0.269,0.52,90.9,East India Coastal Current (EICC),0.0,NASA OSCAR L4 / INCOIS High-Res Hydrodynamic Ocean Model
3014,2026-08-18,23.0,87.0,0.156,0.211,0.262,0.51,36.5,East India Coastal Current (EICC),0.0,NASA OSCAR L4 / INCOIS High-Res Hydrodynamic Ocean Model
3015,2026-08-18,23.0,88.0,0.145,0.128,0.193,0.38,48.6,East India Coastal Current (EICC),0.0,NASA OSCAR L4 / INCOIS High-Res Hydrodynamic Ocean Model
3016,2026-08-18,23.0,89.0,0.19,0.187,0.267,0.52,45.5,East India Coastal Current (EICC),0.0,NASA OSCAR L4 / INCOIS High-Res Hydrodynamic Ocean Model
3017,2026-08-18,23.0,90.0,0.066,0.154,0.168,0.33,23.2,East India Coastal Current (EICC),0.0,NASA OSCAR L4 / INCOIS High-Res Hydrodynamic Ocean Model
3018,2026-08-18,23.0,91.0,0.145,0.171,0.224,0.44,40.3,East India Coastal Current (EICC),0.0,NASA OSCAR L4 / INCOIS High-Res Hydrodynamic Ocean Model
3019,2026-08-18,23.0,92.0,0.299,0.149,0.334,0.65,63.5,East India Coastal Current (EICC),0.0,NASA OSCAR L4 / INCOIS High-Res Hydrodynamic Ocean Model
3020,2026-08-18,23.0,93.0,0.089,0.123,0.152,0.3,35.9,East India Coastal Current (EICC),0.0,NASA OSCAR L4 / INCOIS High-Res Hydrodynamic Ocean Model
3021,2026-08-18,23.0,94.0,0.086,-0.008,0.086,0.17,95.3,East India Coastal Current (EICC),0.0,NASA OSCAR L4 / INCOIS High-Res Hydrodynamic Ocean Model
3022,2026-08-18,24.0,68.0,-0.171,-0.101,0.199,0.39,239.4,West India Coastal Current (WICC),0.0,NASA OSCAR L4 / INCOIS High-Res Hydrodynamic Ocean Model
3023,2026-08-18,24.0,69.0,-0.168,-0.395,0.429,0.83,203.0,West India Coastal Current (WICC),0.0,NASA OSCAR L4 / INCOIS High-Res Hydrodynamic Ocean Model
3024,2026-08-18,24.0,70.0,-0.111,-0.324,0.342,0.66,198.9,West India Coastal Current (WICC),0.0,NASA OSCAR L4 / INCOIS High-Res Hydrodynamic Ocean Model
3025,2026-08-18,24.0,71.0,-0.085,-0.252,0.266,0.52,198.6,West India Coastal Current (WICC),0.0,NASA OSCAR L4 / INCOIS High-Res Hydrodynamic Ocean Model
3026,2026-08-18,24.0,72.0,-0.197,-0.198,0.279,0.54,224.9,West India Coastal Current (WICC),0.0,NASA OSCAR L4 / INCOIS High-Res Hydrodynamic Ocean Model
3027,2026-08-18,24.0,73.0,-0.108,-0.234,0.258,0.5,204.8,West India Coastal Current (WICC),0.0,NASA OSCAR L4 / INCOIS High-Res Hydrodynamic Ocean Model
3028,2026-08-18,24.0,74.0,-0.232,-0.457,0.513,1.0,206.9,West India Coastal Current (WICC),0.0,NASA OSCAR L4 / INCOIS High-Res Hydrodynamic Ocean Model
3029,2026-08-18,24.0,75.0,-0.173,-0.303,0.349,0.68,209.7,West India Coastal Current (WICC),0.0,NASA OSCAR L4 / INCOIS High-Res Hydrodynamic Ocean Model
3030,2026-08-18,24.0,76.0,0.059,-0.158,0.169,0.33,159.5,West India Coastal Current (WICC),0.0,NASA OSCAR L4 / INCOIS High-Res Hydrodynamic Ocean Model
3031,2026-08-18,24.0,77.0,0.115,0.275,0.298,0.58,22.7,East India Coastal Current (EICC),0.0,NASA OSCAR L4 / INCOIS High-Res Hydrodynamic Ocean Model
3032,2026-08-18,24.0,78.0,0.215,0.023,0.216,0.42,83.9,East India Coastal Current (EICC),0.0,NASA OSCAR L4 / INCOIS High-Res Hydrodynamic Ocean Model
3033,2026-08-18,24.0,79.0,0.06,0.185,0.194,0.38,18.0,East India Coastal Current (EICC),0.0,NASA OSCAR L4 / INCOIS High-Res Hydrodynamic Ocean Model
3034,2026-08-18,24.0,80.0,0.218,0.162,0.272,0.53,53.4,East India Coastal Current (EICC),0.0,NASA OSCAR L4 / INCOIS High-Res Hydrodynamic Ocean Model
3035,2026-08-18,24.0,81.0,0.309,0.067,0.316,0.61,77.8,East India Coastal Current (EICC),0.0,NASA OSCAR L4 / INCOIS High-Res Hydrodynamic Ocean Model
3036,2026-08-18,24.0,82.0,0.094,0.195,0.216,0.42,25.7,East India Coastal Current (EICC),0.0,NASA OSCAR L4 / INCOIS High-Res Hydrodynamic Ocean Model
3037,2026-08-18,24.0,83.0,0.287,0.309,0.422,0.82,42.9,East India Coastal Current (EICC),0.0,NASA OSCAR L4 / INCOIS High-Res Hydrodynamic Ocean Model
3038,2026-08-18,24.0,84.0,0.262,0.132,0.293,0.57,63.3,East India Coastal Current (EICC),0.0,NASA OSCAR L4 / INCOIS High-Res Hydrodynamic Ocean Model
3039,2026-08-18,24.0,85.0,0.144,0.105,0.178,0.35,53.9,East India Coastal Current (EICC),0.0,NASA OSCAR L4 / INCOIS High-Res Hydrodynamic Ocean Model
3040,2026-08-18,24.0,86.0,0.137,0.152,0.205,0.4,42.0,East India Coastal Current (EICC),0.0,NASA OSCAR L4 / INCOIS High-Res Hydrodynamic Ocean Model
3041,2026-08-18,24.0,87.0,0.131,0.137,0.19,0.37,43.7,East India Coastal Current (EICC),0.0,NASA OSCAR L4 / INCOIS High-Res Hydrodynamic Ocean Model
3042,2026-08-18,24.0,88.0,0.222,0.148,0.267,0.52,56.3,East India Coastal Current (EICC),0.0,NASA OSCAR L4 / INCOIS High-Res Hydrodynamic Ocean Model
3043,2026-08-18,24.0,89.0,0.214,0.085,0.23,0.45,68.3,East India Coastal Current (EICC),0.0,NASA OSCAR L4 / INCOIS High-Res Hydrodynamic Ocean Model
3044,2026-08-18,24.0,90.0,0.241,0.242,0.342,0.66,44.9,East India Coastal Current (EICC),0.0,NASA OSCAR L4 / INCOIS High-Res Hydrodynamic Ocean Model
3045,2026-08-18,24.0,91.0,0.196,0.209,0.287,0.56,43.2,East India Coastal Current (EICC),0.0,NASA OSCAR L4 / INCOIS High-Res Hydrodynamic Ocean Model
3046,2026-08-18,24.0,92.0,0.166,0.236,0.289,0.56,35.1,East India Coastal Current (EICC),0.0,NASA OSCAR L4 / INCOIS High-Res Hydrodynamic Ocean Model
3047,2026-08-18,24.0,93.0,0.29,0.089,0.303,0.59,72.9,East India Coastal Current (EICC),0.0,NASA OSCAR L4 / INCOIS High-Res Hydrodynamic Ocean Model
3048,2026-08-18,24.0,94.0,0.283,0.139,0.315,0.61,63.8,East India Coastal Current (EICC),0.0,NASA OSCAR L4 / INCOIS High-Res Hydrodynamic Ocean Model
3049,2026-08-17,6.0,68.0,-0.076,-0.234,0.246,0.48,198.0,West India Coastal Current (WICC),0.0,NASA OSCAR L4 / INCOIS High-Res Hydrodynamic Ocean Model
3050,2026-08-17,6.0,69.0,-0.188,-0.097,0.212,0.41,242.7,West India Coastal Current (WICC),0.0,NASA OSCAR L4 / INCOIS High-Res Hydrodynamic Ocean Model
3051,2026-08-17,6.0,70.0,-0.144,-0.224,0.266,0.52,212.7,West India Coastal Current (WICC),0.0,NASA OSCAR L4 / INCOIS High-Res Hydrodynamic Ocean Model
3052,2026-08-17,6.0,71.0,-0.179,-0.138,0.226,0.44,232.4,West India Coastal Current (WICC),0.0,NASA OSCAR L4 / INCOIS High-Res Hydrodynamic Ocean Model
3053,2026-08-17,6.0,72.0,-0.185,-0.218,0.286,0.56,220.3,West India Coastal Current (WICC),0.0,NASA OSCAR L4 / INCOIS High-Res Hydrodynamic Ocean Model
3054,2026-08-17,6.0,73.0,-0.303,-0.155,0.34,0.66,242.9,West India Coastal Current (WICC),0.0,NASA OSCAR L4 / INCOIS High-Res Hydrodynamic Ocean Model
3055,2026-08-17,6.0,74.0,-0.121,-0.262,0.289,0.56,204.8,West India Coastal Current (WICC),0.0,NASA OSCAR L4 / INCOIS High-Res Hydrodynamic Ocean Model
3056,2026-08-17,6.0,75.0,-0.165,-0.093,0.189,0.37,240.6,West India Coastal Current (WICC),0.0,NASA OSCAR L4 / INCOIS High-Res Hydrodynamic Ocean Model
3057,2026-08-17,6.0,76.0,-0.177,-0.376,0.416,0.81,205.2,West India Coastal Current (WICC),0.0,NASA OSCAR L4 / INCOIS High-Res Hydrodynamic Ocean Model
3058,2026-08-17,6.0,77.0,0.265,0.261,0.372,0.72,45.4,East India Coastal Current (EICC),0.0,NASA OSCAR L4 / INCOIS High-Res Hydrodynamic Ocean Model
3059,2026-08-17,6.0,78.0,0.224,0.111,0.25,0.49,63.6,East India Coastal Current (EICC),0.0,NASA OSCAR L4 / INCOIS High-Res Hydrodynamic Ocean Model
3060,2026-08-17,6.0,79.0,0.16,0.149,0.219,0.43,47.0,East India Coastal Current (EICC),0.0,NASA OSCAR L4 / INCOIS High-Res Hydrodynamic Ocean Model
3061,2026-08-17,6.0,80.0,0.327,0.172,0.369,0.72,62.3,East India Coastal Current (EICC),0.0,NASA OSCAR L4 / INCOIS High-Res Hydrodynamic Ocean Model
3062,2026-08-17,6.0,81.0,0.066,0.193,0.204,0.4,18.9,East India Coastal Current (EICC),0.0,NASA OSCAR L4 / INCOIS High-Res Hydrodynamic Ocean Model
3063,2026-08-17,6.0,82.0,0.075,0.119,0.141,0.27,32.2,East India Coastal Current (EICC),0.0,NASA OSCAR L4 / INCOIS High-Res Hydrodynamic Ocean Model
3064,2026-08-17,6.0,83.0,0.105,0.104,0.148,0.29,45.3,East India Coastal Current (EICC),0.0,NASA OSCAR L4 / INCOIS High-Res Hydrodynamic Ocean Model
3065,2026-08-17,6.0,84.0,0.204,0.065,0.214,0.42,72.3,East India Coastal Current (EICC),0.0,NASA OSCAR L4 / INCOIS High-Res Hydrodynamic Ocean Model
3066,2026-08-17,6.0,85.0,0.056,0.142,0.153,0.3,21.5,East India Coastal Current (EICC),0.0,NASA OSCAR L4 / INCOIS High-Res Hydrodynamic Ocean Model
3067,2026-08-17,6.0,86.0,0.191,0.226,0.296,0.58,40.2,East India Coastal Current (EICC),0.0,NASA OSCAR L4 / INCOIS High-Res Hydrodynamic Ocean Model
3068,2026-08-17,6.0,87.0,0.232,0.291,0.372,0.72,38.6,East India Coastal Current (EICC),0.0,NASA OSCAR L4 / INCOIS High-Res Hydrodynamic Ocean Model
3069,2026-08-17,6.0,88.0,0.11,0.057,0.124,0.24,62.6,East India Coastal Current (EICC),0.0,NASA OSCAR L4 / INCOIS High-Res Hydrodynamic Ocean Model
3070,2026-08-17,6.0,89.0,0.044,0.205,0.21,0.41,12.1,East India Coastal Current (EICC),0.0,NASA OSCAR L4 / INCOIS High-Res Hydrodynamic Ocean Model
3071,2026-08-17,6.0,90.0,0.124,0.156,0.199,0.39,38.5,East India Coastal Current (EICC),0.0,NASA OSCAR L4 / INCOIS High-Res Hydrodynamic Ocean Model
3072,2026-08-17,6.0,91.0,0.125,0.13,0.18,0.35,43.9,East India Coastal Current (EICC),0.0,NASA OSCAR L4 / INCOIS High-Res Hydrodynamic Ocean Model
3073,2026-08-17,6.0,92.0,0.249,-0.03,0.251,0.49,96.9,East India Coastal Current (EICC),0.0,NASA OSCAR L4 / INCOIS High-Res Hydrodynamic Ocean Model
3074,2026-08-17,6.0,93.0,0.151,0.077,0.169,0.33,63.0,East India Coastal Current (EICC),0.0,NASA OSCAR L4 / INCOIS High-Res Hydrodynamic Ocean Model
3075,2026-08-17,6.0,94.0,0.332,0.226,0.402,0.78,55.8,East India Coastal Current (EICC),0.0,NASA OSCAR L4 / INCOIS High-Res Hydrodynamic Ocean Model
3076,2026-08-17,7.0,68.0,-0.33,-0.452,0.56,1.09,216.1,West India Coastal Current (WICC),0.0,NASA OSCAR L4 / INCOIS High-Res Hydrodynamic Ocean Model
3077,2026-08-17,7.0,69.0,-0.258,-0.359,0.442,0.86,215.7,West India Coastal Current (WICC),0.0,NASA OSCAR L4 / INCOIS High-Res Hydrodynamic Ocean Model
3078,2026-08-17,7.0,70.0,-0.256,-0.167,0.306,0.59,236.9,West India Coastal Current (WICC),0.0,NASA OSCAR L4 / INCOIS High-Res Hydrodynamic Ocean Model
3079,2026-08-17,7.0,71.0,-0.061,-0.231,0.239,0.46,194.8,West India Coastal Current (WICC),0.0,NASA OSCAR L4 / INCOIS High-Res Hydrodynamic Ocean Model
3080,2026-08-17,7.0,72.0,-0.14,-0.324,0.353,0.69,203.4,West India Coastal Current (WICC),0.0,NASA OSCAR L4 / INCOIS High-Res Hydrodynamic Ocean Model
3081,2026-08-17,7.0,73.0,-0.119,-0.177,0.213,0.41,213.9,West India Coastal Current (WICC),0.0,NASA OSCAR L4 / INCOIS High-Res Hydrodynamic Ocean Model
3082,2026-08-17,7.0,74.0,-0.147,-0.215,0.26,0.51,214.4,West India Coastal Current (WICC),0.0,NASA OSCAR L4 / INCOIS High-Res Hydrodynamic Ocean Model
3083,2026-08-17,7.0,75.0,-0.142,-0.314,0.345,0.67,204.3,West India Coastal Current (WICC),0.0,NASA OSCAR L4 / INCOIS High-Res Hydrodynamic Ocean Model
3084,2026-08-17,7.0,76.0,-0.125,-0.149,0.194,0.38,220.0,West India Coastal Current (WICC),0.0,NASA OSCAR L4 / INCOIS High-Res Hydrodynamic Ocean Model
3085,2026-08-17,7.0,77.0,0.229,0.165,0.282,0.55,54.2,East India Coastal Current (EICC),0.0,NASA OSCAR L4 / INCOIS High-Res Hydrodynamic Ocean Model
3086,2026-08-17,7.0,78.0,0.354,0.226,0.42,0.82,57.4,East India Coastal Current (EICC),0.0,NASA OSCAR L4 / INCOIS High-Res Hydrodynamic Ocean Model
3087,2026-08-17,7.0,79.0,0.14,0.243,0.28,0.54,29.9,East India Coastal Current (EICC),0.0,NASA OSCAR L4 / INCOIS High-Res Hydrodynamic Ocean Model
3088,2026-08-17,7.0,80.0,0.169,0.165,0.236,0.46,45.7,East India Coastal Current (EICC),0.0,NASA OSCAR L4 / INCOIS High-Res Hydrodynamic Ocean Model
3089,2026-08-17,7.0,81.0,0.149,0.161,0.219,0.43,42.8,East India Coastal Current (EICC),0.0,NASA OSCAR L4 / INCOIS High-Res Hydrodynamic Ocean Model
3090,2026-08-17,7.0,82.0,0.271,0.066,0.279,0.54,76.3,East India Coastal Current (EICC),0.0,NASA OSCAR L4 / INCOIS High-Res Hydrodynamic Ocean Model
3091,2026-08-17,7.0,83.0,0.251,0.188,0.314,0.61,53.2,East India Coastal Current (EICC),0.0,NASA OSCAR L4 / INCOIS High-Res Hydrodynamic Ocean Model
3092,2026-08-17,7.0,84.0,0.11,0.064,0.127,0.25,59.8,East India Coastal Current (EICC),0.0,NASA OSCAR L4 / INCOIS High-Res Hydrodynamic Ocean Model
3093,2026-08-17,7.0,85.0,0.203,0.277,0.343,0.67,36.2,East India Coastal Current (EICC),0.0,NASA OSCAR L4 / INCOIS High-Res Hydrodynamic Ocean Model
3094,2026-08-17,7.0,86.0,0.176,0.068,0.189,0.37,68.9,East India Coastal Current (EICC),0.0,NASA OSCAR L4 / INCOIS High-Res Hydrodynamic Ocean Model
3095,2026-08-17,7.0,87.0,0.103,-0.005,0.103,0.2,92.8,East India Coastal Current (EICC),0.0,NASA OSCAR L4 / INCOIS High-Res Hydrodynamic Ocean Model
3096,2026-08-17,7.0,88.0,0.278,0.316,0.421,0.82,41.3,East India Coastal Current (EICC),0.0,NASA OSCAR L4 / INCOIS High-Res Hydrodynamic Ocean Model
3097,2026-08-17,7.0,89.0,0.188,0.196,0.272,0.53,43.8,East India Coastal Current (EICC),0.0,NASA OSCAR L4 / INCOIS High-Res Hydrodynamic Ocean Model
3098,2026-08-17,7.0,90.0,0.125,-0.05,0.135,0.26,111.8,East India Coastal Current (EICC),0.0,NASA OSCAR L4 / INCOIS High-Res Hydrodynamic Ocean Model
3099,2026-08-17,7.0,91.0,0.256,0.139,0.291,0.57,61.5,East India Coastal Current (EICC),0.0,NASA OSCAR L4 / INCOIS High-Res Hydrodynamic Ocean Model
3100,2026-08-17,7.0,92.0,0.289,0.2,0.351,0.68,55.3,East India Coastal Current (EICC),0.0,NASA OSCAR L4 / INCOIS High-Res Hydrodynamic Ocean Model
3101,2026-08-17,7.0,93.0,0.285,0.235,0.369,0.72,50.5,East India Coastal Current (EICC),0.0,NASA OSCAR L4 / INCOIS High-Res Hydrodynamic Ocean Model
3102,2026-08-17,7.0,94.0,0.247,0.16,0.294,0.57,57.1,East India Coastal Current (EICC),0.0,NASA OSCAR L4 / INCOIS High-Res Hydrodynamic Ocean Model
3103,2026-08-17,8.0,68.0,-0.148,-0.377,0.405,0.79,201.4,West India Coastal Current (WICC),0.0,NASA OSCAR L4 / INCOIS High-Res Hydrodynamic Ocean Model
3104,2026-08-17,8.0,69.0,-0.159,-0.222,0.273,0.53,215.6,West India Coastal Current (WICC),0.0,NASA OSCAR L4 / INCOIS High-Res Hydrodynamic Ocean Model
3105,2026-08-17,8.0,70.0,-0.176,-0.246,0.302,0.59,215.6,West India Coastal Current (WICC),0.0,NASA OSCAR L4 / INCOIS High-Res Hydrodynamic Ocean Model
3106,2026-08-17,8.0,71.0,-0.226,-0.171,0.283,0.55,232.9,West India Coastal Current (WICC),0.0,NASA OSCAR L4 / INCOIS High-Res Hydrodynamic Ocean Model
3107,2026-08-17,8.0,72.0,-0.105,-0.351,0.366,0.71,196.7,West India Coastal Current (WICC),0.0,NASA OSCAR L4 / INCOIS High-Res Hydrodynamic Ocean Model
3108,2026-08-17,8.0,73.0,-0.053,-0.214,0.22,0.43,193.9,West India Coastal Current (WICC),0.0,NASA OSCAR L4 / INCOIS High-Res Hydrodynamic Ocean Model
3109,2026-08-17,8.0,74.0,-0.095,-0.297,0.312,0.61,197.7,West India Coastal Current (WICC),0.0,NASA OSCAR L4 / INCOIS High-Res Hydrodynamic Ocean Model
3110,2026-08-17,8.0,75.0,-0.13,-0.085,0.155,0.3,236.8,West India Coastal Current (WICC),0.0,NASA OSCAR L4 / INCOIS High-Res Hydrodynamic Ocean Model
3111,2026-08-17,8.0,76.0,-0.187,-0.447,0.485,0.94,202.7,West India Coastal Current (WICC),0.0,NASA OSCAR L4 / INCOIS High-Res Hydrodynamic Ocean Model
3112,2026-08-17,8.0,77.0,0.275,0.146,0.311,0.6,62.0,East India Coastal Current (EICC),0.0,NASA OSCAR L4 / INCOIS High-Res Hydrodynamic Ocean Model
3113,2026-08-17,8.0,78.0,0.155,0.259,0.302,0.59,30.9,East India Coastal Current (EICC),0.0,NASA OSCAR L4 / INCOIS High-Res Hydrodynamic Ocean Model
3114,2026-08-17,8.0,79.0,0.192,0.316,0.37,0.72,31.3,East India Coastal Current (EICC),0.0,NASA OSCAR L4 / INCOIS High-Res Hydrodynamic Ocean Model
3115,2026-08-17,8.0,80.0,0.005,0.174,0.174,0.34,1.6,East India Coastal Current (EICC),0.0,NASA OSCAR L4 / INCOIS High-Res Hydrodynamic Ocean Model
3116,2026-08-17,8.0,81.0,0.176,0.123,0.215,0.42,55.1,East India Coastal Current (EICC),0.0,NASA OSCAR L4 / INCOIS High-Res Hydrodynamic Ocean Model
3117,2026-08-17,8.0,82.0,0.288,0.027,0.289,0.56,84.6,East India Coastal Current (EICC),0.0,NASA OSCAR L4 / INCOIS High-Res Hydrodynamic Ocean Model
3118,2026-08-17,8.0,83.0,0.152,0.154,0.216,0.42,44.6,East India Coastal Current (EICC),0.0,NASA OSCAR L4 / INCOIS High-Res Hydrodynamic Ocean Model
3119,2026-08-17,8.0,84.0,0.185,0.155,0.241,0.47,50.0,East India Coastal Current (EICC),0.0,NASA OSCAR L4 / INCOIS High-Res Hydrodynamic Ocean Model
3120,2026-08-17,8.0,85.0,0.119,0.052,0.13,0.25,66.4,East India Coastal Current (EICC),0.0,NASA OSCAR L4 / INCOIS High-Res Hydrodynamic Ocean Model
3121,2026-08-17,8.0,86.0,0.212,0.096,0.233,0.45,65.6,East India Coastal Current (EICC),0.0,NASA OSCAR L4 / INCOIS High-Res Hydrodynamic Ocean Model
3122,2026-08-17,8.0,87.0,0.237,0.005,0.237,0.46,88.8,East India Coastal Current (EICC),0.0,NASA OSCAR L4 / INCOIS High-Res Hydrodynamic Ocean Model
3123,2026-08-17,8.0,88.0,0.19,0.077,0.205,0.4,67.9,East India Coastal Current (EICC),0.0,NASA OSCAR L4 / INCOIS High-Res Hydrodynamic Ocean Model
3124,2026-08-17,8.0,89.0,0.187,0.119,0.222,0.43,57.5,East India Coastal Current (EICC),0.0,NASA OSCAR L4 / INCOIS High-Res Hydrodynamic Ocean Model
3125,2026-08-17,8.0,90.0,0.272,0.183,0.328,0.64,56.1,East India Coastal Current (EICC),0.0,NASA OSCAR L4 / INCOIS High-Res Hydrodynamic Ocean Model
3126,2026-08-17,8.0,91.0,0.253,0.19,0.316,0.61,53.1,East India Coastal Current (EICC),0.0,NASA OSCAR L4 / INCOIS High-Res Hydrodynamic Ocean Model
3127,2026-08-17,8.0,92.0,0.193,0.348,0.398,0.77,29.0,East India Coastal Current (EICC),0.0,NASA OSCAR L4 / INCOIS High-Res Hydrodynamic Ocean Model
3128,2026-08-17,8.0,93.0,0.234,0.095,0.253,0.49,67.9,East India Coastal Current (EICC),0.0,NASA OSCAR L4 / INCOIS High-Res Hydrodynamic Ocean Model
3129,2026-08-17,8.0,94.0,0.279,0.404,0.491,0.95,34.6,East India Coastal Current (EICC),0.0,NASA OSCAR L4 / INCOIS High-Res Hydrodynamic Ocean Model
3130,2026-08-17,9.0,68.0,-0.191,-0.217,0.289,0.56,221.4,West India Coastal Current (WICC),0.0,NASA OSCAR L4 / INCOIS High-Res Hydrodynamic Ocean Model
3131,2026-08-17,9.0,69.0,-0.23,-0.134,0.266,0.52,239.8,West India Coastal Current (WICC),0.0,NASA OSCAR L4 / INCOIS High-Res Hydrodynamic Ocean Model
3132,2026-08-17,9.0,70.0,-0.054,-0.19,0.198,0.38,195.9,West India Coastal Current (WICC),0.0,NASA OSCAR L4 / INCOIS High-Res Hydrodynamic Ocean Model
3133,2026-08-17,9.0,71.0,-0.205,-0.077,0.219,0.43,249.4,West India Coastal Current (WICC),0.0,NASA OSCAR L4 / INCOIS High-Res Hydrodynamic Ocean Model
3134,2026-08-17,9.0,72.0,-0.064,-0.123,0.139,0.27,207.5,West India Coastal Current (WICC),0.0,NASA OSCAR L4 / INCOIS High-Res Hydrodynamic Ocean Model
3135,2026-08-17,9.0,73.0,-0.229,-0.172,0.286,0.56,233.1,West India Coastal Current (WICC),0.0,NASA OSCAR L4 / INCOIS High-Res Hydrodynamic Ocean Model
3136,2026-08-17,9.0,85.0,0.164,0.081,0.183,0.36,63.7,East India Coastal Current (EICC),0.0,NASA OSCAR L4 / INCOIS High-Res Hydrodynamic Ocean Model
3137,2026-08-17,9.0,86.0,0.181,0.042,0.186,0.36,76.9,East India Coastal Current (EICC),0.0,NASA OSCAR L4 / INCOIS High-Res Hydrodynamic Ocean Model
3138,2026-08-17,9.0,87.0,0.214,0.141,0.256,0.5,56.6,East India Coastal Current (EICC),0.0,NASA OSCAR L4 / INCOIS High-Res Hydrodynamic Ocean Model
3139,2026-08-17,9.0,88.0,0.238,0.042,0.242,0.47,80.0,East India Coastal Current (EICC),0.0,NASA OSCAR L4 / INCOIS High-Res Hydrodynamic Ocean Model
3140,2026-08-17,9.0,89.0,0.232,0.273,0.358,0.7,40.4,East India Coastal Current (EICC),0.0,NASA OSCAR L4 / INCOIS High-Res Hydrodynamic Ocean Model
3141,2026-08-17,9.0,90.0,0.276,0.297,0.405,0.79,42.9,East India Coastal Current (EICC),0.0,NASA OSCAR L4 / INCOIS High-Res Hydrodynamic Ocean Model
3142,2026-08-17,9.0,91.0,0.305,0.234,0.384,0.75,52.5,East India Coastal Current (EICC),0.0,NASA OSCAR L4 / INCOIS High-Res Hydrodynamic Ocean Model
3143,2026-08-17,9.0,92.0,0.23,0.144,0.271,0.53,57.9,East India Coastal Current (EICC),0.0,NASA OSCAR L4 / INCOIS High-Res Hydrodynamic Ocean Model
3144,2026-08-17,9.0,93.0,0.253,-0.05,0.258,0.5,101.2,East India Coastal Current (EICC),0.0,NASA OSCAR L4 / INCOIS High-Res Hydrodynamic Ocean Model
3145,2026-08-17,9.0,94.0,0.113,0.153,0.19,0.37,36.4,East India Coastal Current (EICC),0.0,NASA OSCAR L4 / INCOIS High-Res Hydrodynamic Ocean Model
3146,2026-08-17,10.0,68.0,-0.326,-0.271,0.424,0.82,230.3,West India Coastal Current (WICC),0.0,NASA OSCAR L4 / INCOIS High-Res Hydrodynamic Ocean Model
3147,2026-08-17,10.0,69.0,-0.057,-0.119,0.132,0.26,205.6,West India Coastal Current (WICC),0.0,NASA OSCAR L4 / INCOIS High-Res Hydrodynamic Ocean Model
3148,2026-08-17,10.0,70.0,-0.129,-0.315,0.34,0.66,202.3,West India Coastal Current (WICC),0.0,NASA OSCAR L4 / INCOIS High-Res Hydrodynamic Ocean Model
3149,2026-08-17,10.0,71.0,-0.247,-0.347,0.426,0.83,215.4,West India Coastal Current (WICC),0.0,NASA OSCAR L4 / INCOIS High-Res Hydrodynamic Ocean Model
3150,2026-08-17,10.0,72.0,-0.108,-0.271,0.292,0.57,201.7,West India Coastal Current (WICC),0.0,NASA OSCAR L4 / INCOIS High-Res Hydrodynamic Ocean Model
3151,2026-08-17,10.0,73.0,-0.123,-0.126,0.176,0.34,224.3,West India Coastal Current (WICC),0.0,NASA OSCAR L4 / INCOIS High-Res Hydrodynamic Ocean Model
3152,2026-08-17,10.0,85.0,0.079,-0.178,0.195,0.38,156.1,East India Coastal Current (EICC),0.0,NASA OSCAR L4 / INCOIS High-Res Hydrodynamic Ocean Model
3153,2026-08-17,10.0,86.0,0.158,0.291,0.331,0.64,28.5,East India Coastal Current (EICC),0.0,NASA OSCAR L4 / INCOIS High-Res Hydrodynamic Ocean Model
3154,2026-08-17,10.0,87.0,0.344,0.125,0.366,0.71,70.0,East India Coastal Current (EICC),0.0,NASA OSCAR L4 / INCOIS High-Res Hydrodynamic Ocean Model
3155,2026-08-17,10.0,88.0,0.153,0.136,0.205,0.4,48.4,East India Coastal Current (EICC),0.0,NASA OSCAR L4 / INCOIS High-Res Hydrodynamic Ocean Model
3156,2026-08-17,10.0,89.0,0.236,-0.033,0.238,0.46,98.0,East India Coastal Current (EICC),0.0,NASA OSCAR L4 / INCOIS High-Res Hydrodynamic Ocean Model
3157,2026-08-17,10.0,90.0,0.138,0.005,0.138,0.27,87.9,East India Coastal Current (EICC),0.0,NASA OSCAR L4 / INCOIS High-Res Hydrodynamic Ocean Model
3158,2026-08-17,10.0,91.0,0.31,0.038,0.312,0.61,83.0,East India Coastal Current (EICC),0.0,NASA OSCAR L4 / INCOIS High-Res Hydrodynamic Ocean Model
3159,2026-08-17,10.0,92.0,0.255,0.128,0.285,0.55,63.3,East India Coastal Current (EICC),0.0,NASA OSCAR L4 / INCOIS High-Res Hydrodynamic Ocean Model
3160,2026-08-17,10.0,93.0,0.27,0.175,0.322,0.63,57.1,East India Coastal Current (EICC),0.0,NASA OSCAR L4 / INCOIS High-Res Hydrodynamic Ocean Model
3161,2026-08-17,10.0,94.0,0.02,0.257,0.258,0.5,4.4,East India Coastal Current (EICC),0.0,NASA OSCAR L4 / INCOIS High-Res Hydrodynamic Ocean Model
3162,2026-08-17,11.0,68.0,-0.108,-0.497,0.509,0.99,192.3,West India Coastal Current (WICC),0.0,NASA OSCAR L4 / INCOIS High-Res Hydrodynamic Ocean Model
3163,2026-08-17,11.0,69.0,-0.2,-0.258,0.326,0.63,217.8,West India Coastal Current (WICC),0.0,NASA OSCAR L4 / INCOIS High-Res Hydrodynamic Ocean Model
3164,2026-08-17,11.0,70.0,-0.193,-0.277,0.338,0.66,214.9,West India Coastal Current (WICC),0.0,NASA OSCAR L4 / INCOIS High-Res Hydrodynamic Ocean Model
3165,2026-08-17,11.0,71.0,-0.073,-0.14,0.158,0.31,207.5,West India Coastal Current (WICC),0.0,NASA OSCAR L4 / INCOIS High-Res Hydrodynamic Ocean Model
3166,2026-08-17,11.0,72.0,-0.116,-0.269,0.293,0.57,203.3,West India Coastal Current (WICC),0.0,NASA OSCAR L4 / INCOIS High-Res Hydrodynamic Ocean Model
3167,2026-08-17,11.0,73.0,-0.087,-0.263,0.277,0.54,198.3,West India Coastal Current (WICC),0.0,NASA OSCAR L4 / INCOIS High-Res Hydrodynamic Ocean Model
3168,2026-08-17,11.0,85.0,0.132,0.179,0.222,0.43,36.4,East India Coastal Current (EICC),0.0,NASA OSCAR L4 / INCOIS High-Res Hydrodynamic Ocean Model
3169,2026-08-17,11.0,86.0,0.09,0.298,0.311,0.6,16.8,East India Coastal Current (EICC),0.0,NASA OSCAR L4 / INCOIS High-Res Hydrodynamic Ocean Model
3170,2026-08-17,11.0,87.0,0.291,0.15,0.327,0.64,62.7,East India Coastal Current (EICC),0.0,NASA OSCAR L4 / INCOIS High-Res Hydrodynamic Ocean Model
3171,2026-08-17,11.0,88.0,0.165,0.123,0.206,0.4,53.3,East India Coastal Current (EICC),0.0,NASA OSCAR L4 / INCOIS High-Res Hydrodynamic Ocean Model
3172,2026-08-17,11.0,89.0,0.247,0.119,0.274,0.53,64.3,East India Coastal Current (EICC),0.0,NASA OSCAR L4 / INCOIS High-Res Hydrodynamic Ocean Model
3173,2026-08-17,11.0,90.0,0.113,0.125,0.169,0.33,42.1,East India Coastal Current (EICC),0.0,NASA OSCAR L4 / INCOIS High-Res Hydrodynamic Ocean Model
3174,2026-08-17,11.0,91.0,0.191,0.213,0.286,0.56,41.9,East India Coastal Current (EICC),0.0,NASA OSCAR L4 / INCOIS High-Res Hydrodynamic Ocean Model
3175,2026-08-17,11.0,92.0,0.047,0.27,0.274,0.53,9.9,East India Coastal Current (EICC),0.0,NASA OSCAR L4 / INCOIS High-Res Hydrodynamic Ocean Model
3176,2026-08-17,11.0,93.0,0.208,0.126,0.243,0.47,58.8,East India Coastal Current (EICC),0.0,NASA OSCAR L4 / INCOIS High-Res Hydrodynamic Ocean Model
3177,2026-08-17,11.0,94.0,0.107,0.217,0.242,0.47,26.2,East India Coastal Current (EICC),0.0,NASA OSCAR L4 / INCOIS High-Res Hydrodynamic Ocean Model
3178,2026-08-17,12.0,68.0,-0.075,-0.249,0.26,0.51,196.8,West India Coastal Current (WICC),0.0,NASA OSCAR L4 / INCOIS High-Res Hydrodynamic Ocean Model
3179,2026-08-17,12.0,69.0,-0.158,-0.357,0.39,0.76,203.9,West India Coastal Current (WICC),0.0,NASA OSCAR L4 / INCOIS High-Res Hydrodynamic Ocean Model
3180,2026-08-17,12.0,70.0,-0.257,-0.136,0.291,0.57,242.1,West India Coastal Current (WICC),0.0,NASA OSCAR L4 / INCOIS High-Res Hydrodynamic Ocean Model
3181,2026-08-17,12.0,71.0,-0.2,-0.238,0.311,0.6,220.0,West India Coastal Current (WICC),0.0,NASA OSCAR L4 / INCOIS High-Res Hydrodynamic Ocean Model
3182,2026-08-17,12.0,72.0,-0.158,-0.113,0.194,0.38,234.4,West India Coastal Current (WICC),0.0,NASA OSCAR L4 / INCOIS High-Res Hydrodynamic Ocean Model
3183,2026-08-17,12.0,73.0,-0.164,-0.252,0.301,0.59,213.1,West India Coastal Current (WICC),0.0,NASA OSCAR L4 / INCOIS High-Res Hydrodynamic Ocean Model
3184,2026-08-17,12.0,85.0,0.226,0.158,0.276,0.54,55.0,East India Coastal Current (EICC),0.0,NASA OSCAR L4 / INCOIS High-Res Hydrodynamic Ocean Model
3185,2026-08-17,12.0,86.0,0.145,0.025,0.147,0.29,80.2,East India Coastal Current (EICC),0.0,NASA OSCAR L4 / INCOIS High-Res Hydrodynamic Ocean Model
3186,2026-08-17,12.0,87.0,0.117,0.115,0.164,0.32,45.5,East India Coastal Current (EICC),0.0,NASA OSCAR L4 / INCOIS High-Res Hydrodynamic Ocean Model
3187,2026-08-17,12.0,88.0,0.214,0.337,0.399,0.78,32.4,East India Coastal Current (EICC),0.0,NASA OSCAR L4 / INCOIS High-Res Hydrodynamic Ocean Model
3188,2026-08-17,12.0,89.0,0.33,0.075,0.338,0.66,77.2,East India Coastal Current (EICC),0.0,NASA OSCAR L4 / INCOIS High-Res Hydrodynamic Ocean Model
3189,2026-08-17,12.0,90.0,0.118,0.041,0.125,0.24,70.8,East India Coastal Current (EICC),0.0,NASA OSCAR L4 / INCOIS High-Res Hydrodynamic Ocean Model
3190,2026-08-17,12.0,91.0,0.232,0.134,0.268,0.52,60.0,East India Coastal Current (EICC),0.0,NASA OSCAR L4 / INCOIS High-Res Hydrodynamic Ocean Model
3191,2026-08-17,12.0,92.0,0.363,0.276,0.456,0.89,52.8,East India Coastal Current (EICC),0.0,NASA OSCAR L4 / INCOIS High-Res Hydrodynamic Ocean Model
3192,2026-08-17,12.0,93.0,0.319,0.081,0.329,0.64,75.8,East India Coastal Current (EICC),0.0,NASA OSCAR L4 / INCOIS High-Res Hydrodynamic Ocean Model
3193,2026-08-17,12.0,94.0,0.053,0.177,0.185,0.36,16.7,East India Coastal Current (EICC),0.0,NASA OSCAR L4 / INCOIS High-Res Hydrodynamic Ocean Model
3194,2026-08-17,13.0,68.0,-0.127,-0.112,0.169,0.33,228.6,West India Coastal Current (WICC),0.0,NASA OSCAR L4 / INCOIS High-Res Hydrodynamic Ocean Model
3195,2026-08-17,13.0,69.0,-0.22,-0.267,0.346,0.67,219.5,West India Coastal Current (WICC),0.0,NASA OSCAR L4 / INCOIS High-Res Hydrodynamic Ocean Model
3196,2026-08-17,13.0,70.0,-0.287,-0.186,0.342,0.66,237.1,West India Coastal Current (WICC),0.0,NASA OSCAR L4 / INCOIS High-Res Hydrodynamic Ocean Model
3197,2026-08-17,13.0,71.0,-0.146,-0.357,0.386,0.75,202.2,West India Coastal Current (WICC),0.0,NASA OSCAR L4 / INCOIS High-Res Hydrodynamic Ocean Model
3198,2026-08-17,13.0,72.0,-0.22,-0.123,0.252,0.49,240.8,West India Coastal Current (WICC),0.0,NASA OSCAR L4 / INCOIS High-Res Hydrodynamic Ocean Model
3199,2026-08-17,13.0,73.0,-0.137,-0.377,0.401,0.78,200.0,West India Coastal Current (WICC),0.0,NASA OSCAR L4 / INCOIS High-Res Hydrodynamic Ocean Model
3200,2026-08-17,13.0,85.0,0.237,0.093,0.255,0.5,68.6,East India Coastal Current (EICC),0.0,NASA OSCAR L4 / INCOIS High-Res Hydrodynamic Ocean Model
3201,2026-08-17,13.0,86.0,0.165,0.133,0.212,0.41,51.1,East India Coastal Current (EICC),0.0,NASA OSCAR L4 / INCOIS High-Res Hydrodynamic Ocean Model
3202,2026-08-17,13.0,87.0,0.077,0.117,0.14,0.27,33.3,East India Coastal Current (EICC),0.0,NASA OSCAR L4 / INCOIS High-Res Hydrodynamic Ocean Model
3203,2026-08-17,13.0,88.0,0.209,0.154,0.26,0.51,53.6,East India Coastal Current (EICC),0.0,NASA OSCAR L4 / INCOIS High-Res Hydrodynamic Ocean Model
3204,2026-08-17,13.0,89.0,0.329,0.167,0.369,0.72,63.1,East India Coastal Current (EICC),0.0,NASA OSCAR L4 / INCOIS High-Res Hydrodynamic Ocean Model
3205,2026-08-17,13.0,90.0,0.195,0.186,0.269,0.52,46.4,East India Coastal Current (EICC),0.0,NASA OSCAR L4 / INCOIS High-Res Hydrodynamic Ocean Model
3206,2026-08-17,13.0,91.0,0.162,0.048,0.169,0.33,73.5,East India Coastal Current (EICC),0.0,NASA OSCAR L4 / INCOIS High-Res Hydrodynamic Ocean Model
3207,2026-08-17,13.0,92.0,0.245,0.305,0.391,0.76,38.8,East India Coastal Current (EICC),0.0,NASA OSCAR L4 / INCOIS High-Res Hydrodynamic Ocean Model
3208,2026-08-17,13.0,93.0,0.254,0.095,0.271,0.53,69.5,East India Coastal Current (EICC),0.0,NASA OSCAR L4 / INCOIS High-Res Hydrodynamic Ocean Model
3209,2026-08-17,13.0,94.0,0.11,0.043,0.118,0.23,68.6,East India Coastal Current (EICC),0.0,NASA OSCAR L4 / INCOIS High-Res Hydrodynamic Ocean Model
3210,2026-08-17,14.0,68.0,-0.102,-0.238,0.259,0.5,203.2,West India Coastal Current (WICC),0.0,NASA OSCAR L4 / INCOIS High-Res Hydrodynamic Ocean Model
3211,2026-08-17,14.0,69.0,-0.154,0.002,0.154,0.3,270.7,West India Coastal Current (WICC),0.0,NASA OSCAR L4 / INCOIS High-Res Hydrodynamic Ocean Model
3212,2026-08-17,14.0,70.0,-0.07,-0.212,0.223,0.43,198.3,West India Coastal Current (WICC),0.0,NASA OSCAR L4 / INCOIS High-Res Hydrodynamic Ocean Model
3213,2026-08-17,14.0,71.0,-0.312,-0.389,0.499,0.97,218.7,West India Coastal Current (WICC),0.0,NASA OSCAR L4 / INCOIS High-Res Hydrodynamic Ocean Model
3214,2026-08-17,14.0,72.0,-0.261,-0.282,0.384,0.75,222.8,West India Coastal Current (WICC),0.0,NASA OSCAR L4 / INCOIS High-Res Hydrodynamic Ocean Model
3215,2026-08-17,14.0,73.0,-0.229,-0.188,0.296,0.58,230.6,West India Coastal Current (WICC),0.0,NASA OSCAR L4 / INCOIS High-Res Hydrodynamic Ocean Model
3216,2026-08-17,14.0,85.0,0.18,0.163,0.243,0.47,47.8,East India Coastal Current (EICC),0.0,NASA OSCAR L4 / INCOIS High-Res Hydrodynamic Ocean Model
3217,2026-08-17,14.0,86.0,0.034,0.376,0.378,0.73,5.2,East India Coastal Current (EICC),0.0,NASA OSCAR L4 / INCOIS High-Res Hydrodynamic Ocean Model
3218,2026-08-17,14.0,87.0,0.126,-0.021,0.128,0.25,99.5,East India Coastal Current (EICC),0.0,NASA OSCAR L4 / INCOIS High-Res Hydrodynamic Ocean Model
3219,2026-08-17,14.0,88.0,0.181,0.112,0.213,0.41,58.3,East India Coastal Current (EICC),0.0,NASA OSCAR L4 / INCOIS High-Res Hydrodynamic Ocean Model
3220,2026-08-17,14.0,89.0,0.203,-0.119,0.235,0.46,120.4,East India Coastal Current (EICC),0.0,NASA OSCAR L4 / INCOIS High-Res Hydrodynamic Ocean Model
3221,2026-08-17,14.0,90.0,0.084,0.25,0.264,0.51,18.6,East India Coastal Current (EICC),0.0,NASA OSCAR L4 / INCOIS High-Res Hydrodynamic Ocean Model
3222,2026-08-17,14.0,91.0,0.343,-0.042,0.346,0.67,97.0,East India Coastal Current (EICC),0.0,NASA OSCAR L4 / INCOIS High-Res Hydrodynamic Ocean Model
3223,2026-08-17,14.0,92.0,0.258,0.113,0.282,0.55,66.3,East India Coastal Current (EICC),0.0,NASA OSCAR L4 / INCOIS High-Res Hydrodynamic Ocean Model
3224,2026-08-17,14.0,93.0,0.128,0.155,0.201,0.39,39.6,East India Coastal Current (EICC),0.0,NASA OSCAR L4 / INCOIS High-Res Hydrodynamic Ocean Model
3225,2026-08-17,14.0,94.0,0.103,0.126,0.163,0.32,39.3,East India Coastal Current (EICC),0.0,NASA OSCAR L4 / INCOIS High-Res Hydrodynamic Ocean Model
3226,2026-08-17,15.0,68.0,-0.16,-0.364,0.398,0.77,203.7,West India Coastal Current (WICC),0.0,NASA OSCAR L4 / INCOIS High-Res Hydrodynamic Ocean Model
3227,2026-08-17,15.0,69.0,-0.025,-0.173,0.175,0.34,188.2,West India Coastal Current (WICC),0.0,NASA OSCAR L4 / INCOIS High-Res Hydrodynamic Ocean Model
3228,2026-08-17,15.0,70.0,-0.089,-0.147,0.172,0.33,211.2,West India Coastal Current (WICC),0.0,NASA OSCAR L4 / INCOIS High-Res Hydrodynamic Ocean Model
3229,2026-08-17,15.0,71.0,-0.12,-0.254,0.281,0.55,205.3,West India Coastal Current (WICC),0.0,NASA OSCAR L4 / INCOIS High-Res Hydrodynamic Ocean Model
3230,2026-08-17,15.0,72.0,-0.201,-0.3,0.361,0.7,213.8,West India Coastal Current (WICC),0.0,NASA OSCAR L4 / INCOIS High-Res Hydrodynamic Ocean Model
3231,2026-08-17,15.0,73.0,-0.072,-0.245,0.255,0.5,196.4,West India Coastal Current (WICC),0.0,NASA OSCAR L4 / INCOIS High-Res Hydrodynamic Ocean Model
3232,2026-08-17,15.0,85.0,0.173,-0.03,0.176,0.34,99.8,East India Coastal Current (EICC),0.0,NASA OSCAR L4 / INCOIS High-Res Hydrodynamic Ocean Model
3233,2026-08-17,15.0,86.0,0.304,0.06,0.31,0.6,78.8,East India Coastal Current (EICC),0.0,NASA OSCAR L4 / INCOIS High-Res Hydrodynamic Ocean Model
3234,2026-08-17,15.0,87.0,0.371,0.3,0.477,0.93,51.0,East India Coastal Current (EICC),0.0,NASA OSCAR L4 / INCOIS High-Res Hydrodynamic Ocean Model
3235,2026-08-17,15.0,88.0,0.237,0.05,0.242,0.47,78.1,East India Coastal Current (EICC),0.0,NASA OSCAR L4 / INCOIS High-Res Hydrodynamic Ocean Model
3236,2026-08-17,15.0,89.0,0.198,0.156,0.252,0.49,51.8,East India Coastal Current (EICC),0.0,NASA OSCAR L4 / INCOIS High-Res Hydrodynamic Ocean Model
3237,2026-08-17,15.0,90.0,0.242,0.045,0.246,0.48,79.5,East India Coastal Current (EICC),0.0,NASA OSCAR L4 / INCOIS High-Res Hydrodynamic Ocean Model
3238,2026-08-17,15.0,91.0,-0.012,0.095,0.096,0.19,352.8,East India Coastal Current (EICC),0.0,NASA OSCAR L4 / INCOIS High-Res Hydrodynamic Ocean Model
3239,2026-08-17,15.0,92.0,0.251,0.266,0.366,0.71,43.3,East India Coastal Current (EICC),0.0,NASA OSCAR L4 / INCOIS High-Res Hydrodynamic Ocean Model
3240,2026-08-17,15.0,93.0,0.334,0.278,0.435,0.85,50.2,East India Coastal Current (EICC),0.0,NASA OSCAR L4 / INCOIS High-Res Hydrodynamic Ocean Model
3241,2026-08-17,15.0,94.0,0.266,0.107,0.287,0.56,68.1,East India Coastal Current (EICC),0.0,NASA OSCAR L4 / INCOIS High-Res Hydrodynamic Ocean Model
3242,2026-08-17,16.0,68.0,-0.223,-0.253,0.337,0.66,221.4,West India Coastal Current (WICC),0.0,NASA OSCAR L4 / INCOIS High-Res Hydrodynamic Ocean Model
3243,2026-08-17,16.0,69.0,-0.251,-0.263,0.364,0.71,223.7,West India Coastal Current (WICC),0.0,NASA OSCAR L4 / INCOIS High-Res Hydrodynamic Ocean Model
3244,2026-08-17,16.0,70.0,-0.205,-0.22,0.301,0.59,223.0,West India Coastal Current (WICC),0.0,NASA OSCAR L4 / INCOIS High-Res Hydrodynamic Ocean Model
3245,2026-08-17,16.0,71.0,-0.18,-0.36,0.402,0.78,206.6,West India Coastal Current (WICC),0.0,NASA OSCAR L4 / INCOIS High-Res Hydrodynamic Ocean Model
3246,2026-08-17,16.0,72.0,-0.133,-0.073,0.152,0.3,241.2,West India Coastal Current (WICC),0.0,NASA OSCAR L4 / INCOIS High-Res Hydrodynamic Ocean Model
3247,2026-08-17,16.0,73.0,-0.284,-0.259,0.384,0.75,227.6,West India Coastal Current (WICC),0.0,NASA OSCAR L4 / INCOIS High-Res Hydrodynamic Ocean Model
3248,2026-08-17,16.0,85.0,0.267,0.081,0.279,0.54,73.1,East India Coastal Current (EICC),0.0,NASA OSCAR L4 / INCOIS High-Res Hydrodynamic Ocean Model
3249,2026-08-17,16.0,86.0,0.054,0.113,0.125,0.24,25.5,East India Coastal Current (EICC),0.0,NASA OSCAR L4 / INCOIS High-Res Hydrodynamic Ocean Model
3250,2026-08-17,16.0,87.0,0.16,0.066,0.173,0.34,67.6,East India Coastal Current (EICC),0.0,NASA OSCAR L4 / INCOIS High-Res Hydrodynamic Ocean Model
3251,2026-08-17,16.0,88.0,0.317,0.036,0.319,0.62,83.5,East India Coastal Current (EICC),0.0,NASA OSCAR L4 / INCOIS High-Res Hydrodynamic Ocean Model
3252,2026-08-17,16.0,89.0,0.163,0.308,0.348,0.68,27.9,East India Coastal Current (EICC),0.0,NASA OSCAR L4 / INCOIS High-Res Hydrodynamic Ocean Model
3253,2026-08-17,16.0,90.0,0.33,0.123,0.352,0.68,69.6,East India Coastal Current (EICC),0.0,NASA OSCAR L4 / INCOIS High-Res Hydrodynamic Ocean Model
3254,2026-08-17,16.0,91.0,0.06,0.306,0.312,0.61,11.1,East India Coastal Current (EICC),0.0,NASA OSCAR L4 / INCOIS High-Res Hydrodynamic Ocean Model
3255,2026-08-17,16.0,92.0,0.226,0.042,0.23,0.45,79.5,East India Coastal Current (EICC),0.0,NASA OSCAR L4 / INCOIS High-Res Hydrodynamic Ocean Model
3256,2026-08-17,16.0,93.0,0.228,0.253,0.341,0.66,42.0,East India Coastal Current (EICC),0.0,NASA OSCAR L4 / INCOIS High-Res Hydrodynamic Ocean Model
3257,2026-08-17,16.0,94.0,0.218,0.195,0.292,0.57,48.2,East India Coastal Current (EICC),0.0,NASA OSCAR L4 / INCOIS High-Res Hydrodynamic Ocean Model
3258,2026-08-17,17.0,68.0,-0.174,-0.133,0.219,0.43,232.6,West India Coastal Current (WICC),0.0,NASA OSCAR L4 / INCOIS High-Res Hydrodynamic Ocean Model
3259,2026-08-17,17.0,69.0,-0.081,-0.322,0.332,0.65,194.1,West India Coastal Current (WICC),0.0,NASA OSCAR L4 / INCOIS High-Res Hydrodynamic Ocean Model
3260,2026-08-17,17.0,70.0,-0.299,-0.188,0.353,0.69,237.8,West India Coastal Current (WICC),0.0,NASA OSCAR L4 / INCOIS High-Res Hydrodynamic Ocean Model
3261,2026-08-17,17.0,71.0,-0.278,-0.234,0.363,0.71,229.9,West India Coastal Current (WICC),0.0,NASA OSCAR L4 / INCOIS High-Res Hydrodynamic Ocean Model
3262,2026-08-17,17.0,72.0,-0.129,-0.107,0.168,0.33,230.3,West India Coastal Current (WICC),0.0,NASA OSCAR L4 / INCOIS High-Res Hydrodynamic Ocean Model
3263,2026-08-17,17.0,73.0,-0.048,-0.11,0.12,0.23,203.6,West India Coastal Current (WICC),0.0,NASA OSCAR L4 / INCOIS High-Res Hydrodynamic Ocean Model
3264,2026-08-17,17.0,85.0,0.313,0.221,0.383,0.74,54.8,East India Coastal Current (EICC),0.0,NASA OSCAR L4 / INCOIS High-Res Hydrodynamic Ocean Model
3265,2026-08-17,17.0,86.0,0.287,0.159,0.328,0.64,61.0,East India Coastal Current (EICC),0.0,NASA OSCAR L4 / INCOIS High-Res Hydrodynamic Ocean Model
3266,2026-08-17,17.0,87.0,0.227,0.112,0.253,0.49,63.7,East India Coastal Current (EICC),0.0,NASA OSCAR L4 / INCOIS High-Res Hydrodynamic Ocean Model
3267,2026-08-17,17.0,88.0,0.164,0.256,0.304,0.59,32.6,East India Coastal Current (EICC),0.0,NASA OSCAR L4 / INCOIS High-Res Hydrodynamic Ocean Model
3268,2026-08-17,17.0,89.0,0.107,0.197,0.224,0.44,28.5,East India Coastal Current (EICC),0.0,NASA OSCAR L4 / INCOIS High-Res Hydrodynamic Ocean Model
3269,2026-08-17,17.0,90.0,0.144,0.215,0.259,0.5,33.8,East India Coastal Current (EICC),0.0,NASA OSCAR L4 / INCOIS High-Res Hydrodynamic Ocean Model
3270,2026-08-17,17.0,91.0,0.285,0.114,0.307,0.6,68.2,East India Coastal Current (EICC),0.0,NASA OSCAR L4 / INCOIS High-Res Hydrodynamic Ocean Model
3271,2026-08-17,17.0,92.0,0.173,-0.016,0.174,0.34,95.3,East India Coastal Current (EICC),0.0,NASA OSCAR L4 / INCOIS High-Res Hydrodynamic Ocean Model
3272,2026-08-17,17.0,93.0,0.127,0.045,0.135,0.26,70.5,East India Coastal Current (EICC),0.0,NASA OSCAR L4 / INCOIS High-Res Hydrodynamic Ocean Model
3273,2026-08-17,17.0,94.0,0.06,0.02,0.063,0.12,71.6,East India Coastal Current (EICC),0.0,NASA OSCAR L4 / INCOIS High-Res Hydrodynamic Ocean Model
3274,2026-08-17,18.0,68.0,-0.225,-0.14,0.265,0.52,238.1,West India Coastal Current (WICC),0.0,NASA OSCAR L4 / INCOIS High-Res Hydrodynamic Ocean Model
3275,2026-08-17,18.0,69.0,-0.146,-0.272,0.309,0.6,208.2,West India Coastal Current (WICC),0.0,NASA OSCAR L4 / INCOIS High-Res Hydrodynamic Ocean Model
3276,2026-08-17,18.0,70.0,-0.224,-0.144,0.266,0.52,237.3,West India Coastal Current (WICC),0.0,NASA OSCAR L4 / INCOIS High-Res Hydrodynamic Ocean Model
3277,2026-08-17,18.0,71.0,-0.11,-0.243,0.267,0.52,204.4,West India Coastal Current (WICC),0.0,NASA OSCAR L4 / INCOIS High-Res Hydrodynamic Ocean Model
3278,2026-08-17,18.0,72.0,-0.12,-0.128,0.175,0.34,223.2,West India Coastal Current (WICC),0.0,NASA OSCAR L4 / INCOIS High-Res Hydrodynamic Ocean Model
3279,2026-08-17,18.0,73.0,0.046,-0.231,0.236,0.46,168.7,West India Coastal Current (WICC),0.0,NASA OSCAR L4 / INCOIS High-Res Hydrodynamic Ocean Model
3280,2026-08-17,18.0,85.0,0.084,0.106,0.135,0.26,38.4,East India Coastal Current (EICC),0.0,NASA OSCAR L4 / INCOIS High-Res Hydrodynamic Ocean Model
3281,2026-08-17,18.0,86.0,0.293,0.221,0.367,0.71,53.0,East India Coastal Current (EICC),0.0,NASA OSCAR L4 / INCOIS High-Res Hydrodynamic Ocean Model
3282,2026-08-17,18.0,87.0,0.186,0.147,0.237,0.46,51.7,East India Coastal Current (EICC),0.0,NASA OSCAR L4 / INCOIS High-Res Hydrodynamic Ocean Model
3283,2026-08-17,18.0,88.0,0.276,0.149,0.314,0.61,61.6,East India Coastal Current (EICC),0.0,NASA OSCAR L4 / INCOIS High-Res Hydrodynamic Ocean Model
3284,2026-08-17,18.0,89.0,0.25,0.225,0.336,0.65,48.0,East India Coastal Current (EICC),0.0,NASA OSCAR L4 / INCOIS High-Res Hydrodynamic Ocean Model
3285,2026-08-17,18.0,90.0,0.231,0.067,0.241,0.47,73.8,East India Coastal Current (EICC),0.0,NASA OSCAR L4 / INCOIS High-Res Hydrodynamic Ocean Model
3286,2026-08-17,18.0,91.0,0.23,0.165,0.283,0.55,54.3,East India Coastal Current (EICC),0.0,NASA OSCAR L4 / INCOIS High-Res Hydrodynamic Ocean Model
3287,2026-08-17,18.0,92.0,0.271,0.046,0.275,0.53,80.4,East India Coastal Current (EICC),0.0,NASA OSCAR L4 / INCOIS High-Res Hydrodynamic Ocean Model
3288,2026-08-17,18.0,93.0,0.165,0.075,0.181,0.35,65.6,East India Coastal Current (EICC),0.0,NASA OSCAR L4 / INCOIS High-Res Hydrodynamic Ocean Model
3289,2026-08-17,18.0,94.0,0.312,0.084,0.323,0.63,74.9,East India Coastal Current (EICC),0.0,NASA OSCAR L4 / INCOIS High-Res Hydrodynamic Ocean Model
3290,2026-08-17,19.0,68.0,-0.046,-0.239,0.243,0.47,190.9,West India Coastal Current (WICC),0.0,NASA OSCAR L4 / INCOIS High-Res Hydrodynamic Ocean Model
3291,2026-08-17,19.0,69.0,-0.204,-0.281,0.347,0.67,216.0,West India Coastal Current (WICC),0.0,NASA OSCAR L4 / INCOIS High-Res Hydrodynamic Ocean Model
3292,2026-08-17,19.0,70.0,-0.13,-0.185,0.226,0.44,215.1,West India Coastal Current (WICC),0.0,NASA OSCAR L4 / INCOIS High-Res Hydrodynamic Ocean Model
3293,2026-08-17,19.0,71.0,-0.038,-0.249,0.252,0.49,188.7,West India Coastal Current (WICC),0.0,NASA OSCAR L4 / INCOIS High-Res Hydrodynamic Ocean Model
3294,2026-08-17,19.0,72.0,-0.119,-0.393,0.411,0.8,196.8,West India Coastal Current (WICC),0.0,NASA OSCAR L4 / INCOIS High-Res Hydrodynamic Ocean Model
3295,2026-08-17,19.0,73.0,-0.21,-0.222,0.306,0.59,223.4,West India Coastal Current (WICC),0.0,NASA OSCAR L4 / INCOIS High-Res Hydrodynamic Ocean Model
3296,2026-08-17,19.0,85.0,0.124,0.13,0.18,0.35,43.6,East India Coastal Current (EICC),0.0,NASA OSCAR L4 / INCOIS High-Res Hydrodynamic Ocean Model
3297,2026-08-17,19.0,86.0,0.209,0.127,0.245,0.48,58.7,East India Coastal Current (EICC),0.0,NASA OSCAR L4 / INCOIS High-Res Hydrodynamic Ocean Model
3298,2026-08-17,19.0,87.0,0.377,0.3,0.482,0.94,51.5,East India Coastal Current (EICC),0.0,NASA OSCAR L4 / INCOIS High-Res Hydrodynamic Ocean Model
3299,2026-08-17,19.0,88.0,0.266,0.177,0.32,0.62,56.4,East India Coastal Current (EICC),0.0,NASA OSCAR L4 / INCOIS High-Res Hydrodynamic Ocean Model
3300,2026-08-17,19.0,89.0,0.183,0.289,0.342,0.66,32.3,East India Coastal Current (EICC),0.0,NASA OSCAR L4 / INCOIS High-Res Hydrodynamic Ocean Model
3301,2026-08-17,19.0,90.0,0.28,0.176,0.331,0.64,57.8,East India Coastal Current (EICC),0.0,NASA OSCAR L4 / INCOIS High-Res Hydrodynamic Ocean Model
3302,2026-08-17,19.0,91.0,0.253,0.005,0.253,0.49,88.9,East India Coastal Current (EICC),0.0,NASA OSCAR L4 / INCOIS High-Res Hydrodynamic Ocean Model
3303,2026-08-17,19.0,92.0,0.241,0.195,0.31,0.6,51.0,East India Coastal Current (EICC),0.0,NASA OSCAR L4 / INCOIS High-Res Hydrodynamic Ocean Model
3304,2026-08-17,19.0,93.0,0.226,0.361,0.426,0.83,32.0,East India Coastal Current (EICC),0.0,NASA OSCAR L4 / INCOIS High-Res Hydrodynamic Ocean Model
3305,2026-08-17,19.0,94.0,0.325,0.129,0.35,0.68,68.4,East India Coastal Current (EICC),0.0,NASA OSCAR L4 / INCOIS High-Res Hydrodynamic Ocean Model
3306,2026-08-17,20.0,68.0,-0.052,-0.24,0.246,0.48,192.2,West India Coastal Current (WICC),0.0,NASA OSCAR L4 / INCOIS High-Res Hydrodynamic Ocean Model
3307,2026-08-17,20.0,69.0,0.065,-0.162,0.175,0.34,158.1,West India Coastal Current (WICC),0.0,NASA OSCAR L4 / INCOIS High-Res Hydrodynamic Ocean Model
3308,2026-08-17,20.0,70.0,-0.202,-0.086,0.22,0.43,246.9,West India Coastal Current (WICC),0.0,NASA OSCAR L4 / INCOIS High-Res Hydrodynamic Ocean Model
3309,2026-08-17,20.0,71.0,-0.165,-0.161,0.231,0.45,225.7,West India Coastal Current (WICC),0.0,NASA OSCAR L4 / INCOIS High-Res Hydrodynamic Ocean Model
3310,2026-08-17,20.0,72.0,-0.106,0.057,0.12,0.23,298.3,West India Coastal Current (WICC),0.0,NASA OSCAR L4 / INCOIS High-Res Hydrodynamic Ocean Model
3311,2026-08-17,20.0,73.0,-0.183,-0.365,0.408,0.79,206.6,West India Coastal Current (WICC),0.0,NASA OSCAR L4 / INCOIS High-Res Hydrodynamic Ocean Model
3312,2026-08-17,20.0,85.0,0.222,0.37,0.431,0.84,31.0,East India Coastal Current (EICC),0.0,NASA OSCAR L4 / INCOIS High-Res Hydrodynamic Ocean Model
3313,2026-08-17,20.0,86.0,0.195,0.17,0.259,0.5,48.9,East India Coastal Current (EICC),0.0,NASA OSCAR L4 / INCOIS High-Res Hydrodynamic Ocean Model
3314,2026-08-17,20.0,87.0,0.179,0.284,0.336,0.65,32.2,East India Coastal Current (EICC),0.0,NASA OSCAR L4 / INCOIS High-Res Hydrodynamic Ocean Model
3315,2026-08-17,20.0,88.0,0.169,0.145,0.223,0.43,49.4,East India Coastal Current (EICC),0.0,NASA OSCAR L4 / INCOIS High-Res Hydrodynamic Ocean Model
3316,2026-08-17,20.0,89.0,0.181,0.234,0.296,0.58,37.7,East India Coastal Current (EICC),0.0,NASA OSCAR L4 / INCOIS High-Res Hydrodynamic Ocean Model
3317,2026-08-17,20.0,90.0,0.106,0.184,0.212,0.41,29.9,East India Coastal Current (EICC),0.0,NASA OSCAR L4 / INCOIS High-Res Hydrodynamic Ocean Model
3318,2026-08-17,20.0,91.0,0.162,0.153,0.223,0.43,46.6,East India Coastal Current (EICC),0.0,NASA OSCAR L4 / INCOIS High-Res Hydrodynamic Ocean Model
3319,2026-08-17,20.0,92.0,0.257,0.044,0.261,0.51,80.3,East India Coastal Current (EICC),0.0,NASA OSCAR L4 / INCOIS High-Res Hydrodynamic Ocean Model
3320,2026-08-17,20.0,93.0,0.147,0.402,0.428,0.83,20.1,East India Coastal Current (EICC),0.0,NASA OSCAR L4 / INCOIS High-Res Hydrodynamic Ocean Model
3321,2026-08-17,20.0,94.0,0.331,-0.028,0.332,0.65,94.8,East India Coastal Current (EICC),0.0,NASA OSCAR L4 / INCOIS High-Res Hydrodynamic Ocean Model
3322,2026-08-17,21.0,68.0,-0.204,-0.103,0.229,0.45,243.2,West India Coastal Current (WICC),0.0,NASA OSCAR L4 / INCOIS High-Res Hydrodynamic Ocean Model
3323,2026-08-17,21.0,69.0,-0.333,-0.271,0.429,0.83,230.9,West India Coastal Current (WICC),0.0,NASA OSCAR L4 / INCOIS High-Res Hydrodynamic Ocean Model
3324,2026-08-17,21.0,70.0,-0.201,-0.406,0.453,0.88,206.3,West India Coastal Current (WICC),0.0,NASA OSCAR L4 / INCOIS High-Res Hydrodynamic Ocean Model
3325,2026-08-17,21.0,71.0,-0.034,-0.149,0.153,0.3,192.9,West India Coastal Current (WICC),0.0,NASA OSCAR L4 / INCOIS High-Res Hydrodynamic Ocean Model
3326,2026-08-17,21.0,72.0,-0.164,-0.227,0.28,0.54,215.8,West India Coastal Current (WICC),0.0,NASA OSCAR L4 / INCOIS High-Res Hydrodynamic Ocean Model
3327,2026-08-17,21.0,73.0,-0.124,-0.292,0.317,0.62,203.0,West India Coastal Current (WICC),0.0,NASA OSCAR L4 / INCOIS High-Res Hydrodynamic Ocean Model
3328,2026-08-17,21.0,74.0,-0.093,-0.235,0.253,0.49,201.6,West India Coastal Current (WICC),0.0,NASA OSCAR L4 / INCOIS High-Res Hydrodynamic Ocean Model
3329,2026-08-17,21.0,75.0,-0.014,-0.201,0.201,0.39,184.0,West India Coastal Current (WICC),0.0,NASA OSCAR L4 / INCOIS High-Res Hydrodynamic Ocean Model
3330,2026-08-17,21.0,76.0,-0.09,-0.198,0.217,0.42,204.4,West India Coastal Current (WICC),0.0,NASA OSCAR L4 / INCOIS High-Res Hydrodynamic Ocean Model
3331,2026-08-17,21.0,77.0,0.144,0.105,0.178,0.35,53.9,East India Coastal Current (EICC),0.0,NASA OSCAR L4 / INCOIS High-Res Hydrodynamic Ocean Model
3332,2026-08-17,21.0,78.0,0.111,0.027,0.114,0.22,76.3,East India Coastal Current (EICC),0.0,NASA OSCAR L4 / INCOIS High-Res Hydrodynamic Ocean Model
3333,2026-08-17,21.0,79.0,0.201,0.018,0.202,0.39,84.9,East India Coastal Current (EICC),0.0,NASA OSCAR L4 / INCOIS High-Res Hydrodynamic Ocean Model
3334,2026-08-17,21.0,80.0,0.157,0.159,0.223,0.43,44.6,East India Coastal Current (EICC),0.0,NASA OSCAR L4 / INCOIS High-Res Hydrodynamic Ocean Model
3335,2026-08-17,21.0,81.0,0.201,0.312,0.371,0.72,32.8,East India Coastal Current (EICC),0.0,NASA OSCAR L4 / INCOIS High-Res Hydrodynamic Ocean Model
3336,2026-08-17,21.0,82.0,0.168,-0.058,0.178,0.35,109.0,East India Coastal Current (EICC),0.0,NASA OSCAR L4 / INCOIS High-Res Hydrodynamic Ocean Model
3337,2026-08-17,21.0,83.0,0.073,0.281,0.29,0.56,14.6,East India Coastal Current (EICC),0.0,NASA OSCAR L4 / INCOIS High-Res Hydrodynamic Ocean Model
3338,2026-08-17,21.0,84.0,0.124,0.088,0.152,0.3,54.6,East India Coastal Current (EICC),0.0,NASA OSCAR L4 / INCOIS High-Res Hydrodynamic Ocean Model
3339,2026-08-17,21.0,85.0,0.196,0.106,0.223,0.43,61.6,East India Coastal Current (EICC),0.0,NASA OSCAR L4 / INCOIS High-Res Hydrodynamic Ocean Model
3340,2026-08-17,21.0,86.0,0.232,0.238,0.332,0.65,44.3,East India Coastal Current (EICC),0.0,NASA OSCAR L4 / INCOIS High-Res Hydrodynamic Ocean Model
3341,2026-08-17,21.0,87.0,0.185,0.084,0.203,0.39,65.6,East India Coastal Current (EICC),0.0,NASA OSCAR L4 / INCOIS High-Res Hydrodynamic Ocean Model
3342,2026-08-17,21.0,88.0,0.325,0.33,0.463,0.9,44.6,East India Coastal Current (EICC),0.0,NASA OSCAR L4 / INCOIS High-Res Hydrodynamic Ocean Model
3343,2026-08-17,21.0,89.0,0.19,0.208,0.282,0.55,42.4,East India Coastal Current (EICC),0.0,NASA OSCAR L4 / INCOIS High-Res Hydrodynamic Ocean Model
3344,2026-08-17,21.0,90.0,0.359,-0.041,0.361,0.7,96.5,East India Coastal Current (EICC),0.0,NASA OSCAR L4 / INCOIS High-Res Hydrodynamic Ocean Model
3345,2026-08-17,21.0,91.0,0.291,0.05,0.295,0.57,80.3,East India Coastal Current (EICC),0.0,NASA OSCAR L4 / INCOIS High-Res Hydrodynamic Ocean Model
3346,2026-08-17,21.0,92.0,0.339,0.033,0.341,0.66,84.4,East India Coastal Current (EICC),0.0,NASA OSCAR L4 / INCOIS High-Res Hydrodynamic Ocean Model
3347,2026-08-17,21.0,93.0,0.162,0.149,0.22,0.43,47.4,East India Coastal Current (EICC),0.0,NASA OSCAR L4 / INCOIS High-Res Hydrodynamic Ocean Model
3348,2026-08-17,21.0,94.0,0.336,0.142,0.365,0.71,67.1,East India Coastal Current (EICC),0.0,NASA OSCAR L4 / INCOIS High-Res Hydrodynamic Ocean Model
3349,2026-08-17,22.0,68.0,-0.213,-0.06,0.221,0.43,254.3,West India Coastal Current (WICC),0.0,NASA OSCAR L4 / INCOIS High-Res Hydrodynamic Ocean Model
3350,2026-08-17,22.0,69.0,-0.039,-0.435,0.437,0.85,185.1,West India Coastal Current (WICC),0.0,NASA OSCAR L4 / INCOIS High-Res Hydrodynamic Ocean Model
3351,2026-08-17,22.0,70.0,-0.05,-0.161,0.169,0.33,197.3,West India Coastal Current (WICC),0.0,NASA OSCAR L4 / INCOIS High-Res Hydrodynamic Ocean Model
3352,2026-08-17,22.0,71.0,-0.002,-0.349,0.349,0.68,180.3,West India Coastal Current (WICC),0.0,NASA OSCAR L4 / INCOIS High-Res Hydrodynamic Ocean Model
3353,2026-08-17,22.0,72.0,-0.196,-0.322,0.377,0.73,211.3,West India Coastal Current (WICC),0.0,NASA OSCAR L4 / INCOIS High-Res Hydrodynamic Ocean Model
3354,2026-08-17,22.0,73.0,-0.118,-0.293,0.316,0.61,201.9,West India Coastal Current (WICC),0.0,NASA OSCAR L4 / INCOIS High-Res Hydrodynamic Ocean Model
3355,2026-08-17,22.0,74.0,-0.199,-0.028,0.201,0.39,262.0,West India Coastal Current (WICC),0.0,NASA OSCAR L4 / INCOIS High-Res Hydrodynamic Ocean Model
3356,2026-08-17,22.0,75.0,-0.229,-0.371,0.436,0.85,211.7,West India Coastal Current (WICC),0.0,NASA OSCAR L4 / INCOIS High-Res Hydrodynamic Ocean Model
3357,2026-08-17,22.0,76.0,-0.187,-0.19,0.267,0.52,224.5,West India Coastal Current (WICC),0.0,NASA OSCAR L4 / INCOIS High-Res Hydrodynamic Ocean Model
3358,2026-08-17,22.0,77.0,0.23,0.149,0.274,0.53,57.1,East India Coastal Current (EICC),0.0,NASA OSCAR L4 / INCOIS High-Res Hydrodynamic Ocean Model
3359,2026-08-17,22.0,78.0,0.108,0.133,0.171,0.33,39.1,East India Coastal Current (EICC),0.0,NASA OSCAR L4 / INCOIS High-Res Hydrodynamic Ocean Model
3360,2026-08-17,22.0,79.0,0.156,0.314,0.351,0.68,26.4,East India Coastal Current (EICC),0.0,NASA OSCAR L4 / INCOIS High-Res Hydrodynamic Ocean Model
3361,2026-08-17,22.0,80.0,0.225,0.286,0.364,0.71,38.2,East India Coastal Current (EICC),0.0,NASA OSCAR L4 / INCOIS High-Res Hydrodynamic Ocean Model
3362,2026-08-17,22.0,81.0,0.23,0.096,0.249,0.48,67.3,East India Coastal Current (EICC),0.0,NASA OSCAR L4 / INCOIS High-Res Hydrodynamic Ocean Model
3363,2026-08-17,22.0,82.0,0.156,0.153,0.219,0.43,45.6,East India Coastal Current (EICC),0.0,NASA OSCAR L4 / INCOIS High-Res Hydrodynamic Ocean Model
3364,2026-08-17,22.0,83.0,0.264,0.172,0.315,0.61,56.9,East India Coastal Current (EICC),0.0,NASA OSCAR L4 / INCOIS High-Res Hydrodynamic Ocean Model
3365,2026-08-17,22.0,84.0,0.205,0.192,0.281,0.55,46.9,East India Coastal Current (EICC),0.0,NASA OSCAR L4 / INCOIS High-Res Hydrodynamic Ocean Model
3366,2026-08-17,22.0,85.0,0.223,0.093,0.242,0.47,67.4,East India Coastal Current (EICC),0.0,NASA OSCAR L4 / INCOIS High-Res Hydrodynamic Ocean Model
3367,2026-08-17,22.0,86.0,0.196,0.192,0.274,0.53,45.6,East India Coastal Current (EICC),0.0,NASA OSCAR L4 / INCOIS High-Res Hydrodynamic Ocean Model
3368,2026-08-17,22.0,87.0,0.256,0.21,0.331,0.64,50.6,East India Coastal Current (EICC),0.0,NASA OSCAR L4 / INCOIS High-Res Hydrodynamic Ocean Model
3369,2026-08-17,22.0,88.0,0.107,0.039,0.114,0.22,70.0,East India Coastal Current (EICC),0.0,NASA OSCAR L4 / INCOIS High-Res Hydrodynamic Ocean Model
3370,2026-08-17,22.0,89.0,0.219,0.085,0.235,0.46,68.8,East India Coastal Current (EICC),0.0,NASA OSCAR L4 / INCOIS High-Res Hydrodynamic Ocean Model
3371,2026-08-17,22.0,90.0,0.167,0.115,0.203,0.39,55.4,East India Coastal Current (EICC),0.0,NASA OSCAR L4 / INCOIS High-Res Hydrodynamic Ocean Model
3372,2026-08-17,22.0,91.0,0.256,0.017,0.257,0.5,86.2,East India Coastal Current (EICC),0.0,NASA OSCAR L4 / INCOIS High-Res Hydrodynamic Ocean Model
3373,2026-08-17,22.0,92.0,0.117,0.021,0.119,0.23,79.8,East India Coastal Current (EICC),0.0,NASA OSCAR L4 / INCOIS High-Res Hydrodynamic Ocean Model
3374,2026-08-17,22.0,93.0,0.192,0.027,0.194,0.38,82.0,East India Coastal Current (EICC),0.0,NASA OSCAR L4 / INCOIS High-Res Hydrodynamic Ocean Model
3375,2026-08-17,22.0,94.0,0.16,0.183,0.243,0.47,41.2,East India Coastal Current (EICC),0.0,NASA OSCAR L4 / INCOIS High-Res Hydrodynamic Ocean Model
3376,2026-08-17,23.0,68.0,-0.215,-0.15,0.262,0.51,235.1,West India Coastal Current (WICC),0.0,NASA OSCAR L4 / INCOIS High-Res Hydrodynamic Ocean Model
3377,2026-08-17,23.0,69.0,-0.019,-0.312,0.313,0.61,183.5,West India Coastal Current (WICC),0.0,NASA OSCAR L4 / INCOIS High-Res Hydrodynamic Ocean Model
3378,2026-08-17,23.0,70.0,-0.154,-0.273,0.313,0.61,209.4,West India Coastal Current (WICC),0.0,NASA OSCAR L4 / INCOIS High-Res Hydrodynamic Ocean Model
3379,2026-08-17,23.0,71.0,-0.242,-0.451,0.512,1.0,208.2,West India Coastal Current (WICC),0.0,NASA OSCAR L4 / INCOIS High-Res Hydrodynamic Ocean Model
3380,2026-08-17,23.0,72.0,-0.157,-0.141,0.211,0.41,228.1,West India Coastal Current (WICC),0.0,NASA OSCAR L4 / INCOIS High-Res Hydrodynamic Ocean Model
3381,2026-08-17,23.0,73.0,-0.155,-0.212,0.263,0.51,216.2,West India Coastal Current (WICC),0.0,NASA OSCAR L4 / INCOIS High-Res Hydrodynamic Ocean Model
3382,2026-08-17,23.0,74.0,-0.268,-0.407,0.487,0.95,213.4,West India Coastal Current (WICC),0.0,NASA OSCAR L4 / INCOIS High-Res Hydrodynamic Ocean Model
3383,2026-08-17,23.0,75.0,-0.104,-0.257,0.277,0.54,202.0,West India Coastal Current (WICC),0.0,NASA OSCAR L4 / INCOIS High-Res Hydrodynamic Ocean Model
3384,2026-08-17,23.0,76.0,-0.042,-0.272,0.275,0.53,188.8,West India Coastal Current (WICC),0.0,NASA OSCAR L4 / INCOIS High-Res Hydrodynamic Ocean Model
3385,2026-08-17,23.0,77.0,0.225,0.067,0.235,0.46,73.4,East India Coastal Current (EICC),0.0,NASA OSCAR L4 / INCOIS High-Res Hydrodynamic Ocean Model
3386,2026-08-17,23.0,78.0,0.271,0.207,0.341,0.66,52.6,East India Coastal Current (EICC),0.0,NASA OSCAR L4 / INCOIS High-Res Hydrodynamic Ocean Model
3387,2026-08-17,23.0,79.0,0.158,0.238,0.286,0.56,33.6,East India Coastal Current (EICC),0.0,NASA OSCAR L4 / INCOIS High-Res Hydrodynamic Ocean Model
3388,2026-08-17,23.0,80.0,0.09,0.215,0.233,0.45,22.7,East India Coastal Current (EICC),0.0,NASA OSCAR L4 / INCOIS High-Res Hydrodynamic Ocean Model
3389,2026-08-17,23.0,81.0,0.239,0.211,0.319,0.62,48.6,East India Coastal Current (EICC),0.0,NASA OSCAR L4 / INCOIS High-Res Hydrodynamic Ocean Model
3390,2026-08-17,23.0,82.0,0.244,0.204,0.318,0.62,50.1,East India Coastal Current (EICC),0.0,NASA OSCAR L4 / INCOIS High-Res Hydrodynamic Ocean Model
3391,2026-08-17,23.0,83.0,0.225,0.327,0.397,0.77,34.5,East India Coastal Current (EICC),0.0,NASA OSCAR L4 / INCOIS High-Res Hydrodynamic Ocean Model
3392,2026-08-17,23.0,84.0,0.191,0.116,0.223,0.43,58.7,East India Coastal Current (EICC),0.0,NASA OSCAR L4 / INCOIS High-Res Hydrodynamic Ocean Model
3393,2026-08-17,23.0,85.0,0.231,0.098,0.251,0.49,67.0,East India Coastal Current (EICC),0.0,NASA OSCAR L4 / INCOIS High-Res Hydrodynamic Ocean Model
3394,2026-08-17,23.0,86.0,0.227,0.281,0.361,0.7,38.9,East India Coastal Current (EICC),0.0,NASA OSCAR L4 / INCOIS High-Res Hydrodynamic Ocean Model
3395,2026-08-17,23.0,87.0,0.237,0.088,0.253,0.49,69.6,East India Coastal Current (EICC),0.0,NASA OSCAR L4 / INCOIS High-Res Hydrodynamic Ocean Model
3396,2026-08-17,23.0,88.0,0.257,0.225,0.342,0.66,48.8,East India Coastal Current (EICC),0.0,NASA OSCAR L4 / INCOIS High-Res Hydrodynamic Ocean Model
3397,2026-08-17,23.0,89.0,0.275,0.178,0.328,0.64,57.1,East India Coastal Current (EICC),0.0,NASA OSCAR L4 / INCOIS High-Res Hydrodynamic Ocean Model
3398,2026-08-17,23.0,90.0,0.195,0.164,0.255,0.5,49.9,East India Coastal Current (EICC),0.0,NASA OSCAR L4 / INCOIS High-Res Hydrodynamic Ocean Model
3399,2026-08-17,23.0,91.0,0.162,0.303,0.344,0.67,28.1,East India Coastal Current (EICC),0.0,NASA OSCAR L4 / INCOIS High-Res Hydrodynamic Ocean Model
3400,2026-08-17,23.0,92.0,0.205,0.202,0.288,0.56,45.4,East India Coastal Current (EICC),0.0,NASA OSCAR L4 / INCOIS High-Res Hydrodynamic Ocean Model
3401,2026-08-17,23.0,93.0,0.138,0.232,0.27,0.52,30.7,East India Coastal Current (EICC),0.0,NASA OSCAR L4 / INCOIS High-Res Hydrodynamic Ocean Model
3402,2026-08-17,23.0,94.0,0.209,0.128,0.245,0.48,58.5,East India Coastal Current (EICC),0.0,NASA OSCAR L4 / INCOIS High-Res Hydrodynamic Ocean Model
3403,2026-08-17,24.0,68.0,-0.13,-0.091,0.159,0.31,235.0,West India Coastal Current (WICC),0.0,NASA OSCAR L4 / INCOIS High-Res Hydrodynamic Ocean Model
3404,2026-08-17,24.0,69.0,-0.059,-0.171,0.181,0.35,199.0,West India Coastal Current (WICC),0.0,NASA OSCAR L4 / INCOIS High-Res Hydrodynamic Ocean Model
3405,2026-08-17,24.0,70.0,-0.157,-0.235,0.283,0.55,213.7,West India Coastal Current (WICC),0.0,NASA OSCAR L4 / INCOIS High-Res Hydrodynamic Ocean Model
3406,2026-08-17,24.0,71.0,-0.213,-0.243,0.323,0.63,221.2,West India Coastal Current (WICC),0.0,NASA OSCAR L4 / INCOIS High-Res Hydrodynamic Ocean Model
3407,2026-08-17,24.0,72.0,-0.248,-0.233,0.34,0.66,226.8,West India Coastal Current (WICC),0.0,NASA OSCAR L4 / INCOIS High-Res Hydrodynamic Ocean Model
3408,2026-08-17,24.0,73.0,-0.317,-0.286,0.427,0.83,227.9,West India Coastal Current (WICC),0.0,NASA OSCAR L4 / INCOIS High-Res Hydrodynamic Ocean Model
3409,2026-08-17,24.0,74.0,-0.2,-0.394,0.442,0.86,206.9,West India Coastal Current (WICC),0.0,NASA OSCAR L4 / INCOIS High-Res Hydrodynamic Ocean Model
3410,2026-08-17,24.0,75.0,-0.137,-0.274,0.306,0.59,206.6,West India Coastal Current (WICC),0.0,NASA OSCAR L4 / INCOIS High-Res Hydrodynamic Ocean Model
3411,2026-08-17,24.0,76.0,-0.176,-0.203,0.269,0.52,220.9,West India Coastal Current (WICC),0.0,NASA OSCAR L4 / INCOIS High-Res Hydrodynamic Ocean Model
3412,2026-08-17,24.0,77.0,0.177,0.252,0.308,0.6,35.1,East India Coastal Current (EICC),0.0,NASA OSCAR L4 / INCOIS High-Res Hydrodynamic Ocean Model
3413,2026-08-17,24.0,78.0,0.028,0.214,0.216,0.42,7.5,East India Coastal Current (EICC),0.0,NASA OSCAR L4 / INCOIS High-Res Hydrodynamic Ocean Model
3414,2026-08-17,24.0,79.0,0.107,0.245,0.267,0.52,23.6,East India Coastal Current (EICC),0.0,NASA OSCAR L4 / INCOIS High-Res Hydrodynamic Ocean Model
3415,2026-08-17,24.0,80.0,0.244,0.104,0.265,0.52,66.9,East India Coastal Current (EICC),0.0,NASA OSCAR L4 / INCOIS High-Res Hydrodynamic Ocean Model
3416,2026-08-17,24.0,81.0,0.12,0.227,0.257,0.5,27.9,East India Coastal Current (EICC),0.0,NASA OSCAR L4 / INCOIS High-Res Hydrodynamic Ocean Model
3417,2026-08-17,24.0,82.0,0.031,0.229,0.231,0.45,7.7,East India Coastal Current (EICC),0.0,NASA OSCAR L4 / INCOIS High-Res Hydrodynamic Ocean Model
3418,2026-08-17,24.0,83.0,0.28,0.151,0.318,0.62,61.7,East India Coastal Current (EICC),0.0,NASA OSCAR L4 / INCOIS High-Res Hydrodynamic Ocean Model
3419,2026-08-17,24.0,84.0,0.162,0.053,0.17,0.33,71.9,East India Coastal Current (EICC),0.0,NASA OSCAR L4 / INCOIS High-Res Hydrodynamic Ocean Model
3420,2026-08-17,24.0,85.0,0.157,0.231,0.279,0.54,34.2,East India Coastal Current (EICC),0.0,NASA OSCAR L4 / INCOIS High-Res Hydrodynamic Ocean Model
3421,2026-08-17,24.0,86.0,0.345,0.038,0.347,0.67,83.7,East India Coastal Current (EICC),0.0,NASA OSCAR L4 / INCOIS High-Res Hydrodynamic Ocean Model
3422,2026-08-17,24.0,87.0,0.234,0.195,0.305,0.59,50.2,East India Coastal Current (EICC),0.0,NASA OSCAR L4 / INCOIS High-Res Hydrodynamic Ocean Model
3423,2026-08-17,24.0,88.0,0.21,0.038,0.213,0.41,79.7,East India Coastal Current (EICC),0.0,NASA OSCAR L4 / INCOIS High-Res Hydrodynamic Ocean Model
3424,2026-08-17,24.0,89.0,0.137,-0.08,0.159,0.31,120.3,East India Coastal Current (EICC),0.0,NASA OSCAR L4 / INCOIS High-Res Hydrodynamic Ocean Model
3425,2026-08-17,24.0,90.0,0.29,0.308,0.423,0.82,43.3,East India Coastal Current (EICC),0.0,NASA OSCAR L4 / INCOIS High-Res Hydrodynamic Ocean Model
3426,2026-08-17,24.0,91.0,0.219,0.229,0.317,0.62,43.7,East India Coastal Current (EICC),0.0,NASA OSCAR L4 / INCOIS High-Res Hydrodynamic Ocean Model
3427,2026-08-17,24.0,92.0,0.221,0.19,0.291,0.57,49.3,East India Coastal Current (EICC),0.0,NASA OSCAR L4 / INCOIS High-Res Hydrodynamic Ocean Model
3428,2026-08-17,24.0,93.0,0.103,0.293,0.311,0.6,19.4,East India Coastal Current (EICC),0.0,NASA OSCAR L4 / INCOIS High-Res Hydrodynamic Ocean Model
3429,2026-08-17,24.0,94.0,0.301,-0.004,0.301,0.59,90.8,East India Coastal Current (EICC),0.0,NASA OSCAR L4 / INCOIS High-Res Hydrodynamic Ocean Model
3430,2026-08-16,6.0,68.0,-0.081,-0.215,0.23,0.45,200.6,West India Coastal Current (WICC),0.0,NASA OSCAR L4 / INCOIS High-Res Hydrodynamic Ocean Model
3431,2026-08-16,6.0,69.0,-0.24,-0.24,0.339,0.66,225.0,West India Coastal Current (WICC),0.0,NASA OSCAR L4 / INCOIS High-Res Hydrodynamic Ocean Model
3432,2026-08-16,6.0,70.0,-0.107,-0.054,0.12,0.23,243.2,West India Coastal Current (WICC),0.0,NASA OSCAR L4 / INCOIS High-Res Hydrodynamic Ocean Model
3433,2026-08-16,6.0,71.0,-0.191,-0.257,0.32,0.62,216.6,West India Coastal Current (WICC),0.0,NASA OSCAR L4 / INCOIS High-Res Hydrodynamic Ocean Model
3434,2026-08-16,6.0,72.0,-0.114,-0.142,0.182,0.35,218.8,West India Coastal Current (WICC),0.0,NASA OSCAR L4 / INCOIS High-Res Hydrodynamic Ocean Model
3435,2026-08-16,6.0,73.0,-0.097,-0.354,0.367,0.71,195.3,West India Coastal Current (WICC),0.0,NASA OSCAR L4 / INCOIS High-Res Hydrodynamic Ocean Model
3436,2026-08-16,6.0,74.0,-0.137,-0.316,0.344,0.67,203.4,West India Coastal Current (WICC),0.0,NASA OSCAR L4 / INCOIS High-Res Hydrodynamic Ocean Model
3437,2026-08-16,6.0,75.0,-0.129,-0.122,0.178,0.35,226.6,West India Coastal Current (WICC),0.0,NASA OSCAR L4 / INCOIS High-Res Hydrodynamic Ocean Model
3438,2026-08-16,6.0,76.0,-0.232,-0.248,0.34,0.66,223.1,West India Coastal Current (WICC),0.0,NASA OSCAR L4 / INCOIS High-Res Hydrodynamic Ocean Model
3439,2026-08-16,6.0,77.0,0.154,0.156,0.219,0.43,44.6,East India Coastal Current (EICC),0.0,NASA OSCAR L4 / INCOIS High-Res Hydrodynamic Ocean Model
3440,2026-08-16,6.0,78.0,0.096,0.172,0.197,0.38,29.2,East India Coastal Current (EICC),0.0,NASA OSCAR L4 / INCOIS High-Res Hydrodynamic Ocean Model
3441,2026-08-16,6.0,79.0,0.283,0.3,0.412,0.8,43.3,East India Coastal Current (EICC),0.0,NASA OSCAR L4 / INCOIS High-Res Hydrodynamic Ocean Model
3442,2026-08-16,6.0,80.0,0.081,0.184,0.201,0.39,23.8,East India Coastal Current (EICC),0.0,NASA OSCAR L4 / INCOIS High-Res Hydrodynamic Ocean Model
3443,2026-08-16,6.0,81.0,0.169,0.04,0.174,0.34,76.7,East India Coastal Current (EICC),0.0,NASA OSCAR L4 / INCOIS High-Res Hydrodynamic Ocean Model
3444,2026-08-16,6.0,82.0,0.14,0.093,0.168,0.33,56.4,East India Coastal Current (EICC),0.0,NASA OSCAR L4 / INCOIS High-Res Hydrodynamic Ocean Model
3445,2026-08-16,6.0,83.0,0.176,0.196,0.263,0.51,41.9,East India Coastal Current (EICC),0.0,NASA OSCAR L4 / INCOIS High-Res Hydrodynamic Ocean Model
3446,2026-08-16,6.0,84.0,0.253,0.012,0.253,0.49,87.3,East India Coastal Current (EICC),0.0,NASA OSCAR L4 / INCOIS High-Res Hydrodynamic Ocean Model
3447,2026-08-16,6.0,85.0,0.14,0.246,0.283,0.55,29.6,East India Coastal Current (EICC),0.0,NASA OSCAR L4 / INCOIS High-Res Hydrodynamic Ocean Model
3448,2026-08-16,6.0,86.0,0.174,0.04,0.179,0.35,77.1,East India Coastal Current (EICC),0.0,NASA OSCAR L4 / INCOIS High-Res Hydrodynamic Ocean Model
3449,2026-08-16,6.0,87.0,0.21,0.173,0.272,0.53,50.5,East India Coastal Current (EICC),0.0,NASA OSCAR L4 / INCOIS High-Res Hydrodynamic Ocean Model
3450,2026-08-16,6.0,88.0,0.127,-0.018,0.128,0.25,98.1,East India Coastal Current (EICC),0.0,NASA OSCAR L4 / INCOIS High-Res Hydrodynamic Ocean Model
3451,2026-08-16,6.0,89.0,0.264,0.361,0.447,0.87,36.2,East India Coastal Current (EICC),0.0,NASA OSCAR L4 / INCOIS High-Res Hydrodynamic Ocean Model
3452,2026-08-16,6.0,90.0,0.222,0.161,0.274,0.53,54.0,East India Coastal Current (EICC),0.0,NASA OSCAR L4 / INCOIS High-Res Hydrodynamic Ocean Model
3453,2026-08-16,6.0,91.0,0.447,0.421,0.614,1.19,46.7,East India Coastal Current (EICC),0.0,NASA OSCAR L4 / INCOIS High-Res Hydrodynamic Ocean Model
3454,2026-08-16,6.0,92.0,0.218,0.314,0.382,0.74,34.8,East India Coastal Current (EICC),0.0,NASA OSCAR L4 / INCOIS High-Res Hydrodynamic Ocean Model
3455,2026-08-16,6.0,93.0,0.271,0.257,0.373,0.73,46.5,East India Coastal Current (EICC),0.0,NASA OSCAR L4 / INCOIS High-Res Hydrodynamic Ocean Model
3456,2026-08-16,6.0,94.0,0.245,-0.062,0.253,0.49,104.2,East India Coastal Current (EICC),0.0,NASA OSCAR L4 / INCOIS High-Res Hydrodynamic Ocean Model
3457,2026-08-16,7.0,68.0,-0.27,-0.143,0.306,0.59,242.1,West India Coastal Current (WICC),0.0,NASA OSCAR L4 / INCOIS High-Res Hydrodynamic Ocean Model
3458,2026-08-16,7.0,69.0,-0.022,-0.097,0.099,0.19,192.8,West India Coastal Current (WICC),0.0,NASA OSCAR L4 / INCOIS High-Res Hydrodynamic Ocean Model
3459,2026-08-16,7.0,70.0,-0.1,-0.098,0.14,0.27,225.6,West India Coastal Current (WICC),0.0,NASA OSCAR L4 / INCOIS High-Res Hydrodynamic Ocean Model
3460,2026-08-16,7.0,71.0,-0.149,-0.114,0.188,0.37,232.6,West India Coastal Current (WICC),0.0,NASA OSCAR L4 / INCOIS High-Res Hydrodynamic Ocean Model
3461,2026-08-16,7.0,72.0,-0.199,-0.422,0.467,0.91,205.2,West India Coastal Current (WICC),0.0,NASA OSCAR L4 / INCOIS High-Res Hydrodynamic Ocean Model
3462,2026-08-16,7.0,73.0,-0.183,-0.164,0.246,0.48,228.1,West India Coastal Current (WICC),0.0,NASA OSCAR L4 / INCOIS High-Res Hydrodynamic Ocean Model
3463,2026-08-16,7.0,74.0,-0.326,-0.16,0.363,0.71,243.9,West India Coastal Current (WICC),0.0,NASA OSCAR L4 / INCOIS High-Res Hydrodynamic Ocean Model
3464,2026-08-16,7.0,75.0,0.051,-0.259,0.264,0.51,168.9,West India Coastal Current (WICC),0.0,NASA OSCAR L4 / INCOIS High-Res Hydrodynamic Ocean Model
3465,2026-08-16,7.0,76.0,-0.213,-0.252,0.33,0.64,220.2,West India Coastal Current (WICC),0.0,NASA OSCAR L4 / INCOIS High-Res Hydrodynamic Ocean Model
3466,2026-08-16,7.0,77.0,0.064,0.335,0.341,0.66,10.8,East India Coastal Current (EICC),0.0,NASA OSCAR L4 / INCOIS High-Res Hydrodynamic Ocean Model
3467,2026-08-16,7.0,78.0,0.179,0.22,0.284,0.55,39.1,East India Coastal Current (EICC),0.0,NASA OSCAR L4 / INCOIS High-Res Hydrodynamic Ocean Model
3468,2026-08-16,7.0,79.0,0.201,0.382,0.432,0.84,27.8,East India Coastal Current (EICC),0.0,NASA OSCAR L4 / INCOIS High-Res Hydrodynamic Ocean Model
3469,2026-08-16,7.0,80.0,0.165,0.093,0.189,0.37,60.6,East India Coastal Current (EICC),0.0,NASA OSCAR L4 / INCOIS High-Res Hydrodynamic Ocean Model
3470,2026-08-16,7.0,81.0,0.175,0.221,0.282,0.55,38.4,East India Coastal Current (EICC),0.0,NASA OSCAR L4 / INCOIS High-Res Hydrodynamic Ocean Model
3471,2026-08-16,7.0,82.0,0.36,0.125,0.381,0.74,70.9,East India Coastal Current (EICC),0.0,NASA OSCAR L4 / INCOIS High-Res Hydrodynamic Ocean Model
3472,2026-08-16,7.0,83.0,0.119,0.248,0.275,0.53,25.6,East India Coastal Current (EICC),0.0,NASA OSCAR L4 / INCOIS High-Res Hydrodynamic Ocean Model
3473,2026-08-16,7.0,84.0,0.18,0.126,0.22,0.43,55.0,East India Coastal Current (EICC),0.0,NASA OSCAR L4 / INCOIS High-Res Hydrodynamic Ocean Model
3474,2026-08-16,7.0,85.0,0.347,0.143,0.375,0.73,67.6,East India Coastal Current (EICC),0.0,NASA OSCAR L4 / INCOIS High-Res Hydrodynamic Ocean Model
3475,2026-08-16,7.0,86.0,0.199,0.128,0.237,0.46,57.3,East India Coastal Current (EICC),0.0,NASA OSCAR L4 / INCOIS High-Res Hydrodynamic Ocean Model
3476,2026-08-16,7.0,87.0,0.24,0.265,0.358,0.7,42.2,East India Coastal Current (EICC),0.0,NASA OSCAR L4 / INCOIS High-Res Hydrodynamic Ocean Model
3477,2026-08-16,7.0,88.0,0.118,0.314,0.335,0.65,20.6,East India Coastal Current (EICC),0.0,NASA OSCAR L4 / INCOIS High-Res Hydrodynamic Ocean Model
3478,2026-08-16,7.0,89.0,0.255,0.147,0.294,0.57,60.0,East India Coastal Current (EICC),0.0,NASA OSCAR L4 / INCOIS High-Res Hydrodynamic Ocean Model
3479,2026-08-16,7.0,90.0,0.301,0.094,0.315,0.61,72.7,East India Coastal Current (EICC),0.0,NASA OSCAR L4 / INCOIS High-Res Hydrodynamic Ocean Model
3480,2026-08-16,7.0,91.0,0.089,0.132,0.159,0.31,34.0,East India Coastal Current (EICC),0.0,NASA OSCAR L4 / INCOIS High-Res Hydrodynamic Ocean Model
3481,2026-08-16,7.0,92.0,0.157,0.023,0.159,0.31,81.7,East India Coastal Current (EICC),0.0,NASA OSCAR L4 / INCOIS High-Res Hydrodynamic Ocean Model
3482,2026-08-16,7.0,93.0,0.255,0.125,0.284,0.55,63.9,East India Coastal Current (EICC),0.0,NASA OSCAR L4 / INCOIS High-Res Hydrodynamic Ocean Model
3483,2026-08-16,7.0,94.0,0.222,0.05,0.228,0.44,77.3,East India Coastal Current (EICC),0.0,NASA OSCAR L4 / INCOIS High-Res Hydrodynamic Ocean Model
3484,2026-08-16,8.0,68.0,-0.267,-0.281,0.388,0.75,223.5,West India Coastal Current (WICC),0.0,NASA OSCAR L4 / INCOIS High-Res Hydrodynamic Ocean Model
3485,2026-08-16,8.0,69.0,-0.22,-0.345,0.409,0.8,212.5,West India Coastal Current (WICC),0.0,NASA OSCAR L4 / INCOIS High-Res Hydrodynamic Ocean Model
3486,2026-08-16,8.0,70.0,-0.132,-0.271,0.301,0.59,206.0,West India Coastal Current (WICC),0.0,NASA OSCAR L4 / INCOIS High-Res Hydrodynamic Ocean Model
3487,2026-08-16,8.0,71.0,-0.186,-0.211,0.281,0.55,221.4,West India Coastal Current (WICC),0.0,NASA OSCAR L4 / INCOIS High-Res Hydrodynamic Ocean Model
3488,2026-08-16,8.0,72.0,-0.164,-0.207,0.264,0.51,218.4,West India Coastal Current (WICC),0.0,NASA OSCAR L4 / INCOIS High-Res Hydrodynamic Ocean Model
3489,2026-08-16,8.0,73.0,-0.112,-0.197,0.227,0.44,209.6,West India Coastal Current (WICC),0.0,NASA OSCAR L4 / INCOIS High-Res Hydrodynamic Ocean Model
3490,2026-08-16,8.0,74.0,-0.232,-0.375,0.441,0.86,211.7,West India Coastal Current (WICC),0.0,NASA OSCAR L4 / INCOIS High-Res Hydrodynamic Ocean Model
3491,2026-08-16,8.0,75.0,-0.18,-0.266,0.321,0.62,214.1,West India Coastal Current (WICC),0.0,NASA OSCAR L4 / INCOIS High-Res Hydrodynamic Ocean Model
3492,2026-08-16,8.0,76.0,-0.139,-0.237,0.275,0.53,210.4,West India Coastal Current (WICC),0.0,NASA OSCAR L4 / INCOIS High-Res Hydrodynamic Ocean Model
3493,2026-08-16,8.0,77.0,0.218,0.182,0.284,0.55,50.1,East India Coastal Current (EICC),0.0,NASA OSCAR L4 / INCOIS High-Res Hydrodynamic Ocean Model
3494,2026-08-16,8.0,78.0,0.122,0.1,0.158,0.31,50.7,East India Coastal Current (EICC),0.0,NASA OSCAR L4 / INCOIS High-Res Hydrodynamic Ocean Model
3495,2026-08-16,8.0,79.0,0.16,0.047,0.167,0.32,73.6,East India Coastal Current (EICC),0.0,NASA OSCAR L4 / INCOIS High-Res Hydrodynamic Ocean Model
3496,2026-08-16,8.0,80.0,0.251,0.244,0.35,0.68,45.8,East India Coastal Current (EICC),0.0,NASA OSCAR L4 / INCOIS High-Res Hydrodynamic Ocean Model
3497,2026-08-16,8.0,81.0,0.266,0.155,0.308,0.6,59.8,East India Coastal Current (EICC),0.0,NASA OSCAR L4 / INCOIS High-Res Hydrodynamic Ocean Model
3498,2026-08-16,8.0,82.0,0.132,0.01,0.132,0.26,85.7,East India Coastal Current (EICC),0.0,NASA OSCAR L4 / INCOIS High-Res Hydrodynamic Ocean Model
3499,2026-08-16,8.0,83.0,0.172,0.14,0.222,0.43,50.9,East India Coastal Current (EICC),0.0,NASA OSCAR L4 / INCOIS High-Res Hydrodynamic Ocean Model
3500,2026-08-16,8.0,84.0,0.129,0.248,0.28,0.54,27.5,East India Coastal Current (EICC),0.0,NASA OSCAR L4 / INCOIS High-Res Hydrodynamic Ocean Model
3501,2026-08-16,8.0,85.0,0.165,0.156,0.227,0.44,46.6,East India Coastal Current (EICC),0.0,NASA OSCAR L4 / INCOIS High-Res Hydrodynamic Ocean Model
3502,2026-08-16,8.0,86.0,0.19,0.099,0.214,0.42,62.5,East India Coastal Current (EICC),0.0,NASA OSCAR L4 / INCOIS High-Res Hydrodynamic Ocean Model
3503,2026-08-16,8.0,87.0,0.252,0.053,0.258,0.5,78.1,East India Coastal Current (EICC),0.0,NASA OSCAR L4 / INCOIS High-Res Hydrodynamic Ocean Model
3504,2026-08-16,8.0,88.0,0.214,0.129,0.25,0.49,58.9,East India Coastal Current (EICC),0.0,NASA OSCAR L4 / INCOIS High-Res Hydrodynamic Ocean Model
3505,2026-08-16,8.0,89.0,0.172,0.081,0.19,0.37,64.8,East India Coastal Current (EICC),0.0,NASA OSCAR L4 / INCOIS High-Res Hydrodynamic Ocean Model
3506,2026-08-16,8.0,90.0,0.232,0.277,0.361,0.7,39.9,East India Coastal Current (EICC),0.0,NASA OSCAR L4 / INCOIS High-Res Hydrodynamic Ocean Model
3507,2026-08-16,8.0,91.0,0.165,-0.024,0.167,0.32,98.3,East India Coastal Current (EICC),0.0,NASA OSCAR L4 / INCOIS High-Res Hydrodynamic Ocean Model
3508,2026-08-16,8.0,92.0,0.142,0.194,0.24,0.47,36.2,East India Coastal Current (EICC),0.0,NASA OSCAR L4 / INCOIS High-Res Hydrodynamic Ocean Model
3509,2026-08-16,8.0,93.0,0.254,0.142,0.291,0.57,60.8,East India Coastal Current (EICC),0.0,NASA OSCAR L4 / INCOIS High-Res Hydrodynamic Ocean Model
3510,2026-08-16,8.0,94.0,0.23,0.105,0.253,0.49,65.5,East India Coastal Current (EICC),0.0,NASA OSCAR L4 / INCOIS High-Res Hydrodynamic Ocean Model
3511,2026-08-16,9.0,68.0,-0.188,-0.328,0.378,0.73,209.8,West India Coastal Current (WICC),0.0,NASA OSCAR L4 / INCOIS High-Res Hydrodynamic Ocean Model
3512,2026-08-16,9.0,69.0,-0.082,-0.148,0.169,0.33,209.0,West India Coastal Current (WICC),0.0,NASA OSCAR L4 / INCOIS High-Res Hydrodynamic Ocean Model
3513,2026-08-16,9.0,70.0,0.019,-0.198,0.199,0.39,174.5,West India Coastal Current (WICC),0.0,NASA OSCAR L4 / INCOIS High-Res Hydrodynamic Ocean Model
3514,2026-08-16,9.0,71.0,-0.206,-0.326,0.386,0.75,212.3,West India Coastal Current (WICC),0.0,NASA OSCAR L4 / INCOIS High-Res Hydrodynamic Ocean Model
3515,2026-08-16,9.0,72.0,-0.162,-0.274,0.318,0.62,210.6,West India Coastal Current (WICC),0.0,NASA OSCAR L4 / INCOIS High-Res Hydrodynamic Ocean Model
3516,2026-08-16,9.0,73.0,0.001,-0.062,0.062,0.12,179.1,West India Coastal Current (WICC),0.0,NASA OSCAR L4 / INCOIS High-Res Hydrodynamic Ocean Model
3517,2026-08-16,9.0,85.0,0.234,0.246,0.34,0.66,43.6,East India Coastal Current (EICC),0.0,NASA OSCAR L4 / INCOIS High-Res Hydrodynamic Ocean Model
3518,2026-08-16,9.0,86.0,0.211,0.017,0.212,0.41,85.4,East India Coastal Current (EICC),0.0,NASA OSCAR L4 / INCOIS High-Res Hydrodynamic Ocean Model
3519,2026-08-16,9.0,87.0,0.235,0.054,0.241,0.47,77.1,East India Coastal Current (EICC),0.0,NASA OSCAR L4 / INCOIS High-Res Hydrodynamic Ocean Model
3520,2026-08-16,9.0,88.0,0.258,0.121,0.285,0.55,64.9,East India Coastal Current (EICC),0.0,NASA OSCAR L4 / INCOIS High-Res Hydrodynamic Ocean Model
3521,2026-08-16,9.0,89.0,0.083,0.16,0.18,0.35,27.4,East India Coastal Current (EICC),0.0,NASA OSCAR L4 / INCOIS High-Res Hydrodynamic Ocean Model
3522,2026-08-16,9.0,90.0,0.122,0.245,0.274,0.53,26.5,East India Coastal Current (EICC),0.0,NASA OSCAR L4 / INCOIS High-Res Hydrodynamic Ocean Model
3523,2026-08-16,9.0,91.0,0.274,0.113,0.296,0.58,67.6,East India Coastal Current (EICC),0.0,NASA OSCAR L4 / INCOIS High-Res Hydrodynamic Ocean Model
3524,2026-08-16,9.0,92.0,0.401,0.251,0.473,0.92,58.0,East India Coastal Current (EICC),0.0,NASA OSCAR L4 / INCOIS High-Res Hydrodynamic Ocean Model
3525,2026-08-16,9.0,93.0,0.11,0.213,0.24,0.47,27.3,East India Coastal Current (EICC),0.0,NASA OSCAR L4 / INCOIS High-Res Hydrodynamic Ocean Model
3526,2026-08-16,9.0,94.0,0.048,0.01,0.049,0.1,78.2,East India Coastal Current (EICC),0.0,NASA OSCAR L4 / INCOIS High-Res Hydrodynamic Ocean Model
3527,2026-08-16,10.0,68.0,-0.11,-0.341,0.358,0.7,197.9,West India Coastal Current (WICC),0.0,NASA OSCAR L4 / INCOIS High-Res Hydrodynamic Ocean Model
3528,2026-08-16,10.0,69.0,-0.184,-0.33,0.378,0.73,209.1,West India Coastal Current (WICC),0.0,NASA OSCAR L4 / INCOIS High-Res Hydrodynamic Ocean Model
3529,2026-08-16,10.0,70.0,-0.276,-0.267,0.384,0.75,225.9,West India Coastal Current (WICC),0.0,NASA OSCAR L4 / INCOIS High-Res Hydrodynamic Ocean Model
3530,2026-08-16,10.0,71.0,-0.039,-0.24,0.243,0.47,189.2,West India Coastal Current (WICC),0.0,NASA OSCAR L4 / INCOIS High-Res Hydrodynamic Ocean Model
3531,2026-08-16,10.0,72.0,-0.162,-0.089,0.185,0.36,241.2,West India Coastal Current (WICC),0.0,NASA OSCAR L4 / INCOIS High-Res Hydrodynamic Ocean Model
3532,2026-08-16,10.0,73.0,-0.098,-0.256,0.274,0.53,200.9,West India Coastal Current (WICC),0.0,NASA OSCAR L4 / INCOIS High-Res Hydrodynamic Ocean Model
3533,2026-08-16,10.0,85.0,0.279,0.051,0.284,0.55,79.6,East India Coastal Current (EICC),0.0,NASA OSCAR L4 / INCOIS High-Res Hydrodynamic Ocean Model
3534,2026-08-16,10.0,86.0,0.191,0.257,0.32,0.62,36.6,East India Coastal Current (EICC),0.0,NASA OSCAR L4 / INCOIS High-Res Hydrodynamic Ocean Model
3535,2026-08-16,10.0,87.0,0.191,0.127,0.229,0.45,56.4,East India Coastal Current (EICC),0.0,NASA OSCAR L4 / INCOIS High-Res Hydrodynamic Ocean Model
3536,2026-08-16,10.0,88.0,0.063,0.241,0.249,0.48,14.6,East India Coastal Current (EICC),0.0,NASA OSCAR L4 / INCOIS High-Res Hydrodynamic Ocean Model
3537,2026-08-16,10.0,89.0,0.27,0.158,0.313,0.61,59.7,East India Coastal Current (EICC),0.0,NASA OSCAR L4 / INCOIS High-Res Hydrodynamic Ocean Model
3538,2026-08-16,10.0,90.0,0.248,0.249,0.351,0.68,44.9,East India Coastal Current (EICC),0.0,NASA OSCAR L4 / INCOIS High-Res Hydrodynamic Ocean Model
3539,2026-08-16,10.0,91.0,0.031,0.136,0.139,0.27,12.8,East India Coastal Current (EICC),0.0,NASA OSCAR L4 / INCOIS High-Res Hydrodynamic Ocean Model
3540,2026-08-16,10.0,92.0,0.258,0.318,0.409,0.8,39.1,East India Coastal Current (EICC),0.0,NASA OSCAR L4 / INCOIS High-Res Hydrodynamic Ocean Model
3541,2026-08-16,10.0,93.0,0.02,0.28,0.281,0.55,4.1,East India Coastal Current (EICC),0.0,NASA OSCAR L4 / INCOIS High-Res Hydrodynamic Ocean Model
3542,2026-08-16,10.0,94.0,0.236,0.124,0.267,0.52,62.3,East India Coastal Current (EICC),0.0,NASA OSCAR L4 / INCOIS High-Res Hydrodynamic Ocean Model
3543,2026-08-16,11.0,68.0,-0.255,-0.339,0.424,0.82,217.0,West India Coastal Current (WICC),0.0,NASA OSCAR L4 / INCOIS High-Res Hydrodynamic Ocean Model
3544,2026-08-16,11.0,69.0,-0.159,-0.016,0.16,0.31,264.3,West India Coastal Current (WICC),0.0,NASA OSCAR L4 / INCOIS High-Res Hydrodynamic Ocean Model
3545,2026-08-16,11.0,70.0,-0.229,-0.236,0.329,0.64,224.1,West India Coastal Current (WICC),0.0,NASA OSCAR L4 / INCOIS High-Res Hydrodynamic Ocean Model
3546,2026-08-16,11.0,71.0,-0.194,-0.184,0.267,0.52,226.5,West India Coastal Current (WICC),0.0,NASA OSCAR L4 / INCOIS High-Res Hydrodynamic Ocean Model
3547,2026-08-16,11.0,72.0,-0.262,-0.276,0.381,0.74,223.5,West India Coastal Current (WICC),0.0,NASA OSCAR L4 / INCOIS High-Res Hydrodynamic Ocean Model
3548,2026-08-16,11.0,73.0,-0.01,-0.221,0.221,0.43,182.6,West India Coastal Current (WICC),0.0,NASA OSCAR L4 / INCOIS High-Res Hydrodynamic Ocean Model
3549,2026-08-16,11.0,85.0,0.094,-0.072,0.118,0.23,127.5,East India Coastal Current (EICC),0.0,NASA OSCAR L4 / INCOIS High-Res Hydrodynamic Ocean Model
3550,2026-08-16,11.0,86.0,0.184,0.277,0.333,0.65,33.6,East India Coastal Current (EICC),0.0,NASA OSCAR L4 / INCOIS High-Res Hydrodynamic Ocean Model
3551,2026-08-16,11.0,87.0,0.198,0.139,0.242,0.47,54.9,East India Coastal Current (EICC),0.0,NASA OSCAR L4 / INCOIS High-Res Hydrodynamic Ocean Model
3552,2026-08-16,11.0,88.0,0.22,0.029,0.222,0.43,82.5,East India Coastal Current (EICC),0.0,NASA OSCAR L4 / INCOIS High-Res Hydrodynamic Ocean Model
3553,2026-08-16,11.0,89.0,0.257,0.401,0.476,0.93,32.7,East India Coastal Current (EICC),0.0,NASA OSCAR L4 / INCOIS High-Res Hydrodynamic Ocean Model
3554,2026-08-16,11.0,90.0,0.045,0.115,0.123,0.24,21.4,East India Coastal Current (EICC),0.0,NASA OSCAR L4 / INCOIS High-Res Hydrodynamic Ocean Model
3555,2026-08-16,11.0,91.0,0.206,0.134,0.246,0.48,57.0,East India Coastal Current (EICC),0.0,NASA OSCAR L4 / INCOIS High-Res Hydrodynamic Ocean Model
3556,2026-08-16,11.0,92.0,0.168,0.011,0.168,0.33,86.3,East India Coastal Current (EICC),0.0,NASA OSCAR L4 / INCOIS High-Res Hydrodynamic Ocean Model
3557,2026-08-16,11.0,93.0,0.243,0.112,0.268,0.52,65.3,East India Coastal Current (EICC),0.0,NASA OSCAR L4 / INCOIS High-Res Hydrodynamic Ocean Model
3558,2026-08-16,11.0,94.0,0.079,0.316,0.326,0.63,14.0,East India Coastal Current (EICC),0.0,NASA OSCAR L4 / INCOIS High-Res Hydrodynamic Ocean Model
3559,2026-08-16,12.0,68.0,-0.185,-0.066,0.196,0.38,250.4,West India Coastal Current (WICC),0.0,NASA OSCAR L4 / INCOIS High-Res Hydrodynamic Ocean Model
3560,2026-08-16,12.0,69.0,-0.147,-0.117,0.188,0.37,231.5,West India Coastal Current (WICC),0.0,NASA OSCAR L4 / INCOIS High-Res Hydrodynamic Ocean Model
3561,2026-08-16,12.0,70.0,-0.204,-0.208,0.291,0.57,224.4,West India Coastal Current (WICC),0.0,NASA OSCAR L4 / INCOIS High-Res Hydrodynamic Ocean Model
3562,2026-08-16,12.0,71.0,-0.198,-0.343,0.396,0.77,210.0,West India Coastal Current (WICC),0.0,NASA OSCAR L4 / INCOIS High-Res Hydrodynamic Ocean Model
3563,2026-08-16,12.0,72.0,-0.238,-0.283,0.37,0.72,220.1,West India Coastal Current (WICC),0.0,NASA OSCAR L4 / INCOIS High-Res Hydrodynamic Ocean Model
3564,2026-08-16,12.0,73.0,-0.031,-0.209,0.211,0.41,188.4,West India Coastal Current (WICC),0.0,NASA OSCAR L4 / INCOIS High-Res Hydrodynamic Ocean Model
3565,2026-08-16,12.0,85.0,0.241,0.304,0.388,0.75,38.4,East India Coastal Current (EICC),0.0,NASA OSCAR L4 / INCOIS High-Res Hydrodynamic Ocean Model
3566,2026-08-16,12.0,86.0,0.193,0.023,0.194,0.38,83.2,East India Coastal Current (EICC),0.0,NASA OSCAR L4 / INCOIS High-Res Hydrodynamic Ocean Model
3567,2026-08-16,12.0,87.0,0.005,0.4,0.4,0.78,0.7,East India Coastal Current (EICC),0.0,NASA OSCAR L4 / INCOIS High-Res Hydrodynamic Ocean Model
3568,2026-08-16,12.0,88.0,0.249,0.213,0.328,0.64,49.5,East India Coastal Current (EICC),0.0,NASA OSCAR L4 / INCOIS High-Res Hydrodynamic Ocean Model
3569,2026-08-16,12.0,89.0,0.141,0.037,0.146,0.28,75.3,East India Coastal Current (EICC),0.0,NASA OSCAR L4 / INCOIS High-Res Hydrodynamic Ocean Model
3570,2026-08-16,12.0,90.0,0.199,0.171,0.262,0.51,49.3,East India Coastal Current (EICC),0.0,NASA OSCAR L4 / INCOIS High-Res Hydrodynamic Ocean Model
3571,2026-08-16,12.0,91.0,0.194,0.183,0.267,0.52,46.7,East India Coastal Current (EICC),0.0,NASA OSCAR L4 / INCOIS High-Res Hydrodynamic Ocean Model
3572,2026-08-16,12.0,92.0,0.273,0.038,0.276,0.54,82.1,East India Coastal Current (EICC),0.0,NASA OSCAR L4 / INCOIS High-Res Hydrodynamic Ocean Model
3573,2026-08-16,12.0,93.0,0.208,0.212,0.297,0.58,44.5,East India Coastal Current (EICC),0.0,NASA OSCAR L4 / INCOIS High-Res Hydrodynamic Ocean Model
3574,2026-08-16,12.0,94.0,0.19,0.339,0.389,0.76,29.3,East India Coastal Current (EICC),0.0,NASA OSCAR L4 / INCOIS High-Res Hydrodynamic Ocean Model
3575,2026-08-16,13.0,68.0,-0.119,-0.216,0.247,0.48,208.9,West India Coastal Current (WICC),0.0,NASA OSCAR L4 / INCOIS High-Res Hydrodynamic Ocean Model
3576,2026-08-16,13.0,69.0,-0.177,-0.106,0.206,0.4,239.1,West India Coastal Current (WICC),0.0,NASA OSCAR L4 / INCOIS High-Res Hydrodynamic Ocean Model
3577,2026-08-16,13.0,70.0,-0.238,-0.289,0.374,0.73,219.5,West India Coastal Current (WICC),0.0,NASA OSCAR L4 / INCOIS High-Res Hydrodynamic Ocean Model
3578,2026-08-16,13.0,71.0,-0.312,-0.182,0.361,0.7,239.7,West India Coastal Current (WICC),0.0,NASA OSCAR L4 / INCOIS High-Res Hydrodynamic Ocean Model
3579,2026-08-16,13.0,72.0,-0.063,-0.348,0.354,0.69,190.3,West India Coastal Current (WICC),0.0,NASA OSCAR L4 / INCOIS High-Res Hydrodynamic Ocean Model
3580,2026-08-16,13.0,73.0,-0.16,-0.058,0.17,0.33,250.1,West India Coastal Current (WICC),0.0,NASA OSCAR L4 / INCOIS High-Res Hydrodynamic Ocean Model
3581,2026-08-16,13.0,85.0,0.29,0.231,0.371,0.72,51.5,East India Coastal Current (EICC),0.0,NASA OSCAR L4 / INCOIS High-Res Hydrodynamic Ocean Model
3582,2026-08-16,13.0,86.0,0.431,0.269,0.508,0.99,58.0,East India Coastal Current (EICC),0.0,NASA OSCAR L4 / INCOIS High-Res Hydrodynamic Ocean Model
3583,2026-08-16,13.0,87.0,0.099,0.177,0.203,0.39,29.2,East India Coastal Current (EICC),0.0,NASA OSCAR L4 / INCOIS High-Res Hydrodynamic Ocean Model
3584,2026-08-16,13.0,88.0,0.073,0.315,0.323,0.63,13.0,East India Coastal Current (EICC),0.0,NASA OSCAR L4 / INCOIS High-Res Hydrodynamic Ocean Model
3585,2026-08-16,13.0,89.0,0.116,0.078,0.14,0.27,56.1,East India Coastal Current (EICC),0.0,NASA OSCAR L4 / INCOIS High-Res Hydrodynamic Ocean Model
3586,2026-08-16,13.0,90.0,0.015,0.25,0.25,0.49,3.4,East India Coastal Current (EICC),0.0,NASA OSCAR L4 / INCOIS High-Res Hydrodynamic Ocean Model
3587,2026-08-16,13.0,91.0,0.114,0.172,0.206,0.4,33.5,East India Coastal Current (EICC),0.0,NASA OSCAR L4 / INCOIS High-Res Hydrodynamic Ocean Model
3588,2026-08-16,13.0,92.0,0.142,0.121,0.187,0.36,49.6,East India Coastal Current (EICC),0.0,NASA OSCAR L4 / INCOIS High-Res Hydrodynamic Ocean Model
3589,2026-08-16,13.0,93.0,0.166,0.213,0.27,0.52,37.9,East India Coastal Current (EICC),0.0,NASA OSCAR L4 / INCOIS High-Res Hydrodynamic Ocean Model
3590,2026-08-16,13.0,94.0,0.398,0.083,0.407,0.79,78.2,East India Coastal Current (EICC),0.0,NASA OSCAR L4 / INCOIS High-Res Hydrodynamic Ocean Model
3591,2026-08-16,14.0,68.0,-0.171,-0.016,0.172,0.33,264.7,West India Coastal Current (WICC),0.0,NASA OSCAR L4 / INCOIS High-Res Hydrodynamic Ocean Model
3592,2026-08-16,14.0,69.0,-0.157,-0.164,0.227,0.44,223.8,West India Coastal Current (WICC),0.0,NASA OSCAR L4 / INCOIS High-Res Hydrodynamic Ocean Model
3593,2026-08-16,14.0,70.0,-0.037,0.016,0.04,0.08,293.4,West India Coastal Current (WICC),0.0,NASA OSCAR L4 / INCOIS High-Res Hydrodynamic Ocean Model
3594,2026-08-16,14.0,71.0,-0.252,-0.408,0.48,0.93,211.7,West India Coastal Current (WICC),0.0,NASA OSCAR L4 / INCOIS High-Res Hydrodynamic Ocean Model
3595,2026-08-16,14.0,72.0,-0.167,-0.152,0.226,0.44,227.7,West India Coastal Current (WICC),0.0,NASA OSCAR L4 / INCOIS High-Res Hydrodynamic Ocean Model
3596,2026-08-16,14.0,73.0,-0.048,-0.501,0.503,0.98,185.5,West India Coastal Current (WICC),0.0,NASA OSCAR L4 / INCOIS High-Res Hydrodynamic Ocean Model
3597,2026-08-16,14.0,85.0,0.284,0.327,0.433,0.84,41.0,East India Coastal Current (EICC),0.0,NASA OSCAR L4 / INCOIS High-Res Hydrodynamic Ocean Model
3598,2026-08-16,14.0,86.0,0.141,0.062,0.154,0.3,66.3,East India Coastal Current (EICC),0.0,NASA OSCAR L4 / INCOIS High-Res Hydrodynamic Ocean Model
3599,2026-08-16,14.0,87.0,0.219,0.26,0.34,0.66,40.1,East India Coastal Current (EICC),0.0,NASA OSCAR L4 / INCOIS High-Res Hydrodynamic Ocean Model
3600,2026-08-16,14.0,88.0,0.051,0.253,0.258,0.5,11.4,East India Coastal Current (EICC),0.0,NASA OSCAR L4 / INCOIS High-Res Hydrodynamic Ocean Model
3601,2026-08-16,14.0,89.0,0.297,0.092,0.311,0.6,72.8,East India Coastal Current (EICC),0.0,NASA OSCAR L4 / INCOIS High-Res Hydrodynamic Ocean Model
3602,2026-08-16,14.0,90.0,0.119,0.148,0.19,0.37,38.8,East India Coastal Current (EICC),0.0,NASA OSCAR L4 / INCOIS High-Res Hydrodynamic Ocean Model
3603,2026-08-16,14.0,91.0,0.121,0.209,0.241,0.47,30.1,East India Coastal Current (EICC),0.0,NASA OSCAR L4 / INCOIS High-Res Hydrodynamic Ocean Model
3604,2026-08-16,14.0,92.0,0.096,0.193,0.216,0.42,26.4,East India Coastal Current (EICC),0.0,NASA OSCAR L4 / INCOIS High-Res Hydrodynamic Ocean Model
3605,2026-08-16,14.0,93.0,0.222,0.1,0.243,0.47,65.8,East India Coastal Current (EICC),0.0,NASA OSCAR L4 / INCOIS High-Res Hydrodynamic Ocean Model
3606,2026-08-16,14.0,94.0,0.227,-0.086,0.243,0.47,110.7,East India Coastal Current (EICC),0.0,NASA OSCAR L4 / INCOIS High-Res Hydrodynamic Ocean Model
3607,2026-08-16,15.0,68.0,-0.253,-0.092,0.269,0.52,250.0,West India Coastal Current (WICC),0.0,NASA OSCAR L4 / INCOIS High-Res Hydrodynamic Ocean Model
3608,2026-08-16,15.0,69.0,-0.258,-0.236,0.35,0.68,227.5,West India Coastal Current (WICC),0.0,NASA OSCAR L4 / INCOIS High-Res Hydrodynamic Ocean Model
3609,2026-08-16,15.0,70.0,-0.153,-0.229,0.275,0.53,213.7,West India Coastal Current (WICC),0.0,NASA OSCAR L4 / INCOIS High-Res Hydrodynamic Ocean Model
3610,2026-08-16,15.0,71.0,-0.198,-0.329,0.384,0.75,211.0,West India Coastal Current (WICC),0.0,NASA OSCAR L4 / INCOIS High-Res Hydrodynamic Ocean Model
3611,2026-08-16,15.0,72.0,-0.138,-0.366,0.391,0.76,200.7,West India Coastal Current (WICC),0.0,NASA OSCAR L4 / INCOIS High-Res Hydrodynamic Ocean Model
3612,2026-08-16,15.0,73.0,-0.086,-0.302,0.314,0.61,195.9,West India Coastal Current (WICC),0.0,NASA OSCAR L4 / INCOIS High-Res Hydrodynamic Ocean Model
3613,2026-08-16,15.0,85.0,0.154,0.036,0.158,0.31,76.8,East India Coastal Current (EICC),0.0,NASA OSCAR L4 / INCOIS High-Res Hydrodynamic Ocean Model
3614,2026-08-16,15.0,86.0,0.133,0.257,0.289,0.56,27.4,East India Coastal Current (EICC),0.0,NASA OSCAR L4 / INCOIS High-Res Hydrodynamic Ocean Model
3615,2026-08-16,15.0,87.0,0.24,-0.028,0.242,0.47,96.7,East India Coastal Current (EICC),0.0,NASA OSCAR L4 / INCOIS High-Res Hydrodynamic Ocean Model
3616,2026-08-16,15.0,88.0,0.113,0.128,0.171,0.33,41.4,East India Coastal Current (EICC),0.0,NASA OSCAR L4 / INCOIS High-Res Hydrodynamic Ocean Model
3617,2026-08-16,15.0,89.0,0.126,-0.014,0.127,0.25,96.3,East India Coastal Current (EICC),0.0,NASA OSCAR L4 / INCOIS High-Res Hydrodynamic Ocean Model
3618,2026-08-16,15.0,90.0,0.226,0.017,0.227,0.44,85.7,East India Coastal Current (EICC),0.0,NASA OSCAR L4 / INCOIS High-Res Hydrodynamic Ocean Model
3619,2026-08-16,15.0,91.0,0.198,0.249,0.318,0.62,38.5,East India Coastal Current (EICC),0.0,NASA OSCAR L4 / INCOIS High-Res Hydrodynamic Ocean Model
3620,2026-08-16,15.0,92.0,0.222,0.035,0.225,0.44,81.0,East India Coastal Current (EICC),0.0,NASA OSCAR L4 / INCOIS High-Res Hydrodynamic Ocean Model
3621,2026-08-16,15.0,93.0,0.282,0.42,0.506,0.98,33.9,East India Coastal Current (EICC),0.0,NASA OSCAR L4 / INCOIS High-Res Hydrodynamic Ocean Model
3622,2026-08-16,15.0,94.0,0.178,0.104,0.206,0.4,59.7,East India Coastal Current (EICC),0.0,NASA OSCAR L4 / INCOIS High-Res Hydrodynamic Ocean Model
3623,2026-08-16,16.0,68.0,-0.21,-0.414,0.464,0.9,206.9,West India Coastal Current (WICC),0.0,NASA OSCAR L4 / INCOIS High-Res Hydrodynamic Ocean Model
3624,2026-08-16,16.0,69.0,-0.228,-0.3,0.377,0.73,217.2,West India Coastal Current (WICC),0.0,NASA OSCAR L4 / INCOIS High-Res Hydrodynamic Ocean Model
3625,2026-08-16,16.0,70.0,-0.076,-0.329,0.338,0.66,193.0,West India Coastal Current (WICC),0.0,NASA OSCAR L4 / INCOIS High-Res Hydrodynamic Ocean Model
3626,2026-08-16,16.0,71.0,-0.101,-0.265,0.284,0.55,200.9,West India Coastal Current (WICC),0.0,NASA OSCAR L4 / INCOIS High-Res Hydrodynamic Ocean Model
3627,2026-08-16,16.0,72.0,-0.099,-0.3,0.316,0.61,198.3,West India Coastal Current (WICC),0.0,NASA OSCAR L4 / INCOIS High-Res Hydrodynamic Ocean Model
3628,2026-08-16,16.0,73.0,-0.196,-0.202,0.281,0.55,224.1,West India Coastal Current (WICC),0.0,NASA OSCAR L4 / INCOIS High-Res Hydrodynamic Ocean Model
3629,2026-08-16,16.0,85.0,0.136,0.118,0.18,0.35,49.1,East India Coastal Current (EICC),0.0,NASA OSCAR L4 / INCOIS High-Res Hydrodynamic Ocean Model
3630,2026-08-16,16.0,86.0,0.148,0.232,0.275,0.53,32.5,East India Coastal Current (EICC),0.0,NASA OSCAR L4 / INCOIS High-Res Hydrodynamic Ocean Model
3631,2026-08-16,16.0,87.0,0.219,0.283,0.358,0.7,37.7,East India Coastal Current (EICC),0.0,NASA OSCAR L4 / INCOIS High-Res Hydrodynamic Ocean Model
3632,2026-08-16,16.0,88.0,0.208,0.34,0.399,0.78,31.5,East India Coastal Current (EICC),0.0,NASA OSCAR L4 / INCOIS High-Res Hydrodynamic Ocean Model
3633,2026-08-16,16.0,89.0,0.229,0.096,0.248,0.48,67.3,East India Coastal Current (EICC),0.0,NASA OSCAR L4 / INCOIS High-Res Hydrodynamic Ocean Model
3634,2026-08-16,16.0,90.0,0.112,0.179,0.211,0.41,32.0,East India Coastal Current (EICC),0.0,NASA OSCAR L4 / INCOIS High-Res Hydrodynamic Ocean Model
3635,2026-08-16,16.0,91.0,0.197,0.08,0.213,0.41,67.9,East India Coastal Current (EICC),0.0,NASA OSCAR L4 / INCOIS High-Res Hydrodynamic Ocean Model
3636,2026-08-16,16.0,92.0,0.096,0.161,0.187,0.36,30.8,East India Coastal Current (EICC),0.0,NASA OSCAR L4 / INCOIS High-Res Hydrodynamic Ocean Model
3637,2026-08-16,16.0,93.0,0.212,0.088,0.23,0.45,67.5,East India Coastal Current (EICC),0.0,NASA OSCAR L4 / INCOIS High-Res Hydrodynamic Ocean Model
3638,2026-08-16,16.0,94.0,0.278,0.078,0.289,0.56,74.3,East India Coastal Current (EICC),0.0,NASA OSCAR L4 / INCOIS High-Res Hydrodynamic Ocean Model
3639,2026-08-16,17.0,68.0,-0.14,-0.134,0.194,0.38,226.3,West India Coastal Current (WICC),0.0,NASA OSCAR L4 / INCOIS High-Res Hydrodynamic Ocean Model
3640,2026-08-16,17.0,69.0,-0.133,-0.31,0.337,0.66,203.2,West India Coastal Current (WICC),0.0,NASA OSCAR L4 / INCOIS High-Res Hydrodynamic Ocean Model
3641,2026-08-16,17.0,70.0,-0.219,-0.568,0.609,1.18,201.1,West India Coastal Current (WICC),0.0,NASA OSCAR L4 / INCOIS High-Res Hydrodynamic Ocean Model
3642,2026-08-16,17.0,71.0,-0.065,-0.295,0.302,0.59,192.4,West India Coastal Current (WICC),0.0,NASA OSCAR L4 / INCOIS High-Res Hydrodynamic Ocean Model
3643,2026-08-16,17.0,72.0,-0.124,-0.343,0.365,0.71,199.9,West India Coastal Current (WICC),0.0,NASA OSCAR L4 / INCOIS High-Res Hydrodynamic Ocean Model
3644,2026-08-16,17.0,73.0,-0.119,-0.433,0.449,0.87,195.4,West India Coastal Current (WICC),0.0,NASA OSCAR L4 / INCOIS High-Res Hydrodynamic Ocean Model
3645,2026-08-16,17.0,85.0,0.166,0.107,0.197,0.38,57.2,East India Coastal Current (EICC),0.0,NASA OSCAR L4 / INCOIS High-Res Hydrodynamic Ocean Model
3646,2026-08-16,17.0,86.0,0.134,0.12,0.18,0.35,48.2,East India Coastal Current (EICC),0.0,NASA OSCAR L4 / INCOIS High-Res Hydrodynamic Ocean Model
3647,2026-08-16,17.0,87.0,0.307,0.192,0.362,0.7,58.0,East India Coastal Current (EICC),0.0,NASA OSCAR L4 / INCOIS High-Res Hydrodynamic Ocean Model
3648,2026-08-16,17.0,88.0,0.219,0.188,0.289,0.56,49.4,East India Coastal Current (EICC),0.0,NASA OSCAR L4 / INCOIS High-Res Hydrodynamic Ocean Model
3649,2026-08-16,17.0,89.0,0.224,0.254,0.339,0.66,41.4,East India Coastal Current (EICC),0.0,NASA OSCAR L4 / INCOIS High-Res Hydrodynamic Ocean Model
3650,2026-08-16,17.0,90.0,0.26,0.133,0.292,0.57,62.9,East India Coastal Current (EICC),0.0,NASA OSCAR L4 / INCOIS High-Res Hydrodynamic Ocean Model
3651,2026-08-16,17.0,91.0,0.216,0.287,0.359,0.7,37.0,East India Coastal Current (EICC),0.0,NASA OSCAR L4 / INCOIS High-Res Hydrodynamic Ocean Model
3652,2026-08-16,17.0,92.0,0.321,0.242,0.402,0.78,53.0,East India Coastal Current (EICC),0.0,NASA OSCAR L4 / INCOIS High-Res Hydrodynamic Ocean Model
3653,2026-08-16,17.0,93.0,0.185,0.136,0.23,0.45,53.7,East India Coastal Current (EICC),0.0,NASA OSCAR L4 / INCOIS High-Res Hydrodynamic Ocean Model
3654,2026-08-16,17.0,94.0,0.315,0.063,0.321,0.62,78.7,East India Coastal Current (EICC),0.0,NASA OSCAR L4 / INCOIS High-Res Hydrodynamic Ocean Model
3655,2026-08-16,18.0,68.0,-0.171,-0.241,0.296,0.58,215.4,West India Coastal Current (WICC),0.0,NASA OSCAR L4 / INCOIS High-Res Hydrodynamic Ocean Model
3656,2026-08-16,18.0,69.0,-0.058,-0.372,0.376,0.73,188.9,West India Coastal Current (WICC),0.0,NASA OSCAR L4 / INCOIS High-Res Hydrodynamic Ocean Model
3657,2026-08-16,18.0,70.0,-0.046,-0.324,0.327,0.64,188.1,West India Coastal Current (WICC),0.0,NASA OSCAR L4 / INCOIS High-Res Hydrodynamic Ocean Model
3658,2026-08-16,18.0,71.0,-0.154,-0.306,0.343,0.67,206.7,West India Coastal Current (WICC),0.0,NASA OSCAR L4 / INCOIS High-Res Hydrodynamic Ocean Model
3659,2026-08-16,18.0,72.0,-0.113,-0.289,0.31,0.6,201.4,West India Coastal Current (WICC),0.0,NASA OSCAR L4 / INCOIS High-Res Hydrodynamic Ocean Model
3660,2026-08-16,18.0,73.0,-0.155,-0.327,0.362,0.7,205.4,West India Coastal Current (WICC),0.0,NASA OSCAR L4 / INCOIS High-Res Hydrodynamic Ocean Model
3661,2026-08-16,18.0,85.0,0.099,0.247,0.266,0.52,21.8,East India Coastal Current (EICC),0.0,NASA OSCAR L4 / INCOIS High-Res Hydrodynamic Ocean Model
3662,2026-08-16,18.0,86.0,0.296,0.296,0.419,0.81,45.0,East India Coastal Current (EICC),0.0,NASA OSCAR L4 / INCOIS High-Res Hydrodynamic Ocean Model
3663,2026-08-16,18.0,87.0,0.201,0.261,0.329,0.64,37.6,East India Coastal Current (EICC),0.0,NASA OSCAR L4 / INCOIS High-Res Hydrodynamic Ocean Model
3664,2026-08-16,18.0,88.0,0.09,0.135,0.162,0.31,33.7,East India Coastal Current (EICC),0.0,NASA OSCAR L4 / INCOIS High-Res Hydrodynamic Ocean Model
3665,2026-08-16,18.0,89.0,0.194,0.265,0.328,0.64,36.2,East India Coastal Current (EICC),0.0,NASA OSCAR L4 / INCOIS High-Res Hydrodynamic Ocean Model
3666,2026-08-16,18.0,90.0,0.2,0.256,0.325,0.63,38.0,East India Coastal Current (EICC),0.0,NASA OSCAR L4 / INCOIS High-Res Hydrodynamic Ocean Model
3667,2026-08-16,18.0,91.0,0.131,0.036,0.136,0.26,74.6,East India Coastal Current (EICC),0.0,NASA OSCAR L4 / INCOIS High-Res Hydrodynamic Ocean Model
3668,2026-08-16,18.0,92.0,0.248,0.323,0.407,0.79,37.5,East India Coastal Current (EICC),0.0,NASA OSCAR L4 / INCOIS High-Res Hydrodynamic Ocean Model
3669,2026-08-16,18.0,93.0,0.113,0.167,0.202,0.39,34.1,East India Coastal Current (EICC),0.0,NASA OSCAR L4 / INCOIS High-Res Hydrodynamic Ocean Model
3670,2026-08-16,18.0,94.0,0.228,0.043,0.232,0.45,79.3,East India Coastal Current (EICC),0.0,NASA OSCAR L4 / INCOIS High-Res Hydrodynamic Ocean Model
3671,2026-08-16,19.0,68.0,-0.291,-0.189,0.347,0.67,237.0,West India Coastal Current (WICC),0.0,NASA OSCAR L4 / INCOIS High-Res Hydrodynamic Ocean Model
3672,2026-08-16,19.0,69.0,-0.015,-0.352,0.352,0.68,182.4,West India Coastal Current (WICC),0.0,NASA OSCAR L4 / INCOIS High-Res Hydrodynamic Ocean Model
3673,2026-08-16,19.0,70.0,-0.105,-0.229,0.252,0.49,204.6,West India Coastal Current (WICC),0.0,NASA OSCAR L4 / INCOIS High-Res Hydrodynamic Ocean Model
3674,2026-08-16,19.0,71.0,-0.397,-0.153,0.425,0.83,248.9,West India Coastal Current (WICC),0.0,NASA OSCAR L4 / INCOIS High-Res Hydrodynamic Ocean Model
3675,2026-08-16,19.0,72.0,-0.181,-0.259,0.316,0.61,214.9,West India Coastal Current (WICC),0.0,NASA OSCAR L4 / INCOIS High-Res Hydrodynamic Ocean Model
3676,2026-08-16,19.0,73.0,-0.042,-0.363,0.365,0.71,186.6,West India Coastal Current (WICC),0.0,NASA OSCAR L4 / INCOIS High-Res Hydrodynamic Ocean Model
3677,2026-08-16,19.0,85.0,0.171,0.04,0.176,0.34,76.8,East India Coastal Current (EICC),0.0,NASA OSCAR L4 / INCOIS High-Res Hydrodynamic Ocean Model
3678,2026-08-16,19.0,86.0,0.299,0.245,0.387,0.75,50.7,East India Coastal Current (EICC),0.0,NASA OSCAR L4 / INCOIS High-Res Hydrodynamic Ocean Model
3679,2026-08-16,19.0,87.0,0.191,0.136,0.234,0.45,54.5,East India Coastal Current (EICC),0.0,NASA OSCAR L4 / INCOIS High-Res Hydrodynamic Ocean Model
3680,2026-08-16,19.0,88.0,0.146,0.299,0.333,0.65,26.0,East India Coastal Current (EICC),0.0,NASA OSCAR L4 / INCOIS High-Res Hydrodynamic Ocean Model
3681,2026-08-16,19.0,89.0,0.182,0.024,0.184,0.36,82.5,East India Coastal Current (EICC),0.0,NASA OSCAR L4 / INCOIS High-Res Hydrodynamic Ocean Model
3682,2026-08-16,19.0,90.0,0.061,0.184,0.194,0.38,18.3,East India Coastal Current (EICC),0.0,NASA OSCAR L4 / INCOIS High-Res Hydrodynamic Ocean Model
3683,2026-08-16,19.0,91.0,0.135,0.1,0.168,0.33,53.5,East India Coastal Current (EICC),0.0,NASA OSCAR L4 / INCOIS High-Res Hydrodynamic Ocean Model
3684,2026-08-16,19.0,92.0,0.362,0.141,0.388,0.75,68.7,East India Coastal Current (EICC),0.0,NASA OSCAR L4 / INCOIS High-Res Hydrodynamic Ocean Model
3685,2026-08-16,19.0,93.0,0.267,0.33,0.424,0.82,39.0,East India Coastal Current (EICC),0.0,NASA OSCAR L4 / INCOIS High-Res Hydrodynamic Ocean Model
3686,2026-08-16,19.0,94.0,0.205,0.141,0.249,0.48,55.5,East India Coastal Current (EICC),0.0,NASA OSCAR L4 / INCOIS High-Res Hydrodynamic Ocean Model
3687,2026-08-16,20.0,68.0,-0.177,-0.256,0.311,0.6,214.7,West India Coastal Current (WICC),0.0,NASA OSCAR L4 / INCOIS High-Res Hydrodynamic Ocean Model
3688,2026-08-16,20.0,69.0,-0.127,-0.223,0.257,0.5,209.7,West India Coastal Current (WICC),0.0,NASA OSCAR L4 / INCOIS High-Res Hydrodynamic Ocean Model
3689,2026-08-16,20.0,70.0,-0.16,0.05,0.168,0.33,287.4,West India Coastal Current (WICC),0.0,NASA OSCAR L4 / INCOIS High-Res Hydrodynamic Ocean Model
3690,2026-08-16,20.0,71.0,-0.174,-0.247,0.302,0.59,215.2,West India Coastal Current (WICC),0.0,NASA OSCAR L4 / INCOIS High-Res Hydrodynamic Ocean Model
3691,2026-08-16,20.0,72.0,-0.112,-0.191,0.221,0.43,210.4,West India Coastal Current (WICC),0.0,NASA OSCAR L4 / INCOIS High-Res Hydrodynamic Ocean Model
3692,2026-08-16,20.0,73.0,-0.052,-0.155,0.163,0.32,198.5,West India Coastal Current (WICC),0.0,NASA OSCAR L4 / INCOIS High-Res Hydrodynamic Ocean Model
3693,2026-08-16,20.0,85.0,0.214,-0.062,0.223,0.43,106.2,East India Coastal Current (EICC),0.0,NASA OSCAR L4 / INCOIS High-Res Hydrodynamic Ocean Model
3694,2026-08-16,20.0,86.0,0.085,0.13,0.155,0.3,33.2,East India Coastal Current (EICC),0.0,NASA OSCAR L4 / INCOIS High-Res Hydrodynamic Ocean Model
3695,2026-08-16,20.0,87.0,0.265,0.311,0.409,0.8,40.4,East India Coastal Current (EICC),0.0,NASA OSCAR L4 / INCOIS High-Res Hydrodynamic Ocean Model
3696,2026-08-16,20.0,88.0,0.228,0.251,0.339,0.66,42.3,East India Coastal Current (EICC),0.0,NASA OSCAR L4 / INCOIS High-Res Hydrodynamic Ocean Model
3697,2026-08-16,20.0,89.0,0.327,0.091,0.339,0.66,74.4,East India Coastal Current (EICC),0.0,NASA OSCAR L4 / INCOIS High-Res Hydrodynamic Ocean Model
3698,2026-08-16,20.0,90.0,0.173,0.213,0.274,0.53,39.1,East India Coastal Current (EICC),0.0,NASA OSCAR L4 / INCOIS High-Res Hydrodynamic Ocean Model
3699,2026-08-16,20.0,91.0,0.12,0.157,0.198,0.38,37.4,East India Coastal Current (EICC),0.0,NASA OSCAR L4 / INCOIS High-Res Hydrodynamic Ocean Model
3700,2026-08-16,20.0,92.0,0.171,0.093,0.195,0.38,61.5,East India Coastal Current (EICC),0.0,NASA OSCAR L4 / INCOIS High-Res Hydrodynamic Ocean Model
3701,2026-08-16,20.0,93.0,0.385,0.313,0.496,0.96,50.9,East India Coastal Current (EICC),0.0,NASA OSCAR L4 / INCOIS High-Res Hydrodynamic Ocean Model
3702,2026-08-16,20.0,94.0,0.136,0.127,0.186,0.36,47.0,East India Coastal Current (EICC),0.0,NASA OSCAR L4 / INCOIS High-Res Hydrodynamic Ocean Model
3703,2026-08-16,21.0,68.0,-0.247,-0.25,0.351,0.68,224.7,West India Coastal Current (WICC),0.0,NASA OSCAR L4 / INCOIS High-Res Hydrodynamic Ocean Model
3704,2026-08-16,21.0,69.0,-0.049,-0.315,0.319,0.62,188.8,West India Coastal Current (WICC),0.0,NASA OSCAR L4 / INCOIS High-Res Hydrodynamic Ocean Model
3705,2026-08-16,21.0,70.0,-0.182,-0.204,0.273,0.53,221.7,West India Coastal Current (WICC),0.0,NASA OSCAR L4 / INCOIS High-Res Hydrodynamic Ocean Model
3706,2026-08-16,21.0,71.0,-0.21,-0.182,0.278,0.54,229.1,West India Coastal Current (WICC),0.0,NASA OSCAR L4 / INCOIS High-Res Hydrodynamic Ocean Model
3707,2026-08-16,21.0,72.0,-0.149,-0.252,0.293,0.57,210.6,West India Coastal Current (WICC),0.0,NASA OSCAR L4 / INCOIS High-Res Hydrodynamic Ocean Model
3708,2026-08-16,21.0,73.0,-0.283,-0.289,0.404,0.79,224.4,West India Coastal Current (WICC),0.0,NASA OSCAR L4 / INCOIS High-Res Hydrodynamic Ocean Model
3709,2026-08-16,21.0,74.0,-0.117,-0.076,0.14,0.27,237.0,West India Coastal Current (WICC),0.0,NASA OSCAR L4 / INCOIS High-Res Hydrodynamic Ocean Model
3710,2026-08-16,21.0,75.0,-0.176,-0.249,0.305,0.59,215.3,West India Coastal Current (WICC),0.0,NASA OSCAR L4 / INCOIS High-Res Hydrodynamic Ocean Model
3711,2026-08-16,21.0,76.0,-0.142,-0.27,0.305,0.59,207.7,West India Coastal Current (WICC),0.0,NASA OSCAR L4 / INCOIS High-Res Hydrodynamic Ocean Model
3712,2026-08-16,21.0,77.0,0.266,0.197,0.331,0.64,53.5,East India Coastal Current (EICC),0.0,NASA OSCAR L4 / INCOIS High-Res Hydrodynamic Ocean Model
3713,2026-08-16,21.0,78.0,0.223,0.167,0.279,0.54,53.2,East India Coastal Current (EICC),0.0,NASA OSCAR L4 / INCOIS High-Res Hydrodynamic Ocean Model
3714,2026-08-16,21.0,79.0,0.302,0.235,0.383,0.74,52.1,East India Coastal Current (EICC),0.0,NASA OSCAR L4 / INCOIS High-Res Hydrodynamic Ocean Model
3715,2026-08-16,21.0,80.0,0.315,0.174,0.36,0.7,61.1,East India Coastal Current (EICC),0.0,NASA OSCAR L4 / INCOIS High-Res Hydrodynamic Ocean Model
3716,2026-08-16,21.0,81.0,0.19,0.16,0.248,0.48,49.9,East India Coastal Current (EICC),0.0,NASA OSCAR L4 / INCOIS High-Res Hydrodynamic Ocean Model
3717,2026-08-16,21.0,82.0,0.016,0.068,0.07,0.14,13.2,East India Coastal Current (EICC),0.0,NASA OSCAR L4 / INCOIS High-Res Hydrodynamic Ocean Model
3718,2026-08-16,21.0,83.0,0.189,0.213,0.285,0.55,41.6,East India Coastal Current (EICC),0.0,NASA OSCAR L4 / INCOIS High-Res Hydrodynamic Ocean Model
3719,2026-08-16,21.0,84.0,0.183,0.063,0.194,0.38,71.0,East India Coastal Current (EICC),0.0,NASA OSCAR L4 / INCOIS High-Res Hydrodynamic Ocean Model
3720,2026-08-16,21.0,85.0,0.219,0.147,0.264,0.51,56.1,East India Coastal Current (EICC),0.0,NASA OSCAR L4 / INCOIS High-Res Hydrodynamic Ocean Model
3721,2026-08-16,21.0,86.0,0.176,0.118,0.212,0.41,56.2,East India Coastal Current (EICC),0.0,NASA OSCAR L4 / INCOIS High-Res Hydrodynamic Ocean Model
3722,2026-08-16,21.0,87.0,0.169,0.307,0.35,0.68,28.8,East India Coastal Current (EICC),0.0,NASA OSCAR L4 / INCOIS High-Res Hydrodynamic Ocean Model
3723,2026-08-16,21.0,88.0,0.21,0.054,0.217,0.42,75.6,East India Coastal Current (EICC),0.0,NASA OSCAR L4 / INCOIS High-Res Hydrodynamic Ocean Model
3724,2026-08-16,21.0,89.0,0.151,0.164,0.223,0.43,42.6,East India Coastal Current (EICC),0.0,NASA OSCAR L4 / INCOIS High-Res Hydrodynamic Ocean Model
3725,2026-08-16,21.0,90.0,0.326,0.274,0.426,0.83,50.0,East India Coastal Current (EICC),0.0,NASA OSCAR L4 / INCOIS High-Res Hydrodynamic Ocean Model
3726,2026-08-16,21.0,91.0,0.334,-0.004,0.334,0.65,90.7,East India Coastal Current (EICC),0.0,NASA OSCAR L4 / INCOIS High-Res Hydrodynamic Ocean Model
3727,2026-08-16,21.0,92.0,0.396,0.016,0.396,0.77,87.7,East India Coastal Current (EICC),0.0,NASA OSCAR L4 / INCOIS High-Res Hydrodynamic Ocean Model
3728,2026-08-16,21.0,93.0,0.282,0.163,0.326,0.63,60.0,East India Coastal Current (EICC),0.0,NASA OSCAR L4 / INCOIS High-Res Hydrodynamic Ocean Model
3729,2026-08-16,21.0,94.0,0.29,0.09,0.304,0.59,72.8,East India Coastal Current (EICC),0.0,NASA OSCAR L4 / INCOIS High-Res Hydrodynamic Ocean Model
3730,2026-08-16,22.0,68.0,-0.071,-0.269,0.278,0.54,194.8,West India Coastal Current (WICC),0.0,NASA OSCAR L4 / INCOIS High-Res Hydrodynamic Ocean Model
3731,2026-08-16,22.0,69.0,-0.026,-0.185,0.187,0.36,188.0,West India Coastal Current (WICC),0.0,NASA OSCAR L4 / INCOIS High-Res Hydrodynamic Ocean Model
3732,2026-08-16,22.0,70.0,-0.302,-0.432,0.527,1.02,215.0,West India Coastal Current (WICC),0.0,NASA OSCAR L4 / INCOIS High-Res Hydrodynamic Ocean Model
3733,2026-08-16,22.0,71.0,-0.159,-0.18,0.24,0.47,221.5,West India Coastal Current (WICC),0.0,NASA OSCAR L4 / INCOIS High-Res Hydrodynamic Ocean Model
3734,2026-08-16,22.0,72.0,-0.14,-0.285,0.318,0.62,206.2,West India Coastal Current (WICC),0.0,NASA OSCAR L4 / INCOIS High-Res Hydrodynamic Ocean Model
3735,2026-08-16,22.0,73.0,-0.189,-0.158,0.246,0.48,230.1,West India Coastal Current (WICC),0.0,NASA OSCAR L4 / INCOIS High-Res Hydrodynamic Ocean Model
3736,2026-08-16,22.0,74.0,0.007,-0.282,0.282,0.55,178.6,West India Coastal Current (WICC),0.0,NASA OSCAR L4 / INCOIS High-Res Hydrodynamic Ocean Model
3737,2026-08-16,22.0,75.0,-0.058,-0.258,0.264,0.51,192.7,West India Coastal Current (WICC),0.0,NASA OSCAR L4 / INCOIS High-Res Hydrodynamic Ocean Model
3738,2026-08-16,22.0,76.0,-0.067,-0.328,0.335,0.65,191.5,West India Coastal Current (WICC),0.0,NASA OSCAR L4 / INCOIS High-Res Hydrodynamic Ocean Model
3739,2026-08-16,22.0,77.0,0.153,0.186,0.241,0.47,39.4,East India Coastal Current (EICC),0.0,NASA OSCAR L4 / INCOIS High-Res Hydrodynamic Ocean Model
3740,2026-08-16,22.0,78.0,0.133,0.011,0.133,0.26,85.3,East India Coastal Current (EICC),0.0,NASA OSCAR L4 / INCOIS High-Res Hydrodynamic Ocean Model
3741,2026-08-16,22.0,79.0,0.232,0.075,0.244,0.47,72.1,East India Coastal Current (EICC),0.0,NASA OSCAR L4 / INCOIS High-Res Hydrodynamic Ocean Model
3742,2026-08-16,22.0,80.0,0.105,0.324,0.341,0.66,18.0,East India Coastal Current (EICC),0.0,NASA OSCAR L4 / INCOIS High-Res Hydrodynamic Ocean Model
3743,2026-08-16,22.0,81.0,0.212,0.303,0.37,0.72,35.0,East India Coastal Current (EICC),0.0,NASA OSCAR L4 / INCOIS High-Res Hydrodynamic Ocean Model
3744,2026-08-16,22.0,82.0,0.167,0.098,0.194,0.38,59.6,East India Coastal Current (EICC),0.0,NASA OSCAR L4 / INCOIS High-Res Hydrodynamic Ocean Model
3745,2026-08-16,22.0,83.0,0.106,0.306,0.324,0.63,19.1,East India Coastal Current (EICC),0.0,NASA OSCAR L4 / INCOIS High-Res Hydrodynamic Ocean Model
3746,2026-08-16,22.0,84.0,0.252,0.285,0.38,0.74,41.5,East India Coastal Current (EICC),0.0,NASA OSCAR L4 / INCOIS High-Res Hydrodynamic Ocean Model
3747,2026-08-16,22.0,85.0,0.236,0.032,0.238,0.46,82.3,East India Coastal Current (EICC),0.0,NASA OSCAR L4 / INCOIS High-Res Hydrodynamic Ocean Model
3748,2026-08-16,22.0,86.0,0.277,0.105,0.296,0.58,69.2,East India Coastal Current (EICC),0.0,NASA OSCAR L4 / INCOIS High-Res Hydrodynamic Ocean Model
3749,2026-08-16,22.0,87.0,0.234,0.05,0.239,0.46,77.9,East India Coastal Current (EICC),0.0,NASA OSCAR L4 / INCOIS High-Res Hydrodynamic Ocean Model
3750,2026-08-16,22.0,88.0,0.28,0.174,0.33,0.64,58.1,East India Coastal Current (EICC),0.0,NASA OSCAR L4 / INCOIS High-Res Hydrodynamic Ocean Model
3751,2026-08-16,22.0,89.0,0.154,0.204,0.256,0.5,37.0,East India Coastal Current (EICC),0.0,NASA OSCAR L4 / INCOIS High-Res Hydrodynamic Ocean Model
3752,2026-08-16,22.0,90.0,0.14,-0.005,0.14,0.27,92.0,East India Coastal Current (EICC),0.0,NASA OSCAR L4 / INCOIS High-Res Hydrodynamic Ocean Model
3753,2026-08-16,22.0,91.0,0.188,0.09,0.208,0.4,64.4,East India Coastal Current (EICC),0.0,NASA OSCAR L4 / INCOIS High-Res Hydrodynamic Ocean Model
3754,2026-08-16,22.0,92.0,0.133,0.278,0.308,0.6,25.6,East India Coastal Current (EICC),0.0,NASA OSCAR L4 / INCOIS High-Res Hydrodynamic Ocean Model
3755,2026-08-16,22.0,93.0,0.175,0.047,0.181,0.35,75.0,East India Coastal Current (EICC),0.0,NASA OSCAR L4 / INCOIS High-Res Hydrodynamic Ocean Model
3756,2026-08-16,22.0,94.0,0.252,0.087,0.267,0.52,71.0,East India Coastal Current (EICC),0.0,NASA OSCAR L4 / INCOIS High-Res Hydrodynamic Ocean Model
3757,2026-08-16,23.0,68.0,-0.137,-0.071,0.154,0.3,242.6,West India Coastal Current (WICC),0.0,NASA OSCAR L4 / INCOIS High-Res Hydrodynamic Ocean Model
3758,2026-08-16,23.0,69.0,-0.013,-0.367,0.367,0.71,182.0,West India Coastal Current (WICC),0.0,NASA OSCAR L4 / INCOIS High-Res Hydrodynamic Ocean Model
3759,2026-08-16,23.0,70.0,-0.32,-0.411,0.521,1.01,217.9,West India Coastal Current (WICC),0.0,NASA OSCAR L4 / INCOIS High-Res Hydrodynamic Ocean Model
3760,2026-08-16,23.0,71.0,-0.232,-0.195,0.303,0.59,230.0,West India Coastal Current (WICC),0.0,NASA OSCAR L4 / INCOIS High-Res Hydrodynamic Ocean Model
3761,2026-08-16,23.0,72.0,-0.128,-0.228,0.261,0.51,209.3,West India Coastal Current (WICC),0.0,NASA OSCAR L4 / INCOIS High-Res Hydrodynamic Ocean Model
3762,2026-08-16,23.0,73.0,-0.102,-0.201,0.225,0.44,206.9,West India Coastal Current (WICC),0.0,NASA OSCAR L4 / INCOIS High-Res Hydrodynamic Ocean Model
3763,2026-08-16,23.0,74.0,-0.279,-0.179,0.331,0.64,237.3,West India Coastal Current (WICC),0.0,NASA OSCAR L4 / INCOIS High-Res Hydrodynamic Ocean Model
3764,2026-08-16,23.0,75.0,-0.185,-0.421,0.46,0.89,203.7,West India Coastal Current (WICC),0.0,NASA OSCAR L4 / INCOIS High-Res Hydrodynamic Ocean Model
3765,2026-08-16,23.0,76.0,0.041,-0.249,0.252,0.49,170.6,West India Coastal Current (WICC),0.0,NASA OSCAR L4 / INCOIS High-Res Hydrodynamic Ocean Model
3766,2026-08-16,23.0,77.0,0.233,0.256,0.346,0.67,42.3,East India Coastal Current (EICC),0.0,NASA OSCAR L4 / INCOIS High-Res Hydrodynamic Ocean Model
3767,2026-08-16,23.0,78.0,0.202,0.299,0.361,0.7,34.0,East India Coastal Current (EICC),0.0,NASA OSCAR L4 / INCOIS High-Res Hydrodynamic Ocean Model
3768,2026-08-16,23.0,79.0,0.248,0.223,0.334,0.65,48.0,East India Coastal Current (EICC),0.0,NASA OSCAR L4 / INCOIS High-Res Hydrodynamic Ocean Model
3769,2026-08-16,23.0,80.0,0.135,0.049,0.144,0.28,70.1,East India Coastal Current (EICC),0.0,NASA OSCAR L4 / INCOIS High-Res Hydrodynamic Ocean Model
3770,2026-08-16,23.0,81.0,0.143,0.213,0.257,0.5,33.9,East India Coastal Current (EICC),0.0,NASA OSCAR L4 / INCOIS High-Res Hydrodynamic Ocean Model
3771,2026-08-16,23.0,82.0,0.219,0.322,0.389,0.76,34.2,East India Coastal Current (EICC),0.0,NASA OSCAR L4 / INCOIS High-Res Hydrodynamic Ocean Model
3772,2026-08-16,23.0,83.0,0.138,0.14,0.197,0.38,44.6,East India Coastal Current (EICC),0.0,NASA OSCAR L4 / INCOIS High-Res Hydrodynamic Ocean Model
3773,2026-08-16,23.0,84.0,0.127,0.029,0.13,0.25,77.1,East India Coastal Current (EICC),0.0,NASA OSCAR L4 / INCOIS High-Res Hydrodynamic Ocean Model
3774,2026-08-16,23.0,85.0,0.241,0.079,0.254,0.49,71.9,East India Coastal Current (EICC),0.0,NASA OSCAR L4 / INCOIS High-Res Hydrodynamic Ocean Model
3775,2026-08-16,23.0,86.0,0.341,0.071,0.348,0.68,78.2,East India Coastal Current (EICC),0.0,NASA OSCAR L4 / INCOIS High-Res Hydrodynamic Ocean Model
3776,2026-08-16,23.0,87.0,0.156,0.209,0.261,0.51,36.7,East India Coastal Current (EICC),0.0,NASA OSCAR L4 / INCOIS High-Res Hydrodynamic Ocean Model
3777,2026-08-16,23.0,88.0,0.125,0.21,0.244,0.47,30.8,East India Coastal Current (EICC),0.0,NASA OSCAR L4 / INCOIS High-Res Hydrodynamic Ocean Model
3778,2026-08-16,23.0,89.0,0.34,0.159,0.375,0.73,64.9,East India Coastal Current (EICC),0.0,NASA OSCAR L4 / INCOIS High-Res Hydrodynamic Ocean Model
3779,2026-08-16,23.0,90.0,0.289,0.127,0.316,0.61,66.3,East India Coastal Current (EICC),0.0,NASA OSCAR L4 / INCOIS High-Res Hydrodynamic Ocean Model
3780,2026-08-16,23.0,91.0,0.362,0.205,0.416,0.81,60.5,East India Coastal Current (EICC),0.0,NASA OSCAR L4 / INCOIS High-Res Hydrodynamic Ocean Model
3781,2026-08-16,23.0,92.0,0.188,0.03,0.19,0.37,80.9,East India Coastal Current (EICC),0.0,NASA OSCAR L4 / INCOIS High-Res Hydrodynamic Ocean Model
3782,2026-08-16,23.0,93.0,0.167,0.11,0.2,0.39,56.6,East India Coastal Current (EICC),0.0,NASA OSCAR L4 / INCOIS High-Res Hydrodynamic Ocean Model
3783,2026-08-16,23.0,94.0,0.007,0.037,0.038,0.07,10.7,East India Coastal Current (EICC),0.0,NASA OSCAR L4 / INCOIS High-Res Hydrodynamic Ocean Model
3784,2026-08-16,24.0,68.0,-0.075,-0.383,0.39,0.76,191.1,West India Coastal Current (WICC),0.0,NASA OSCAR L4 / INCOIS High-Res Hydrodynamic Ocean Model
3785,2026-08-16,24.0,69.0,-0.047,-0.09,0.102,0.2,207.6,West India Coastal Current (WICC),0.0,NASA OSCAR L4 / INCOIS High-Res Hydrodynamic Ocean Model
3786,2026-08-16,24.0,70.0,-0.164,-0.138,0.214,0.42,229.9,West India Coastal Current (WICC),0.0,NASA OSCAR L4 / INCOIS High-Res Hydrodynamic Ocean Model
3787,2026-08-16,24.0,71.0,-0.225,-0.432,0.487,0.95,207.5,West India Coastal Current (WICC),0.0,NASA OSCAR L4 / INCOIS High-Res Hydrodynamic Ocean Model
3788,2026-08-16,24.0,72.0,-0.168,-0.272,0.32,0.62,211.7,West India Coastal Current (WICC),0.0,NASA OSCAR L4 / INCOIS High-Res Hydrodynamic Ocean Model
3789,2026-08-16,24.0,73.0,-0.074,-0.194,0.208,0.4,200.9,West India Coastal Current (WICC),0.0,NASA OSCAR L4 / INCOIS High-Res Hydrodynamic Ocean Model
3790,2026-08-16,24.0,74.0,-0.163,-0.071,0.178,0.35,246.5,West India Coastal Current (WICC),0.0,NASA OSCAR L4 / INCOIS High-Res Hydrodynamic Ocean Model
3791,2026-08-16,24.0,75.0,-0.18,-0.088,0.2,0.39,243.9,West India Coastal Current (WICC),0.0,NASA OSCAR L4 / INCOIS High-Res Hydrodynamic Ocean Model
3792,2026-08-16,24.0,76.0,-0.204,-0.192,0.28,0.54,226.7,West India Coastal Current (WICC),0.0,NASA OSCAR L4 / INCOIS High-Res Hydrodynamic Ocean Model
3793,2026-08-16,24.0,77.0,0.24,0.148,0.282,0.55,58.3,East India Coastal Current (EICC),0.0,NASA OSCAR L4 / INCOIS High-Res Hydrodynamic Ocean Model
3794,2026-08-16,24.0,78.0,0.287,0.242,0.375,0.73,49.9,East India Coastal Current (EICC),0.0,NASA OSCAR L4 / INCOIS High-Res Hydrodynamic Ocean Model
3795,2026-08-16,24.0,79.0,0.203,0.147,0.251,0.49,54.1,East India Coastal Current (EICC),0.0,NASA OSCAR L4 / INCOIS High-Res Hydrodynamic Ocean Model
3796,2026-08-16,24.0,80.0,0.182,0.193,0.265,0.52,43.3,East India Coastal Current (EICC),0.0,NASA OSCAR L4 / INCOIS High-Res Hydrodynamic Ocean Model
3797,2026-08-16,24.0,81.0,0.311,0.102,0.327,0.64,71.8,East India Coastal Current (EICC),0.0,NASA OSCAR L4 / INCOIS High-Res Hydrodynamic Ocean Model
3798,2026-08-16,24.0,82.0,0.285,0.139,0.317,0.62,64.0,East India Coastal Current (EICC),0.0,NASA OSCAR L4 / INCOIS High-Res Hydrodynamic Ocean Model
3799,2026-08-16,24.0,83.0,0.384,0.136,0.407,0.79,70.5,East India Coastal Current (EICC),0.0,NASA OSCAR L4 / INCOIS High-Res Hydrodynamic Ocean Model
3800,2026-08-16,24.0,84.0,0.197,0.104,0.223,0.43,62.2,East India Coastal Current (EICC),0.0,NASA OSCAR L4 / INCOIS High-Res Hydrodynamic Ocean Model
3801,2026-08-16,24.0,85.0,0.273,0.059,0.279,0.54,77.8,East India Coastal Current (EICC),0.0,NASA OSCAR L4 / INCOIS High-Res Hydrodynamic Ocean Model
3802,2026-08-16,24.0,86.0,0.215,0.275,0.349,0.68,38.0,East India Coastal Current (EICC),0.0,NASA OSCAR L4 / INCOIS High-Res Hydrodynamic Ocean Model
3803,2026-08-16,24.0,87.0,0.082,-0.028,0.087,0.17,108.9,East India Coastal Current (EICC),0.0,NASA OSCAR L4 / INCOIS High-Res Hydrodynamic Ocean Model
3804,2026-08-16,24.0,88.0,0.121,0.311,0.334,0.65,21.3,East India Coastal Current (EICC),0.0,NASA OSCAR L4 / INCOIS High-Res Hydrodynamic Ocean Model
3805,2026-08-16,24.0,89.0,0.171,0.238,0.293,0.57,35.7,East India Coastal Current (EICC),0.0,NASA OSCAR L4 / INCOIS High-Res Hydrodynamic Ocean Model
3806,2026-08-16,24.0,90.0,0.253,0.009,0.253,0.49,88.0,East India Coastal Current (EICC),0.0,NASA OSCAR L4 / INCOIS High-Res Hydrodynamic Ocean Model
3807,2026-08-16,24.0,91.0,0.245,0.188,0.309,0.6,52.5,East India Coastal Current (EICC),0.0,NASA OSCAR L4 / INCOIS High-Res Hydrodynamic Ocean Model
3808,2026-08-16,24.0,92.0,0.231,0.096,0.25,0.49,67.4,East India Coastal Current (EICC),0.0,NASA OSCAR L4 / INCOIS High-Res Hydrodynamic Ocean Model
3809,2026-08-16,24.0,93.0,0.098,0.229,0.249,0.48,23.2,East India Coastal Current (EICC),0.0,NASA OSCAR L4 / INCOIS High-Res Hydrodynamic Ocean Model
3810,2026-08-16,24.0,94.0,0.117,0.101,0.155,0.3,49.2,East India Coastal Current (EICC),0.0,NASA OSCAR L4 / INCOIS High-Res Hydrodynamic Ocean Model
3811,2026-08-15,6.0,68.0,-0.017,-0.417,0.417,0.81,182.3,West India Coastal Current (WICC),0.0,NASA OSCAR L4 / INCOIS High-Res Hydrodynamic Ocean Model
3812,2026-08-15,6.0,69.0,-0.24,-0.426,0.489,0.95,209.4,West India Coastal Current (WICC),0.0,NASA OSCAR L4 / INCOIS High-Res Hydrodynamic Ocean Model
3813,2026-08-15,6.0,70.0,-0.263,-0.16,0.308,0.6,238.7,West India Coastal Current (WICC),0.0,NASA OSCAR L4 / INCOIS High-Res Hydrodynamic Ocean Model
3814,2026-08-15,6.0,71.0,-0.177,-0.074,0.192,0.37,247.3,West India Coastal Current (WICC),0.0,NASA OSCAR L4 / INCOIS High-Res Hydrodynamic Ocean Model
3815,2026-08-15,6.0,72.0,-0.242,-0.212,0.322,0.63,228.8,West India Coastal Current (WICC),0.0,NASA OSCAR L4 / INCOIS High-Res Hydrodynamic Ocean Model
3816,2026-08-15,6.0,73.0,-0.137,-0.145,0.199,0.39,223.4,West India Coastal Current (WICC),0.0,NASA OSCAR L4 / INCOIS High-Res Hydrodynamic Ocean Model
3817,2026-08-15,6.0,74.0,-0.126,-0.098,0.16,0.31,232.1,West India Coastal Current (WICC),0.0,NASA OSCAR L4 / INCOIS High-Res Hydrodynamic Ocean Model
3818,2026-08-15,6.0,75.0,-0.276,-0.123,0.302,0.59,246.0,West India Coastal Current (WICC),0.0,NASA OSCAR L4 / INCOIS High-Res Hydrodynamic Ocean Model
3819,2026-08-15,6.0,76.0,-0.136,-0.277,0.309,0.6,206.1,West India Coastal Current (WICC),0.0,NASA OSCAR L4 / INCOIS High-Res Hydrodynamic Ocean Model
3820,2026-08-15,6.0,77.0,0.137,0.071,0.154,0.3,62.6,East India Coastal Current (EICC),0.0,NASA OSCAR L4 / INCOIS High-Res Hydrodynamic Ocean Model
3821,2026-08-15,6.0,78.0,0.282,0.04,0.285,0.55,81.9,East India Coastal Current (EICC),0.0,NASA OSCAR L4 / INCOIS High-Res Hydrodynamic Ocean Model
3822,2026-08-15,6.0,79.0,0.262,0.026,0.263,0.51,84.3,East India Coastal Current (EICC),0.0,NASA OSCAR L4 / INCOIS High-Res Hydrodynamic Ocean Model
3823,2026-08-15,6.0,80.0,0.15,0.286,0.323,0.63,27.7,East India Coastal Current (EICC),0.0,NASA OSCAR L4 / INCOIS High-Res Hydrodynamic Ocean Model
3824,2026-08-15,6.0,81.0,0.213,0.12,0.244,0.47,60.6,East India Coastal Current (EICC),0.0,NASA OSCAR L4 / INCOIS High-Res Hydrodynamic Ocean Model
3825,2026-08-15,6.0,82.0,0.207,0.144,0.252,0.49,55.2,East India Coastal Current (EICC),0.0,NASA OSCAR L4 / INCOIS High-Res Hydrodynamic Ocean Model
3826,2026-08-15,6.0,83.0,0.183,0.153,0.239,0.46,50.1,East India Coastal Current (EICC),0.0,NASA OSCAR L4 / INCOIS High-Res Hydrodynamic Ocean Model
3827,2026-08-15,6.0,84.0,0.191,0.101,0.216,0.42,62.1,East India Coastal Current (EICC),0.0,NASA OSCAR L4 / INCOIS High-Res Hydrodynamic Ocean Model
3828,2026-08-15,6.0,85.0,0.25,0.087,0.265,0.52,70.8,East India Coastal Current (EICC),0.0,NASA OSCAR L4 / INCOIS High-Res Hydrodynamic Ocean Model
3829,2026-08-15,6.0,86.0,0.154,0.029,0.157,0.31,79.3,East India Coastal Current (EICC),0.0,NASA OSCAR L4 / INCOIS High-Res Hydrodynamic Ocean Model
3830,2026-08-15,6.0,87.0,0.137,0.235,0.272,0.53,30.2,East India Coastal Current (EICC),0.0,NASA OSCAR L4 / INCOIS High-Res Hydrodynamic Ocean Model
3831,2026-08-15,6.0,88.0,0.333,0.333,0.471,0.92,45.0,East India Coastal Current (EICC),0.0,NASA OSCAR L4 / INCOIS High-Res Hydrodynamic Ocean Model
3832,2026-08-15,6.0,89.0,0.231,0.2,0.306,0.59,49.1,East India Coastal Current (EICC),0.0,NASA OSCAR L4 / INCOIS High-Res Hydrodynamic Ocean Model
3833,2026-08-15,6.0,90.0,0.13,0.186,0.227,0.44,35.0,East India Coastal Current (EICC),0.0,NASA OSCAR L4 / INCOIS High-Res Hydrodynamic Ocean Model
3834,2026-08-15,6.0,91.0,0.289,0.151,0.326,0.63,62.4,East India Coastal Current (EICC),0.0,NASA OSCAR L4 / INCOIS High-Res Hydrodynamic Ocean Model
3835,2026-08-15,6.0,92.0,0.316,0.155,0.352,0.68,63.9,East India Coastal Current (EICC),0.0,NASA OSCAR L4 / INCOIS High-Res Hydrodynamic Ocean Model
3836,2026-08-15,6.0,93.0,0.258,0.001,0.258,0.5,89.8,East India Coastal Current (EICC),0.0,NASA OSCAR L4 / INCOIS High-Res Hydrodynamic Ocean Model
3837,2026-08-15,6.0,94.0,0.217,0.154,0.266,0.52,54.6,East India Coastal Current (EICC),0.0,NASA OSCAR L4 / INCOIS High-Res Hydrodynamic Ocean Model
3838,2026-08-15,7.0,68.0,-0.221,-0.135,0.259,0.5,238.6,West India Coastal Current (WICC),0.0,NASA OSCAR L4 / INCOIS High-Res Hydrodynamic Ocean Model
3839,2026-08-15,7.0,69.0,-0.147,-0.372,0.4,0.78,201.6,West India Coastal Current (WICC),0.0,NASA OSCAR L4 / INCOIS High-Res Hydrodynamic Ocean Model
3840,2026-08-15,7.0,70.0,-0.154,-0.303,0.34,0.66,206.9,West India Coastal Current (WICC),0.0,NASA OSCAR L4 / INCOIS High-Res Hydrodynamic Ocean Model
3841,2026-08-15,7.0,71.0,-0.134,-0.197,0.238,0.46,214.2,West India Coastal Current (WICC),0.0,NASA OSCAR L4 / INCOIS High-Res Hydrodynamic Ocean Model
3842,2026-08-15,7.0,72.0,-0.182,-0.258,0.316,0.61,215.2,West India Coastal Current (WICC),0.0,NASA OSCAR L4 / INCOIS High-Res Hydrodynamic Ocean Model
3843,2026-08-15,7.0,73.0,-0.128,-0.179,0.22,0.43,215.6,West India Coastal Current (WICC),0.0,NASA OSCAR L4 / INCOIS High-Res Hydrodynamic Ocean Model
3844,2026-08-15,7.0,74.0,-0.143,-0.179,0.229,0.45,218.6,West India Coastal Current (WICC),0.0,NASA OSCAR L4 / INCOIS High-Res Hydrodynamic Ocean Model
3845,2026-08-15,7.0,75.0,-0.054,-0.368,0.372,0.72,188.3,West India Coastal Current (WICC),0.0,NASA OSCAR L4 / INCOIS High-Res Hydrodynamic Ocean Model
3846,2026-08-15,7.0,76.0,-0.075,-0.274,0.284,0.55,195.3,West India Coastal Current (WICC),0.0,NASA OSCAR L4 / INCOIS High-Res Hydrodynamic Ocean Model
3847,2026-08-15,7.0,77.0,0.308,0.187,0.36,0.7,58.7,East India Coastal Current (EICC),0.0,NASA OSCAR L4 / INCOIS High-Res Hydrodynamic Ocean Model
3848,2026-08-15,7.0,78.0,0.167,0.127,0.21,0.41,52.7,East India Coastal Current (EICC),0.0,NASA OSCAR L4 / INCOIS High-Res Hydrodynamic Ocean Model
3849,2026-08-15,7.0,79.0,0.181,0.115,0.214,0.42,57.6,East India Coastal Current (EICC),0.0,NASA OSCAR L4 / INCOIS High-Res Hydrodynamic Ocean Model
3850,2026-08-15,7.0,80.0,0.323,0.254,0.411,0.8,51.8,East India Coastal Current (EICC),0.0,NASA OSCAR L4 / INCOIS High-Res Hydrodynamic Ocean Model
3851,2026-08-15,7.0,81.0,0.281,0.245,0.373,0.73,48.9,East India Coastal Current (EICC),0.0,NASA OSCAR L4 / INCOIS High-Res Hydrodynamic Ocean Model
3852,2026-08-15,7.0,82.0,0.303,0.098,0.318,0.62,72.1,East India Coastal Current (EICC),0.0,NASA OSCAR L4 / INCOIS High-Res Hydrodynamic Ocean Model
3853,2026-08-15,7.0,83.0,0.218,0.187,0.287,0.56,49.4,East India Coastal Current (EICC),0.0,NASA OSCAR L4 / INCOIS High-Res Hydrodynamic Ocean Model
3854,2026-08-15,7.0,84.0,0.272,0.198,0.336,0.65,53.9,East India Coastal Current (EICC),0.0,NASA OSCAR L4 / INCOIS High-Res Hydrodynamic Ocean Model
3855,2026-08-15,7.0,85.0,0.167,0.173,0.24,0.47,44.0,East India Coastal Current (EICC),0.0,NASA OSCAR L4 / INCOIS High-Res Hydrodynamic Ocean Model
3856,2026-08-15,7.0,86.0,0.297,0.055,0.302,0.59,79.5,East India Coastal Current (EICC),0.0,NASA OSCAR L4 / INCOIS High-Res Hydrodynamic Ocean Model
3857,2026-08-15,7.0,87.0,0.199,0.017,0.2,0.39,85.1,East India Coastal Current (EICC),0.0,NASA OSCAR L4 / INCOIS High-Res Hydrodynamic Ocean Model
3858,2026-08-15,7.0,88.0,0.329,0.011,0.329,0.64,88.1,East India Coastal Current (EICC),0.0,NASA OSCAR L4 / INCOIS High-Res Hydrodynamic Ocean Model
3859,2026-08-15,7.0,89.0,0.117,0.238,0.265,0.52,26.2,East India Coastal Current (EICC),0.0,NASA OSCAR L4 / INCOIS High-Res Hydrodynamic Ocean Model
3860,2026-08-15,7.0,90.0,0.177,0.103,0.205,0.4,59.8,East India Coastal Current (EICC),0.0,NASA OSCAR L4 / INCOIS High-Res Hydrodynamic Ocean Model
3861,2026-08-15,7.0,91.0,0.26,0.194,0.324,0.63,53.3,East India Coastal Current (EICC),0.0,NASA OSCAR L4 / INCOIS High-Res Hydrodynamic Ocean Model
3862,2026-08-15,7.0,92.0,0.252,0.267,0.367,0.71,43.3,East India Coastal Current (EICC),0.0,NASA OSCAR L4 / INCOIS High-Res Hydrodynamic Ocean Model
3863,2026-08-15,7.0,93.0,0.173,0.343,0.384,0.75,26.8,East India Coastal Current (EICC),0.0,NASA OSCAR L4 / INCOIS High-Res Hydrodynamic Ocean Model
3864,2026-08-15,7.0,94.0,0.086,0.188,0.207,0.4,24.6,East India Coastal Current (EICC),0.0,NASA OSCAR L4 / INCOIS High-Res Hydrodynamic Ocean Model
3865,2026-08-15,8.0,68.0,-0.321,-0.288,0.431,0.84,228.1,West India Coastal Current (WICC),0.0,NASA OSCAR L4 / INCOIS High-Res Hydrodynamic Ocean Model
3866,2026-08-15,8.0,69.0,-0.289,-0.191,0.346,0.67,236.5,West India Coastal Current (WICC),0.0,NASA OSCAR L4 / INCOIS High-Res Hydrodynamic Ocean Model
3867,2026-08-15,8.0,70.0,-0.19,-0.278,0.337,0.66,214.4,West India Coastal Current (WICC),0.0,NASA OSCAR L4 / INCOIS High-Res Hydrodynamic Ocean Model
3868,2026-08-15,8.0,71.0,0.038,-0.326,0.328,0.64,173.4,West India Coastal Current (WICC),0.0,NASA OSCAR L4 / INCOIS High-Res Hydrodynamic Ocean Model
3869,2026-08-15,8.0,72.0,-0.12,-0.362,0.381,0.74,198.3,West India Coastal Current (WICC),0.0,NASA OSCAR L4 / INCOIS High-Res Hydrodynamic Ocean Model
3870,2026-08-15,8.0,73.0,-0.078,-0.329,0.338,0.66,193.3,West India Coastal Current (WICC),0.0,NASA OSCAR L4 / INCOIS High-Res Hydrodynamic Ocean Model
3871,2026-08-15,8.0,74.0,-0.298,-0.115,0.319,0.62,248.9,West India Coastal Current (WICC),0.0,NASA OSCAR L4 / INCOIS High-Res Hydrodynamic Ocean Model
3872,2026-08-15,8.0,75.0,-0.185,-0.323,0.372,0.72,209.8,West India Coastal Current (WICC),0.0,NASA OSCAR L4 / INCOIS High-Res Hydrodynamic Ocean Model
3873,2026-08-15,8.0,76.0,-0.134,-0.221,0.258,0.5,211.2,West India Coastal Current (WICC),0.0,NASA OSCAR L4 / INCOIS High-Res Hydrodynamic Ocean Model
3874,2026-08-15,8.0,77.0,0.163,0.199,0.257,0.5,39.3,East India Coastal Current (EICC),0.0,NASA OSCAR L4 / INCOIS High-Res Hydrodynamic Ocean Model
3875,2026-08-15,8.0,78.0,0.253,0.247,0.354,0.69,45.7,East India Coastal Current (EICC),0.0,NASA OSCAR L4 / INCOIS High-Res Hydrodynamic Ocean Model
3876,2026-08-15,8.0,79.0,0.16,0.107,0.192,0.37,56.2,East India Coastal Current (EICC),0.0,NASA OSCAR L4 / INCOIS High-Res Hydrodynamic Ocean Model
3877,2026-08-15,8.0,80.0,0.265,0.019,0.266,0.52,85.9,East India Coastal Current (EICC),0.0,NASA OSCAR L4 / INCOIS High-Res Hydrodynamic Ocean Model
3878,2026-08-15,8.0,81.0,0.21,0.248,0.325,0.63,40.3,East India Coastal Current (EICC),0.0,NASA OSCAR L4 / INCOIS High-Res Hydrodynamic Ocean Model
3879,2026-08-15,8.0,82.0,0.325,0.274,0.425,0.83,49.9,East India Coastal Current (EICC),0.0,NASA OSCAR L4 / INCOIS High-Res Hydrodynamic Ocean Model
3880,2026-08-15,8.0,83.0,0.243,0.26,0.356,0.69,43.1,East India Coastal Current (EICC),0.0,NASA OSCAR L4 / INCOIS High-Res Hydrodynamic Ocean Model
3881,2026-08-15,8.0,84.0,0.101,0.088,0.134,0.26,48.9,East India Coastal Current (EICC),0.0,NASA OSCAR L4 / INCOIS High-Res Hydrodynamic Ocean Model
3882,2026-08-15,8.0,85.0,0.165,0.168,0.235,0.46,44.5,East India Coastal Current (EICC),0.0,NASA OSCAR L4 / INCOIS High-Res Hydrodynamic Ocean Model
3883,2026-08-15,8.0,86.0,0.162,0.262,0.308,0.6,31.7,East India Coastal Current (EICC),0.0,NASA OSCAR L4 / INCOIS High-Res Hydrodynamic Ocean Model
3884,2026-08-15,8.0,87.0,0.219,0.129,0.254,0.49,59.5,East India Coastal Current (EICC),0.0,NASA OSCAR L4 / INCOIS High-Res Hydrodynamic Ocean Model
3885,2026-08-15,8.0,88.0,0.344,0.148,0.374,0.73,66.7,East India Coastal Current (EICC),0.0,NASA OSCAR L4 / INCOIS High-Res Hydrodynamic Ocean Model
3886,2026-08-15,8.0,89.0,0.213,0.007,0.213,0.41,88.1,East India Coastal Current (EICC),0.0,NASA OSCAR L4 / INCOIS High-Res Hydrodynamic Ocean Model
3887,2026-08-15,8.0,90.0,0.199,0.086,0.217,0.42,66.6,East India Coastal Current (EICC),0.0,NASA OSCAR L4 / INCOIS High-Res Hydrodynamic Ocean Model
3888,2026-08-15,8.0,91.0,0.237,0.054,0.243,0.47,77.2,East India Coastal Current (EICC),0.0,NASA OSCAR L4 / INCOIS High-Res Hydrodynamic Ocean Model
3889,2026-08-15,8.0,92.0,0.254,0.147,0.293,0.57,59.9,East India Coastal Current (EICC),0.0,NASA OSCAR L4 / INCOIS High-Res Hydrodynamic Ocean Model
3890,2026-08-15,8.0,93.0,0.16,0.259,0.304,0.59,31.7,East India Coastal Current (EICC),0.0,NASA OSCAR L4 / INCOIS High-Res Hydrodynamic Ocean Model
3891,2026-08-15,8.0,94.0,0.134,0.124,0.183,0.36,47.2,East India Coastal Current (EICC),0.0,NASA OSCAR L4 / INCOIS High-Res Hydrodynamic Ocean Model
3892,2026-08-15,9.0,68.0,-0.143,-0.409,0.433,0.84,199.3,West India Coastal Current (WICC),0.0,NASA OSCAR L4 / INCOIS High-Res Hydrodynamic Ocean Model
3893,2026-08-15,9.0,69.0,-0.128,-0.249,0.28,0.54,207.2,West India Coastal Current (WICC),0.0,NASA OSCAR L4 / INCOIS High-Res Hydrodynamic Ocean Model
3894,2026-08-15,9.0,70.0,-0.125,-0.234,0.265,0.52,208.1,West India Coastal Current (WICC),0.0,NASA OSCAR L4 / INCOIS High-Res Hydrodynamic Ocean Model
3895,2026-08-15,9.0,71.0,-0.282,-0.105,0.301,0.59,249.6,West India Coastal Current (WICC),0.0,NASA OSCAR L4 / INCOIS High-Res Hydrodynamic Ocean Model
3896,2026-08-15,9.0,72.0,-0.113,-0.338,0.356,0.69,198.5,West India Coastal Current (WICC),0.0,NASA OSCAR L4 / INCOIS High-Res Hydrodynamic Ocean Model
3897,2026-08-15,9.0,73.0,-0.046,-0.157,0.164,0.32,196.3,West India Coastal Current (WICC),0.0,NASA OSCAR L4 / INCOIS High-Res Hydrodynamic Ocean Model
3898,2026-08-15,9.0,85.0,0.09,0.243,0.259,0.5,20.3,East India Coastal Current (EICC),0.0,NASA OSCAR L4 / INCOIS High-Res Hydrodynamic Ocean Model
3899,2026-08-15,9.0,86.0,0.203,0.367,0.419,0.81,28.9,East India Coastal Current (EICC),0.0,NASA OSCAR L4 / INCOIS High-Res Hydrodynamic Ocean Model
3900,2026-08-15,9.0,87.0,0.219,0.223,0.313,0.61,44.5,East India Coastal Current (EICC),0.0,NASA OSCAR L4 / INCOIS High-Res Hydrodynamic Ocean Model
3901,2026-08-15,9.0,88.0,0.079,0.201,0.216,0.42,21.5,East India Coastal Current (EICC),0.0,NASA OSCAR L4 / INCOIS High-Res Hydrodynamic Ocean Model
3902,2026-08-15,9.0,89.0,0.052,0.058,0.078,0.15,41.9,East India Coastal Current (EICC),0.0,NASA OSCAR L4 / INCOIS High-Res Hydrodynamic Ocean Model
3903,2026-08-15,9.0,90.0,0.214,0.063,0.223,0.43,73.6,East India Coastal Current (EICC),0.0,NASA OSCAR L4 / INCOIS High-Res Hydrodynamic Ocean Model
3904,2026-08-15,9.0,91.0,0.185,0.149,0.238,0.46,51.2,East India Coastal Current (EICC),0.0,NASA OSCAR L4 / INCOIS High-Res Hydrodynamic Ocean Model
3905,2026-08-15,9.0,92.0,0.244,0.285,0.375,0.73,40.6,East India Coastal Current (EICC),0.0,NASA OSCAR L4 / INCOIS High-Res Hydrodynamic Ocean Model
3906,2026-08-15,9.0,93.0,0.315,0.186,0.366,0.71,59.4,East India Coastal Current (EICC),0.0,NASA OSCAR L4 / INCOIS High-Res Hydrodynamic Ocean Model
3907,2026-08-15,9.0,94.0,0.302,0.253,0.394,0.77,50.0,East India Coastal Current (EICC),0.0,NASA OSCAR L4 / INCOIS High-Res Hydrodynamic Ocean Model
3908,2026-08-15,10.0,68.0,-0.087,-0.178,0.198,0.38,206.0,West India Coastal Current (WICC),0.0,NASA OSCAR L4 / INCOIS High-Res Hydrodynamic Ocean Model
3909,2026-08-15,10.0,69.0,-0.246,-0.233,0.339,0.66,226.6,West India Coastal Current (WICC),0.0,NASA OSCAR L4 / INCOIS High-Res Hydrodynamic Ocean Model
3910,2026-08-15,10.0,70.0,-0.089,-0.248,0.263,0.51,199.7,West India Coastal Current (WICC),0.0,NASA OSCAR L4 / INCOIS High-Res Hydrodynamic Ocean Model
3911,2026-08-15,10.0,71.0,-0.198,-0.292,0.353,0.69,214.1,West India Coastal Current (WICC),0.0,NASA OSCAR L4 / INCOIS High-Res Hydrodynamic Ocean Model
3912,2026-08-15,10.0,72.0,-0.364,-0.271,0.454,0.88,233.3,West India Coastal Current (WICC),0.0,NASA OSCAR L4 / INCOIS High-Res Hydrodynamic Ocean Model
3913,2026-08-15,10.0,73.0,-0.322,-0.294,0.436,0.85,227.6,West India Coastal Current (WICC),0.0,NASA OSCAR L4 / INCOIS High-Res Hydrodynamic Ocean Model
3914,2026-08-15,10.0,85.0,0.11,0.196,0.225,0.44,29.3,East India Coastal Current (EICC),0.0,NASA OSCAR L4 / INCOIS High-Res Hydrodynamic Ocean Model
3915,2026-08-15,10.0,86.0,0.103,0.294,0.312,0.61,19.3,East India Coastal Current (EICC),0.0,NASA OSCAR L4 / INCOIS High-Res Hydrodynamic Ocean Model
3916,2026-08-15,10.0,87.0,0.153,0.283,0.322,0.63,28.4,East India Coastal Current (EICC),0.0,NASA OSCAR L4 / INCOIS High-Res Hydrodynamic Ocean Model
3917,2026-08-15,10.0,88.0,0.181,0.193,0.265,0.52,43.2,East India Coastal Current (EICC),0.0,NASA OSCAR L4 / INCOIS High-Res Hydrodynamic Ocean Model
3918,2026-08-15,10.0,89.0,0.156,0.058,0.166,0.32,69.6,East India Coastal Current (EICC),0.0,NASA OSCAR L4 / INCOIS High-Res Hydrodynamic Ocean Model
3919,2026-08-15,10.0,90.0,0.273,0.062,0.28,0.54,77.2,East India Coastal Current (EICC),0.0,NASA OSCAR L4 / INCOIS High-Res Hydrodynamic Ocean Model
3920,2026-08-15,10.0,91.0,0.322,0.385,0.502,0.98,39.9,East India Coastal Current (EICC),0.0,NASA OSCAR L4 / INCOIS High-Res Hydrodynamic Ocean Model
3921,2026-08-15,10.0,92.0,0.062,0.203,0.212,0.41,17.0,East India Coastal Current (EICC),0.0,NASA OSCAR L4 / INCOIS High-Res Hydrodynamic Ocean Model
3922,2026-08-15,10.0,93.0,0.168,0.066,0.18,0.35,68.6,East India Coastal Current (EICC),0.0,NASA OSCAR L4 / INCOIS High-Res Hydrodynamic Ocean Model
3923,2026-08-15,10.0,94.0,0.155,0.211,0.262,0.51,36.3,East India Coastal Current (EICC),0.0,NASA OSCAR L4 / INCOIS High-Res Hydrodynamic Ocean Model
3924,2026-08-15,11.0,68.0,-0.271,-0.301,0.405,0.79,222.0,West India Coastal Current (WICC),0.0,NASA OSCAR L4 / INCOIS High-Res Hydrodynamic Ocean Model
3925,2026-08-15,11.0,69.0,0.042,-0.266,0.269,0.52,171.0,West India Coastal Current (WICC),0.0,NASA OSCAR L4 / INCOIS High-Res Hydrodynamic Ocean Model
3926,2026-08-15,11.0,70.0,-0.083,-0.277,0.289,0.56,196.7,West India Coastal Current (WICC),0.0,NASA OSCAR L4 / INCOIS High-Res Hydrodynamic Ocean Model
3927,2026-08-15,11.0,71.0,-0.178,-0.127,0.219,0.43,234.5,West India Coastal Current (WICC),0.0,NASA OSCAR L4 / INCOIS High-Res Hydrodynamic Ocean Model
3928,2026-08-15,11.0,72.0,-0.201,-0.09,0.22,0.43,245.9,West India Coastal Current (WICC),0.0,NASA OSCAR L4 / INCOIS High-Res Hydrodynamic Ocean Model
3929,2026-08-15,11.0,73.0,-0.071,-0.215,0.226,0.44,198.3,West India Coastal Current (WICC),0.0,NASA OSCAR L4 / INCOIS High-Res Hydrodynamic Ocean Model
3930,2026-08-15,11.0,85.0,0.297,0.211,0.364,0.71,54.6,East India Coastal Current (EICC),0.0,NASA OSCAR L4 / INCOIS High-Res Hydrodynamic Ocean Model
3931,2026-08-15,11.0,86.0,0.296,0.133,0.325,0.63,65.8,East India Coastal Current (EICC),0.0,NASA OSCAR L4 / INCOIS High-Res Hydrodynamic Ocean Model
3932,2026-08-15,11.0,87.0,0.236,0.111,0.261,0.51,64.8,East India Coastal Current (EICC),0.0,NASA OSCAR L4 / INCOIS High-Res Hydrodynamic Ocean Model
3933,2026-08-15,11.0,88.0,0.23,0.117,0.258,0.5,63.0,East India Coastal Current (EICC),0.0,NASA OSCAR L4 / INCOIS High-Res Hydrodynamic Ocean Model
3934,2026-08-15,11.0,89.0,0.179,0.192,0.262,0.51,43.0,East India Coastal Current (EICC),0.0,NASA OSCAR L4 / INCOIS High-Res Hydrodynamic Ocean Model
3935,2026-08-15,11.0,90.0,0.2,0.069,0.212,0.41,71.0,East India Coastal Current (EICC),0.0,NASA OSCAR L4 / INCOIS High-Res Hydrodynamic Ocean Model
3936,2026-08-15,11.0,91.0,0.237,0.189,0.303,0.59,51.4,East India Coastal Current (EICC),0.0,NASA OSCAR L4 / INCOIS High-Res Hydrodynamic Ocean Model
3937,2026-08-15,11.0,92.0,0.262,0.13,0.292,0.57,63.6,East India Coastal Current (EICC),0.0,NASA OSCAR L4 / INCOIS High-Res Hydrodynamic Ocean Model
3938,2026-08-15,11.0,93.0,0.294,0.053,0.299,0.58,79.8,East India Coastal Current (EICC),0.0,NASA OSCAR L4 / INCOIS High-Res Hydrodynamic Ocean Model
3939,2026-08-15,11.0,94.0,0.199,0.265,0.331,0.64,36.9,East India Coastal Current (EICC),0.0,NASA OSCAR L4 / INCOIS High-Res Hydrodynamic Ocean Model
3940,2026-08-15,12.0,68.0,-0.146,-0.218,0.262,0.51,213.8,West India Coastal Current (WICC),0.0,NASA OSCAR L4 / INCOIS High-Res Hydrodynamic Ocean Model
3941,2026-08-15,12.0,69.0,-0.178,-0.215,0.279,0.54,219.6,West India Coastal Current (WICC),0.0,NASA OSCAR L4 / INCOIS High-Res Hydrodynamic Ocean Model
3942,2026-08-15,12.0,70.0,-0.34,-0.344,0.484,0.94,224.7,West India Coastal Current (WICC),0.0,NASA OSCAR L4 / INCOIS High-Res Hydrodynamic Ocean Model
3943,2026-08-15,12.0,71.0,-0.138,-0.402,0.425,0.83,198.9,West India Coastal Current (WICC),0.0,NASA OSCAR L4 / INCOIS High-Res Hydrodynamic Ocean Model
3944,2026-08-15,12.0,72.0,-0.218,-0.08,0.232,0.45,249.8,West India Coastal Current (WICC),0.0,NASA OSCAR L4 / INCOIS High-Res Hydrodynamic Ocean Model
3945,2026-08-15,12.0,73.0,-0.2,-0.269,0.335,0.65,216.6,West India Coastal Current (WICC),0.0,NASA OSCAR L4 / INCOIS High-Res Hydrodynamic Ocean Model
3946,2026-08-15,12.0,85.0,0.187,0.067,0.199,0.39,70.3,East India Coastal Current (EICC),0.0,NASA OSCAR L4 / INCOIS High-Res Hydrodynamic Ocean Model
3947,2026-08-15,12.0,86.0,0.121,0.148,0.191,0.37,39.3,East India Coastal Current (EICC),0.0,NASA OSCAR L4 / INCOIS High-Res Hydrodynamic Ocean Model
3948,2026-08-15,12.0,87.0,0.143,0.182,0.231,0.45,38.2,East India Coastal Current (EICC),0.0,NASA OSCAR L4 / INCOIS High-Res Hydrodynamic Ocean Model
3949,2026-08-15,12.0,88.0,0.266,0.176,0.319,0.62,56.5,East India Coastal Current (EICC),0.0,NASA OSCAR L4 / INCOIS High-Res Hydrodynamic Ocean Model
3950,2026-08-15,12.0,89.0,0.26,0.256,0.365,0.71,45.4,East India Coastal Current (EICC),0.0,NASA OSCAR L4 / INCOIS High-Res Hydrodynamic Ocean Model
3951,2026-08-15,12.0,90.0,0.13,0.184,0.225,0.44,35.2,East India Coastal Current (EICC),0.0,NASA OSCAR L4 / INCOIS High-Res Hydrodynamic Ocean Model
3952,2026-08-15,12.0,91.0,0.294,0.242,0.381,0.74,50.5,East India Coastal Current (EICC),0.0,NASA OSCAR L4 / INCOIS High-Res Hydrodynamic Ocean Model
3953,2026-08-15,12.0,92.0,0.101,0.175,0.202,0.39,30.0,East India Coastal Current (EICC),0.0,NASA OSCAR L4 / INCOIS High-Res Hydrodynamic Ocean Model
3954,2026-08-15,12.0,93.0,0.26,0.239,0.353,0.69,47.4,East India Coastal Current (EICC),0.0,NASA OSCAR L4 / INCOIS High-Res Hydrodynamic Ocean Model
3955,2026-08-15,12.0,94.0,0.317,0.217,0.384,0.75,55.6,East India Coastal Current (EICC),0.0,NASA OSCAR L4 / INCOIS High-Res Hydrodynamic Ocean Model
3956,2026-08-15,13.0,68.0,-0.307,-0.341,0.459,0.89,222.0,West India Coastal Current (WICC),0.0,NASA OSCAR L4 / INCOIS High-Res Hydrodynamic Ocean Model
3957,2026-08-15,13.0,69.0,-0.108,-0.281,0.301,0.59,201.0,West India Coastal Current (WICC),0.0,NASA OSCAR L4 / INCOIS High-Res Hydrodynamic Ocean Model
3958,2026-08-15,13.0,70.0,-0.357,-0.254,0.438,0.85,234.6,West India Coastal Current (WICC),0.0,NASA OSCAR L4 / INCOIS High-Res Hydrodynamic Ocean Model
3959,2026-08-15,13.0,71.0,-0.05,-0.244,0.249,0.48,191.6,West India Coastal Current (WICC),0.0,NASA OSCAR L4 / INCOIS High-Res Hydrodynamic Ocean Model
3960,2026-08-15,13.0,72.0,-0.205,-0.206,0.291,0.57,224.9,West India Coastal Current (WICC),0.0,NASA OSCAR L4 / INCOIS High-Res Hydrodynamic Ocean Model
3961,2026-08-15,13.0,73.0,-0.195,-0.306,0.363,0.71,212.5,West India Coastal Current (WICC),0.0,NASA OSCAR L4 / INCOIS High-Res Hydrodynamic Ocean Model
3962,2026-08-15,13.0,85.0,0.175,-0.146,0.228,0.44,129.8,East India Coastal Current (EICC),0.0,NASA OSCAR L4 / INCOIS High-Res Hydrodynamic Ocean Model
3963,2026-08-15,13.0,86.0,0.156,0.289,0.328,0.64,28.4,East India Coastal Current (EICC),0.0,NASA OSCAR L4 / INCOIS High-Res Hydrodynamic Ocean Model
3964,2026-08-15,13.0,87.0,0.179,0.199,0.268,0.52,42.0,East India Coastal Current (EICC),0.0,NASA OSCAR L4 / INCOIS High-Res Hydrodynamic Ocean Model
3965,2026-08-15,13.0,88.0,0.301,-0.069,0.309,0.6,102.9,East India Coastal Current (EICC),0.0,NASA OSCAR L4 / INCOIS High-Res Hydrodynamic Ocean Model
3966,2026-08-15,13.0,89.0,0.281,0.071,0.29,0.56,75.8,East India Coastal Current (EICC),0.0,NASA OSCAR L4 / INCOIS High-Res Hydrodynamic Ocean Model
3967,2026-08-15,13.0,90.0,0.138,0.07,0.155,0.3,63.1,East India Coastal Current (EICC),0.0,NASA OSCAR L4 / INCOIS High-Res Hydrodynamic Ocean Model
3968,2026-08-15,13.0,91.0,0.304,0.322,0.443,0.86,43.4,East India Coastal Current (EICC),0.0,NASA OSCAR L4 / INCOIS High-Res Hydrodynamic Ocean Model
3969,2026-08-15,13.0,92.0,0.142,0.219,0.261,0.51,33.0,East India Coastal Current (EICC),0.0,NASA OSCAR L4 / INCOIS High-Res Hydrodynamic Ocean Model
3970,2026-08-15,13.0,93.0,0.107,0.318,0.336,0.65,18.6,East India Coastal Current (EICC),0.0,NASA OSCAR L4 / INCOIS High-Res Hydrodynamic Ocean Model
3971,2026-08-15,13.0,94.0,0.129,0.185,0.226,0.44,34.9,East India Coastal Current (EICC),0.0,NASA OSCAR L4 / INCOIS High-Res Hydrodynamic Ocean Model
3972,2026-08-15,14.0,68.0,-0.311,-0.323,0.448,0.87,223.9,West India Coastal Current (WICC),0.0,NASA OSCAR L4 / INCOIS High-Res Hydrodynamic Ocean Model
3973,2026-08-15,14.0,69.0,-0.224,-0.176,0.285,0.55,231.8,West India Coastal Current (WICC),0.0,NASA OSCAR L4 / INCOIS High-Res Hydrodynamic Ocean Model
3974,2026-08-15,14.0,70.0,-0.271,-0.371,0.459,0.89,216.1,West India Coastal Current (WICC),0.0,NASA OSCAR L4 / INCOIS High-Res Hydrodynamic Ocean Model
3975,2026-08-15,14.0,71.0,-0.22,-0.456,0.506,0.98,205.8,West India Coastal Current (WICC),0.0,NASA OSCAR L4 / INCOIS High-Res Hydrodynamic Ocean Model
3976,2026-08-15,14.0,72.0,-0.147,-0.171,0.225,0.44,220.7,West India Coastal Current (WICC),0.0,NASA OSCAR L4 / INCOIS High-Res Hydrodynamic Ocean Model
3977,2026-08-15,14.0,73.0,-0.037,-0.297,0.299,0.58,187.1,West India Coastal Current (WICC),0.0,NASA OSCAR L4 / INCOIS High-Res Hydrodynamic Ocean Model
3978,2026-08-15,14.0,85.0,0.244,0.097,0.263,0.51,68.3,East India Coastal Current (EICC),0.0,NASA OSCAR L4 / INCOIS High-Res Hydrodynamic Ocean Model
3979,2026-08-15,14.0,86.0,0.183,0.188,0.262,0.51,44.2,East India Coastal Current (EICC),0.0,NASA OSCAR L4 / INCOIS High-Res Hydrodynamic Ocean Model
3980,2026-08-15,14.0,87.0,0.204,0.115,0.234,0.45,60.6,East India Coastal Current (EICC),0.0,NASA OSCAR L4 / INCOIS High-Res Hydrodynamic Ocean Model
3981,2026-08-15,14.0,88.0,0.318,0.165,0.358,0.7,62.6,East India Coastal Current (EICC),0.0,NASA OSCAR L4 / INCOIS High-Res Hydrodynamic Ocean Model
3982,2026-08-15,14.0,89.0,0.133,0.105,0.169,0.33,51.7,East India Coastal Current (EICC),0.0,NASA OSCAR L4 / INCOIS High-Res Hydrodynamic Ocean Model
3983,2026-08-15,14.0,90.0,0.297,0.152,0.334,0.65,62.9,East India Coastal Current (EICC),0.0,NASA OSCAR L4 / INCOIS High-Res Hydrodynamic Ocean Model
3984,2026-08-15,14.0,91.0,0.2,0.255,0.324,0.63,38.1,East India Coastal Current (EICC),0.0,NASA OSCAR L4 / INCOIS High-Res Hydrodynamic Ocean Model
3985,2026-08-15,14.0,92.0,0.169,0.052,0.177,0.34,72.9,East India Coastal Current (EICC),0.0,NASA OSCAR L4 / INCOIS High-Res Hydrodynamic Ocean Model
3986,2026-08-15,14.0,93.0,0.16,0.096,0.187,0.36,59.0,East India Coastal Current (EICC),0.0,NASA OSCAR L4 / INCOIS High-Res Hydrodynamic Ocean Model
3987,2026-08-15,14.0,94.0,0.33,0.011,0.33,0.64,88.1,East India Coastal Current (EICC),0.0,NASA OSCAR L4 / INCOIS High-Res Hydrodynamic Ocean Model
3988,2026-08-15,15.0,68.0,-0.104,-0.315,0.332,0.65,198.3,West India Coastal Current (WICC),0.0,NASA OSCAR L4 / INCOIS High-Res Hydrodynamic Ocean Model
3989,2026-08-15,15.0,69.0,-0.26,-0.305,0.401,0.78,220.4,West India Coastal Current (WICC),0.0,NASA OSCAR L4 / INCOIS High-Res Hydrodynamic Ocean Model
3990,2026-08-15,15.0,70.0,-0.104,-0.31,0.327,0.64,198.5,West India Coastal Current (WICC),0.0,NASA OSCAR L4 / INCOIS High-Res Hydrodynamic Ocean Model
3991,2026-08-15,15.0,71.0,-0.24,-0.157,0.287,0.56,236.8,West India Coastal Current (WICC),0.0,NASA OSCAR L4 / INCOIS High-Res Hydrodynamic Ocean Model
3992,2026-08-15,15.0,72.0,-0.117,-0.186,0.22,0.43,212.2,West India Coastal Current (WICC),0.0,NASA OSCAR L4 / INCOIS High-Res Hydrodynamic Ocean Model
3993,2026-08-15,15.0,73.0,-0.133,-0.314,0.341,0.66,203.0,West India Coastal Current (WICC),0.0,NASA OSCAR L4 / INCOIS High-Res Hydrodynamic Ocean Model
3994,2026-08-15,15.0,85.0,0.119,0.409,0.426,0.83,16.2,East India Coastal Current (EICC),0.0,NASA OSCAR L4 / INCOIS High-Res Hydrodynamic Ocean Model
3995,2026-08-15,15.0,86.0,0.246,0.23,0.337,0.66,46.9,East India Coastal Current (EICC),0.0,NASA OSCAR L4 / INCOIS High-Res Hydrodynamic Ocean Model
3996,2026-08-15,15.0,87.0,0.16,0.064,0.172,0.33,68.2,East India Coastal Current (EICC),0.0,NASA OSCAR L4 / INCOIS High-Res Hydrodynamic Ocean Model
3997,2026-08-15,15.0,88.0,0.24,0.296,0.381,0.74,39.0,East India Coastal Current (EICC),0.0,NASA OSCAR L4 / INCOIS High-Res Hydrodynamic Ocean Model
3998,2026-08-15,15.0,89.0,0.294,0.326,0.439,0.85,42.0,East India Coastal Current (EICC),0.0,NASA OSCAR L4 / INCOIS High-Res Hydrodynamic Ocean Model
3999,2026-08-15,15.0,90.0,0.192,0.153,0.246,0.48,51.4,East India Coastal Current (EICC),0.0,NASA OSCAR L4 / INCOIS High-Res Hydrodynamic Ocean Model
4000,2026-08-15,15.0,91.0,0.102,0.076,0.127,0.25,53.3,East India Coastal Current (EICC),0.0,NASA OSCAR L4 / INCOIS High-Res Hydrodynamic Ocean Model
4001,2026-08-15,15.0,92.0,0.532,0.115,0.544,1.06,77.8,East India Coastal Current (EICC),0.0,NASA OSCAR L4 / INCOIS High-Res Hydrodynamic Ocean Model
4002,2026-08-15,15.0,93.0,0.212,0.279,0.35,0.68,37.2,East India Coastal Current (EICC),0.0,NASA OSCAR L4 / INCOIS High-Res Hydrodynamic Ocean Model
4003,2026-08-15,15.0,94.0,0.109,0.163,0.196,0.38,33.8,East India Coastal Current (EICC),0.0,NASA OSCAR L4 / INCOIS High-Res Hydrodynamic Ocean Model
4004,2026-08-15,16.0,68.0,-0.181,-0.241,0.301,0.59,216.9,West India Coastal Current (WICC),0.0,NASA OSCAR L4 / INCOIS High-Res Hydrodynamic Ocean Model
4005,2026-08-15,16.0,69.0,-0.197,-0.456,0.497,0.97,203.4,West India Coastal Current (WICC),0.0,NASA OSCAR L4 / INCOIS High-Res Hydrodynamic Ocean Model
4006,2026-08-15,16.0,70.0,-0.098,-0.237,0.256,0.5,202.5,West India Coastal Current (WICC),0.0,NASA OSCAR L4 / INCOIS High-Res Hydrodynamic Ocean Model
4007,2026-08-15,16.0,71.0,-0.172,-0.296,0.342,0.66,210.2,West India Coastal Current (WICC),0.0,NASA OSCAR L4 / INCOIS High-Res Hydrodynamic Ocean Model
4008,2026-08-15,16.0,72.0,-0.167,-0.521,0.547,1.06,197.8,West India Coastal Current (WICC),0.0,NASA OSCAR L4 / INCOIS High-Res Hydrodynamic Ocean Model
4009,2026-08-15,16.0,73.0,-0.082,-0.399,0.407,0.79,191.6,West India Coastal Current (WICC),0.0,NASA OSCAR L4 / INCOIS High-Res Hydrodynamic Ocean Model
4010,2026-08-15,16.0,85.0,0.223,0.212,0.308,0.6,46.4,East India Coastal Current (EICC),0.0,NASA OSCAR L4 / INCOIS High-Res Hydrodynamic Ocean Model
4011,2026-08-15,16.0,86.0,0.129,0.119,0.176,0.34,47.3,East India Coastal Current (EICC),0.0,NASA OSCAR L4 / INCOIS High-Res Hydrodynamic Ocean Model
4012,2026-08-15,16.0,87.0,0.25,0.024,0.251,0.49,84.5,East India Coastal Current (EICC),0.0,NASA OSCAR L4 / INCOIS High-Res Hydrodynamic Ocean Model
4013,2026-08-15,16.0,88.0,0.197,0.117,0.229,0.45,59.3,East India Coastal Current (EICC),0.0,NASA OSCAR L4 / INCOIS High-Res Hydrodynamic Ocean Model
4014,2026-08-15,16.0,89.0,0.375,0.307,0.485,0.94,50.7,East India Coastal Current (EICC),0.0,NASA OSCAR L4 / INCOIS High-Res Hydrodynamic Ocean Model
4015,2026-08-15,16.0,90.0,0.148,0.203,0.251,0.49,36.1,East India Coastal Current (EICC),0.0,NASA OSCAR L4 / INCOIS High-Res Hydrodynamic Ocean Model
4016,2026-08-15,16.0,91.0,0.266,0.258,0.371,0.72,45.9,East India Coastal Current (EICC),0.0,NASA OSCAR L4 / INCOIS High-Res Hydrodynamic Ocean Model
4017,2026-08-15,16.0,92.0,0.173,0.052,0.181,0.35,73.3,East India Coastal Current (EICC),0.0,NASA OSCAR L4 / INCOIS High-Res Hydrodynamic Ocean Model
4018,2026-08-15,16.0,93.0,0.162,0.124,0.204,0.4,52.6,East India Coastal Current (EICC),0.0,NASA OSCAR L4 / INCOIS High-Res Hydrodynamic Ocean Model
4019,2026-08-15,16.0,94.0,0.178,0.235,0.295,0.57,37.1,East India Coastal Current (EICC),0.0,NASA OSCAR L4 / INCOIS High-Res Hydrodynamic Ocean Model
4020,2026-08-15,17.0,68.0,-0.065,-0.312,0.319,0.62,191.8,West India Coastal Current (WICC),0.0,NASA OSCAR L4 / INCOIS High-Res Hydrodynamic Ocean Model
4021,2026-08-15,17.0,69.0,-0.164,-0.128,0.208,0.4,232.0,West India Coastal Current (WICC),0.0,NASA OSCAR L4 / INCOIS High-Res Hydrodynamic Ocean Model
4022,2026-08-15,17.0,70.0,-0.21,-0.232,0.313,0.61,222.2,West India Coastal Current (WICC),0.0,NASA OSCAR L4 / INCOIS High-Res Hydrodynamic Ocean Model
4023,2026-08-15,17.0,71.0,-0.327,-0.135,0.354,0.69,247.6,West India Coastal Current (WICC),0.0,NASA OSCAR L4 / INCOIS High-Res Hydrodynamic Ocean Model
4024,2026-08-15,17.0,72.0,-0.241,-0.286,0.374,0.73,220.1,West India Coastal Current (WICC),0.0,NASA OSCAR L4 / INCOIS High-Res Hydrodynamic Ocean Model
4025,2026-08-15,17.0,73.0,-0.094,-0.195,0.216,0.42,205.7,West India Coastal Current (WICC),0.0,NASA OSCAR L4 / INCOIS High-Res Hydrodynamic Ocean Model
4026,2026-08-15,17.0,85.0,0.133,0.135,0.19,0.37,44.6,East India Coastal Current (EICC),0.0,NASA OSCAR L4 / INCOIS High-Res Hydrodynamic Ocean Model
4027,2026-08-15,17.0,86.0,0.153,0.163,0.224,0.44,43.2,East India Coastal Current (EICC),0.0,NASA OSCAR L4 / INCOIS High-Res Hydrodynamic Ocean Model
4028,2026-08-15,17.0,87.0,0.101,0.276,0.294,0.57,20.1,East India Coastal Current (EICC),0.0,NASA OSCAR L4 / INCOIS High-Res Hydrodynamic Ocean Model
4029,2026-08-15,17.0,88.0,0.132,0.187,0.229,0.45,35.2,East India Coastal Current (EICC),0.0,NASA OSCAR L4 / INCOIS High-Res Hydrodynamic Ocean Model
4030,2026-08-15,17.0,89.0,0.134,-0.01,0.134,0.26,94.3,East India Coastal Current (EICC),0.0,NASA OSCAR L4 / INCOIS High-Res Hydrodynamic Ocean Model
4031,2026-08-15,17.0,90.0,0.189,0.166,0.252,0.49,48.7,East India Coastal Current (EICC),0.0,NASA OSCAR L4 / INCOIS High-Res Hydrodynamic Ocean Model
4032,2026-08-15,17.0,91.0,0.221,0.197,0.296,0.58,48.3,East India Coastal Current (EICC),0.0,NASA OSCAR L4 / INCOIS High-Res Hydrodynamic Ocean Model
4033,2026-08-15,17.0,92.0,0.087,0.259,0.273,0.53,18.6,East India Coastal Current (EICC),0.0,NASA OSCAR L4 / INCOIS High-Res Hydrodynamic Ocean Model
4034,2026-08-15,17.0,93.0,-0.038,0.186,0.19,0.37,348.5,East India Coastal Current (EICC),0.0,NASA OSCAR L4 / INCOIS High-Res Hydrodynamic Ocean Model
4035,2026-08-15,17.0,94.0,0.275,0.007,0.275,0.53,88.5,East India Coastal Current (EICC),0.0,NASA OSCAR L4 / INCOIS High-Res Hydrodynamic Ocean Model
4036,2026-08-15,18.0,68.0,-0.079,-0.109,0.135,0.26,215.9,West India Coastal Current (WICC),0.0,NASA OSCAR L4 / INCOIS High-Res Hydrodynamic Ocean Model
4037,2026-08-15,18.0,69.0,-0.107,-0.048,0.117,0.23,245.8,West India Coastal Current (WICC),0.0,NASA OSCAR L4 / INCOIS High-Res Hydrodynamic Ocean Model
4038,2026-08-15,18.0,70.0,-0.068,-0.095,0.117,0.23,215.6,West India Coastal Current (WICC),0.0,NASA OSCAR L4 / INCOIS High-Res Hydrodynamic Ocean Model
4039,2026-08-15,18.0,71.0,-0.138,-0.252,0.287,0.56,208.7,West India Coastal Current (WICC),0.0,NASA OSCAR L4 / INCOIS High-Res Hydrodynamic Ocean Model
4040,2026-08-15,18.0,72.0,-0.298,-0.178,0.347,0.67,239.1,West India Coastal Current (WICC),0.0,NASA OSCAR L4 / INCOIS High-Res Hydrodynamic Ocean Model
4041,2026-08-15,18.0,73.0,-0.082,-0.218,0.233,0.45,200.6,West India Coastal Current (WICC),0.0,NASA OSCAR L4 / INCOIS High-Res Hydrodynamic Ocean Model
4042,2026-08-15,18.0,85.0,0.205,0.158,0.259,0.5,52.4,East India Coastal Current (EICC),0.0,NASA OSCAR L4 / INCOIS High-Res Hydrodynamic Ocean Model
4043,2026-08-15,18.0,86.0,0.232,0.24,0.334,0.65,44.0,East India Coastal Current (EICC),0.0,NASA OSCAR L4 / INCOIS High-Res Hydrodynamic Ocean Model
4044,2026-08-15,18.0,87.0,0.304,0.309,0.433,0.84,44.5,East India Coastal Current (EICC),0.0,NASA OSCAR L4 / INCOIS High-Res Hydrodynamic Ocean Model
4045,2026-08-15,18.0,88.0,0.283,0.1,0.3,0.58,70.5,East India Coastal Current (EICC),0.0,NASA OSCAR L4 / INCOIS High-Res Hydrodynamic Ocean Model
4046,2026-08-15,18.0,89.0,0.164,0.278,0.323,0.63,30.5,East India Coastal Current (EICC),0.0,NASA OSCAR L4 / INCOIS High-Res Hydrodynamic Ocean Model
4047,2026-08-15,18.0,90.0,0.157,0.322,0.358,0.7,26.0,East India Coastal Current (EICC),0.0,NASA OSCAR L4 / INCOIS High-Res Hydrodynamic Ocean Model
4048,2026-08-15,18.0,91.0,0.258,-0.047,0.262,0.51,100.3,East India Coastal Current (EICC),0.0,NASA OSCAR L4 / INCOIS High-Res Hydrodynamic Ocean Model
4049,2026-08-15,18.0,92.0,0.175,0.007,0.175,0.34,87.7,East India Coastal Current (EICC),0.0,NASA OSCAR L4 / INCOIS High-Res Hydrodynamic Ocean Model
4050,2026-08-15,18.0,93.0,0.187,0.059,0.196,0.38,72.5,East India Coastal Current (EICC),0.0,NASA OSCAR L4 / INCOIS High-Res Hydrodynamic Ocean Model
4051,2026-08-15,18.0,94.0,0.177,-0.053,0.185,0.36,106.7,East India Coastal Current (EICC),0.0,NASA OSCAR L4 / INCOIS High-Res Hydrodynamic Ocean Model
4052,2026-08-15,19.0,68.0,-0.094,-0.493,0.502,0.98,190.8,West India Coastal Current (WICC),0.0,NASA OSCAR L4 / INCOIS High-Res Hydrodynamic Ocean Model
4053,2026-08-15,19.0,69.0,-0.14,-0.338,0.366,0.71,202.5,West India Coastal Current (WICC),0.0,NASA OSCAR L4 / INCOIS High-Res Hydrodynamic Ocean Model
4054,2026-08-15,19.0,70.0,-0.008,-0.125,0.125,0.24,183.7,West India Coastal Current (WICC),0.0,NASA OSCAR L4 / INCOIS High-Res Hydrodynamic Ocean Model
4055,2026-08-15,19.0,71.0,-0.147,-0.239,0.281,0.55,211.6,West India Coastal Current (WICC),0.0,NASA OSCAR L4 / INCOIS High-Res Hydrodynamic Ocean Model
4056,2026-08-15,19.0,72.0,-0.156,-0.328,0.363,0.71,205.4,West India Coastal Current (WICC),0.0,NASA OSCAR L4 / INCOIS High-Res Hydrodynamic Ocean Model
4057,2026-08-15,19.0,73.0,-0.111,-0.465,0.478,0.93,193.4,West India Coastal Current (WICC),0.0,NASA OSCAR L4 / INCOIS High-Res Hydrodynamic Ocean Model
4058,2026-08-15,19.0,85.0,0.151,0.133,0.201,0.39,48.6,East India Coastal Current (EICC),0.0,NASA OSCAR L4 / INCOIS High-Res Hydrodynamic Ocean Model
4059,2026-08-15,19.0,86.0,0.121,0.262,0.289,0.56,24.8,East India Coastal Current (EICC),0.0,NASA OSCAR L4 / INCOIS High-Res Hydrodynamic Ocean Model
4060,2026-08-15,19.0,87.0,0.308,0.249,0.396,0.77,51.0,East India Coastal Current (EICC),0.0,NASA OSCAR L4 / INCOIS High-Res Hydrodynamic Ocean Model
4061,2026-08-15,19.0,88.0,0.112,0.2,0.229,0.45,29.2,East India Coastal Current (EICC),0.0,NASA OSCAR L4 / INCOIS High-Res Hydrodynamic Ocean Model
4062,2026-08-15,19.0,89.0,0.106,0.196,0.223,0.43,28.4,East India Coastal Current (EICC),0.0,NASA OSCAR L4 / INCOIS High-Res Hydrodynamic Ocean Model
4063,2026-08-15,19.0,90.0,0.127,0.213,0.248,0.48,30.8,East India Coastal Current (EICC),0.0,NASA OSCAR L4 / INCOIS High-Res Hydrodynamic Ocean Model
4064,2026-08-15,19.0,91.0,0.24,0.124,0.27,0.52,62.7,East India Coastal Current (EICC),0.0,NASA OSCAR L4 / INCOIS High-Res Hydrodynamic Ocean Model
4065,2026-08-15,19.0,92.0,0.265,0.079,0.277,0.54,73.4,East India Coastal Current (EICC),0.0,NASA OSCAR L4 / INCOIS High-Res Hydrodynamic Ocean Model
4066,2026-08-15,19.0,93.0,0.311,0.092,0.324,0.63,73.5,East India Coastal Current (EICC),0.0,NASA OSCAR L4 / INCOIS High-Res Hydrodynamic Ocean Model
4067,2026-08-15,19.0,94.0,0.053,0.055,0.076,0.15,43.9,East India Coastal Current (EICC),0.0,NASA OSCAR L4 / INCOIS High-Res Hydrodynamic Ocean Model
4068,2026-08-15,20.0,68.0,-0.103,-0.195,0.221,0.43,207.8,West India Coastal Current (WICC),0.0,NASA OSCAR L4 / INCOIS High-Res Hydrodynamic Ocean Model
4069,2026-08-15,20.0,69.0,-0.211,-0.289,0.358,0.7,216.1,West India Coastal Current (WICC),0.0,NASA OSCAR L4 / INCOIS High-Res Hydrodynamic Ocean Model
4070,2026-08-15,20.0,70.0,-0.183,-0.278,0.333,0.65,213.4,West India Coastal Current (WICC),0.0,NASA OSCAR L4 / INCOIS High-Res Hydrodynamic Ocean Model
4071,2026-08-15,20.0,71.0,-0.094,-0.296,0.311,0.6,197.6,West India Coastal Current (WICC),0.0,NASA OSCAR L4 / INCOIS High-Res Hydrodynamic Ocean Model
4072,2026-08-15,20.0,72.0,-0.146,-0.267,0.304,0.59,208.7,West India Coastal Current (WICC),0.0,NASA OSCAR L4 / INCOIS High-Res Hydrodynamic Ocean Model
4073,2026-08-15,20.0,73.0,-0.2,-0.24,0.312,0.61,219.8,West India Coastal Current (WICC),0.0,NASA OSCAR L4 / INCOIS High-Res Hydrodynamic Ocean Model
4074,2026-08-15,20.0,85.0,0.348,0.262,0.436,0.85,53.0,East India Coastal Current (EICC),0.0,NASA OSCAR L4 / INCOIS High-Res Hydrodynamic Ocean Model
4075,2026-08-15,20.0,86.0,0.291,0.22,0.365,0.71,52.9,East India Coastal Current (EICC),0.0,NASA OSCAR L4 / INCOIS High-Res Hydrodynamic Ocean Model
4076,2026-08-15,20.0,87.0,0.25,-0.006,0.25,0.49,91.4,East India Coastal Current (EICC),0.0,NASA OSCAR L4 / INCOIS High-Res Hydrodynamic Ocean Model
4077,2026-08-15,20.0,88.0,0.282,0.138,0.314,0.61,63.9,East India Coastal Current (EICC),0.0,NASA OSCAR L4 / INCOIS High-Res Hydrodynamic Ocean Model
4078,2026-08-15,20.0,89.0,0.141,-0.015,0.142,0.28,96.1,East India Coastal Current (EICC),0.0,NASA OSCAR L4 / INCOIS High-Res Hydrodynamic Ocean Model
4079,2026-08-15,20.0,90.0,0.115,0.012,0.116,0.23,84.0,East India Coastal Current (EICC),0.0,NASA OSCAR L4 / INCOIS High-Res Hydrodynamic Ocean Model
4080,2026-08-15,20.0,91.0,0.325,0.322,0.458,0.89,45.3,East India Coastal Current (EICC),0.0,NASA OSCAR L4 / INCOIS High-Res Hydrodynamic Ocean Model
4081,2026-08-15,20.0,92.0,0.312,0.054,0.317,0.62,80.2,East India Coastal Current (EICC),0.0,NASA OSCAR L4 / INCOIS High-Res Hydrodynamic Ocean Model
4082,2026-08-15,20.0,93.0,0.173,0.215,0.276,0.54,38.8,East India Coastal Current (EICC),0.0,NASA OSCAR L4 / INCOIS High-Res Hydrodynamic Ocean Model
4083,2026-08-15,20.0,94.0,0.265,0.035,0.267,0.52,82.5,East India Coastal Current (EICC),0.0,NASA OSCAR L4 / INCOIS High-Res Hydrodynamic Ocean Model
4084,2026-08-15,21.0,68.0,-0.264,-0.184,0.322,0.63,235.1,West India Coastal Current (WICC),0.0,NASA OSCAR L4 / INCOIS High-Res Hydrodynamic Ocean Model
4085,2026-08-15,21.0,69.0,-0.073,-0.437,0.443,0.86,189.5,West India Coastal Current (WICC),0.0,NASA OSCAR L4 / INCOIS High-Res Hydrodynamic Ocean Model
4086,2026-08-15,21.0,70.0,-0.27,-0.113,0.293,0.57,247.3,West India Coastal Current (WICC),0.0,NASA OSCAR L4 / INCOIS High-Res Hydrodynamic Ocean Model
4087,2026-08-15,21.0,71.0,-0.17,-0.279,0.327,0.64,211.4,West India Coastal Current (WICC),0.0,NASA OSCAR L4 / INCOIS High-Res Hydrodynamic Ocean Model
4088,2026-08-15,21.0,72.0,-0.119,-0.389,0.407,0.79,197.0,West India Coastal Current (WICC),0.0,NASA OSCAR L4 / INCOIS High-Res Hydrodynamic Ocean Model
4089,2026-08-15,21.0,73.0,-0.062,-0.214,0.223,0.43,196.2,West India Coastal Current (WICC),0.0,NASA OSCAR L4 / INCOIS High-Res Hydrodynamic Ocean Model
4090,2026-08-15,21.0,74.0,-0.075,-0.1,0.125,0.24,216.9,West India Coastal Current (WICC),0.0,NASA OSCAR L4 / INCOIS High-Res Hydrodynamic Ocean Model
4091,2026-08-15,21.0,75.0,-0.218,-0.441,0.492,0.96,206.3,West India Coastal Current (WICC),0.0,NASA OSCAR L4 / INCOIS High-Res Hydrodynamic Ocean Model
4092,2026-08-15,21.0,76.0,-0.173,-0.191,0.258,0.5,222.2,West India Coastal Current (WICC),0.0,NASA OSCAR L4 / INCOIS High-Res Hydrodynamic Ocean Model
4093,2026-08-15,21.0,77.0,0.024,0.234,0.235,0.46,5.9,East India Coastal Current (EICC),0.0,NASA OSCAR L4 / INCOIS High-Res Hydrodynamic Ocean Model
4094,2026-08-15,21.0,78.0,0.396,0.209,0.448,0.87,62.2,East India Coastal Current (EICC),0.0,NASA OSCAR L4 / INCOIS High-Res Hydrodynamic Ocean Model
4095,2026-08-15,21.0,79.0,0.232,0.115,0.259,0.5,63.6,East India Coastal Current (EICC),0.0,NASA OSCAR L4 / INCOIS High-Res Hydrodynamic Ocean Model
4096,2026-08-15,21.0,80.0,0.152,0.181,0.236,0.46,40.0,East India Coastal Current (EICC),0.0,NASA OSCAR L4 / INCOIS High-Res Hydrodynamic Ocean Model
4097,2026-08-15,21.0,81.0,0.398,0.282,0.488,0.95,54.7,East India Coastal Current (EICC),0.0,NASA OSCAR L4 / INCOIS High-Res Hydrodynamic Ocean Model
4098,2026-08-15,21.0,82.0,0.127,0.093,0.157,0.31,53.8,East India Coastal Current (EICC),0.0,NASA OSCAR L4 / INCOIS High-Res Hydrodynamic Ocean Model
4099,2026-08-15,21.0,83.0,0.274,0.267,0.383,0.74,45.7,East India Coastal Current (EICC),0.0,NASA OSCAR L4 / INCOIS High-Res Hydrodynamic Ocean Model
4100,2026-08-15,21.0,84.0,0.098,0.305,0.32,0.62,17.8,East India Coastal Current (EICC),0.0,NASA OSCAR L4 / INCOIS High-Res Hydrodynamic Ocean Model
4101,2026-08-15,21.0,85.0,0.101,0.213,0.236,0.46,25.4,East India Coastal Current (EICC),0.0,NASA OSCAR L4 / INCOIS High-Res Hydrodynamic Ocean Model
4102,2026-08-15,21.0,86.0,0.13,0.165,0.21,0.41,38.2,East India Coastal Current (EICC),0.0,NASA OSCAR L4 / INCOIS High-Res Hydrodynamic Ocean Model
4103,2026-08-15,21.0,87.0,0.17,-0.001,0.17,0.33,90.3,East India Coastal Current (EICC),0.0,NASA OSCAR L4 / INCOIS High-Res Hydrodynamic Ocean Model
4104,2026-08-15,21.0,88.0,0.239,-0.003,0.239,0.46,90.7,East India Coastal Current (EICC),0.0,NASA OSCAR L4 / INCOIS High-Res Hydrodynamic Ocean Model
4105,2026-08-15,21.0,89.0,0.099,0.052,0.112,0.22,62.3,East India Coastal Current (EICC),0.0,NASA OSCAR L4 / INCOIS High-Res Hydrodynamic Ocean Model
4106,2026-08-15,21.0,90.0,0.096,0.13,0.162,0.31,36.4,East India Coastal Current (EICC),0.0,NASA OSCAR L4 / INCOIS High-Res Hydrodynamic Ocean Model
4107,2026-08-15,21.0,91.0,0.156,0.057,0.166,0.32,69.9,East India Coastal Current (EICC),0.0,NASA OSCAR L4 / INCOIS High-Res Hydrodynamic Ocean Model
4108,2026-08-15,21.0,92.0,0.231,0.153,0.277,0.54,56.5,East India Coastal Current (EICC),0.0,NASA OSCAR L4 / INCOIS High-Res Hydrodynamic Ocean Model
4109,2026-08-15,21.0,93.0,0.154,0.311,0.347,0.67,26.3,East India Coastal Current (EICC),0.0,NASA OSCAR L4 / INCOIS High-Res Hydrodynamic Ocean Model
4110,2026-08-15,21.0,94.0,0.086,0.241,0.256,0.5,19.6,East India Coastal Current (EICC),0.0,NASA OSCAR L4 / INCOIS High-Res Hydrodynamic Ocean Model
4111,2026-08-15,22.0,68.0,-0.195,-0.502,0.539,1.05,201.2,West India Coastal Current (WICC),0.0,NASA OSCAR L4 / INCOIS High-Res Hydrodynamic Ocean Model
4112,2026-08-15,22.0,69.0,-0.132,-0.383,0.405,0.79,199.0,West India Coastal Current (WICC),0.0,NASA OSCAR L4 / INCOIS High-Res Hydrodynamic Ocean Model
4113,2026-08-15,22.0,70.0,-0.231,-0.087,0.247,0.48,249.4,West India Coastal Current (WICC),0.0,NASA OSCAR L4 / INCOIS High-Res Hydrodynamic Ocean Model
4114,2026-08-15,22.0,71.0,-0.15,-0.061,0.162,0.31,247.9,West India Coastal Current (WICC),0.0,NASA OSCAR L4 / INCOIS High-Res Hydrodynamic Ocean Model
4115,2026-08-15,22.0,72.0,-0.072,-0.166,0.181,0.35,203.4,West India Coastal Current (WICC),0.0,NASA OSCAR L4 / INCOIS High-Res Hydrodynamic Ocean Model
4116,2026-08-15,22.0,73.0,-0.218,-0.175,0.28,0.54,231.2,West India Coastal Current (WICC),0.0,NASA OSCAR L4 / INCOIS High-Res Hydrodynamic Ocean Model
4117,2026-08-15,22.0,74.0,-0.119,-0.33,0.351,0.68,199.8,West India Coastal Current (WICC),0.0,NASA OSCAR L4 / INCOIS High-Res Hydrodynamic Ocean Model
4118,2026-08-15,22.0,75.0,-0.118,-0.187,0.221,0.43,212.3,West India Coastal Current (WICC),0.0,NASA OSCAR L4 / INCOIS High-Res Hydrodynamic Ocean Model
4119,2026-08-15,22.0,76.0,-0.227,-0.254,0.341,0.66,221.8,West India Coastal Current (WICC),0.0,NASA OSCAR L4 / INCOIS High-Res Hydrodynamic Ocean Model
4120,2026-08-15,22.0,77.0,0.307,0.113,0.327,0.64,69.8,East India Coastal Current (EICC),0.0,NASA OSCAR L4 / INCOIS High-Res Hydrodynamic Ocean Model
4121,2026-08-15,22.0,78.0,0.152,0.124,0.196,0.38,50.8,East India Coastal Current (EICC),0.0,NASA OSCAR L4 / INCOIS High-Res Hydrodynamic Ocean Model
4122,2026-08-15,22.0,79.0,0.273,0.099,0.29,0.56,70.1,East India Coastal Current (EICC),0.0,NASA OSCAR L4 / INCOIS High-Res Hydrodynamic Ocean Model
4123,2026-08-15,22.0,80.0,0.24,0.189,0.305,0.59,51.8,East India Coastal Current (EICC),0.0,NASA OSCAR L4 / INCOIS High-Res Hydrodynamic Ocean Model
4124,2026-08-15,22.0,81.0,0.173,0.139,0.222,0.43,51.2,East India Coastal Current (EICC),0.0,NASA OSCAR L4 / INCOIS High-Res Hydrodynamic Ocean Model
4125,2026-08-15,22.0,82.0,0.152,0.319,0.353,0.69,25.5,East India Coastal Current (EICC),0.0,NASA OSCAR L4 / INCOIS High-Res Hydrodynamic Ocean Model
4126,2026-08-15,22.0,83.0,0.036,0.229,0.232,0.45,8.9,East India Coastal Current (EICC),0.0,NASA OSCAR L4 / INCOIS High-Res Hydrodynamic Ocean Model
4127,2026-08-15,22.0,84.0,0.198,0.161,0.255,0.5,50.9,East India Coastal Current (EICC),0.0,NASA OSCAR L4 / INCOIS High-Res Hydrodynamic Ocean Model
4128,2026-08-15,22.0,85.0,0.275,0.246,0.369,0.72,48.2,East India Coastal Current (EICC),0.0,NASA OSCAR L4 / INCOIS High-Res Hydrodynamic Ocean Model
4129,2026-08-15,22.0,86.0,0.151,0.14,0.206,0.4,47.2,East India Coastal Current (EICC),0.0,NASA OSCAR L4 / INCOIS High-Res Hydrodynamic Ocean Model
4130,2026-08-15,22.0,87.0,0.245,0.344,0.422,0.82,35.5,East India Coastal Current (EICC),0.0,NASA OSCAR L4 / INCOIS High-Res Hydrodynamic Ocean Model
4131,2026-08-15,22.0,88.0,0.07,0.096,0.119,0.23,36.1,East India Coastal Current (EICC),0.0,NASA OSCAR L4 / INCOIS High-Res Hydrodynamic Ocean Model
4132,2026-08-15,22.0,89.0,0.219,0.079,0.233,0.45,70.2,East India Coastal Current (EICC),0.0,NASA OSCAR L4 / INCOIS High-Res Hydrodynamic Ocean Model
4133,2026-08-15,22.0,90.0,0.359,0.002,0.359,0.7,89.7,East India Coastal Current (EICC),0.0,NASA OSCAR L4 / INCOIS High-Res Hydrodynamic Ocean Model
4134,2026-08-15,22.0,91.0,0.228,-0.045,0.232,0.45,101.2,East India Coastal Current (EICC),0.0,NASA OSCAR L4 / INCOIS High-Res Hydrodynamic Ocean Model
4135,2026-08-15,22.0,92.0,0.203,0.28,0.346,0.67,35.9,East India Coastal Current (EICC),0.0,NASA OSCAR L4 / INCOIS High-Res Hydrodynamic Ocean Model
4136,2026-08-15,22.0,93.0,0.322,0.223,0.392,0.76,55.3,East India Coastal Current (EICC),0.0,NASA OSCAR L4 / INCOIS High-Res Hydrodynamic Ocean Model
4137,2026-08-15,22.0,94.0,0.092,0.133,0.162,0.31,34.7,East India Coastal Current (EICC),0.0,NASA OSCAR L4 / INCOIS High-Res Hydrodynamic Ocean Model
4138,2026-08-15,23.0,68.0,-0.157,-0.277,0.318,0.62,209.5,West India Coastal Current (WICC),0.0,NASA OSCAR L4 / INCOIS High-Res Hydrodynamic Ocean Model
4139,2026-08-15,23.0,69.0,-0.219,-0.292,0.365,0.71,216.9,West India Coastal Current (WICC),0.0,NASA OSCAR L4 / INCOIS High-Res Hydrodynamic Ocean Model
4140,2026-08-15,23.0,70.0,-0.28,-0.272,0.39,0.76,225.8,West India Coastal Current (WICC),0.0,NASA OSCAR L4 / INCOIS High-Res Hydrodynamic Ocean Model
4141,2026-08-15,23.0,71.0,-0.272,-0.256,0.374,0.73,226.7,West India Coastal Current (WICC),0.0,NASA OSCAR L4 / INCOIS High-Res Hydrodynamic Ocean Model
4142,2026-08-15,23.0,72.0,-0.253,-0.182,0.312,0.61,234.3,West India Coastal Current (WICC),0.0,NASA OSCAR L4 / INCOIS High-Res Hydrodynamic Ocean Model
4143,2026-08-15,23.0,73.0,-0.128,-0.259,0.289,0.56,206.3,West India Coastal Current (WICC),0.0,NASA OSCAR L4 / INCOIS High-Res Hydrodynamic Ocean Model
4144,2026-08-15,23.0,74.0,-0.093,-0.305,0.319,0.62,197.0,West India Coastal Current (WICC),0.0,NASA OSCAR L4 / INCOIS High-Res Hydrodynamic Ocean Model
4145,2026-08-15,23.0,75.0,-0.196,-0.283,0.344,0.67,214.7,West India Coastal Current (WICC),0.0,NASA OSCAR L4 / INCOIS High-Res Hydrodynamic Ocean Model
4146,2026-08-15,23.0,76.0,-0.11,-0.426,0.44,0.86,194.5,West India Coastal Current (WICC),0.0,NASA OSCAR L4 / INCOIS High-Res Hydrodynamic Ocean Model
4147,2026-08-15,23.0,77.0,0.101,0.315,0.331,0.64,17.8,East India Coastal Current (EICC),0.0,NASA OSCAR L4 / INCOIS High-Res Hydrodynamic Ocean Model
4148,2026-08-15,23.0,78.0,0.082,0.197,0.213,0.41,22.6,East India Coastal Current (EICC),0.0,NASA OSCAR L4 / INCOIS High-Res Hydrodynamic Ocean Model
4149,2026-08-15,23.0,79.0,0.174,0.193,0.26,0.51,42.0,East India Coastal Current (EICC),0.0,NASA OSCAR L4 / INCOIS High-Res Hydrodynamic Ocean Model
4150,2026-08-15,23.0,80.0,0.223,0.119,0.253,0.49,61.9,East India Coastal Current (EICC),0.0,NASA OSCAR L4 / INCOIS High-Res Hydrodynamic Ocean Model
4151,2026-08-15,23.0,81.0,0.148,0.018,0.149,0.29,83.1,East India Coastal Current (EICC),0.0,NASA OSCAR L4 / INCOIS High-Res Hydrodynamic Ocean Model
4152,2026-08-15,23.0,82.0,0.203,0.185,0.275,0.53,47.7,East India Coastal Current (EICC),0.0,NASA OSCAR L4 / INCOIS High-Res Hydrodynamic Ocean Model
4153,2026-08-15,23.0,83.0,0.213,0.061,0.222,0.43,74.0,East India Coastal Current (EICC),0.0,NASA OSCAR L4 / INCOIS High-Res Hydrodynamic Ocean Model
4154,2026-08-15,23.0,84.0,0.046,0.154,0.161,0.31,16.6,East India Coastal Current (EICC),0.0,NASA OSCAR L4 / INCOIS High-Res Hydrodynamic Ocean Model
4155,2026-08-15,23.0,85.0,0.097,-0.024,0.1,0.19,103.9,East India Coastal Current (EICC),0.0,NASA OSCAR L4 / INCOIS High-Res Hydrodynamic Ocean Model
4156,2026-08-15,23.0,86.0,0.202,0.133,0.242,0.47,56.6,East India Coastal Current (EICC),0.0,NASA OSCAR L4 / INCOIS High-Res Hydrodynamic Ocean Model
4157,2026-08-15,23.0,87.0,0.28,0.152,0.319,0.62,61.5,East India Coastal Current (EICC),0.0,NASA OSCAR L4 / INCOIS High-Res Hydrodynamic Ocean Model
4158,2026-08-15,23.0,88.0,0.237,0.23,0.33,0.64,45.9,East India Coastal Current (EICC),0.0,NASA OSCAR L4 / INCOIS High-Res Hydrodynamic Ocean Model
4159,2026-08-15,23.0,89.0,0.318,0.13,0.344,0.67,67.8,East India Coastal Current (EICC),0.0,NASA OSCAR L4 / INCOIS High-Res Hydrodynamic Ocean Model
4160,2026-08-15,23.0,90.0,0.302,0.302,0.427,0.83,45.0,East India Coastal Current (EICC),0.0,NASA OSCAR L4 / INCOIS High-Res Hydrodynamic Ocean Model
4161,2026-08-15,23.0,91.0,0.118,0.164,0.202,0.39,35.7,East India Coastal Current (EICC),0.0,NASA OSCAR L4 / INCOIS High-Res Hydrodynamic Ocean Model
4162,2026-08-15,23.0,92.0,0.144,0.023,0.146,0.28,80.9,East India Coastal Current (EICC),0.0,NASA OSCAR L4 / INCOIS High-Res Hydrodynamic Ocean Model
4163,2026-08-15,23.0,93.0,0.217,-0.111,0.244,0.47,117.1,East India Coastal Current (EICC),0.0,NASA OSCAR L4 / INCOIS High-Res Hydrodynamic Ocean Model
4164,2026-08-15,23.0,94.0,0.279,0.287,0.4,0.78,44.2,East India Coastal Current (EICC),0.0,NASA OSCAR L4 / INCOIS High-Res Hydrodynamic Ocean Model
4165,2026-08-15,24.0,68.0,-0.085,-0.237,0.252,0.49,199.7,West India Coastal Current (WICC),0.0,NASA OSCAR L4 / INCOIS High-Res Hydrodynamic Ocean Model
4166,2026-08-15,24.0,69.0,-0.098,-0.196,0.219,0.43,206.6,West India Coastal Current (WICC),0.0,NASA OSCAR L4 / INCOIS High-Res Hydrodynamic Ocean Model
4167,2026-08-15,24.0,70.0,-0.134,-0.309,0.337,0.66,203.4,West India Coastal Current (WICC),0.0,NASA OSCAR L4 / INCOIS High-Res Hydrodynamic Ocean Model
4168,2026-08-15,24.0,71.0,0.021,-0.311,0.312,0.61,176.1,West India Coastal Current (WICC),0.0,NASA OSCAR L4 / INCOIS High-Res Hydrodynamic Ocean Model
4169,2026-08-15,24.0,72.0,0.018,-0.201,0.202,0.39,174.9,West India Coastal Current (WICC),0.0,NASA OSCAR L4 / INCOIS High-Res Hydrodynamic Ocean Model
4170,2026-08-15,24.0,73.0,-0.174,-0.306,0.352,0.68,209.6,West India Coastal Current (WICC),0.0,NASA OSCAR L4 / INCOIS High-Res Hydrodynamic Ocean Model
4171,2026-08-15,24.0,74.0,-0.22,-0.233,0.32,0.62,223.4,West India Coastal Current (WICC),0.0,NASA OSCAR L4 / INCOIS High-Res Hydrodynamic Ocean Model
4172,2026-08-15,24.0,75.0,-0.197,-0.311,0.368,0.72,212.4,West India Coastal Current (WICC),0.0,NASA OSCAR L4 / INCOIS High-Res Hydrodynamic Ocean Model
4173,2026-08-15,24.0,76.0,-0.147,-0.31,0.343,0.67,205.4,West India Coastal Current (WICC),0.0,NASA OSCAR L4 / INCOIS High-Res Hydrodynamic Ocean Model
4174,2026-08-15,24.0,77.0,0.019,0.099,0.101,0.2,10.9,East India Coastal Current (EICC),0.0,NASA OSCAR L4 / INCOIS High-Res Hydrodynamic Ocean Model
4175,2026-08-15,24.0,78.0,0.26,0.148,0.299,0.58,60.4,East India Coastal Current (EICC),0.0,NASA OSCAR L4 / INCOIS High-Res Hydrodynamic Ocean Model
4176,2026-08-15,24.0,79.0,0.172,0.101,0.199,0.39,59.6,East India Coastal Current (EICC),0.0,NASA OSCAR L4 / INCOIS High-Res Hydrodynamic Ocean Model
4177,2026-08-15,24.0,80.0,0.171,0.14,0.221,0.43,50.7,East India Coastal Current (EICC),0.0,NASA OSCAR L4 / INCOIS High-Res Hydrodynamic Ocean Model
4178,2026-08-15,24.0,81.0,0.295,0.118,0.318,0.62,68.2,East India Coastal Current (EICC),0.0,NASA OSCAR L4 / INCOIS High-Res Hydrodynamic Ocean Model
4179,2026-08-15,24.0,82.0,0.131,0.196,0.236,0.46,33.8,East India Coastal Current (EICC),0.0,NASA OSCAR L4 / INCOIS High-Res Hydrodynamic Ocean Model
4180,2026-08-15,24.0,83.0,0.204,0.28,0.346,0.67,36.1,East India Coastal Current (EICC),0.0,NASA OSCAR L4 / INCOIS High-Res Hydrodynamic Ocean Model
4181,2026-08-15,24.0,84.0,0.165,-0.03,0.168,0.33,100.3,East India Coastal Current (EICC),0.0,NASA OSCAR L4 / INCOIS High-Res Hydrodynamic Ocean Model
4182,2026-08-15,24.0,85.0,0.212,0.249,0.327,0.64,40.4,East India Coastal Current (EICC),0.0,NASA OSCAR L4 / INCOIS High-Res Hydrodynamic Ocean Model
4183,2026-08-15,24.0,86.0,0.233,0.043,0.237,0.46,79.5,East India Coastal Current (EICC),0.0,NASA OSCAR L4 / INCOIS High-Res Hydrodynamic Ocean Model
4184,2026-08-15,24.0,87.0,0.208,0.3,0.365,0.71,34.7,East India Coastal Current (EICC),0.0,NASA OSCAR L4 / INCOIS High-Res Hydrodynamic Ocean Model
4185,2026-08-15,24.0,88.0,0.19,0.302,0.357,0.69,32.2,East India Coastal Current (EICC),0.0,NASA OSCAR L4 / INCOIS High-Res Hydrodynamic Ocean Model
4186,2026-08-15,24.0,89.0,0.218,0.206,0.3,0.58,46.6,East India Coastal Current (EICC),0.0,NASA OSCAR L4 / INCOIS High-Res Hydrodynamic Ocean Model
4187,2026-08-15,24.0,90.0,0.158,0.286,0.327,0.64,28.9,East India Coastal Current (EICC),0.0,NASA OSCAR L4 / INCOIS High-Res Hydrodynamic Ocean Model
4188,2026-08-15,24.0,91.0,0.338,0.139,0.365,0.71,67.6,East India Coastal Current (EICC),0.0,NASA OSCAR L4 / INCOIS High-Res Hydrodynamic Ocean Model
4189,2026-08-15,24.0,92.0,0.143,0.359,0.386,0.75,21.7,East India Coastal Current (EICC),0.0,NASA OSCAR L4 / INCOIS High-Res Hydrodynamic Ocean Model
4190,2026-08-15,24.0,93.0,0.013,0.153,0.154,0.3,4.9,East India Coastal Current (EICC),0.0,NASA OSCAR L4 / INCOIS High-Res Hydrodynamic Ocean Model
4191,2026-08-15,24.0,94.0,0.27,0.126,0.298,0.58,65.0,East India Coastal Current (EICC),0.0,NASA OSCAR L4 / INCOIS High-Res Hydrodynamic Ocean Model
4192,2026-08-14,6.0,68.0,-0.224,-0.218,0.313,0.61,225.8,West India Coastal Current (WICC),0.0,NASA OSCAR L4 / INCOIS High-Res Hydrodynamic Ocean Model
4193,2026-08-14,6.0,69.0,-0.216,-0.154,0.265,0.52,234.5,West India Coastal Current (WICC),0.0,NASA OSCAR L4 / INCOIS High-Res Hydrodynamic Ocean Model
4194,2026-08-14,6.0,70.0,-0.19,-0.228,0.297,0.58,219.8,West India Coastal Current (WICC),0.0,NASA OSCAR L4 / INCOIS High-Res Hydrodynamic Ocean Model
4195,2026-08-14,6.0,71.0,0.024,-0.343,0.344,0.67,176.0,West India Coastal Current (WICC),0.0,NASA OSCAR L4 / INCOIS High-Res Hydrodynamic Ocean Model
4196,2026-08-14,6.0,72.0,-0.144,-0.201,0.247,0.48,215.6,West India Coastal Current (WICC),0.0,NASA OSCAR L4 / INCOIS High-Res Hydrodynamic Ocean Model
4197,2026-08-14,6.0,73.0,-0.222,-0.232,0.321,0.62,223.7,West India Coastal Current (WICC),0.0,NASA OSCAR L4 / INCOIS High-Res Hydrodynamic Ocean Model
4198,2026-08-14,6.0,74.0,-0.137,-0.348,0.374,0.73,201.5,West India Coastal Current (WICC),0.0,NASA OSCAR L4 / INCOIS High-Res Hydrodynamic Ocean Model
4199,2026-08-14,6.0,75.0,-0.321,-0.307,0.444,0.86,226.3,West India Coastal Current (WICC),0.0,NASA OSCAR L4 / INCOIS High-Res Hydrodynamic Ocean Model
4200,2026-08-14,6.0,76.0,-0.174,-0.323,0.367,0.71,208.3,West India Coastal Current (WICC),0.0,NASA OSCAR L4 / INCOIS High-Res Hydrodynamic Ocean Model
4201,2026-08-14,6.0,77.0,0.294,0.139,0.325,0.63,64.7,East India Coastal Current (EICC),0.0,NASA OSCAR L4 / INCOIS High-Res Hydrodynamic Ocean Model
4202,2026-08-14,6.0,78.0,0.25,0.337,0.42,0.82,36.6,East India Coastal Current (EICC),0.0,NASA OSCAR L4 / INCOIS High-Res Hydrodynamic Ocean Model
4203,2026-08-14,6.0,79.0,0.245,0.288,0.378,0.73,40.4,East India Coastal Current (EICC),0.0,NASA OSCAR L4 / INCOIS High-Res Hydrodynamic Ocean Model
4204,2026-08-14,6.0,80.0,0.255,0.167,0.305,0.59,56.8,East India Coastal Current (EICC),0.0,NASA OSCAR L4 / INCOIS High-Res Hydrodynamic Ocean Model
4205,2026-08-14,6.0,81.0,0.006,0.199,0.199,0.39,1.7,East India Coastal Current (EICC),0.0,NASA OSCAR L4 / INCOIS High-Res Hydrodynamic Ocean Model
4206,2026-08-14,6.0,82.0,0.154,0.015,0.155,0.3,84.4,East India Coastal Current (EICC),0.0,NASA OSCAR L4 / INCOIS High-Res Hydrodynamic Ocean Model
4207,2026-08-14,6.0,83.0,0.237,0.017,0.238,0.46,85.9,East India Coastal Current (EICC),0.0,NASA OSCAR L4 / INCOIS High-Res Hydrodynamic Ocean Model
4208,2026-08-14,6.0,84.0,0.12,0.338,0.359,0.7,19.5,East India Coastal Current (EICC),0.0,NASA OSCAR L4 / INCOIS High-Res Hydrodynamic Ocean Model
4209,2026-08-14,6.0,85.0,0.248,0.183,0.308,0.6,53.6,East India Coastal Current (EICC),0.0,NASA OSCAR L4 / INCOIS High-Res Hydrodynamic Ocean Model
4210,2026-08-14,6.0,86.0,0.176,0.337,0.38,0.74,27.6,East India Coastal Current (EICC),0.0,NASA OSCAR L4 / INCOIS High-Res Hydrodynamic Ocean Model
4211,2026-08-14,6.0,87.0,0.101,0.287,0.304,0.59,19.4,East India Coastal Current (EICC),0.0,NASA OSCAR L4 / INCOIS High-Res Hydrodynamic Ocean Model
4212,2026-08-14,6.0,88.0,0.197,0.176,0.264,0.51,48.2,East India Coastal Current (EICC),0.0,NASA OSCAR L4 / INCOIS High-Res Hydrodynamic Ocean Model
4213,2026-08-14,6.0,89.0,0.253,0.085,0.267,0.52,71.4,East India Coastal Current (EICC),0.0,NASA OSCAR L4 / INCOIS High-Res Hydrodynamic Ocean Model
4214,2026-08-14,6.0,90.0,0.228,0.209,0.309,0.6,47.5,East India Coastal Current (EICC),0.0,NASA OSCAR L4 / INCOIS High-Res Hydrodynamic Ocean Model
4215,2026-08-14,6.0,91.0,0.138,0.205,0.247,0.48,33.9,East India Coastal Current (EICC),0.0,NASA OSCAR L4 / INCOIS High-Res Hydrodynamic Ocean Model
4216,2026-08-14,6.0,92.0,0.232,0.133,0.267,0.52,60.2,East India Coastal Current (EICC),0.0,NASA OSCAR L4 / INCOIS High-Res Hydrodynamic Ocean Model
4217,2026-08-14,6.0,93.0,0.181,0.019,0.182,0.35,84.0,East India Coastal Current (EICC),0.0,NASA OSCAR L4 / INCOIS High-Res Hydrodynamic Ocean Model
4218,2026-08-14,6.0,94.0,0.088,0.161,0.183,0.36,28.7,East India Coastal Current (EICC),0.0,NASA OSCAR L4 / INCOIS High-Res Hydrodynamic Ocean Model
4219,2026-08-14,7.0,68.0,-0.122,-0.129,0.178,0.35,223.4,West India Coastal Current (WICC),0.0,NASA OSCAR L4 / INCOIS High-Res Hydrodynamic Ocean Model
4220,2026-08-14,7.0,69.0,-0.05,-0.206,0.212,0.41,193.6,West India Coastal Current (WICC),0.0,NASA OSCAR L4 / INCOIS High-Res Hydrodynamic Ocean Model
4221,2026-08-14,7.0,70.0,-0.147,-0.402,0.428,0.83,200.1,West India Coastal Current (WICC),0.0,NASA OSCAR L4 / INCOIS High-Res Hydrodynamic Ocean Model
4222,2026-08-14,7.0,71.0,0.032,-0.356,0.357,0.69,174.9,West India Coastal Current (WICC),0.0,NASA OSCAR L4 / INCOIS High-Res Hydrodynamic Ocean Model
4223,2026-08-14,7.0,72.0,-0.138,-0.244,0.28,0.54,209.5,West India Coastal Current (WICC),0.0,NASA OSCAR L4 / INCOIS High-Res Hydrodynamic Ocean Model
4224,2026-08-14,7.0,73.0,-0.078,-0.192,0.207,0.4,202.1,West India Coastal Current (WICC),0.0,NASA OSCAR L4 / INCOIS High-Res Hydrodynamic Ocean Model
4225,2026-08-14,7.0,74.0,-0.152,-0.348,0.38,0.74,203.6,West India Coastal Current (WICC),0.0,NASA OSCAR L4 / INCOIS High-Res Hydrodynamic Ocean Model
4226,2026-08-14,7.0,75.0,-0.13,-0.381,0.403,0.78,198.8,West India Coastal Current (WICC),0.0,NASA OSCAR L4 / INCOIS High-Res Hydrodynamic Ocean Model
4227,2026-08-14,7.0,76.0,-0.086,-0.294,0.306,0.59,196.3,West India Coastal Current (WICC),0.0,NASA OSCAR L4 / INCOIS High-Res Hydrodynamic Ocean Model
4228,2026-08-14,7.0,77.0,0.205,0.146,0.252,0.49,54.5,East India Coastal Current (EICC),0.0,NASA OSCAR L4 / INCOIS High-Res Hydrodynamic Ocean Model
4229,2026-08-14,7.0,78.0,0.299,0.226,0.375,0.73,52.9,East India Coastal Current (EICC),0.0,NASA OSCAR L4 / INCOIS High-Res Hydrodynamic Ocean Model
4230,2026-08-14,7.0,79.0,0.27,0.314,0.414,0.8,40.7,East India Coastal Current (EICC),0.0,NASA OSCAR L4 / INCOIS High-Res Hydrodynamic Ocean Model
4231,2026-08-14,7.0,80.0,0.112,0.187,0.218,0.42,30.9,East India Coastal Current (EICC),0.0,NASA OSCAR L4 / INCOIS High-Res Hydrodynamic Ocean Model
4232,2026-08-14,7.0,81.0,0.021,0.041,0.046,0.09,27.1,East India Coastal Current (EICC),0.0,NASA OSCAR L4 / INCOIS High-Res Hydrodynamic Ocean Model
4233,2026-08-14,7.0,82.0,0.086,0.211,0.228,0.44,22.2,East India Coastal Current (EICC),0.0,NASA OSCAR L4 / INCOIS High-Res Hydrodynamic Ocean Model
4234,2026-08-14,7.0,83.0,0.262,0.135,0.295,0.57,62.7,East India Coastal Current (EICC),0.0,NASA OSCAR L4 / INCOIS High-Res Hydrodynamic Ocean Model
4235,2026-08-14,7.0,84.0,0.182,0.119,0.217,0.42,56.8,East India Coastal Current (EICC),0.0,NASA OSCAR L4 / INCOIS High-Res Hydrodynamic Ocean Model
4236,2026-08-14,7.0,85.0,0.063,0.197,0.207,0.4,17.7,East India Coastal Current (EICC),0.0,NASA OSCAR L4 / INCOIS High-Res Hydrodynamic Ocean Model
4237,2026-08-14,7.0,86.0,0.218,0.161,0.271,0.53,53.6,East India Coastal Current (EICC),0.0,NASA OSCAR L4 / INCOIS High-Res Hydrodynamic Ocean Model
4238,2026-08-14,7.0,87.0,0.345,0.295,0.454,0.88,49.5,East India Coastal Current (EICC),0.0,NASA OSCAR L4 / INCOIS High-Res Hydrodynamic Ocean Model
4239,2026-08-14,7.0,88.0,0.153,0.185,0.24,0.47,39.6,East India Coastal Current (EICC),0.0,NASA OSCAR L4 / INCOIS High-Res Hydrodynamic Ocean Model
4240,2026-08-14,7.0,89.0,0.052,0.211,0.217,0.42,13.8,East India Coastal Current (EICC),0.0,NASA OSCAR L4 / INCOIS High-Res Hydrodynamic Ocean Model
4241,2026-08-14,7.0,90.0,0.221,0.287,0.362,0.7,37.6,East India Coastal Current (EICC),0.0,NASA OSCAR L4 / INCOIS High-Res Hydrodynamic Ocean Model
4242,2026-08-14,7.0,91.0,0.085,0.133,0.158,0.31,32.6,East India Coastal Current (EICC),0.0,NASA OSCAR L4 / INCOIS High-Res Hydrodynamic Ocean Model
4243,2026-08-14,7.0,92.0,0.175,0.131,0.219,0.43,53.2,East India Coastal Current (EICC),0.0,NASA OSCAR L4 / INCOIS High-Res Hydrodynamic Ocean Model
4244,2026-08-14,7.0,93.0,0.284,0.245,0.375,0.73,49.2,East India Coastal Current (EICC),0.0,NASA OSCAR L4 / INCOIS High-Res Hydrodynamic Ocean Model
4245,2026-08-14,7.0,94.0,0.254,0.131,0.286,0.56,62.7,East India Coastal Current (EICC),0.0,NASA OSCAR L4 / INCOIS High-Res Hydrodynamic Ocean Model
4246,2026-08-14,8.0,68.0,-0.175,-0.322,0.366,0.71,208.5,West India Coastal Current (WICC),0.0,NASA OSCAR L4 / INCOIS High-Res Hydrodynamic Ocean Model
4247,2026-08-14,8.0,69.0,-0.25,-0.212,0.328,0.64,229.7,West India Coastal Current (WICC),0.0,NASA OSCAR L4 / INCOIS High-Res Hydrodynamic Ocean Model
4248,2026-08-14,8.0,70.0,-0.146,-0.233,0.275,0.53,212.1,West India Coastal Current (WICC),0.0,NASA OSCAR L4 / INCOIS High-Res Hydrodynamic Ocean Model
4249,2026-08-14,8.0,71.0,-0.092,-0.414,0.424,0.82,192.5,West India Coastal Current (WICC),0.0,NASA OSCAR L4 / INCOIS High-Res Hydrodynamic Ocean Model
4250,2026-08-14,8.0,72.0,-0.089,-0.211,0.229,0.45,202.9,West India Coastal Current (WICC),0.0,NASA OSCAR L4 / INCOIS High-Res Hydrodynamic Ocean Model
4251,2026-08-14,8.0,73.0,-0.104,-0.284,0.302,0.59,200.1,West India Coastal Current (WICC),0.0,NASA OSCAR L4 / INCOIS High-Res Hydrodynamic Ocean Model
4252,2026-08-14,8.0,74.0,-0.134,-0.339,0.365,0.71,201.6,West India Coastal Current (WICC),0.0,NASA OSCAR L4 / INCOIS High-Res Hydrodynamic Ocean Model
4253,2026-08-14,8.0,75.0,-0.079,-0.306,0.316,0.61,194.5,West India Coastal Current (WICC),0.0,NASA OSCAR L4 / INCOIS High-Res Hydrodynamic Ocean Model
4254,2026-08-14,8.0,76.0,-0.212,-0.29,0.359,0.7,216.2,West India Coastal Current (WICC),0.0,NASA OSCAR L4 / INCOIS High-Res Hydrodynamic Ocean Model
4255,2026-08-14,8.0,77.0,0.092,0.291,0.305,0.59,17.5,East India Coastal Current (EICC),0.0,NASA OSCAR L4 / INCOIS High-Res Hydrodynamic Ocean Model
4256,2026-08-14,8.0,78.0,0.208,0.316,0.378,0.73,33.4,East India Coastal Current (EICC),0.0,NASA OSCAR L4 / INCOIS High-Res Hydrodynamic Ocean Model
4257,2026-08-14,8.0,79.0,0.222,0.13,0.257,0.5,59.6,East India Coastal Current (EICC),0.0,NASA OSCAR L4 / INCOIS High-Res Hydrodynamic Ocean Model
4258,2026-08-14,8.0,80.0,0.188,0.128,0.227,0.44,55.8,East India Coastal Current (EICC),0.0,NASA OSCAR L4 / INCOIS High-Res Hydrodynamic Ocean Model
4259,2026-08-14,8.0,81.0,0.255,0.19,0.318,0.62,53.3,East India Coastal Current (EICC),0.0,NASA OSCAR L4 / INCOIS High-Res Hydrodynamic Ocean Model
4260,2026-08-14,8.0,82.0,0.155,-0.026,0.157,0.31,99.5,East India Coastal Current (EICC),0.0,NASA OSCAR L4 / INCOIS High-Res Hydrodynamic Ocean Model
4261,2026-08-14,8.0,83.0,0.202,0.3,0.362,0.7,34.0,East India Coastal Current (EICC),0.0,NASA OSCAR L4 / INCOIS High-Res Hydrodynamic Ocean Model
4262,2026-08-14,8.0,84.0,0.226,0.128,0.26,0.51,60.5,East India Coastal Current (EICC),0.0,NASA OSCAR L4 / INCOIS High-Res Hydrodynamic Ocean Model
4263,2026-08-14,8.0,85.0,0.269,0.391,0.475,0.92,34.5,East India Coastal Current (EICC),0.0,NASA OSCAR L4 / INCOIS High-Res Hydrodynamic Ocean Model
4264,2026-08-14,8.0,86.0,0.261,0.059,0.268,0.52,77.3,East India Coastal Current (EICC),0.0,NASA OSCAR L4 / INCOIS High-Res Hydrodynamic Ocean Model
4265,2026-08-14,8.0,87.0,0.132,0.182,0.225,0.44,36.0,East India Coastal Current (EICC),0.0,NASA OSCAR L4 / INCOIS High-Res Hydrodynamic Ocean Model
4266,2026-08-14,8.0,88.0,0.042,0.136,0.142,0.28,17.2,East India Coastal Current (EICC),0.0,NASA OSCAR L4 / INCOIS High-Res Hydrodynamic Ocean Model
4267,2026-08-14,8.0,89.0,0.367,0.129,0.389,0.76,70.6,East India Coastal Current (EICC),0.0,NASA OSCAR L4 / INCOIS High-Res Hydrodynamic Ocean Model
4268,2026-08-14,8.0,90.0,0.171,0.032,0.174,0.34,79.4,East India Coastal Current (EICC),0.0,NASA OSCAR L4 / INCOIS High-Res Hydrodynamic Ocean Model
4269,2026-08-14,8.0,91.0,0.137,0.195,0.238,0.46,35.1,East India Coastal Current (EICC),0.0,NASA OSCAR L4 / INCOIS High-Res Hydrodynamic Ocean Model
4270,2026-08-14,8.0,92.0,0.129,0.208,0.245,0.48,31.8,East India Coastal Current (EICC),0.0,NASA OSCAR L4 / INCOIS High-Res Hydrodynamic Ocean Model
4271,2026-08-14,8.0,93.0,0.16,0.199,0.255,0.5,38.8,East India Coastal Current (EICC),0.0,NASA OSCAR L4 / INCOIS High-Res Hydrodynamic Ocean Model
4272,2026-08-14,8.0,94.0,0.28,0.326,0.43,0.84,40.7,East India Coastal Current (EICC),0.0,NASA OSCAR L4 / INCOIS High-Res Hydrodynamic Ocean Model
4273,2026-08-14,9.0,68.0,-0.201,-0.29,0.353,0.69,214.7,West India Coastal Current (WICC),0.0,NASA OSCAR L4 / INCOIS High-Res Hydrodynamic Ocean Model
4274,2026-08-14,9.0,69.0,0.043,-0.251,0.255,0.5,170.3,West India Coastal Current (WICC),0.0,NASA OSCAR L4 / INCOIS High-Res Hydrodynamic Ocean Model
4275,2026-08-14,9.0,70.0,-0.122,-0.289,0.314,0.61,202.9,West India Coastal Current (WICC),0.0,NASA OSCAR L4 / INCOIS High-Res Hydrodynamic Ocean Model
4276,2026-08-14,9.0,71.0,-0.231,-0.363,0.43,0.84,212.5,West India Coastal Current (WICC),0.0,NASA OSCAR L4 / INCOIS High-Res Hydrodynamic Ocean Model
4277,2026-08-14,9.0,72.0,-0.239,-0.119,0.267,0.52,243.5,West India Coastal Current (WICC),0.0,NASA OSCAR L4 / INCOIS High-Res Hydrodynamic Ocean Model
4278,2026-08-14,9.0,73.0,-0.109,-0.1,0.148,0.29,227.5,West India Coastal Current (WICC),0.0,NASA OSCAR L4 / INCOIS High-Res Hydrodynamic Ocean Model
4279,2026-08-14,9.0,85.0,0.186,0.112,0.217,0.42,58.9,East India Coastal Current (EICC),0.0,NASA OSCAR L4 / INCOIS High-Res Hydrodynamic Ocean Model
4280,2026-08-14,9.0,86.0,0.173,0.092,0.196,0.38,62.0,East India Coastal Current (EICC),0.0,NASA OSCAR L4 / INCOIS High-Res Hydrodynamic Ocean Model
4281,2026-08-14,9.0,87.0,0.243,0.135,0.278,0.54,60.9,East India Coastal Current (EICC),0.0,NASA OSCAR L4 / INCOIS High-Res Hydrodynamic Ocean Model
4282,2026-08-14,9.0,88.0,0.16,0.275,0.318,0.62,30.2,East India Coastal Current (EICC),0.0,NASA OSCAR L4 / INCOIS High-Res Hydrodynamic Ocean Model
4283,2026-08-14,9.0,89.0,0.163,0.172,0.237,0.46,43.5,East India Coastal Current (EICC),0.0,NASA OSCAR L4 / INCOIS High-Res Hydrodynamic Ocean Model
4284,2026-08-14,9.0,90.0,0.375,0.135,0.399,0.78,70.2,East India Coastal Current (EICC),0.0,NASA OSCAR L4 / INCOIS High-Res Hydrodynamic Ocean Model
4285,2026-08-14,9.0,91.0,0.209,0.264,0.337,0.66,38.4,East India Coastal Current (EICC),0.0,NASA OSCAR L4 / INCOIS High-Res Hydrodynamic Ocean Model
4286,2026-08-14,9.0,92.0,0.171,0.018,0.172,0.33,84.0,East India Coastal Current (EICC),0.0,NASA OSCAR L4 / INCOIS High-Res Hydrodynamic Ocean Model
4287,2026-08-14,9.0,93.0,0.258,0.095,0.275,0.53,69.8,East India Coastal Current (EICC),0.0,NASA OSCAR L4 / INCOIS High-Res Hydrodynamic Ocean Model
4288,2026-08-14,9.0,94.0,0.364,0.162,0.398,0.77,66.0,East India Coastal Current (EICC),0.0,NASA OSCAR L4 / INCOIS High-Res Hydrodynamic Ocean Model
4289,2026-08-14,10.0,68.0,-0.184,-0.305,0.356,0.69,211.1,West India Coastal Current (WICC),0.0,NASA OSCAR L4 / INCOIS High-Res Hydrodynamic Ocean Model
4290,2026-08-14,10.0,69.0,-0.184,-0.353,0.398,0.77,207.5,West India Coastal Current (WICC),0.0,NASA OSCAR L4 / INCOIS High-Res Hydrodynamic Ocean Model
4291,2026-08-14,10.0,70.0,-0.093,-0.093,0.132,0.26,225.0,West India Coastal Current (WICC),0.0,NASA OSCAR L4 / INCOIS High-Res Hydrodynamic Ocean Model
4292,2026-08-14,10.0,71.0,-0.112,-0.363,0.38,0.74,197.1,West India Coastal Current (WICC),0.0,NASA OSCAR L4 / INCOIS High-Res Hydrodynamic Ocean Model
4293,2026-08-14,10.0,72.0,-0.035,-0.15,0.154,0.3,193.1,West India Coastal Current (WICC),0.0,NASA OSCAR L4 / INCOIS High-Res Hydrodynamic Ocean Model
4294,2026-08-14,10.0,73.0,-0.195,-0.143,0.242,0.47,233.7,West India Coastal Current (WICC),0.0,NASA OSCAR L4 / INCOIS High-Res Hydrodynamic Ocean Model
4295,2026-08-14,10.0,85.0,0.215,0.162,0.269,0.52,53.0,East India Coastal Current (EICC),0.0,NASA OSCAR L4 / INCOIS High-Res Hydrodynamic Ocean Model
4296,2026-08-14,10.0,86.0,0.291,0.105,0.309,0.6,70.2,East India Coastal Current (EICC),0.0,NASA OSCAR L4 / INCOIS High-Res Hydrodynamic Ocean Model
4297,2026-08-14,10.0,87.0,0.131,0.19,0.231,0.45,34.6,East India Coastal Current (EICC),0.0,NASA OSCAR L4 / INCOIS High-Res Hydrodynamic Ocean Model
4298,2026-08-14,10.0,88.0,0.282,0.1,0.299,0.58,70.5,East India Coastal Current (EICC),0.0,NASA OSCAR L4 / INCOIS High-Res Hydrodynamic Ocean Model
4299,2026-08-14,10.0,89.0,0.191,-0.047,0.197,0.38,103.8,East India Coastal Current (EICC),0.0,NASA OSCAR L4 / INCOIS High-Res Hydrodynamic Ocean Model
4300,2026-08-14,10.0,90.0,0.134,0.161,0.209,0.41,39.8,East India Coastal Current (EICC),0.0,NASA OSCAR L4 / INCOIS High-Res Hydrodynamic Ocean Model
4301,2026-08-14,10.0,91.0,0.203,0.193,0.28,0.54,46.4,East India Coastal Current (EICC),0.0,NASA OSCAR L4 / INCOIS High-Res Hydrodynamic Ocean Model
4302,2026-08-14,10.0,92.0,0.209,0.096,0.23,0.45,65.3,East India Coastal Current (EICC),0.0,NASA OSCAR L4 / INCOIS High-Res Hydrodynamic Ocean Model
4303,2026-08-14,10.0,93.0,0.287,0.043,0.29,0.56,81.5,East India Coastal Current (EICC),0.0,NASA OSCAR L4 / INCOIS High-Res Hydrodynamic Ocean Model
4304,2026-08-14,10.0,94.0,0.329,0.172,0.371,0.72,62.4,East India Coastal Current (EICC),0.0,NASA OSCAR L4 / INCOIS High-Res Hydrodynamic Ocean Model
4305,2026-08-14,11.0,68.0,-0.1,-0.197,0.221,0.43,206.9,West India Coastal Current (WICC),0.0,NASA OSCAR L4 / INCOIS High-Res Hydrodynamic Ocean Model
4306,2026-08-14,11.0,69.0,-0.076,-0.194,0.208,0.4,201.4,West India Coastal Current (WICC),0.0,NASA OSCAR L4 / INCOIS High-Res Hydrodynamic Ocean Model
4307,2026-08-14,11.0,70.0,-0.186,-0.245,0.308,0.6,217.2,West India Coastal Current (WICC),0.0,NASA OSCAR L4 / INCOIS High-Res Hydrodynamic Ocean Model
4308,2026-08-14,11.0,71.0,-0.11,-0.334,0.352,0.68,198.2,West India Coastal Current (WICC),0.0,NASA OSCAR L4 / INCOIS High-Res Hydrodynamic Ocean Model
4309,2026-08-14,11.0,72.0,-0.215,-0.199,0.293,0.57,227.2,West India Coastal Current (WICC),0.0,NASA OSCAR L4 / INCOIS High-Res Hydrodynamic Ocean Model
4310,2026-08-14,11.0,73.0,-0.121,-0.198,0.232,0.45,211.4,West India Coastal Current (WICC),0.0,NASA OSCAR L4 / INCOIS High-Res Hydrodynamic Ocean Model
4311,2026-08-14,11.0,85.0,0.154,-0.053,0.163,0.32,109.0,East India Coastal Current (EICC),0.0,NASA OSCAR L4 / INCOIS High-Res Hydrodynamic Ocean Model
4312,2026-08-14,11.0,86.0,0.267,0.093,0.283,0.55,70.8,East India Coastal Current (EICC),0.0,NASA OSCAR L4 / INCOIS High-Res Hydrodynamic Ocean Model
4313,2026-08-14,11.0,87.0,0.23,0.152,0.276,0.54,56.5,East India Coastal Current (EICC),0.0,NASA OSCAR L4 / INCOIS High-Res Hydrodynamic Ocean Model
4314,2026-08-14,11.0,88.0,0.071,0.237,0.247,0.48,16.7,East India Coastal Current (EICC),0.0,NASA OSCAR L4 / INCOIS High-Res Hydrodynamic Ocean Model
4315,2026-08-14,11.0,89.0,0.093,0.059,0.11,0.21,57.6,East India Coastal Current (EICC),0.0,NASA OSCAR L4 / INCOIS High-Res Hydrodynamic Ocean Model
4316,2026-08-14,11.0,90.0,0.059,0.174,0.184,0.36,18.7,East India Coastal Current (EICC),0.0,NASA OSCAR L4 / INCOIS High-Res Hydrodynamic Ocean Model
4317,2026-08-14,11.0,91.0,0.019,0.26,0.261,0.51,4.2,East India Coastal Current (EICC),0.0,NASA OSCAR L4 / INCOIS High-Res Hydrodynamic Ocean Model
4318,2026-08-14,11.0,92.0,0.228,0.184,0.293,0.57,51.1,East India Coastal Current (EICC),0.0,NASA OSCAR L4 / INCOIS High-Res Hydrodynamic Ocean Model
4319,2026-08-14,11.0,93.0,0.312,0.127,0.337,0.66,67.9,East India Coastal Current (EICC),0.0,NASA OSCAR L4 / INCOIS High-Res Hydrodynamic Ocean Model
4320,2026-08-14,11.0,94.0,0.176,0.199,0.266,0.52,41.5,East India Coastal Current (EICC),0.0,NASA OSCAR L4 / INCOIS High-Res Hydrodynamic Ocean Model
4321,2026-08-14,12.0,68.0,-0.226,-0.168,0.282,0.55,233.4,West India Coastal Current (WICC),0.0,NASA OSCAR L4 / INCOIS High-Res Hydrodynamic Ocean Model
4322,2026-08-14,12.0,69.0,-0.289,-0.244,0.378,0.73,229.8,West India Coastal Current (WICC),0.0,NASA OSCAR L4 / INCOIS High-Res Hydrodynamic Ocean Model
4323,2026-08-14,12.0,70.0,-0.219,-0.3,0.371,0.72,216.1,West India Coastal Current (WICC),0.0,NASA OSCAR L4 / INCOIS High-Res Hydrodynamic Ocean Model
4324,2026-08-14,12.0,71.0,-0.11,-0.26,0.282,0.55,202.9,West India Coastal Current (WICC),0.0,NASA OSCAR L4 / INCOIS High-Res Hydrodynamic Ocean Model
4325,2026-08-14,12.0,72.0,-0.243,-0.331,0.411,0.8,216.3,West India Coastal Current (WICC),0.0,NASA OSCAR L4 / INCOIS High-Res Hydrodynamic Ocean Model
4326,2026-08-14,12.0,73.0,-0.205,-0.27,0.339,0.66,217.2,West India Coastal Current (WICC),0.0,NASA OSCAR L4 / INCOIS High-Res Hydrodynamic Ocean Model
4327,2026-08-14,12.0,85.0,0.156,0.021,0.157,0.31,82.3,East India Coastal Current (EICC),0.0,NASA OSCAR L4 / INCOIS High-Res Hydrodynamic Ocean Model
4328,2026-08-14,12.0,86.0,0.225,0.176,0.286,0.56,52.0,East India Coastal Current (EICC),0.0,NASA OSCAR L4 / INCOIS High-Res Hydrodynamic Ocean Model
4329,2026-08-14,12.0,87.0,0.362,0.2,0.414,0.8,61.1,East India Coastal Current (EICC),0.0,NASA OSCAR L4 / INCOIS High-Res Hydrodynamic Ocean Model
4330,2026-08-14,12.0,88.0,0.16,0.088,0.183,0.36,61.2,East India Coastal Current (EICC),0.0,NASA OSCAR L4 / INCOIS High-Res Hydrodynamic Ocean Model
4331,2026-08-14,12.0,89.0,0.158,0.407,0.437,0.85,21.2,East India Coastal Current (EICC),0.0,NASA OSCAR L4 / INCOIS High-Res Hydrodynamic Ocean Model
4332,2026-08-14,12.0,90.0,0.074,0.254,0.265,0.52,16.2,East India Coastal Current (EICC),0.0,NASA OSCAR L4 / INCOIS High-Res Hydrodynamic Ocean Model
4333,2026-08-14,12.0,91.0,0.188,0.089,0.208,0.4,64.7,East India Coastal Current (EICC),0.0,NASA OSCAR L4 / INCOIS High-Res Hydrodynamic Ocean Model
4334,2026-08-14,12.0,92.0,0.264,0.093,0.28,0.54,70.6,East India Coastal Current (EICC),0.0,NASA OSCAR L4 / INCOIS High-Res Hydrodynamic Ocean Model
4335,2026-08-14,12.0,93.0,0.04,0.2,0.204,0.4,11.3,East India Coastal Current (EICC),0.0,NASA OSCAR L4 / INCOIS High-Res Hydrodynamic Ocean Model
4336,2026-08-14,12.0,94.0,0.229,0.092,0.247,0.48,68.1,East India Coastal Current (EICC),0.0,NASA OSCAR L4 / INCOIS High-Res Hydrodynamic Ocean Model
4337,2026-08-14,13.0,68.0,-0.021,-0.192,0.193,0.38,186.2,West India Coastal Current (WICC),0.0,NASA OSCAR L4 / INCOIS High-Res Hydrodynamic Ocean Model
4338,2026-08-14,13.0,69.0,-0.185,-0.227,0.293,0.57,219.2,West India Coastal Current (WICC),0.0,NASA OSCAR L4 / INCOIS High-Res Hydrodynamic Ocean Model
4339,2026-08-14,13.0,70.0,-0.216,-0.093,0.235,0.46,246.7,West India Coastal Current (WICC),0.0,NASA OSCAR L4 / INCOIS High-Res Hydrodynamic Ocean Model
4340,2026-08-14,13.0,71.0,-0.148,-0.244,0.285,0.55,211.2,West India Coastal Current (WICC),0.0,NASA OSCAR L4 / INCOIS High-Res Hydrodynamic Ocean Model
4341,2026-08-14,13.0,72.0,-0.231,-0.221,0.32,0.62,226.3,West India Coastal Current (WICC),0.0,NASA OSCAR L4 / INCOIS High-Res Hydrodynamic Ocean Model
4342,2026-08-14,13.0,73.0,-0.075,-0.172,0.188,0.37,203.6,West India Coastal Current (WICC),0.0,NASA OSCAR L4 / INCOIS High-Res Hydrodynamic Ocean Model
4343,2026-08-14,13.0,85.0,0.28,0.213,0.352,0.68,52.7,East India Coastal Current (EICC),0.0,NASA OSCAR L4 / INCOIS High-Res Hydrodynamic Ocean Model
4344,2026-08-14,13.0,86.0,0.124,0.101,0.16,0.31,50.8,East India Coastal Current (EICC),0.0,NASA OSCAR L4 / INCOIS High-Res Hydrodynamic Ocean Model
4345,2026-08-14,13.0,87.0,0.26,-0.017,0.261,0.51,93.7,East India Coastal Current (EICC),0.0,NASA OSCAR L4 / INCOIS High-Res Hydrodynamic Ocean Model
4346,2026-08-14,13.0,88.0,0.373,0.11,0.389,0.76,73.6,East India Coastal Current (EICC),0.0,NASA OSCAR L4 / INCOIS High-Res Hydrodynamic Ocean Model
4347,2026-08-14,13.0,89.0,0.252,0.081,0.265,0.52,72.2,East India Coastal Current (EICC),0.0,NASA OSCAR L4 / INCOIS High-Res Hydrodynamic Ocean Model
4348,2026-08-14,13.0,90.0,0.157,0.033,0.16,0.31,78.1,East India Coastal Current (EICC),0.0,NASA OSCAR L4 / INCOIS High-Res Hydrodynamic Ocean Model
4349,2026-08-14,13.0,91.0,0.207,0.327,0.387,0.75,32.3,East India Coastal Current (EICC),0.0,NASA OSCAR L4 / INCOIS High-Res Hydrodynamic Ocean Model
4350,2026-08-14,13.0,92.0,0.238,0.214,0.32,0.62,48.0,East India Coastal Current (EICC),0.0,NASA OSCAR L4 / INCOIS High-Res Hydrodynamic Ocean Model
4351,2026-08-14,13.0,93.0,0.144,0.096,0.173,0.34,56.3,East India Coastal Current (EICC),0.0,NASA OSCAR L4 / INCOIS High-Res Hydrodynamic Ocean Model
4352,2026-08-14,13.0,94.0,0.228,0.143,0.269,0.52,57.9,East India Coastal Current (EICC),0.0,NASA OSCAR L4 / INCOIS High-Res Hydrodynamic Ocean Model
4353,2026-08-14,14.0,68.0,-0.088,-0.268,0.282,0.55,198.2,West India Coastal Current (WICC),0.0,NASA OSCAR L4 / INCOIS High-Res Hydrodynamic Ocean Model
4354,2026-08-14,14.0,69.0,-0.016,-0.287,0.287,0.56,183.2,West India Coastal Current (WICC),0.0,NASA OSCAR L4 / INCOIS High-Res Hydrodynamic Ocean Model
4355,2026-08-14,14.0,70.0,-0.212,-0.247,0.326,0.63,220.6,West India Coastal Current (WICC),0.0,NASA OSCAR L4 / INCOIS High-Res Hydrodynamic Ocean Model
4356,2026-08-14,14.0,71.0,-0.256,-0.319,0.409,0.8,218.7,West India Coastal Current (WICC),0.0,NASA OSCAR L4 / INCOIS High-Res Hydrodynamic Ocean Model
4357,2026-08-14,14.0,72.0,-0.12,-0.261,0.287,0.56,204.7,West India Coastal Current (WICC),0.0,NASA OSCAR L4 / INCOIS High-Res Hydrodynamic Ocean Model
4358,2026-08-14,14.0,73.0,-0.118,-0.082,0.144,0.28,235.2,West India Coastal Current (WICC),0.0,NASA OSCAR L4 / INCOIS High-Res Hydrodynamic Ocean Model
4359,2026-08-14,14.0,85.0,0.122,0.191,0.227,0.44,32.6,East India Coastal Current (EICC),0.0,NASA OSCAR L4 / INCOIS High-Res Hydrodynamic Ocean Model
4360,2026-08-14,14.0,86.0,0.235,0.272,0.359,0.7,40.8,East India Coastal Current (EICC),0.0,NASA OSCAR L4 / INCOIS High-Res Hydrodynamic Ocean Model
4361,2026-08-14,14.0,87.0,0.135,0.043,0.142,0.28,72.3,East India Coastal Current (EICC),0.0,NASA OSCAR L4 / INCOIS High-Res Hydrodynamic Ocean Model
4362,2026-08-14,14.0,88.0,0.1,0.093,0.137,0.27,47.1,East India Coastal Current (EICC),0.0,NASA OSCAR L4 / INCOIS High-Res Hydrodynamic Ocean Model
4363,2026-08-14,14.0,89.0,0.204,0.156,0.257,0.5,52.6,East India Coastal Current (EICC),0.0,NASA OSCAR L4 / INCOIS High-Res Hydrodynamic Ocean Model
4364,2026-08-14,14.0,90.0,0.191,0.216,0.288,0.56,41.5,East India Coastal Current (EICC),0.0,NASA OSCAR L4 / INCOIS High-Res Hydrodynamic Ocean Model
4365,2026-08-14,14.0,91.0,0.151,0.083,0.172,0.33,61.2,East India Coastal Current (EICC),0.0,NASA OSCAR L4 / INCOIS High-Res Hydrodynamic Ocean Model
4366,2026-08-14,14.0,92.0,0.231,0.38,0.445,0.87,31.3,East India Coastal Current (EICC),0.0,NASA OSCAR L4 / INCOIS High-Res Hydrodynamic Ocean Model
4367,2026-08-14,14.0,93.0,0.179,0.063,0.19,0.37,70.6,East India Coastal Current (EICC),0.0,NASA OSCAR L4 / INCOIS High-Res Hydrodynamic Ocean Model
4368,2026-08-14,14.0,94.0,0.211,0.1,0.233,0.45,64.6,East India Coastal Current (EICC),0.0,NASA OSCAR L4 / INCOIS High-Res Hydrodynamic Ocean Model
4369,2026-08-14,15.0,68.0,-0.089,-0.161,0.184,0.36,208.9,West India Coastal Current (WICC),0.0,NASA OSCAR L4 / INCOIS High-Res Hydrodynamic Ocean Model
4370,2026-08-14,15.0,69.0,-0.009,-0.118,0.118,0.23,184.4,West India Coastal Current (WICC),0.0,NASA OSCAR L4 / INCOIS High-Res Hydrodynamic Ocean Model
4371,2026-08-14,15.0,70.0,-0.115,-0.216,0.245,0.48,208.0,West India Coastal Current (WICC),0.0,NASA OSCAR L4 / INCOIS High-Res Hydrodynamic Ocean Model
4372,2026-08-14,15.0,71.0,-0.219,-0.156,0.269,0.52,234.5,West India Coastal Current (WICC),0.0,NASA OSCAR L4 / INCOIS High-Res Hydrodynamic Ocean Model
4373,2026-08-14,15.0,72.0,-0.036,-0.392,0.394,0.77,185.2,West India Coastal Current (WICC),0.0,NASA OSCAR L4 / INCOIS High-Res Hydrodynamic Ocean Model
4374,2026-08-14,15.0,73.0,-0.173,-0.381,0.418,0.81,204.4,West India Coastal Current (WICC),0.0,NASA OSCAR L4 / INCOIS High-Res Hydrodynamic Ocean Model
4375,2026-08-14,15.0,85.0,0.243,0.226,0.332,0.65,47.1,East India Coastal Current (EICC),0.0,NASA OSCAR L4 / INCOIS High-Res Hydrodynamic Ocean Model
4376,2026-08-14,15.0,86.0,0.204,0.127,0.24,0.47,58.1,East India Coastal Current (EICC),0.0,NASA OSCAR L4 / INCOIS High-Res Hydrodynamic Ocean Model
4377,2026-08-14,15.0,87.0,0.206,0.127,0.242,0.47,58.3,East India Coastal Current (EICC),0.0,NASA OSCAR L4 / INCOIS High-Res Hydrodynamic Ocean Model
4378,2026-08-14,15.0,88.0,0.267,0.101,0.285,0.55,69.3,East India Coastal Current (EICC),0.0,NASA OSCAR L4 / INCOIS High-Res Hydrodynamic Ocean Model
4379,2026-08-14,15.0,89.0,0.256,-0.178,0.312,0.61,124.8,East India Coastal Current (EICC),0.0,NASA OSCAR L4 / INCOIS High-Res Hydrodynamic Ocean Model
4380,2026-08-14,15.0,90.0,0.266,0.054,0.271,0.53,78.5,East India Coastal Current (EICC),0.0,NASA OSCAR L4 / INCOIS High-Res Hydrodynamic Ocean Model
4381,2026-08-14,15.0,91.0,0.254,0.193,0.319,0.62,52.8,East India Coastal Current (EICC),0.0,NASA OSCAR L4 / INCOIS High-Res Hydrodynamic Ocean Model
4382,2026-08-14,15.0,92.0,0.183,0.253,0.312,0.61,35.9,East India Coastal Current (EICC),0.0,NASA OSCAR L4 / INCOIS High-Res Hydrodynamic Ocean Model
4383,2026-08-14,15.0,93.0,0.163,0.222,0.275,0.53,36.3,East India Coastal Current (EICC),0.0,NASA OSCAR L4 / INCOIS High-Res Hydrodynamic Ocean Model
4384,2026-08-14,15.0,94.0,0.208,0.015,0.209,0.41,85.9,East India Coastal Current (EICC),0.0,NASA OSCAR L4 / INCOIS High-Res Hydrodynamic Ocean Model
4385,2026-08-14,16.0,68.0,-0.149,-0.411,0.437,0.85,199.9,West India Coastal Current (WICC),0.0,NASA OSCAR L4 / INCOIS High-Res Hydrodynamic Ocean Model
4386,2026-08-14,16.0,69.0,-0.168,-0.289,0.334,0.65,210.2,West India Coastal Current (WICC),0.0,NASA OSCAR L4 / INCOIS High-Res Hydrodynamic Ocean Model
4387,2026-08-14,16.0,70.0,-0.134,-0.155,0.205,0.4,220.8,West India Coastal Current (WICC),0.0,NASA OSCAR L4 / INCOIS High-Res Hydrodynamic Ocean Model
4388,2026-08-14,16.0,71.0,-0.055,-0.383,0.387,0.75,188.2,West India Coastal Current (WICC),0.0,NASA OSCAR L4 / INCOIS High-Res Hydrodynamic Ocean Model
4389,2026-08-14,16.0,72.0,-0.139,-0.208,0.25,0.49,213.8,West India Coastal Current (WICC),0.0,NASA OSCAR L4 / INCOIS High-Res Hydrodynamic Ocean Model
4390,2026-08-14,16.0,73.0,-0.101,-0.328,0.343,0.67,197.1,West India Coastal Current (WICC),0.0,NASA OSCAR L4 / INCOIS High-Res Hydrodynamic Ocean Model
4391,2026-08-14,16.0,85.0,0.166,0.249,0.299,0.58,33.7,East India Coastal Current (EICC),0.0,NASA OSCAR L4 / INCOIS High-Res Hydrodynamic Ocean Model
4392,2026-08-14,16.0,86.0,0.242,0.188,0.306,0.59,52.2,East India Coastal Current (EICC),0.0,NASA OSCAR L4 / INCOIS High-Res Hydrodynamic Ocean Model
4393,2026-08-14,16.0,87.0,0.338,0.017,0.338,0.66,87.1,East India Coastal Current (EICC),0.0,NASA OSCAR L4 / INCOIS High-Res Hydrodynamic Ocean Model
4394,2026-08-14,16.0,88.0,0.042,0.154,0.16,0.31,15.3,East India Coastal Current (EICC),0.0,NASA OSCAR L4 / INCOIS High-Res Hydrodynamic Ocean Model
4395,2026-08-14,16.0,89.0,0.357,0.325,0.483,0.94,47.7,East India Coastal Current (EICC),0.0,NASA OSCAR L4 / INCOIS High-Res Hydrodynamic Ocean Model
4396,2026-08-14,16.0,90.0,0.297,0.054,0.302,0.59,79.7,East India Coastal Current (EICC),0.0,NASA OSCAR L4 / INCOIS High-Res Hydrodynamic Ocean Model
4397,2026-08-14,16.0,91.0,0.118,0.181,0.216,0.42,33.1,East India Coastal Current (EICC),0.0,NASA OSCAR L4 / INCOIS High-Res Hydrodynamic Ocean Model
4398,2026-08-14,16.0,92.0,0.23,0.365,0.431,0.84,32.2,East India Coastal Current (EICC),0.0,NASA OSCAR L4 / INCOIS High-Res Hydrodynamic Ocean Model
4399,2026-08-14,16.0,93.0,0.216,0.157,0.267,0.52,54.0,East India Coastal Current (EICC),0.0,NASA OSCAR L4 / INCOIS High-Res Hydrodynamic Ocean Model
4400,2026-08-14,16.0,94.0,0.034,0.172,0.175,0.34,11.2,East India Coastal Current (EICC),0.0,NASA OSCAR L4 / INCOIS High-Res Hydrodynamic Ocean Model
4401,2026-08-14,17.0,68.0,-0.105,-0.096,0.142,0.28,227.6,West India Coastal Current (WICC),0.0,NASA OSCAR L4 / INCOIS High-Res Hydrodynamic Ocean Model
4402,2026-08-14,17.0,69.0,-0.245,-0.495,0.552,1.07,206.3,West India Coastal Current (WICC),0.0,NASA OSCAR L4 / INCOIS High-Res Hydrodynamic Ocean Model
4403,2026-08-14,17.0,70.0,-0.074,-0.264,0.274,0.53,195.7,West India Coastal Current (WICC),0.0,NASA OSCAR L4 / INCOIS High-Res Hydrodynamic Ocean Model
4404,2026-08-14,17.0,71.0,-0.192,-0.231,0.3,0.58,219.7,West India Coastal Current (WICC),0.0,NASA OSCAR L4 / INCOIS High-Res Hydrodynamic Ocean Model
4405,2026-08-14,17.0,72.0,-0.119,-0.377,0.395,0.77,197.5,West India Coastal Current (WICC),0.0,NASA OSCAR L4 / INCOIS High-Res Hydrodynamic Ocean Model
4406,2026-08-14,17.0,73.0,-0.166,-0.205,0.264,0.51,219.0,West India Coastal Current (WICC),0.0,NASA OSCAR L4 / INCOIS High-Res Hydrodynamic Ocean Model
4407,2026-08-14,17.0,85.0,0.268,0.225,0.35,0.68,50.0,East India Coastal Current (EICC),0.0,NASA OSCAR L4 / INCOIS High-Res Hydrodynamic Ocean Model
4408,2026-08-14,17.0,86.0,0.133,0.45,0.469,0.91,16.5,East India Coastal Current (EICC),0.0,NASA OSCAR L4 / INCOIS High-Res Hydrodynamic Ocean Model
4409,2026-08-14,17.0,87.0,0.096,0.201,0.223,0.43,25.5,East India Coastal Current (EICC),0.0,NASA OSCAR L4 / INCOIS High-Res Hydrodynamic Ocean Model
4410,2026-08-14,17.0,88.0,0.171,0.051,0.178,0.35,73.4,East India Coastal Current (EICC),0.0,NASA OSCAR L4 / INCOIS High-Res Hydrodynamic Ocean Model
4411,2026-08-14,17.0,89.0,0.194,0.17,0.258,0.5,48.8,East India Coastal Current (EICC),0.0,NASA OSCAR L4 / INCOIS High-Res Hydrodynamic Ocean Model
4412,2026-08-14,17.0,90.0,0.264,0.061,0.271,0.53,77.0,East India Coastal Current (EICC),0.0,NASA OSCAR L4 / INCOIS High-Res Hydrodynamic Ocean Model
4413,2026-08-14,17.0,91.0,0.122,0.074,0.143,0.28,58.8,East India Coastal Current (EICC),0.0,NASA OSCAR L4 / INCOIS High-Res Hydrodynamic Ocean Model
4414,2026-08-14,17.0,92.0,0.186,0.268,0.326,0.63,34.8,East India Coastal Current (EICC),0.0,NASA OSCAR L4 / INCOIS High-Res Hydrodynamic Ocean Model
4415,2026-08-14,17.0,93.0,0.154,0.244,0.289,0.56,32.3,East India Coastal Current (EICC),0.0,NASA OSCAR L4 / INCOIS High-Res Hydrodynamic Ocean Model
4416,2026-08-14,17.0,94.0,0.125,0.275,0.302,0.59,24.4,East India Coastal Current (EICC),0.0,NASA OSCAR L4 / INCOIS High-Res Hydrodynamic Ocean Model
4417,2026-08-14,18.0,68.0,-0.237,-0.321,0.399,0.78,216.4,West India Coastal Current (WICC),0.0,NASA OSCAR L4 / INCOIS High-Res Hydrodynamic Ocean Model
4418,2026-08-14,18.0,69.0,-0.093,-0.289,0.304,0.59,197.8,West India Coastal Current (WICC),0.0,NASA OSCAR L4 / INCOIS High-Res Hydrodynamic Ocean Model
4419,2026-08-14,18.0,70.0,-0.206,-0.328,0.387,0.75,212.1,West India Coastal Current (WICC),0.0,NASA OSCAR L4 / INCOIS High-Res Hydrodynamic Ocean Model
4420,2026-08-14,18.0,71.0,-0.118,-0.307,0.329,0.64,201.0,West India Coastal Current (WICC),0.0,NASA OSCAR L4 / INCOIS High-Res Hydrodynamic Ocean Model
4421,2026-08-14,18.0,72.0,-0.174,-0.278,0.328,0.64,212.0,West India Coastal Current (WICC),0.0,NASA OSCAR L4 / INCOIS High-Res Hydrodynamic Ocean Model
4422,2026-08-14,18.0,73.0,-0.111,-0.194,0.224,0.44,209.8,West India Coastal Current (WICC),0.0,NASA OSCAR L4 / INCOIS High-Res Hydrodynamic Ocean Model
4423,2026-08-14,18.0,85.0,0.063,0.091,0.111,0.22,34.7,East India Coastal Current (EICC),0.0,NASA OSCAR L4 / INCOIS High-Res Hydrodynamic Ocean Model
4424,2026-08-14,18.0,86.0,0.206,0.239,0.316,0.61,40.8,East India Coastal Current (EICC),0.0,NASA OSCAR L4 / INCOIS High-Res Hydrodynamic Ocean Model
4425,2026-08-14,18.0,87.0,0.072,0.134,0.152,0.3,28.2,East India Coastal Current (EICC),0.0,NASA OSCAR L4 / INCOIS High-Res Hydrodynamic Ocean Model
4426,2026-08-14,18.0,88.0,0.277,0.001,0.277,0.54,89.8,East India Coastal Current (EICC),0.0,NASA OSCAR L4 / INCOIS High-Res Hydrodynamic Ocean Model
4427,2026-08-14,18.0,89.0,0.076,-0.046,0.089,0.17,121.2,East India Coastal Current (EICC),0.0,NASA OSCAR L4 / INCOIS High-Res Hydrodynamic Ocean Model
4428,2026-08-14,18.0,90.0,0.078,0.152,0.171,0.33,27.2,East India Coastal Current (EICC),0.0,NASA OSCAR L4 / INCOIS High-Res Hydrodynamic Ocean Model
4429,2026-08-14,18.0,91.0,0.144,0.096,0.173,0.34,56.3,East India Coastal Current (EICC),0.0,NASA OSCAR L4 / INCOIS High-Res Hydrodynamic Ocean Model
4430,2026-08-14,18.0,92.0,0.299,0.149,0.334,0.65,63.5,East India Coastal Current (EICC),0.0,NASA OSCAR L4 / INCOIS High-Res Hydrodynamic Ocean Model
4431,2026-08-14,18.0,93.0,0.202,0.002,0.202,0.39,89.4,East India Coastal Current (EICC),0.0,NASA OSCAR L4 / INCOIS High-Res Hydrodynamic Ocean Model
4432,2026-08-14,18.0,94.0,0.157,0.138,0.209,0.41,48.7,East India Coastal Current (EICC),0.0,NASA OSCAR L4 / INCOIS High-Res Hydrodynamic Ocean Model
4433,2026-08-14,19.0,68.0,-0.165,-0.278,0.323,0.63,210.7,West India Coastal Current (WICC),0.0,NASA OSCAR L4 / INCOIS High-Res Hydrodynamic Ocean Model
4434,2026-08-14,19.0,69.0,-0.243,-0.106,0.265,0.52,246.4,West India Coastal Current (WICC),0.0,NASA OSCAR L4 / INCOIS High-Res Hydrodynamic Ocean Model
4435,2026-08-14,19.0,70.0,-0.143,-0.142,0.202,0.39,225.2,West India Coastal Current (WICC),0.0,NASA OSCAR L4 / INCOIS High-Res Hydrodynamic Ocean Model
4436,2026-08-14,19.0,71.0,-0.104,-0.138,0.173,0.34,217.0,West India Coastal Current (WICC),0.0,NASA OSCAR L4 / INCOIS High-Res Hydrodynamic Ocean Model
4437,2026-08-14,19.0,72.0,-0.133,-0.166,0.213,0.41,218.7,West India Coastal Current (WICC),0.0,NASA OSCAR L4 / INCOIS High-Res Hydrodynamic Ocean Model
4438,2026-08-14,19.0,73.0,-0.005,-0.251,0.251,0.49,181.1,West India Coastal Current (WICC),0.0,NASA OSCAR L4 / INCOIS High-Res Hydrodynamic Ocean Model
4439,2026-08-14,19.0,85.0,0.203,0.235,0.311,0.6,40.8,East India Coastal Current (EICC),0.0,NASA OSCAR L4 / INCOIS High-Res Hydrodynamic Ocean Model
4440,2026-08-14,19.0,86.0,0.105,0.147,0.181,0.35,35.5,East India Coastal Current (EICC),0.0,NASA OSCAR L4 / INCOIS High-Res Hydrodynamic Ocean Model
4441,2026-08-14,19.0,87.0,0.179,0.251,0.308,0.6,35.5,East India Coastal Current (EICC),0.0,NASA OSCAR L4 / INCOIS High-Res Hydrodynamic Ocean Model
4442,2026-08-14,19.0,88.0,0.229,0.201,0.305,0.59,48.7,East India Coastal Current (EICC),0.0,NASA OSCAR L4 / INCOIS High-Res Hydrodynamic Ocean Model
4443,2026-08-14,19.0,89.0,0.055,0.232,0.238,0.46,13.3,East India Coastal Current (EICC),0.0,NASA OSCAR L4 / INCOIS High-Res Hydrodynamic Ocean Model
4444,2026-08-14,19.0,90.0,0.14,0.165,0.216,0.42,40.3,East India Coastal Current (EICC),0.0,NASA OSCAR L4 / INCOIS High-Res Hydrodynamic Ocean Model
4445,2026-08-14,19.0,91.0,0.269,0.137,0.302,0.59,63.0,East India Coastal Current (EICC),0.0,NASA OSCAR L4 / INCOIS High-Res Hydrodynamic Ocean Model
4446,2026-08-14,19.0,92.0,0.251,0.189,0.314,0.61,53.0,East India Coastal Current (EICC),0.0,NASA OSCAR L4 / INCOIS High-Res Hydrodynamic Ocean Model
4447,2026-08-14,19.0,93.0,0.109,0.174,0.205,0.4,32.1,East India Coastal Current (EICC),0.0,NASA OSCAR L4 / INCOIS High-Res Hydrodynamic Ocean Model
4448,2026-08-14,19.0,94.0,0.395,0.147,0.421,0.82,69.6,East India Coastal Current (EICC),0.0,NASA OSCAR L4 / INCOIS High-Res Hydrodynamic Ocean Model
4449,2026-08-14,20.0,68.0,-0.086,-0.356,0.366,0.71,193.6,West India Coastal Current (WICC),0.0,NASA OSCAR L4 / INCOIS High-Res Hydrodynamic Ocean Model
4450,2026-08-14,20.0,69.0,-0.186,-0.254,0.315,0.61,216.2,West India Coastal Current (WICC),0.0,NASA OSCAR L4 / INCOIS High-Res Hydrodynamic Ocean Model
4451,2026-08-14,20.0,70.0,-0.237,-0.419,0.481,0.93,209.5,West India Coastal Current (WICC),0.0,NASA OSCAR L4 / INCOIS High-Res Hydrodynamic Ocean Model
4452,2026-08-14,20.0,71.0,0.012,-0.192,0.192,0.37,176.4,West India Coastal Current (WICC),0.0,NASA OSCAR L4 / INCOIS High-Res Hydrodynamic Ocean Model
4453,2026-08-14,20.0,72.0,-0.087,-0.231,0.247,0.48,200.6,West India Coastal Current (WICC),0.0,NASA OSCAR L4 / INCOIS High-Res Hydrodynamic Ocean Model
4454,2026-08-14,20.0,73.0,-0.205,-0.067,0.216,0.42,251.9,West India Coastal Current (WICC),0.0,NASA OSCAR L4 / INCOIS High-Res Hydrodynamic Ocean Model
4455,2026-08-14,20.0,85.0,0.294,0.067,0.302,0.59,77.2,East India Coastal Current (EICC),0.0,NASA OSCAR L4 / INCOIS High-Res Hydrodynamic Ocean Model
4456,2026-08-14,20.0,86.0,0.124,0.1,0.159,0.31,51.1,East India Coastal Current (EICC),0.0,NASA OSCAR L4 / INCOIS High-Res Hydrodynamic Ocean Model
4457,2026-08-14,20.0,87.0,0.182,0.196,0.267,0.52,42.9,East India Coastal Current (EICC),0.0,NASA OSCAR L4 / INCOIS High-Res Hydrodynamic Ocean Model
4458,2026-08-14,20.0,88.0,0.151,0.225,0.271,0.53,33.9,East India Coastal Current (EICC),0.0,NASA OSCAR L4 / INCOIS High-Res Hydrodynamic Ocean Model
4459,2026-08-14,20.0,89.0,0.292,0.097,0.308,0.6,71.6,East India Coastal Current (EICC),0.0,NASA OSCAR L4 / INCOIS High-Res Hydrodynamic Ocean Model
4460,2026-08-14,20.0,90.0,0.105,0.281,0.3,0.58,20.5,East India Coastal Current (EICC),0.0,NASA OSCAR L4 / INCOIS High-Res Hydrodynamic Ocean Model
4461,2026-08-14,20.0,91.0,0.256,0.109,0.278,0.54,66.9,East India Coastal Current (EICC),0.0,NASA OSCAR L4 / INCOIS High-Res Hydrodynamic Ocean Model
4462,2026-08-14,20.0,92.0,0.158,0.007,0.158,0.31,87.5,East India Coastal Current (EICC),0.0,NASA OSCAR L4 / INCOIS High-Res Hydrodynamic Ocean Model
4463,2026-08-14,20.0,93.0,0.148,0.054,0.158,0.31,70.0,East India Coastal Current (EICC),0.0,NASA OSCAR L4 / INCOIS High-Res Hydrodynamic Ocean Model
4464,2026-08-14,20.0,94.0,0.26,0.145,0.298,0.58,60.9,East India Coastal Current (EICC),0.0,NASA OSCAR L4 / INCOIS High-Res Hydrodynamic Ocean Model
4465,2026-08-14,21.0,68.0,0.013,-0.134,0.135,0.26,174.5,West India Coastal Current (WICC),0.0,NASA OSCAR L4 / INCOIS High-Res Hydrodynamic Ocean Model
4466,2026-08-14,21.0,69.0,-0.173,-0.173,0.245,0.48,225.0,West India Coastal Current (WICC),0.0,NASA OSCAR L4 / INCOIS High-Res Hydrodynamic Ocean Model
4467,2026-08-14,21.0,70.0,-0.219,-0.093,0.238,0.46,247.0,West India Coastal Current (WICC),0.0,NASA OSCAR L4 / INCOIS High-Res Hydrodynamic Ocean Model
4468,2026-08-14,21.0,71.0,-0.251,-0.255,0.358,0.7,224.5,West India Coastal Current (WICC),0.0,NASA OSCAR L4 / INCOIS High-Res Hydrodynamic Ocean Model
4469,2026-08-14,21.0,72.0,-0.162,-0.102,0.191,0.37,237.8,West India Coastal Current (WICC),0.0,NASA OSCAR L4 / INCOIS High-Res Hydrodynamic Ocean Model
4470,2026-08-14,21.0,73.0,-0.159,-0.309,0.348,0.68,207.2,West India Coastal Current (WICC),0.0,NASA OSCAR L4 / INCOIS High-Res Hydrodynamic Ocean Model
4471,2026-08-14,21.0,74.0,-0.163,-0.174,0.238,0.46,223.1,West India Coastal Current (WICC),0.0,NASA OSCAR L4 / INCOIS High-Res Hydrodynamic Ocean Model
4472,2026-08-14,21.0,75.0,-0.038,-0.267,0.27,0.52,188.1,West India Coastal Current (WICC),0.0,NASA OSCAR L4 / INCOIS High-Res Hydrodynamic Ocean Model
4473,2026-08-14,21.0,76.0,-0.028,-0.146,0.149,0.29,190.9,West India Coastal Current (WICC),0.0,NASA OSCAR L4 / INCOIS High-Res Hydrodynamic Ocean Model
4474,2026-08-14,21.0,77.0,0.036,0.045,0.058,0.11,38.7,East India Coastal Current (EICC),0.0,NASA OSCAR L4 / INCOIS High-Res Hydrodynamic Ocean Model
4475,2026-08-14,21.0,78.0,0.164,0.008,0.164,0.32,87.2,East India Coastal Current (EICC),0.0,NASA OSCAR L4 / INCOIS High-Res Hydrodynamic Ocean Model
4476,2026-08-14,21.0,79.0,0.262,0.049,0.267,0.52,79.4,East India Coastal Current (EICC),0.0,NASA OSCAR L4 / INCOIS High-Res Hydrodynamic Ocean Model
4477,2026-08-14,21.0,80.0,0.23,0.048,0.235,0.46,78.2,East India Coastal Current (EICC),0.0,NASA OSCAR L4 / INCOIS High-Res Hydrodynamic Ocean Model
4478,2026-08-14,21.0,81.0,0.215,0.262,0.339,0.66,39.4,East India Coastal Current (EICC),0.0,NASA OSCAR L4 / INCOIS High-Res Hydrodynamic Ocean Model
4479,2026-08-14,21.0,82.0,0.199,0.049,0.205,0.4,76.2,East India Coastal Current (EICC),0.0,NASA OSCAR L4 / INCOIS High-Res Hydrodynamic Ocean Model
4480,2026-08-14,21.0,83.0,0.351,0.075,0.359,0.7,77.9,East India Coastal Current (EICC),0.0,NASA OSCAR L4 / INCOIS High-Res Hydrodynamic Ocean Model
4481,2026-08-14,21.0,84.0,0.256,0.176,0.311,0.6,55.5,East India Coastal Current (EICC),0.0,NASA OSCAR L4 / INCOIS High-Res Hydrodynamic Ocean Model
4482,2026-08-14,21.0,85.0,0.271,0.248,0.367,0.71,47.5,East India Coastal Current (EICC),0.0,NASA OSCAR L4 / INCOIS High-Res Hydrodynamic Ocean Model
4483,2026-08-14,21.0,86.0,0.146,0.143,0.204,0.4,45.6,East India Coastal Current (EICC),0.0,NASA OSCAR L4 / INCOIS High-Res Hydrodynamic Ocean Model
4484,2026-08-14,21.0,87.0,0.232,0.262,0.35,0.68,41.5,East India Coastal Current (EICC),0.0,NASA OSCAR L4 / INCOIS High-Res Hydrodynamic Ocean Model
4485,2026-08-14,21.0,88.0,0.37,0.083,0.379,0.74,77.4,East India Coastal Current (EICC),0.0,NASA OSCAR L4 / INCOIS High-Res Hydrodynamic Ocean Model
4486,2026-08-14,21.0,89.0,0.148,0.199,0.248,0.48,36.6,East India Coastal Current (EICC),0.0,NASA OSCAR L4 / INCOIS High-Res Hydrodynamic Ocean Model
4487,2026-08-14,21.0,90.0,0.159,0.14,0.212,0.41,48.6,East India Coastal Current (EICC),0.0,NASA OSCAR L4 / INCOIS High-Res Hydrodynamic Ocean Model
4488,2026-08-14,21.0,91.0,0.356,0.173,0.396,0.77,64.1,East India Coastal Current (EICC),0.0,NASA OSCAR L4 / INCOIS High-Res Hydrodynamic Ocean Model
4489,2026-08-14,21.0,92.0,0.259,0.122,0.286,0.56,64.8,East India Coastal Current (EICC),0.0,NASA OSCAR L4 / INCOIS High-Res Hydrodynamic Ocean Model
4490,2026-08-14,21.0,93.0,0.268,0.134,0.3,0.58,63.4,East India Coastal Current (EICC),0.0,NASA OSCAR L4 / INCOIS High-Res Hydrodynamic Ocean Model
4491,2026-08-14,21.0,94.0,0.22,0.086,0.236,0.46,68.6,East India Coastal Current (EICC),0.0,NASA OSCAR L4 / INCOIS High-Res Hydrodynamic Ocean Model
4492,2026-08-14,22.0,68.0,-0.178,-0.297,0.346,0.67,210.9,West India Coastal Current (WICC),0.0,NASA OSCAR L4 / INCOIS High-Res Hydrodynamic Ocean Model
4493,2026-08-14,22.0,69.0,-0.241,-0.2,0.313,0.61,230.3,West India Coastal Current (WICC),0.0,NASA OSCAR L4 / INCOIS High-Res Hydrodynamic Ocean Model
4494,2026-08-14,22.0,70.0,0.026,-0.347,0.348,0.68,175.7,West India Coastal Current (WICC),0.0,NASA OSCAR L4 / INCOIS High-Res Hydrodynamic Ocean Model
4495,2026-08-14,22.0,71.0,-0.146,-0.004,0.146,0.28,268.4,West India Coastal Current (WICC),0.0,NASA OSCAR L4 / INCOIS High-Res Hydrodynamic Ocean Model
4496,2026-08-14,22.0,72.0,-0.174,-0.232,0.29,0.56,216.9,West India Coastal Current (WICC),0.0,NASA OSCAR L4 / INCOIS High-Res Hydrodynamic Ocean Model
4497,2026-08-14,22.0,73.0,-0.243,-0.307,0.392,0.76,218.4,West India Coastal Current (WICC),0.0,NASA OSCAR L4 / INCOIS High-Res Hydrodynamic Ocean Model
4498,2026-08-14,22.0,74.0,-0.217,-0.189,0.288,0.56,228.9,West India Coastal Current (WICC),0.0,NASA OSCAR L4 / INCOIS High-Res Hydrodynamic Ocean Model
4499,2026-08-14,22.0,75.0,-0.093,-0.287,0.302,0.59,198.0,West India Coastal Current (WICC),0.0,NASA OSCAR L4 / INCOIS High-Res Hydrodynamic Ocean Model
4500,2026-08-14,22.0,76.0,-0.143,-0.309,0.34,0.66,204.8,West India Coastal Current (WICC),0.0,NASA OSCAR L4 / INCOIS High-Res Hydrodynamic Ocean Model
4501,2026-08-14,22.0,77.0,0.239,0.248,0.344,0.67,43.9,East India Coastal Current (EICC),0.0,NASA OSCAR L4 / INCOIS High-Res Hydrodynamic Ocean Model
4502,2026-08-14,22.0,78.0,0.167,0.185,0.249,0.48,42.1,East India Coastal Current (EICC),0.0,NASA OSCAR L4 / INCOIS High-Res Hydrodynamic Ocean Model
4503,2026-08-14,22.0,79.0,0.277,0.127,0.305,0.59,65.4,East India Coastal Current (EICC),0.0,NASA OSCAR L4 / INCOIS High-Res Hydrodynamic Ocean Model
4504,2026-08-14,22.0,80.0,0.34,0.247,0.42,0.82,54.0,East India Coastal Current (EICC),0.0,NASA OSCAR L4 / INCOIS High-Res Hydrodynamic Ocean Model
4505,2026-08-14,22.0,81.0,0.276,0.203,0.343,0.67,53.7,East India Coastal Current (EICC),0.0,NASA OSCAR L4 / INCOIS High-Res Hydrodynamic Ocean Model
4506,2026-08-14,22.0,82.0,0.138,0.111,0.177,0.34,51.2,East India Coastal Current (EICC),0.0,NASA OSCAR L4 / INCOIS High-Res Hydrodynamic Ocean Model
4507,2026-08-14,22.0,83.0,0.276,0.021,0.277,0.54,85.6,East India Coastal Current (EICC),0.0,NASA OSCAR L4 / INCOIS High-Res Hydrodynamic Ocean Model
4508,2026-08-14,22.0,84.0,0.204,0.171,0.266,0.52,50.0,East India Coastal Current (EICC),0.0,NASA OSCAR L4 / INCOIS High-Res Hydrodynamic Ocean Model
4509,2026-08-14,22.0,85.0,0.074,0.093,0.119,0.23,38.5,East India Coastal Current (EICC),0.0,NASA OSCAR L4 / INCOIS High-Res Hydrodynamic Ocean Model
4510,2026-08-14,22.0,86.0,-0.0,0.075,0.075,0.15,0.0,East India Coastal Current (EICC),0.0,NASA OSCAR L4 / INCOIS High-Res Hydrodynamic Ocean Model
4511,2026-08-14,22.0,87.0,0.189,0.034,0.192,0.37,79.8,East India Coastal Current (EICC),0.0,NASA OSCAR L4 / INCOIS High-Res Hydrodynamic Ocean Model
4512,2026-08-14,22.0,88.0,0.27,0.134,0.301,0.59,63.6,East India Coastal Current (EICC),0.0,NASA OSCAR L4 / INCOIS High-Res Hydrodynamic Ocean Model
4513,2026-08-14,22.0,89.0,0.265,0.121,0.291,0.57,65.5,East India Coastal Current (EICC),0.0,NASA OSCAR L4 / INCOIS High-Res Hydrodynamic Ocean Model
4514,2026-08-14,22.0,90.0,0.226,0.154,0.273,0.53,55.7,East India Coastal Current (EICC),0.0,NASA OSCAR L4 / INCOIS High-Res Hydrodynamic Ocean Model
4515,2026-08-14,22.0,91.0,0.129,0.168,0.212,0.41,37.5,East India Coastal Current (EICC),0.0,NASA OSCAR L4 / INCOIS High-Res Hydrodynamic Ocean Model
4516,2026-08-14,22.0,92.0,0.241,0.115,0.267,0.52,64.5,East India Coastal Current (EICC),0.0,NASA OSCAR L4 / INCOIS High-Res Hydrodynamic Ocean Model
4517,2026-08-14,22.0,93.0,0.261,0.213,0.337,0.66,50.8,East India Coastal Current (EICC),0.0,NASA OSCAR L4 / INCOIS High-Res Hydrodynamic Ocean Model
4518,2026-08-14,22.0,94.0,0.141,0.244,0.282,0.55,30.0,East India Coastal Current (EICC),0.0,NASA OSCAR L4 / INCOIS High-Res Hydrodynamic Ocean Model
4519,2026-08-14,23.0,68.0,-0.188,-0.055,0.196,0.38,253.7,West India Coastal Current (WICC),0.0,NASA OSCAR L4 / INCOIS High-Res Hydrodynamic Ocean Model
4520,2026-08-14,23.0,69.0,-0.122,-0.299,0.323,0.63,202.2,West India Coastal Current (WICC),0.0,NASA OSCAR L4 / INCOIS High-Res Hydrodynamic Ocean Model
4521,2026-08-14,23.0,70.0,0.022,-0.394,0.395,0.77,176.8,West India Coastal Current (WICC),0.0,NASA OSCAR L4 / INCOIS High-Res Hydrodynamic Ocean Model
4522,2026-08-14,23.0,71.0,-0.185,-0.237,0.301,0.59,218.0,West India Coastal Current (WICC),0.0,NASA OSCAR L4 / INCOIS High-Res Hydrodynamic Ocean Model
4523,2026-08-14,23.0,72.0,-0.161,-0.266,0.311,0.6,211.2,West India Coastal Current (WICC),0.0,NASA OSCAR L4 / INCOIS High-Res Hydrodynamic Ocean Model
4524,2026-08-14,23.0,73.0,-0.084,-0.201,0.218,0.42,202.7,West India Coastal Current (WICC),0.0,NASA OSCAR L4 / INCOIS High-Res Hydrodynamic Ocean Model
4525,2026-08-14,23.0,74.0,0.015,-0.21,0.211,0.41,175.9,West India Coastal Current (WICC),0.0,NASA OSCAR L4 / INCOIS High-Res Hydrodynamic Ocean Model
4526,2026-08-14,23.0,75.0,-0.083,-0.187,0.205,0.4,203.9,West India Coastal Current (WICC),0.0,NASA OSCAR L4 / INCOIS High-Res Hydrodynamic Ocean Model
4527,2026-08-14,23.0,76.0,-0.029,-0.236,0.238,0.46,187.0,West India Coastal Current (WICC),0.0,NASA OSCAR L4 / INCOIS High-Res Hydrodynamic Ocean Model
4528,2026-08-14,23.0,77.0,0.184,0.069,0.197,0.38,69.4,East India Coastal Current (EICC),0.0,NASA OSCAR L4 / INCOIS High-Res Hydrodynamic Ocean Model
4529,2026-08-14,23.0,78.0,0.487,0.258,0.551,1.07,62.1,East India Coastal Current (EICC),0.0,NASA OSCAR L4 / INCOIS High-Res Hydrodynamic Ocean Model
4530,2026-08-14,23.0,79.0,0.169,0.199,0.261,0.51,40.3,East India Coastal Current (EICC),0.0,NASA OSCAR L4 / INCOIS High-Res Hydrodynamic Ocean Model
4531,2026-08-14,23.0,80.0,0.233,0.077,0.245,0.48,71.7,East India Coastal Current (EICC),0.0,NASA OSCAR L4 / INCOIS High-Res Hydrodynamic Ocean Model
4532,2026-08-14,23.0,81.0,0.21,0.048,0.215,0.42,77.1,East India Coastal Current (EICC),0.0,NASA OSCAR L4 / INCOIS High-Res Hydrodynamic Ocean Model
4533,2026-08-14,23.0,82.0,0.216,0.277,0.351,0.68,37.9,East India Coastal Current (EICC),0.0,NASA OSCAR L4 / INCOIS High-Res Hydrodynamic Ocean Model
4534,2026-08-14,23.0,83.0,0.277,0.097,0.293,0.57,70.7,East India Coastal Current (EICC),0.0,NASA OSCAR L4 / INCOIS High-Res Hydrodynamic Ocean Model
4535,2026-08-14,23.0,84.0,0.217,0.147,0.262,0.51,55.9,East India Coastal Current (EICC),0.0,NASA OSCAR L4 / INCOIS High-Res Hydrodynamic Ocean Model
4536,2026-08-14,23.0,85.0,0.184,-0.014,0.185,0.36,94.4,East India Coastal Current (EICC),0.0,NASA OSCAR L4 / INCOIS High-Res Hydrodynamic Ocean Model
4537,2026-08-14,23.0,86.0,0.134,0.104,0.17,0.33,52.2,East India Coastal Current (EICC),0.0,NASA OSCAR L4 / INCOIS High-Res Hydrodynamic Ocean Model
4538,2026-08-14,23.0,87.0,0.147,0.348,0.378,0.73,22.9,East India Coastal Current (EICC),0.0,NASA OSCAR L4 / INCOIS High-Res Hydrodynamic Ocean Model
4539,2026-08-14,23.0,88.0,0.146,0.2,0.248,0.48,36.1,East India Coastal Current (EICC),0.0,NASA OSCAR L4 / INCOIS High-Res Hydrodynamic Ocean Model
4540,2026-08-14,23.0,89.0,0.237,0.203,0.312,0.61,49.4,East India Coastal Current (EICC),0.0,NASA OSCAR L4 / INCOIS High-Res Hydrodynamic Ocean Model
4541,2026-08-14,23.0,90.0,0.179,0.01,0.179,0.35,86.8,East India Coastal Current (EICC),0.0,NASA OSCAR L4 / INCOIS High-Res Hydrodynamic Ocean Model
4542,2026-08-14,23.0,91.0,0.268,0.214,0.343,0.67,51.4,East India Coastal Current (EICC),0.0,NASA OSCAR L4 / INCOIS High-Res Hydrodynamic Ocean Model
4543,2026-08-14,23.0,92.0,0.204,0.234,0.31,0.6,41.1,East India Coastal Current (EICC),0.0,NASA OSCAR L4 / INCOIS High-Res Hydrodynamic Ocean Model
4544,2026-08-14,23.0,93.0,0.201,0.236,0.31,0.6,40.4,East India Coastal Current (EICC),0.0,NASA OSCAR L4 / INCOIS High-Res Hydrodynamic Ocean Model
4545,2026-08-14,23.0,94.0,0.227,0.151,0.273,0.53,56.4,East India Coastal Current (EICC),0.0,NASA OSCAR L4 / INCOIS High-Res Hydrodynamic Ocean Model
4546,2026-08-14,24.0,68.0,-0.262,-0.155,0.304,0.59,239.4,West India Coastal Current (WICC),0.0,NASA OSCAR L4 / INCOIS High-Res Hydrodynamic Ocean Model
4547,2026-08-14,24.0,69.0,-0.214,-0.332,0.395,0.77,212.8,West India Coastal Current (WICC),0.0,NASA OSCAR L4 / INCOIS High-Res Hydrodynamic Ocean Model
4548,2026-08-14,24.0,70.0,-0.135,-0.212,0.251,0.49,212.5,West India Coastal Current (WICC),0.0,NASA OSCAR L4 / INCOIS High-Res Hydrodynamic Ocean Model
4549,2026-08-14,24.0,71.0,-0.107,-0.238,0.261,0.51,204.2,West India Coastal Current (WICC),0.0,NASA OSCAR L4 / INCOIS High-Res Hydrodynamic Ocean Model
4550,2026-08-14,24.0,72.0,-0.203,-0.35,0.405,0.79,210.1,West India Coastal Current (WICC),0.0,NASA OSCAR L4 / INCOIS High-Res Hydrodynamic Ocean Model
4551,2026-08-14,24.0,73.0,-0.04,-0.362,0.364,0.71,186.3,West India Coastal Current (WICC),0.0,NASA OSCAR L4 / INCOIS High-Res Hydrodynamic Ocean Model
4552,2026-08-14,24.0,74.0,-0.282,-0.474,0.552,1.07,210.7,West India Coastal Current (WICC),0.0,NASA OSCAR L4 / INCOIS High-Res Hydrodynamic Ocean Model
4553,2026-08-14,24.0,75.0,-0.195,-0.299,0.357,0.69,213.1,West India Coastal Current (WICC),0.0,NASA OSCAR L4 / INCOIS High-Res Hydrodynamic Ocean Model
4554,2026-08-14,24.0,76.0,-0.162,-0.241,0.29,0.56,213.9,West India Coastal Current (WICC),0.0,NASA OSCAR L4 / INCOIS High-Res Hydrodynamic Ocean Model
4555,2026-08-14,24.0,77.0,0.106,0.084,0.135,0.26,51.6,East India Coastal Current (EICC),0.0,NASA OSCAR L4 / INCOIS High-Res Hydrodynamic Ocean Model
4556,2026-08-14,24.0,78.0,0.299,0.201,0.36,0.7,56.1,East India Coastal Current (EICC),0.0,NASA OSCAR L4 / INCOIS High-Res Hydrodynamic Ocean Model
4557,2026-08-14,24.0,79.0,0.118,0.216,0.246,0.48,28.6,East India Coastal Current (EICC),0.0,NASA OSCAR L4 / INCOIS High-Res Hydrodynamic Ocean Model
4558,2026-08-14,24.0,80.0,0.03,0.108,0.112,0.22,15.5,East India Coastal Current (EICC),0.0,NASA OSCAR L4 / INCOIS High-Res Hydrodynamic Ocean Model
4559,2026-08-14,24.0,81.0,0.244,0.004,0.244,0.47,89.1,East India Coastal Current (EICC),0.0,NASA OSCAR L4 / INCOIS High-Res Hydrodynamic Ocean Model
4560,2026-08-14,24.0,82.0,0.271,-0.004,0.271,0.53,90.8,East India Coastal Current (EICC),0.0,NASA OSCAR L4 / INCOIS High-Res Hydrodynamic Ocean Model
4561,2026-08-14,24.0,83.0,0.211,0.12,0.243,0.47,60.4,East India Coastal Current (EICC),0.0,NASA OSCAR L4 / INCOIS High-Res Hydrodynamic Ocean Model
4562,2026-08-14,24.0,84.0,0.256,0.272,0.374,0.73,43.3,East India Coastal Current (EICC),0.0,NASA OSCAR L4 / INCOIS High-Res Hydrodynamic Ocean Model
4563,2026-08-14,24.0,85.0,0.221,0.19,0.291,0.57,49.3,East India Coastal Current (EICC),0.0,NASA OSCAR L4 / INCOIS High-Res Hydrodynamic Ocean Model
4564,2026-08-14,24.0,86.0,0.087,0.27,0.284,0.55,17.9,East India Coastal Current (EICC),0.0,NASA OSCAR L4 / INCOIS High-Res Hydrodynamic Ocean Model
4565,2026-08-14,24.0,87.0,0.137,0.149,0.202,0.39,42.6,East India Coastal Current (EICC),0.0,NASA OSCAR L4 / INCOIS High-Res Hydrodynamic Ocean Model
4566,2026-08-14,24.0,88.0,0.161,0.201,0.258,0.5,38.7,East India Coastal Current (EICC),0.0,NASA OSCAR L4 / INCOIS High-Res Hydrodynamic Ocean Model
4567,2026-08-14,24.0,89.0,0.227,0.177,0.288,0.56,52.1,East India Coastal Current (EICC),0.0,NASA OSCAR L4 / INCOIS High-Res Hydrodynamic Ocean Model
4568,2026-08-14,24.0,90.0,0.186,0.211,0.281,0.55,41.4,East India Coastal Current (EICC),0.0,NASA OSCAR L4 / INCOIS High-Res Hydrodynamic Ocean Model
4569,2026-08-14,24.0,91.0,0.212,0.279,0.35,0.68,37.2,East India Coastal Current (EICC),0.0,NASA OSCAR L4 / INCOIS High-Res Hydrodynamic Ocean Model
4570,2026-08-14,24.0,92.0,0.191,0.118,0.225,0.44,58.3,East India Coastal Current (EICC),0.0,NASA OSCAR L4 / INCOIS High-Res Hydrodynamic Ocean Model
4571,2026-08-14,24.0,93.0,-0.006,0.097,0.097,0.19,356.5,East India Coastal Current (EICC),0.0,NASA OSCAR L4 / INCOIS High-Res Hydrodynamic Ocean Model
4572,2026-08-14,24.0,94.0,0.148,0.185,0.237,0.46,38.7,East India Coastal Current (EICC),0.0,NASA OSCAR L4 / INCOIS High-Res Hydrodynamic Ocean Model
4573,2026-08-13,6.0,68.0,-0.081,-0.321,0.331,0.64,194.2,West India Coastal Current (WICC),0.0,NASA OSCAR L4 / INCOIS High-Res Hydrodynamic Ocean Model
4574,2026-08-13,6.0,69.0,-0.193,-0.149,0.244,0.47,232.3,West India Coastal Current (WICC),0.0,NASA OSCAR L4 / INCOIS High-Res Hydrodynamic Ocean Model
4575,2026-08-13,6.0,70.0,-0.16,-0.291,0.332,0.65,208.8,West India Coastal Current (WICC),0.0,NASA OSCAR L4 / INCOIS High-Res Hydrodynamic Ocean Model
4576,2026-08-13,6.0,71.0,-0.155,-0.14,0.209,0.41,227.9,West India Coastal Current (WICC),0.0,NASA OSCAR L4 / INCOIS High-Res Hydrodynamic Ocean Model
4577,2026-08-13,6.0,72.0,-0.096,-0.217,0.237,0.46,203.9,West India Coastal Current (WICC),0.0,NASA OSCAR L4 / INCOIS High-Res Hydrodynamic Ocean Model
4578,2026-08-13,6.0,73.0,-0.232,-0.312,0.389,0.76,216.6,West India Coastal Current (WICC),0.0,NASA OSCAR L4 / INCOIS High-Res Hydrodynamic Ocean Model
4579,2026-08-13,6.0,74.0,-0.042,-0.391,0.393,0.76,186.1,West India Coastal Current (WICC),0.0,NASA OSCAR L4 / INCOIS High-Res Hydrodynamic Ocean Model
4580,2026-08-13,6.0,75.0,-0.328,-0.264,0.421,0.82,231.2,West India Coastal Current (WICC),0.0,NASA OSCAR L4 / INCOIS High-Res Hydrodynamic Ocean Model
4581,2026-08-13,6.0,76.0,-0.191,-0.423,0.464,0.9,204.3,West India Coastal Current (WICC),0.0,NASA OSCAR L4 / INCOIS High-Res Hydrodynamic Ocean Model
4582,2026-08-13,6.0,77.0,0.185,-0.053,0.192,0.37,106.0,East India Coastal Current (EICC),0.0,NASA OSCAR L4 / INCOIS High-Res Hydrodynamic Ocean Model
4583,2026-08-13,6.0,78.0,0.213,0.202,0.294,0.57,46.5,East India Coastal Current (EICC),0.0,NASA OSCAR L4 / INCOIS High-Res Hydrodynamic Ocean Model
4584,2026-08-13,6.0,79.0,0.3,0.232,0.379,0.74,52.3,East India Coastal Current (EICC),0.0,NASA OSCAR L4 / INCOIS High-Res Hydrodynamic Ocean Model
4585,2026-08-13,6.0,80.0,0.227,0.166,0.281,0.55,53.8,East India Coastal Current (EICC),0.0,NASA OSCAR L4 / INCOIS High-Res Hydrodynamic Ocean Model
4586,2026-08-13,6.0,81.0,0.276,0.229,0.359,0.7,50.3,East India Coastal Current (EICC),0.0,NASA OSCAR L4 / INCOIS High-Res Hydrodynamic Ocean Model
4587,2026-08-13,6.0,82.0,0.201,0.216,0.295,0.57,42.9,East India Coastal Current (EICC),0.0,NASA OSCAR L4 / INCOIS High-Res Hydrodynamic Ocean Model
4588,2026-08-13,6.0,83.0,0.073,0.072,0.103,0.2,45.4,East India Coastal Current (EICC),0.0,NASA OSCAR L4 / INCOIS High-Res Hydrodynamic Ocean Model
4589,2026-08-13,6.0,84.0,0.321,0.072,0.329,0.64,77.4,East India Coastal Current (EICC),0.0,NASA OSCAR L4 / INCOIS High-Res Hydrodynamic Ocean Model
4590,2026-08-13,6.0,85.0,0.233,0.069,0.243,0.47,73.5,East India Coastal Current (EICC),0.0,NASA OSCAR L4 / INCOIS High-Res Hydrodynamic Ocean Model
4591,2026-08-13,6.0,86.0,0.179,0.084,0.198,0.38,64.9,East India Coastal Current (EICC),0.0,NASA OSCAR L4 / INCOIS High-Res Hydrodynamic Ocean Model
4592,2026-08-13,6.0,87.0,0.157,0.338,0.373,0.73,24.9,East India Coastal Current (EICC),0.0,NASA OSCAR L4 / INCOIS High-Res Hydrodynamic Ocean Model
4593,2026-08-13,6.0,88.0,0.097,0.198,0.22,0.43,26.1,East India Coastal Current (EICC),0.0,NASA OSCAR L4 / INCOIS High-Res Hydrodynamic Ocean Model
4594,2026-08-13,6.0,89.0,0.187,0.23,0.296,0.58,39.1,East India Coastal Current (EICC),0.0,NASA OSCAR L4 / INCOIS High-Res Hydrodynamic Ocean Model
4595,2026-08-13,6.0,90.0,0.069,0.086,0.11,0.21,38.7,East India Coastal Current (EICC),0.0,NASA OSCAR L4 / INCOIS High-Res Hydrodynamic Ocean Model
4596,2026-08-13,6.0,91.0,0.168,0.094,0.193,0.38,60.8,East India Coastal Current (EICC),0.0,NASA OSCAR L4 / INCOIS High-Res Hydrodynamic Ocean Model
4597,2026-08-13,6.0,92.0,0.228,0.172,0.286,0.56,53.0,East India Coastal Current (EICC),0.0,NASA OSCAR L4 / INCOIS High-Res Hydrodynamic Ocean Model
4598,2026-08-13,6.0,93.0,0.139,-0.034,0.143,0.28,103.7,East India Coastal Current (EICC),0.0,NASA OSCAR L4 / INCOIS High-Res Hydrodynamic Ocean Model
4599,2026-08-13,6.0,94.0,0.21,0.081,0.225,0.44,68.9,East India Coastal Current (EICC),0.0,NASA OSCAR L4 / INCOIS High-Res Hydrodynamic Ocean Model
4600,2026-08-13,7.0,68.0,-0.189,-0.184,0.264,0.51,225.8,West India Coastal Current (WICC),0.0,NASA OSCAR L4 / INCOIS High-Res Hydrodynamic Ocean Model
4601,2026-08-13,7.0,69.0,-0.222,-0.385,0.444,0.86,210.0,West India Coastal Current (WICC),0.0,NASA OSCAR L4 / INCOIS High-Res Hydrodynamic Ocean Model
4602,2026-08-13,7.0,70.0,-0.051,-0.267,0.272,0.53,190.8,West India Coastal Current (WICC),0.0,NASA OSCAR L4 / INCOIS High-Res Hydrodynamic Ocean Model
4603,2026-08-13,7.0,71.0,-0.009,-0.246,0.246,0.48,182.1,West India Coastal Current (WICC),0.0,NASA OSCAR L4 / INCOIS High-Res Hydrodynamic Ocean Model
4604,2026-08-13,7.0,72.0,-0.142,-0.042,0.148,0.29,253.5,West India Coastal Current (WICC),0.0,NASA OSCAR L4 / INCOIS High-Res Hydrodynamic Ocean Model
4605,2026-08-13,7.0,73.0,-0.019,-0.165,0.166,0.32,186.6,West India Coastal Current (WICC),0.0,NASA OSCAR L4 / INCOIS High-Res Hydrodynamic Ocean Model
4606,2026-08-13,7.0,74.0,-0.267,-0.039,0.27,0.52,261.7,West India Coastal Current (WICC),0.0,NASA OSCAR L4 / INCOIS High-Res Hydrodynamic Ocean Model
4607,2026-08-13,7.0,75.0,0.031,-0.339,0.34,0.66,174.8,West India Coastal Current (WICC),0.0,NASA OSCAR L4 / INCOIS High-Res Hydrodynamic Ocean Model
4608,2026-08-13,7.0,76.0,-0.144,-0.004,0.144,0.28,268.4,West India Coastal Current (WICC),0.0,NASA OSCAR L4 / INCOIS High-Res Hydrodynamic Ocean Model
4609,2026-08-13,7.0,77.0,0.129,0.169,0.213,0.41,37.4,East India Coastal Current (EICC),0.0,NASA OSCAR L4 / INCOIS High-Res Hydrodynamic Ocean Model
4610,2026-08-13,7.0,78.0,0.328,0.311,0.452,0.88,46.5,East India Coastal Current (EICC),0.0,NASA OSCAR L4 / INCOIS High-Res Hydrodynamic Ocean Model
4611,2026-08-13,7.0,79.0,0.212,0.274,0.346,0.67,37.7,East India Coastal Current (EICC),0.0,NASA OSCAR L4 / INCOIS High-Res Hydrodynamic Ocean Model
4612,2026-08-13,7.0,80.0,0.077,0.091,0.119,0.23,40.2,East India Coastal Current (EICC),0.0,NASA OSCAR L4 / INCOIS High-Res Hydrodynamic Ocean Model
4613,2026-08-13,7.0,81.0,0.141,0.285,0.318,0.62,26.3,East India Coastal Current (EICC),0.0,NASA OSCAR L4 / INCOIS High-Res Hydrodynamic Ocean Model
4614,2026-08-13,7.0,82.0,0.043,0.231,0.235,0.46,10.5,East India Coastal Current (EICC),0.0,NASA OSCAR L4 / INCOIS High-Res Hydrodynamic Ocean Model
4615,2026-08-13,7.0,83.0,0.291,0.08,0.302,0.59,74.6,East India Coastal Current (EICC),0.0,NASA OSCAR L4 / INCOIS High-Res Hydrodynamic Ocean Model
4616,2026-08-13,7.0,84.0,0.156,0.039,0.161,0.31,76.0,East India Coastal Current (EICC),0.0,NASA OSCAR L4 / INCOIS High-Res Hydrodynamic Ocean Model
4617,2026-08-13,7.0,85.0,0.127,0.34,0.363,0.71,20.5,East India Coastal Current (EICC),0.0,NASA OSCAR L4 / INCOIS High-Res Hydrodynamic Ocean Model
4618,2026-08-13,7.0,86.0,0.219,0.057,0.226,0.44,75.4,East India Coastal Current (EICC),0.0,NASA OSCAR L4 / INCOIS High-Res Hydrodynamic Ocean Model
4619,2026-08-13,7.0,87.0,0.165,0.183,0.246,0.48,42.0,East India Coastal Current (EICC),0.0,NASA OSCAR L4 / INCOIS High-Res Hydrodynamic Ocean Model
4620,2026-08-13,7.0,88.0,0.222,0.318,0.388,0.75,34.9,East India Coastal Current (EICC),0.0,NASA OSCAR L4 / INCOIS High-Res Hydrodynamic Ocean Model
4621,2026-08-13,7.0,89.0,0.219,0.261,0.341,0.66,40.0,East India Coastal Current (EICC),0.0,NASA OSCAR L4 / INCOIS High-Res Hydrodynamic Ocean Model
4622,2026-08-13,7.0,90.0,0.066,0.01,0.067,0.13,81.4,East India Coastal Current (EICC),0.0,NASA OSCAR L4 / INCOIS High-Res Hydrodynamic Ocean Model
4623,2026-08-13,7.0,91.0,0.159,0.167,0.231,0.45,43.6,East India Coastal Current (EICC),0.0,NASA OSCAR L4 / INCOIS High-Res Hydrodynamic Ocean Model
4624,2026-08-13,7.0,92.0,0.191,0.156,0.247,0.48,50.8,East India Coastal Current (EICC),0.0,NASA OSCAR L4 / INCOIS High-Res Hydrodynamic Ocean Model
4625,2026-08-13,7.0,93.0,0.301,0.107,0.319,0.62,70.4,East India Coastal Current (EICC),0.0,NASA OSCAR L4 / INCOIS High-Res Hydrodynamic Ocean Model
4626,2026-08-13,7.0,94.0,0.241,0.244,0.343,0.67,44.6,East India Coastal Current (EICC),0.0,NASA OSCAR L4 / INCOIS High-Res Hydrodynamic Ocean Model
4627,2026-08-13,8.0,68.0,-0.106,-0.188,0.216,0.42,209.4,West India Coastal Current (WICC),0.0,NASA OSCAR L4 / INCOIS High-Res Hydrodynamic Ocean Model
4628,2026-08-13,8.0,69.0,-0.228,-0.232,0.325,0.63,224.5,West India Coastal Current (WICC),0.0,NASA OSCAR L4 / INCOIS High-Res Hydrodynamic Ocean Model
4629,2026-08-13,8.0,70.0,-0.098,-0.063,0.117,0.23,237.3,West India Coastal Current (WICC),0.0,NASA OSCAR L4 / INCOIS High-Res Hydrodynamic Ocean Model
4630,2026-08-13,8.0,71.0,-0.186,-0.35,0.396,0.77,208.0,West India Coastal Current (WICC),0.0,NASA OSCAR L4 / INCOIS High-Res Hydrodynamic Ocean Model
4631,2026-08-13,8.0,72.0,-0.14,-0.399,0.423,0.82,199.3,West India Coastal Current (WICC),0.0,NASA OSCAR L4 / INCOIS High-Res Hydrodynamic Ocean Model
4632,2026-08-13,8.0,73.0,-0.084,-0.165,0.185,0.36,207.0,West India Coastal Current (WICC),0.0,NASA OSCAR L4 / INCOIS High-Res Hydrodynamic Ocean Model
4633,2026-08-13,8.0,74.0,-0.123,-0.328,0.35,0.68,200.6,West India Coastal Current (WICC),0.0,NASA OSCAR L4 / INCOIS High-Res Hydrodynamic Ocean Model
4634,2026-08-13,8.0,75.0,-0.043,-0.194,0.199,0.39,192.5,West India Coastal Current (WICC),0.0,NASA OSCAR L4 / INCOIS High-Res Hydrodynamic Ocean Model
4635,2026-08-13,8.0,76.0,-0.165,-0.273,0.319,0.62,211.1,West India Coastal Current (WICC),0.0,NASA OSCAR L4 / INCOIS High-Res Hydrodynamic Ocean Model
4636,2026-08-13,8.0,77.0,0.285,0.074,0.294,0.57,75.4,East India Coastal Current (EICC),0.0,NASA OSCAR L4 / INCOIS High-Res Hydrodynamic Ocean Model
4637,2026-08-13,8.0,78.0,0.271,0.154,0.312,0.61,60.4,East India Coastal Current (EICC),0.0,NASA OSCAR L4 / INCOIS High-Res Hydrodynamic Ocean Model
4638,2026-08-13,8.0,79.0,0.349,0.175,0.39,0.76,63.4,East India Coastal Current (EICC),0.0,NASA OSCAR L4 / INCOIS High-Res Hydrodynamic Ocean Model
4639,2026-08-13,8.0,80.0,0.279,0.207,0.347,0.67,53.4,East India Coastal Current (EICC),0.0,NASA OSCAR L4 / INCOIS High-Res Hydrodynamic Ocean Model
4640,2026-08-13,8.0,81.0,0.008,0.208,0.208,0.4,2.2,East India Coastal Current (EICC),0.0,NASA OSCAR L4 / INCOIS High-Res Hydrodynamic Ocean Model
4641,2026-08-13,8.0,82.0,0.19,0.141,0.237,0.46,53.4,East India Coastal Current (EICC),0.0,NASA OSCAR L4 / INCOIS High-Res Hydrodynamic Ocean Model
4642,2026-08-13,8.0,83.0,0.347,-0.027,0.348,0.68,94.4,East India Coastal Current (EICC),0.0,NASA OSCAR L4 / INCOIS High-Res Hydrodynamic Ocean Model
4643,2026-08-13,8.0,84.0,0.273,0.157,0.315,0.61,60.1,East India Coastal Current (EICC),0.0,NASA OSCAR L4 / INCOIS High-Res Hydrodynamic Ocean Model
4644,2026-08-13,8.0,85.0,0.132,0.14,0.192,0.37,43.3,East India Coastal Current (EICC),0.0,NASA OSCAR L4 / INCOIS High-Res Hydrodynamic Ocean Model
4645,2026-08-13,8.0,86.0,0.228,0.135,0.265,0.52,59.4,East India Coastal Current (EICC),0.0,NASA OSCAR L4 / INCOIS High-Res Hydrodynamic Ocean Model
4646,2026-08-13,8.0,87.0,0.278,0.001,0.278,0.54,89.8,East India Coastal Current (EICC),0.0,NASA OSCAR L4 / INCOIS High-Res Hydrodynamic Ocean Model
4647,2026-08-13,8.0,88.0,0.119,0.041,0.126,0.24,71.0,East India Coastal Current (EICC),0.0,NASA OSCAR L4 / INCOIS High-Res Hydrodynamic Ocean Model
4648,2026-08-13,8.0,89.0,0.095,0.079,0.124,0.24,50.3,East India Coastal Current (EICC),0.0,NASA OSCAR L4 / INCOIS High-Res Hydrodynamic Ocean Model
4649,2026-08-13,8.0,90.0,0.208,-0.027,0.21,0.41,97.4,East India Coastal Current (EICC),0.0,NASA OSCAR L4 / INCOIS High-Res Hydrodynamic Ocean Model
4650,2026-08-13,8.0,91.0,0.232,0.113,0.258,0.5,64.0,East India Coastal Current (EICC),0.0,NASA OSCAR L4 / INCOIS High-Res Hydrodynamic Ocean Model
4651,2026-08-13,8.0,92.0,0.106,0.223,0.247,0.48,25.4,East India Coastal Current (EICC),0.0,NASA OSCAR L4 / INCOIS High-Res Hydrodynamic Ocean Model
4652,2026-08-13,8.0,93.0,0.232,0.188,0.299,0.58,51.0,East India Coastal Current (EICC),0.0,NASA OSCAR L4 / INCOIS High-Res Hydrodynamic Ocean Model
4653,2026-08-13,8.0,94.0,0.1,0.06,0.117,0.23,59.0,East India Coastal Current (EICC),0.0,NASA OSCAR L4 / INCOIS High-Res Hydrodynamic Ocean Model
4654,2026-08-13,9.0,68.0,-0.153,-0.246,0.29,0.56,211.9,West India Coastal Current (WICC),0.0,NASA OSCAR L4 / INCOIS High-Res Hydrodynamic Ocean Model
4655,2026-08-13,9.0,69.0,-0.186,-0.281,0.337,0.66,213.5,West India Coastal Current (WICC),0.0,NASA OSCAR L4 / INCOIS High-Res Hydrodynamic Ocean Model
4656,2026-08-13,9.0,70.0,-0.138,-0.268,0.301,0.59,207.2,West India Coastal Current (WICC),0.0,NASA OSCAR L4 / INCOIS High-Res Hydrodynamic Ocean Model
4657,2026-08-13,9.0,71.0,-0.117,-0.235,0.263,0.51,206.5,West India Coastal Current (WICC),0.0,NASA OSCAR L4 / INCOIS High-Res Hydrodynamic Ocean Model
4658,2026-08-13,9.0,72.0,-0.102,-0.293,0.31,0.6,199.2,West India Coastal Current (WICC),0.0,NASA OSCAR L4 / INCOIS High-Res Hydrodynamic Ocean Model
4659,2026-08-13,9.0,73.0,-0.224,-0.365,0.428,0.83,211.5,West India Coastal Current (WICC),0.0,NASA OSCAR L4 / INCOIS High-Res Hydrodynamic Ocean Model
4660,2026-08-13,9.0,85.0,0.162,0.285,0.328,0.64,29.6,East India Coastal Current (EICC),0.0,NASA OSCAR L4 / INCOIS High-Res Hydrodynamic Ocean Model
4661,2026-08-13,9.0,86.0,0.192,-0.048,0.198,0.38,104.0,East India Coastal Current (EICC),0.0,NASA OSCAR L4 / INCOIS High-Res Hydrodynamic Ocean Model
4662,2026-08-13,9.0,87.0,0.321,0.296,0.437,0.85,47.3,East India Coastal Current (EICC),0.0,NASA OSCAR L4 / INCOIS High-Res Hydrodynamic Ocean Model
4663,2026-08-13,9.0,88.0,0.313,0.155,0.349,0.68,63.7,East India Coastal Current (EICC),0.0,NASA OSCAR L4 / INCOIS High-Res Hydrodynamic Ocean Model
4664,2026-08-13,9.0,89.0,0.116,0.115,0.163,0.32,45.2,East India Coastal Current (EICC),0.0,NASA OSCAR L4 / INCOIS High-Res Hydrodynamic Ocean Model
4665,2026-08-13,9.0,90.0,0.053,0.192,0.199,0.39,15.4,East India Coastal Current (EICC),0.0,NASA OSCAR L4 / INCOIS High-Res Hydrodynamic Ocean Model
4666,2026-08-13,9.0,91.0,0.335,0.296,0.447,0.87,48.5,East India Coastal Current (EICC),0.0,NASA OSCAR L4 / INCOIS High-Res Hydrodynamic Ocean Model
4667,2026-08-13,9.0,92.0,0.263,0.052,0.268,0.52,78.8,East India Coastal Current (EICC),0.0,NASA OSCAR L4 / INCOIS High-Res Hydrodynamic Ocean Model
4668,2026-08-13,9.0,93.0,0.303,0.148,0.337,0.66,64.0,East India Coastal Current (EICC),0.0,NASA OSCAR L4 / INCOIS High-Res Hydrodynamic Ocean Model
4669,2026-08-13,9.0,94.0,0.29,0.149,0.326,0.63,62.8,East India Coastal Current (EICC),0.0,NASA OSCAR L4 / INCOIS High-Res Hydrodynamic Ocean Model
4670,2026-08-13,10.0,68.0,-0.206,-0.274,0.343,0.67,216.9,West India Coastal Current (WICC),0.0,NASA OSCAR L4 / INCOIS High-Res Hydrodynamic Ocean Model
4671,2026-08-13,10.0,69.0,-0.025,-0.184,0.186,0.36,187.7,West India Coastal Current (WICC),0.0,NASA OSCAR L4 / INCOIS High-Res Hydrodynamic Ocean Model
4672,2026-08-13,10.0,70.0,-0.197,-0.23,0.303,0.59,220.6,West India Coastal Current (WICC),0.0,NASA OSCAR L4 / INCOIS High-Res Hydrodynamic Ocean Model
4673,2026-08-13,10.0,71.0,-0.079,-0.316,0.326,0.63,194.0,West India Coastal Current (WICC),0.0,NASA OSCAR L4 / INCOIS High-Res Hydrodynamic Ocean Model
4674,2026-08-13,10.0,72.0,-0.243,-0.229,0.334,0.65,226.7,West India Coastal Current (WICC),0.0,NASA OSCAR L4 / INCOIS High-Res Hydrodynamic Ocean Model
4675,2026-08-13,10.0,73.0,-0.181,-0.326,0.373,0.73,209.0,West India Coastal Current (WICC),0.0,NASA OSCAR L4 / INCOIS High-Res Hydrodynamic Ocean Model
4676,2026-08-13,10.0,85.0,0.215,0.161,0.269,0.52,53.2,East India Coastal Current (EICC),0.0,NASA OSCAR L4 / INCOIS High-Res Hydrodynamic Ocean Model
4677,2026-08-13,10.0,86.0,0.163,0.112,0.198,0.38,55.5,East India Coastal Current (EICC),0.0,NASA OSCAR L4 / INCOIS High-Res Hydrodynamic Ocean Model
4678,2026-08-13,10.0,87.0,0.216,0.221,0.309,0.6,44.3,East India Coastal Current (EICC),0.0,NASA OSCAR L4 / INCOIS High-Res Hydrodynamic Ocean Model
4679,2026-08-13,10.0,88.0,0.254,0.087,0.268,0.52,71.1,East India Coastal Current (EICC),0.0,NASA OSCAR L4 / INCOIS High-Res Hydrodynamic Ocean Model
4680,2026-08-13,10.0,89.0,0.3,0.103,0.317,0.62,71.1,East India Coastal Current (EICC),0.0,NASA OSCAR L4 / INCOIS High-Res Hydrodynamic Ocean Model
4681,2026-08-13,10.0,90.0,0.262,0.13,0.292,0.57,63.6,East India Coastal Current (EICC),0.0,NASA OSCAR L4 / INCOIS High-Res Hydrodynamic Ocean Model
4682,2026-08-13,10.0,91.0,0.32,0.12,0.342,0.66,69.4,East India Coastal Current (EICC),0.0,NASA OSCAR L4 / INCOIS High-Res Hydrodynamic Ocean Model
4683,2026-08-13,10.0,92.0,0.225,0.108,0.25,0.49,64.4,East India Coastal Current (EICC),0.0,NASA OSCAR L4 / INCOIS High-Res Hydrodynamic Ocean Model
4684,2026-08-13,10.0,93.0,0.309,0.223,0.381,0.74,54.2,East India Coastal Current (EICC),0.0,NASA OSCAR L4 / INCOIS High-Res Hydrodynamic Ocean Model
4685,2026-08-13,10.0,94.0,0.142,-0.06,0.154,0.3,112.9,East India Coastal Current (EICC),0.0,NASA OSCAR L4 / INCOIS High-Res Hydrodynamic Ocean Model
4686,2026-08-13,11.0,68.0,-0.022,-0.117,0.119,0.23,190.6,West India Coastal Current (WICC),0.0,NASA OSCAR L4 / INCOIS High-Res Hydrodynamic Ocean Model
4687,2026-08-13,11.0,69.0,-0.217,-0.304,0.374,0.73,215.5,West India Coastal Current (WICC),0.0,NASA OSCAR L4 / INCOIS High-Res Hydrodynamic Ocean Model
4688,2026-08-13,11.0,70.0,-0.071,-0.29,0.299,0.58,193.8,West India Coastal Current (WICC),0.0,NASA OSCAR L4 / INCOIS High-Res Hydrodynamic Ocean Model
4689,2026-08-13,11.0,71.0,-0.254,-0.372,0.45,0.87,214.3,West India Coastal Current (WICC),0.0,NASA OSCAR L4 / INCOIS High-Res Hydrodynamic Ocean Model
4690,2026-08-13,11.0,72.0,-0.061,-0.177,0.187,0.36,199.0,West India Coastal Current (WICC),0.0,NASA OSCAR L4 / INCOIS High-Res Hydrodynamic Ocean Model
4691,2026-08-13,11.0,73.0,-0.043,-0.261,0.265,0.52,189.4,West India Coastal Current (WICC),0.0,NASA OSCAR L4 / INCOIS High-Res Hydrodynamic Ocean Model
4692,2026-08-13,11.0,85.0,0.197,-0.006,0.197,0.38,91.7,East India Coastal Current (EICC),0.0,NASA OSCAR L4 / INCOIS High-Res Hydrodynamic Ocean Model
4693,2026-08-13,11.0,86.0,0.23,0.251,0.34,0.66,42.5,East India Coastal Current (EICC),0.0,NASA OSCAR L4 / INCOIS High-Res Hydrodynamic Ocean Model
4694,2026-08-13,11.0,87.0,0.228,0.168,0.283,0.55,53.6,East India Coastal Current (EICC),0.0,NASA OSCAR L4 / INCOIS High-Res Hydrodynamic Ocean Model
4695,2026-08-13,11.0,88.0,0.115,0.011,0.116,0.23,84.5,East India Coastal Current (EICC),0.0,NASA OSCAR L4 / INCOIS High-Res Hydrodynamic Ocean Model
4696,2026-08-13,11.0,89.0,0.248,0.05,0.253,0.49,78.6,East India Coastal Current (EICC),0.0,NASA OSCAR L4 / INCOIS High-Res Hydrodynamic Ocean Model
4697,2026-08-13,11.0,90.0,0.133,0.198,0.239,0.46,33.9,East India Coastal Current (EICC),0.0,NASA OSCAR L4 / INCOIS High-Res Hydrodynamic Ocean Model
4698,2026-08-13,11.0,91.0,0.05,-0.157,0.165,0.32,162.3,East India Coastal Current (EICC),0.0,NASA OSCAR L4 / INCOIS High-Res Hydrodynamic Ocean Model
4699,2026-08-13,11.0,92.0,0.191,0.298,0.354,0.69,32.7,East India Coastal Current (EICC),0.0,NASA OSCAR L4 / INCOIS High-Res Hydrodynamic Ocean Model
4700,2026-08-13,11.0,93.0,0.166,0.086,0.187,0.36,62.6,East India Coastal Current (EICC),0.0,NASA OSCAR L4 / INCOIS High-Res Hydrodynamic Ocean Model
4701,2026-08-13,11.0,94.0,0.233,0.167,0.287,0.56,54.4,East India Coastal Current (EICC),0.0,NASA OSCAR L4 / INCOIS High-Res Hydrodynamic Ocean Model
4702,2026-08-13,12.0,68.0,-0.214,-0.301,0.369,0.72,215.4,West India Coastal Current (WICC),0.0,NASA OSCAR L4 / INCOIS High-Res Hydrodynamic Ocean Model
4703,2026-08-13,12.0,69.0,-0.152,-0.274,0.313,0.61,209.0,West India Coastal Current (WICC),0.0,NASA OSCAR L4 / INCOIS High-Res Hydrodynamic Ocean Model
4704,2026-08-13,12.0,70.0,-0.087,-0.112,0.142,0.28,217.8,West India Coastal Current (WICC),0.0,NASA OSCAR L4 / INCOIS High-Res Hydrodynamic Ocean Model
4705,2026-08-13,12.0,71.0,-0.269,-0.266,0.378,0.73,225.3,West India Coastal Current (WICC),0.0,NASA OSCAR L4 / INCOIS High-Res Hydrodynamic Ocean Model
4706,2026-08-13,12.0,72.0,-0.157,-0.091,0.181,0.35,239.9,West India Coastal Current (WICC),0.0,NASA OSCAR L4 / INCOIS High-Res Hydrodynamic Ocean Model
4707,2026-08-13,12.0,73.0,-0.229,-0.26,0.346,0.67,221.4,West India Coastal Current (WICC),0.0,NASA OSCAR L4 / INCOIS High-Res Hydrodynamic Ocean Model
4708,2026-08-13,12.0,85.0,0.059,0.296,0.302,0.59,11.3,East India Coastal Current (EICC),0.0,NASA OSCAR L4 / INCOIS High-Res Hydrodynamic Ocean Model
4709,2026-08-13,12.0,86.0,0.317,0.079,0.327,0.64,76.0,East India Coastal Current (EICC),0.0,NASA OSCAR L4 / INCOIS High-Res Hydrodynamic Ocean Model
4710,2026-08-13,12.0,87.0,0.179,0.231,0.292,0.57,37.8,East India Coastal Current (EICC),0.0,NASA OSCAR L4 / INCOIS High-Res Hydrodynamic Ocean Model
4711,2026-08-13,12.0,88.0,0.117,-0.112,0.162,0.31,133.7,East India Coastal Current (EICC),0.0,NASA OSCAR L4 / INCOIS High-Res Hydrodynamic Ocean Model
4712,2026-08-13,12.0,89.0,0.179,0.138,0.226,0.44,52.4,East India Coastal Current (EICC),0.0,NASA OSCAR L4 / INCOIS High-Res Hydrodynamic Ocean Model
4713,2026-08-13,12.0,90.0,0.126,0.189,0.227,0.44,33.7,East India Coastal Current (EICC),0.0,NASA OSCAR L4 / INCOIS High-Res Hydrodynamic Ocean Model
4714,2026-08-13,12.0,91.0,0.111,0.318,0.337,0.66,19.2,East India Coastal Current (EICC),0.0,NASA OSCAR L4 / INCOIS High-Res Hydrodynamic Ocean Model
4715,2026-08-13,12.0,92.0,0.213,0.141,0.255,0.5,56.5,East India Coastal Current (EICC),0.0,NASA OSCAR L4 / INCOIS High-Res Hydrodynamic Ocean Model
4716,2026-08-13,12.0,93.0,0.285,0.144,0.319,0.62,63.2,East India Coastal Current (EICC),0.0,NASA OSCAR L4 / INCOIS High-Res Hydrodynamic Ocean Model
4717,2026-08-13,12.0,94.0,0.203,0.405,0.453,0.88,26.6,East India Coastal Current (EICC),0.0,NASA OSCAR L4 / INCOIS High-Res Hydrodynamic Ocean Model
4718,2026-08-13,13.0,68.0,-0.113,-0.357,0.374,0.73,197.6,West India Coastal Current (WICC),0.0,NASA OSCAR L4 / INCOIS High-Res Hydrodynamic Ocean Model
4719,2026-08-13,13.0,69.0,-0.048,-0.131,0.14,0.27,200.1,West India Coastal Current (WICC),0.0,NASA OSCAR L4 / INCOIS High-Res Hydrodynamic Ocean Model
4720,2026-08-13,13.0,70.0,-0.114,-0.113,0.161,0.31,225.3,West India Coastal Current (WICC),0.0,NASA OSCAR L4 / INCOIS High-Res Hydrodynamic Ocean Model
4721,2026-08-13,13.0,71.0,-0.158,-0.36,0.393,0.76,203.7,West India Coastal Current (WICC),0.0,NASA OSCAR L4 / INCOIS High-Res Hydrodynamic Ocean Model
4722,2026-08-13,13.0,72.0,-0.187,-0.037,0.191,0.37,258.8,West India Coastal Current (WICC),0.0,NASA OSCAR L4 / INCOIS High-Res Hydrodynamic Ocean Model
4723,2026-08-13,13.0,73.0,0.054,-0.291,0.296,0.58,169.5,West India Coastal Current (WICC),0.0,NASA OSCAR L4 / INCOIS High-Res Hydrodynamic Ocean Model
4724,2026-08-13,13.0,85.0,0.244,0.142,0.282,0.55,59.8,East India Coastal Current (EICC),0.0,NASA OSCAR L4 / INCOIS High-Res Hydrodynamic Ocean Model
4725,2026-08-13,13.0,86.0,0.079,0.189,0.205,0.4,22.7,East India Coastal Current (EICC),0.0,NASA OSCAR L4 / INCOIS High-Res Hydrodynamic Ocean Model
4726,2026-08-13,13.0,87.0,0.073,0.02,0.076,0.15,74.7,East India Coastal Current (EICC),0.0,NASA OSCAR L4 / INCOIS High-Res Hydrodynamic Ocean Model
4727,2026-08-13,13.0,88.0,0.269,0.069,0.278,0.54,75.6,East India Coastal Current (EICC),0.0,NASA OSCAR L4 / INCOIS High-Res Hydrodynamic Ocean Model
4728,2026-08-13,13.0,89.0,0.195,0.22,0.294,0.57,41.6,East India Coastal Current (EICC),0.0,NASA OSCAR L4 / INCOIS High-Res Hydrodynamic Ocean Model
4729,2026-08-13,13.0,90.0,0.191,0.223,0.294,0.57,40.6,East India Coastal Current (EICC),0.0,NASA OSCAR L4 / INCOIS High-Res Hydrodynamic Ocean Model
4730,2026-08-13,13.0,91.0,0.119,0.23,0.259,0.5,27.4,East India Coastal Current (EICC),0.0,NASA OSCAR L4 / INCOIS High-Res Hydrodynamic Ocean Model
4731,2026-08-13,13.0,92.0,0.257,0.177,0.312,0.61,55.4,East India Coastal Current (EICC),0.0,NASA OSCAR L4 / INCOIS High-Res Hydrodynamic Ocean Model
4732,2026-08-13,13.0,93.0,0.2,0.186,0.273,0.53,47.1,East India Coastal Current (EICC),0.0,NASA OSCAR L4 / INCOIS High-Res Hydrodynamic Ocean Model
4733,2026-08-13,13.0,94.0,0.39,0.04,0.392,0.76,84.1,East India Coastal Current (EICC),0.0,NASA OSCAR L4 / INCOIS High-Res Hydrodynamic Ocean Model
4734,2026-08-13,14.0,68.0,-0.158,-0.038,0.163,0.32,256.5,West India Coastal Current (WICC),0.0,NASA OSCAR L4 / INCOIS High-Res Hydrodynamic Ocean Model
4735,2026-08-13,14.0,69.0,-0.188,-0.365,0.411,0.8,207.3,West India Coastal Current (WICC),0.0,NASA OSCAR L4 / INCOIS High-Res Hydrodynamic Ocean Model
4736,2026-08-13,14.0,70.0,-0.156,-0.183,0.24,0.47,220.4,West India Coastal Current (WICC),0.0,NASA OSCAR L4 / INCOIS High-Res Hydrodynamic Ocean Model
4737,2026-08-13,14.0,71.0,-0.162,-0.303,0.344,0.67,208.1,West India Coastal Current (WICC),0.0,NASA OSCAR L4 / INCOIS High-Res Hydrodynamic Ocean Model
4738,2026-08-13,14.0,72.0,-0.099,-0.329,0.344,0.67,196.7,West India Coastal Current (WICC),0.0,NASA OSCAR L4 / INCOIS High-Res Hydrodynamic Ocean Model
4739,2026-08-13,14.0,73.0,-0.102,-0.163,0.192,0.37,212.0,West India Coastal Current (WICC),0.0,NASA OSCAR L4 / INCOIS High-Res Hydrodynamic Ocean Model
4740,2026-08-13,14.0,85.0,0.294,0.09,0.307,0.6,73.0,East India Coastal Current (EICC),0.0,NASA OSCAR L4 / INCOIS High-Res Hydrodynamic Ocean Model
4741,2026-08-13,14.0,86.0,0.205,0.162,0.261,0.51,51.7,East India Coastal Current (EICC),0.0,NASA OSCAR L4 / INCOIS High-Res Hydrodynamic Ocean Model
4742,2026-08-13,14.0,87.0,0.061,-0.051,0.08,0.16,129.9,East India Coastal Current (EICC),0.0,NASA OSCAR L4 / INCOIS High-Res Hydrodynamic Ocean Model
4743,2026-08-13,14.0,88.0,0.13,0.153,0.201,0.39,40.4,East India Coastal Current (EICC),0.0,NASA OSCAR L4 / INCOIS High-Res Hydrodynamic Ocean Model
4744,2026-08-13,14.0,89.0,0.381,0.177,0.42,0.82,65.1,East India Coastal Current (EICC),0.0,NASA OSCAR L4 / INCOIS High-Res Hydrodynamic Ocean Model
4745,2026-08-13,14.0,90.0,0.186,0.26,0.32,0.62,35.6,East India Coastal Current (EICC),0.0,NASA OSCAR L4 / INCOIS High-Res Hydrodynamic Ocean Model
4746,2026-08-13,14.0,91.0,0.085,-0.005,0.085,0.17,93.4,East India Coastal Current (EICC),0.0,NASA OSCAR L4 / INCOIS High-Res Hydrodynamic Ocean Model
4747,2026-08-13,14.0,92.0,0.214,0.061,0.223,0.43,74.1,East India Coastal Current (EICC),0.0,NASA OSCAR L4 / INCOIS High-Res Hydrodynamic Ocean Model
4748,2026-08-13,14.0,93.0,0.175,0.156,0.234,0.45,48.3,East India Coastal Current (EICC),0.0,NASA OSCAR L4 / INCOIS High-Res Hydrodynamic Ocean Model
4749,2026-08-13,14.0,94.0,0.236,0.241,0.337,0.66,44.4,East India Coastal Current (EICC),0.0,NASA OSCAR L4 / INCOIS High-Res Hydrodynamic Ocean Model
4750,2026-08-13,15.0,68.0,-0.094,-0.302,0.316,0.61,197.3,West India Coastal Current (WICC),0.0,NASA OSCAR L4 / INCOIS High-Res Hydrodynamic Ocean Model
4751,2026-08-13,15.0,69.0,-0.209,-0.099,0.231,0.45,244.7,West India Coastal Current (WICC),0.0,NASA OSCAR L4 / INCOIS High-Res Hydrodynamic Ocean Model
4752,2026-08-13,15.0,70.0,-0.11,-0.464,0.477,0.93,193.3,West India Coastal Current (WICC),0.0,NASA OSCAR L4 / INCOIS High-Res Hydrodynamic Ocean Model
4753,2026-08-13,15.0,71.0,-0.119,-0.197,0.23,0.45,211.1,West India Coastal Current (WICC),0.0,NASA OSCAR L4 / INCOIS High-Res Hydrodynamic Ocean Model
4754,2026-08-13,15.0,72.0,-0.299,-0.43,0.524,1.02,214.8,West India Coastal Current (WICC),0.0,NASA OSCAR L4 / INCOIS High-Res Hydrodynamic Ocean Model
4755,2026-08-13,15.0,73.0,-0.079,-0.347,0.356,0.69,192.8,West India Coastal Current (WICC),0.0,NASA OSCAR L4 / INCOIS High-Res Hydrodynamic Ocean Model
4756,2026-08-13,15.0,85.0,0.234,-0.033,0.236,0.46,98.0,East India Coastal Current (EICC),0.0,NASA OSCAR L4 / INCOIS High-Res Hydrodynamic Ocean Model
4757,2026-08-13,15.0,86.0,0.249,0.147,0.289,0.56,59.4,East India Coastal Current (EICC),0.0,NASA OSCAR L4 / INCOIS High-Res Hydrodynamic Ocean Model
4758,2026-08-13,15.0,87.0,0.166,0.238,0.29,0.56,34.9,East India Coastal Current (EICC),0.0,NASA OSCAR L4 / INCOIS High-Res Hydrodynamic Ocean Model
4759,2026-08-13,15.0,88.0,0.292,0.23,0.372,0.72,51.8,East India Coastal Current (EICC),0.0,NASA OSCAR L4 / INCOIS High-Res Hydrodynamic Ocean Model
4760,2026-08-13,15.0,89.0,0.219,0.129,0.254,0.49,59.5,East India Coastal Current (EICC),0.0,NASA OSCAR L4 / INCOIS High-Res Hydrodynamic Ocean Model
4761,2026-08-13,15.0,90.0,0.265,0.175,0.318,0.62,56.6,East India Coastal Current (EICC),0.0,NASA OSCAR L4 / INCOIS High-Res Hydrodynamic Ocean Model
4762,2026-08-13,15.0,91.0,0.137,0.259,0.293,0.57,27.9,East India Coastal Current (EICC),0.0,NASA OSCAR L4 / INCOIS High-Res Hydrodynamic Ocean Model
4763,2026-08-13,15.0,92.0,0.148,0.095,0.176,0.34,57.3,East India Coastal Current (EICC),0.0,NASA OSCAR L4 / INCOIS High-Res Hydrodynamic Ocean Model
4764,2026-08-13,15.0,93.0,0.128,-0.029,0.131,0.25,102.8,East India Coastal Current (EICC),0.0,NASA OSCAR L4 / INCOIS High-Res Hydrodynamic Ocean Model
4765,2026-08-13,15.0,94.0,0.245,0.236,0.34,0.66,46.1,East India Coastal Current (EICC),0.0,NASA OSCAR L4 / INCOIS High-Res Hydrodynamic Ocean Model
4766,2026-08-13,16.0,68.0,-0.218,-0.21,0.303,0.59,226.1,West India Coastal Current (WICC),0.0,NASA OSCAR L4 / INCOIS High-Res Hydrodynamic Ocean Model
4767,2026-08-13,16.0,69.0,-0.097,-0.152,0.18,0.35,212.5,West India Coastal Current (WICC),0.0,NASA OSCAR L4 / INCOIS High-Res Hydrodynamic Ocean Model
4768,2026-08-13,16.0,70.0,-0.05,-0.252,0.257,0.5,191.2,West India Coastal Current (WICC),0.0,NASA OSCAR L4 / INCOIS High-Res Hydrodynamic Ocean Model
4769,2026-08-13,16.0,71.0,-0.057,-0.179,0.188,0.37,197.7,West India Coastal Current (WICC),0.0,NASA OSCAR L4 / INCOIS High-Res Hydrodynamic Ocean Model
4770,2026-08-13,16.0,72.0,-0.21,-0.349,0.407,0.79,211.0,West India Coastal Current (WICC),0.0,NASA OSCAR L4 / INCOIS High-Res Hydrodynamic Ocean Model
4771,2026-08-13,16.0,73.0,-0.139,-0.142,0.199,0.39,224.4,West India Coastal Current (WICC),0.0,NASA OSCAR L4 / INCOIS High-Res Hydrodynamic Ocean Model
4772,2026-08-13,16.0,85.0,0.211,0.306,0.372,0.72,34.6,East India Coastal Current (EICC),0.0,NASA OSCAR L4 / INCOIS High-Res Hydrodynamic Ocean Model
4773,2026-08-13,16.0,86.0,0.237,0.255,0.348,0.68,42.9,East India Coastal Current (EICC),0.0,NASA OSCAR L4 / INCOIS High-Res Hydrodynamic Ocean Model
4774,2026-08-13,16.0,87.0,0.182,0.172,0.25,0.49,46.6,East India Coastal Current (EICC),0.0,NASA OSCAR L4 / INCOIS High-Res Hydrodynamic Ocean Model
4775,2026-08-13,16.0,88.0,0.279,0.221,0.356,0.69,51.6,East India Coastal Current (EICC),0.0,NASA OSCAR L4 / INCOIS High-Res Hydrodynamic Ocean Model
4776,2026-08-13,16.0,89.0,0.34,-0.03,0.341,0.66,95.0,East India Coastal Current (EICC),0.0,NASA OSCAR L4 / INCOIS High-Res Hydrodynamic Ocean Model
4777,2026-08-13,16.0,90.0,0.35,0.231,0.419,0.81,56.6,East India Coastal Current (EICC),0.0,NASA OSCAR L4 / INCOIS High-Res Hydrodynamic Ocean Model
4778,2026-08-13,16.0,91.0,0.348,0.198,0.4,0.78,60.4,East India Coastal Current (EICC),0.0,NASA OSCAR L4 / INCOIS High-Res Hydrodynamic Ocean Model
4779,2026-08-13,16.0,92.0,0.234,0.061,0.242,0.47,75.4,East India Coastal Current (EICC),0.0,NASA OSCAR L4 / INCOIS High-Res Hydrodynamic Ocean Model
4780,2026-08-13,16.0,93.0,0.166,0.065,0.178,0.35,68.6,East India Coastal Current (EICC),0.0,NASA OSCAR L4 / INCOIS High-Res Hydrodynamic Ocean Model
4781,2026-08-13,16.0,94.0,0.397,0.245,0.467,0.91,58.3,East India Coastal Current (EICC),0.0,NASA OSCAR L4 / INCOIS High-Res Hydrodynamic Ocean Model
4782,2026-08-13,17.0,68.0,-0.159,-0.235,0.284,0.55,214.1,West India Coastal Current (WICC),0.0,NASA OSCAR L4 / INCOIS High-Res Hydrodynamic Ocean Model
4783,2026-08-13,17.0,69.0,-0.019,-0.197,0.198,0.38,185.5,West India Coastal Current (WICC),0.0,NASA OSCAR L4 / INCOIS High-Res Hydrodynamic Ocean Model
4784,2026-08-13,17.0,70.0,-0.046,-0.379,0.382,0.74,186.9,West India Coastal Current (WICC),0.0,NASA OSCAR L4 / INCOIS High-Res Hydrodynamic Ocean Model
4785,2026-08-13,17.0,71.0,-0.071,-0.239,0.249,0.48,196.5,West India Coastal Current (WICC),0.0,NASA OSCAR L4 / INCOIS High-Res Hydrodynamic Ocean Model
4786,2026-08-13,17.0,72.0,-0.069,-0.263,0.272,0.53,194.7,West India Coastal Current (WICC),0.0,NASA OSCAR L4 / INCOIS High-Res Hydrodynamic Ocean Model
4787,2026-08-13,17.0,73.0,-0.199,-0.224,0.3,0.58,221.6,West India Coastal Current (WICC),0.0,NASA OSCAR L4 / INCOIS High-Res Hydrodynamic Ocean Model
4788,2026-08-13,17.0,85.0,0.213,0.195,0.289,0.56,47.5,East India Coastal Current (EICC),0.0,NASA OSCAR L4 / INCOIS High-Res Hydrodynamic Ocean Model
4789,2026-08-13,17.0,86.0,0.212,0.098,0.234,0.45,65.2,East India Coastal Current (EICC),0.0,NASA OSCAR L4 / INCOIS High-Res Hydrodynamic Ocean Model
4790,2026-08-13,17.0,87.0,0.151,0.092,0.177,0.34,58.6,East India Coastal Current (EICC),0.0,NASA OSCAR L4 / INCOIS High-Res Hydrodynamic Ocean Model
4791,2026-08-13,17.0,88.0,0.257,0.182,0.315,0.61,54.7,East India Coastal Current (EICC),0.0,NASA OSCAR L4 / INCOIS High-Res Hydrodynamic Ocean Model
4792,2026-08-13,17.0,89.0,0.252,0.341,0.424,0.82,36.5,East India Coastal Current (EICC),0.0,NASA OSCAR L4 / INCOIS High-Res Hydrodynamic Ocean Model
4793,2026-08-13,17.0,90.0,0.299,0.091,0.313,0.61,73.1,East India Coastal Current (EICC),0.0,NASA OSCAR L4 / INCOIS High-Res Hydrodynamic Ocean Model
4794,2026-08-13,17.0,91.0,0.221,0.303,0.375,0.73,36.1,East India Coastal Current (EICC),0.0,NASA OSCAR L4 / INCOIS High-Res Hydrodynamic Ocean Model
4795,2026-08-13,17.0,92.0,0.189,0.078,0.204,0.4,67.6,East India Coastal Current (EICC),0.0,NASA OSCAR L4 / INCOIS High-Res Hydrodynamic Ocean Model
4796,2026-08-13,17.0,93.0,0.138,0.092,0.166,0.32,56.3,East India Coastal Current (EICC),0.0,NASA OSCAR L4 / INCOIS High-Res Hydrodynamic Ocean Model
4797,2026-08-13,17.0,94.0,0.165,-0.006,0.165,0.32,92.1,East India Coastal Current (EICC),0.0,NASA OSCAR L4 / INCOIS High-Res Hydrodynamic Ocean Model
4798,2026-08-13,18.0,68.0,-0.038,-0.328,0.33,0.64,186.6,West India Coastal Current (WICC),0.0,NASA OSCAR L4 / INCOIS High-Res Hydrodynamic Ocean Model
4799,2026-08-13,18.0,69.0,-0.146,-0.183,0.234,0.45,218.6,West India Coastal Current (WICC),0.0,NASA OSCAR L4 / INCOIS High-Res Hydrodynamic Ocean Model
4800,2026-08-13,18.0,70.0,-0.196,-0.215,0.291,0.57,222.4,West India Coastal Current (WICC),0.0,NASA OSCAR L4 / INCOIS High-Res Hydrodynamic Ocean Model
4801,2026-08-13,18.0,71.0,-0.113,-0.192,0.223,0.43,210.5,West India Coastal Current (WICC),0.0,NASA OSCAR L4 / INCOIS High-Res Hydrodynamic Ocean Model
4802,2026-08-13,18.0,72.0,-0.195,-0.302,0.359,0.7,212.9,West India Coastal Current (WICC),0.0,NASA OSCAR L4 / INCOIS High-Res Hydrodynamic Ocean Model
4803,2026-08-13,18.0,73.0,-0.282,-0.4,0.489,0.95,215.2,West India Coastal Current (WICC),0.0,NASA OSCAR L4 / INCOIS High-Res Hydrodynamic Ocean Model
4804,2026-08-13,18.0,85.0,0.276,0.197,0.339,0.66,54.5,East India Coastal Current (EICC),0.0,NASA OSCAR L4 / INCOIS High-Res Hydrodynamic Ocean Model
4805,2026-08-13,18.0,86.0,0.213,0.364,0.422,0.82,30.3,East India Coastal Current (EICC),0.0,NASA OSCAR L4 / INCOIS High-Res Hydrodynamic Ocean Model
4806,2026-08-13,18.0,87.0,0.143,0.119,0.186,0.36,50.2,East India Coastal Current (EICC),0.0,NASA OSCAR L4 / INCOIS High-Res Hydrodynamic Ocean Model
4807,2026-08-13,18.0,88.0,0.298,0.202,0.36,0.7,55.9,East India Coastal Current (EICC),0.0,NASA OSCAR L4 / INCOIS High-Res Hydrodynamic Ocean Model
4808,2026-08-13,18.0,89.0,0.22,0.073,0.232,0.45,71.6,East India Coastal Current (EICC),0.0,NASA OSCAR L4 / INCOIS High-Res Hydrodynamic Ocean Model
4809,2026-08-13,18.0,90.0,0.433,0.02,0.433,0.84,87.4,East India Coastal Current (EICC),0.0,NASA OSCAR L4 / INCOIS High-Res Hydrodynamic Ocean Model
4810,2026-08-13,18.0,91.0,0.228,0.298,0.375,0.73,37.4,East India Coastal Current (EICC),0.0,NASA OSCAR L4 / INCOIS High-Res Hydrodynamic Ocean Model
4811,2026-08-13,18.0,92.0,0.297,0.079,0.307,0.6,75.1,East India Coastal Current (EICC),0.0,NASA OSCAR L4 / INCOIS High-Res Hydrodynamic Ocean Model
4812,2026-08-13,18.0,93.0,0.087,0.111,0.141,0.27,38.1,East India Coastal Current (EICC),0.0,NASA OSCAR L4 / INCOIS High-Res Hydrodynamic Ocean Model
4813,2026-08-13,18.0,94.0,0.168,0.204,0.264,0.51,39.5,East India Coastal Current (EICC),0.0,NASA OSCAR L4 / INCOIS High-Res Hydrodynamic Ocean Model
4814,2026-08-13,19.0,68.0,-0.151,-0.352,0.383,0.74,203.2,West India Coastal Current (WICC),0.0,NASA OSCAR L4 / INCOIS High-Res Hydrodynamic Ocean Model
4815,2026-08-13,19.0,69.0,-0.277,-0.14,0.31,0.6,243.2,West India Coastal Current (WICC),0.0,NASA OSCAR L4 / INCOIS High-Res Hydrodynamic Ocean Model
4816,2026-08-13,19.0,70.0,-0.045,-0.355,0.358,0.7,187.2,West India Coastal Current (WICC),0.0,NASA OSCAR L4 / INCOIS High-Res Hydrodynamic Ocean Model
4817,2026-08-13,19.0,71.0,-0.155,-0.252,0.296,0.58,211.6,West India Coastal Current (WICC),0.0,NASA OSCAR L4 / INCOIS High-Res Hydrodynamic Ocean Model
4818,2026-08-13,19.0,72.0,-0.203,-0.245,0.318,0.62,219.6,West India Coastal Current (WICC),0.0,NASA OSCAR L4 / INCOIS High-Res Hydrodynamic Ocean Model
4819,2026-08-13,19.0,73.0,-0.199,-0.24,0.312,0.61,219.7,West India Coastal Current (WICC),0.0,NASA OSCAR L4 / INCOIS High-Res Hydrodynamic Ocean Model
4820,2026-08-13,19.0,85.0,0.307,0.17,0.351,0.68,61.0,East India Coastal Current (EICC),0.0,NASA OSCAR L4 / INCOIS High-Res Hydrodynamic Ocean Model
4821,2026-08-13,19.0,86.0,0.181,0.091,0.203,0.39,63.3,East India Coastal Current (EICC),0.0,NASA OSCAR L4 / INCOIS High-Res Hydrodynamic Ocean Model
4822,2026-08-13,19.0,87.0,0.258,0.269,0.373,0.73,43.8,East India Coastal Current (EICC),0.0,NASA OSCAR L4 / INCOIS High-Res Hydrodynamic Ocean Model
4823,2026-08-13,19.0,88.0,0.259,0.167,0.308,0.6,57.2,East India Coastal Current (EICC),0.0,NASA OSCAR L4 / INCOIS High-Res Hydrodynamic Ocean Model
4824,2026-08-13,19.0,89.0,0.069,0.275,0.284,0.55,14.1,East India Coastal Current (EICC),0.0,NASA OSCAR L4 / INCOIS High-Res Hydrodynamic Ocean Model
4825,2026-08-13,19.0,90.0,0.343,0.218,0.406,0.79,57.6,East India Coastal Current (EICC),0.0,NASA OSCAR L4 / INCOIS High-Res Hydrodynamic Ocean Model
4826,2026-08-13,19.0,91.0,0.164,0.246,0.296,0.58,33.7,East India Coastal Current (EICC),0.0,NASA OSCAR L4 / INCOIS High-Res Hydrodynamic Ocean Model
4827,2026-08-13,19.0,92.0,0.212,-0.019,0.213,0.41,95.1,East India Coastal Current (EICC),0.0,NASA OSCAR L4 / INCOIS High-Res Hydrodynamic Ocean Model
4828,2026-08-13,19.0,93.0,0.181,-0.027,0.183,0.36,98.5,East India Coastal Current (EICC),0.0,NASA OSCAR L4 / INCOIS High-Res Hydrodynamic Ocean Model
4829,2026-08-13,19.0,94.0,0.236,0.072,0.247,0.48,73.0,East India Coastal Current (EICC),0.0,NASA OSCAR L4 / INCOIS High-Res Hydrodynamic Ocean Model
4830,2026-08-13,20.0,68.0,-0.179,-0.127,0.219,0.43,234.6,West India Coastal Current (WICC),0.0,NASA OSCAR L4 / INCOIS High-Res Hydrodynamic Ocean Model
4831,2026-08-13,20.0,69.0,-0.185,-0.322,0.371,0.72,209.9,West India Coastal Current (WICC),0.0,NASA OSCAR L4 / INCOIS High-Res Hydrodynamic Ocean Model
4832,2026-08-13,20.0,70.0,-0.153,-0.211,0.261,0.51,215.9,West India Coastal Current (WICC),0.0,NASA OSCAR L4 / INCOIS High-Res Hydrodynamic Ocean Model
4833,2026-08-13,20.0,71.0,-0.105,-0.152,0.185,0.36,214.6,West India Coastal Current (WICC),0.0,NASA OSCAR L4 / INCOIS High-Res Hydrodynamic Ocean Model
4834,2026-08-13,20.0,72.0,-0.143,-0.3,0.332,0.65,205.5,West India Coastal Current (WICC),0.0,NASA OSCAR L4 / INCOIS High-Res Hydrodynamic Ocean Model
4835,2026-08-13,20.0,73.0,-0.218,-0.196,0.293,0.57,228.0,West India Coastal Current (WICC),0.0,NASA OSCAR L4 / INCOIS High-Res Hydrodynamic Ocean Model
4836,2026-08-13,20.0,85.0,0.27,0.224,0.351,0.68,50.3,East India Coastal Current (EICC),0.0,NASA OSCAR L4 / INCOIS High-Res Hydrodynamic Ocean Model
4837,2026-08-13,20.0,86.0,0.318,0.152,0.352,0.68,64.5,East India Coastal Current (EICC),0.0,NASA OSCAR L4 / INCOIS High-Res Hydrodynamic Ocean Model
4838,2026-08-13,20.0,87.0,0.101,0.092,0.137,0.27,47.7,East India Coastal Current (EICC),0.0,NASA OSCAR L4 / INCOIS High-Res Hydrodynamic Ocean Model
4839,2026-08-13,20.0,88.0,0.333,0.142,0.362,0.7,66.9,East India Coastal Current (EICC),0.0,NASA OSCAR L4 / INCOIS High-Res Hydrodynamic Ocean Model
4840,2026-08-13,20.0,89.0,0.164,0.116,0.201,0.39,54.7,East India Coastal Current (EICC),0.0,NASA OSCAR L4 / INCOIS High-Res Hydrodynamic Ocean Model
4841,2026-08-13,20.0,90.0,0.204,0.275,0.342,0.66,36.6,East India Coastal Current (EICC),0.0,NASA OSCAR L4 / INCOIS High-Res Hydrodynamic Ocean Model
4842,2026-08-13,20.0,91.0,0.295,-0.007,0.295,0.57,91.4,East India Coastal Current (EICC),0.0,NASA OSCAR L4 / INCOIS High-Res Hydrodynamic Ocean Model
4843,2026-08-13,20.0,92.0,0.155,0.182,0.239,0.46,40.4,East India Coastal Current (EICC),0.0,NASA OSCAR L4 / INCOIS High-Res Hydrodynamic Ocean Model
4844,2026-08-13,20.0,93.0,0.214,0.109,0.24,0.47,63.0,East India Coastal Current (EICC),0.0,NASA OSCAR L4 / INCOIS High-Res Hydrodynamic Ocean Model
4845,2026-08-13,20.0,94.0,0.161,0.053,0.169,0.33,71.8,East India Coastal Current (EICC),0.0,NASA OSCAR L4 / INCOIS High-Res Hydrodynamic Ocean Model
4846,2026-08-13,21.0,68.0,-0.108,-0.22,0.245,0.48,206.1,West India Coastal Current (WICC),0.0,NASA OSCAR L4 / INCOIS High-Res Hydrodynamic Ocean Model
4847,2026-08-13,21.0,69.0,0.014,-0.21,0.21,0.41,176.2,West India Coastal Current (WICC),0.0,NASA OSCAR L4 / INCOIS High-Res Hydrodynamic Ocean Model
4848,2026-08-13,21.0,70.0,-0.115,-0.142,0.183,0.36,219.0,West India Coastal Current (WICC),0.0,NASA OSCAR L4 / INCOIS High-Res Hydrodynamic Ocean Model
4849,2026-08-13,21.0,71.0,-0.138,-0.265,0.299,0.58,207.5,West India Coastal Current (WICC),0.0,NASA OSCAR L4 / INCOIS High-Res Hydrodynamic Ocean Model
4850,2026-08-13,21.0,72.0,-0.17,-0.021,0.171,0.33,263.0,West India Coastal Current (WICC),0.0,NASA OSCAR L4 / INCOIS High-Res Hydrodynamic Ocean Model
4851,2026-08-13,21.0,73.0,-0.179,-0.229,0.291,0.57,218.0,West India Coastal Current (WICC),0.0,NASA OSCAR L4 / INCOIS High-Res Hydrodynamic Ocean Model
4852,2026-08-13,21.0,74.0,-0.13,-0.235,0.269,0.52,209.0,West India Coastal Current (WICC),0.0,NASA OSCAR L4 / INCOIS High-Res Hydrodynamic Ocean Model
4853,2026-08-13,21.0,75.0,-0.166,-0.265,0.313,0.61,212.1,West India Coastal Current (WICC),0.0,NASA OSCAR L4 / INCOIS High-Res Hydrodynamic Ocean Model
4854,2026-08-13,21.0,76.0,0.017,-0.239,0.24,0.47,175.9,West India Coastal Current (WICC),0.0,NASA OSCAR L4 / INCOIS High-Res Hydrodynamic Ocean Model
4855,2026-08-13,21.0,77.0,0.144,0.322,0.353,0.69,24.1,East India Coastal Current (EICC),0.0,NASA OSCAR L4 / INCOIS High-Res Hydrodynamic Ocean Model
4856,2026-08-13,21.0,78.0,0.211,0.255,0.331,0.64,39.6,East India Coastal Current (EICC),0.0,NASA OSCAR L4 / INCOIS High-Res Hydrodynamic Ocean Model
4857,2026-08-13,21.0,79.0,0.373,-0.001,0.373,0.73,90.2,East India Coastal Current (EICC),0.0,NASA OSCAR L4 / INCOIS High-Res Hydrodynamic Ocean Model
4858,2026-08-13,21.0,80.0,0.166,0.334,0.373,0.73,26.4,East India Coastal Current (EICC),0.0,NASA OSCAR L4 / INCOIS High-Res Hydrodynamic Ocean Model
4859,2026-08-13,21.0,81.0,0.241,-0.056,0.247,0.48,103.1,East India Coastal Current (EICC),0.0,NASA OSCAR L4 / INCOIS High-Res Hydrodynamic Ocean Model
4860,2026-08-13,21.0,82.0,0.24,0.142,0.279,0.54,59.4,East India Coastal Current (EICC),0.0,NASA OSCAR L4 / INCOIS High-Res Hydrodynamic Ocean Model
4861,2026-08-13,21.0,83.0,0.241,0.04,0.244,0.47,80.6,East India Coastal Current (EICC),0.0,NASA OSCAR L4 / INCOIS High-Res Hydrodynamic Ocean Model
4862,2026-08-13,21.0,84.0,0.312,0.116,0.333,0.65,69.6,East India Coastal Current (EICC),0.0,NASA OSCAR L4 / INCOIS High-Res Hydrodynamic Ocean Model
4863,2026-08-13,21.0,85.0,0.355,0.146,0.384,0.75,67.6,East India Coastal Current (EICC),0.0,NASA OSCAR L4 / INCOIS High-Res Hydrodynamic Ocean Model
4864,2026-08-13,21.0,86.0,0.29,0.241,0.377,0.73,50.3,East India Coastal Current (EICC),0.0,NASA OSCAR L4 / INCOIS High-Res Hydrodynamic Ocean Model
4865,2026-08-13,21.0,87.0,0.213,0.216,0.303,0.59,44.6,East India Coastal Current (EICC),0.0,NASA OSCAR L4 / INCOIS High-Res Hydrodynamic Ocean Model
4866,2026-08-13,21.0,88.0,0.217,0.172,0.277,0.54,51.6,East India Coastal Current (EICC),0.0,NASA OSCAR L4 / INCOIS High-Res Hydrodynamic Ocean Model
4867,2026-08-13,21.0,89.0,0.164,0.292,0.335,0.65,29.3,East India Coastal Current (EICC),0.0,NASA OSCAR L4 / INCOIS High-Res Hydrodynamic Ocean Model
4868,2026-08-13,21.0,90.0,0.158,0.233,0.282,0.55,34.1,East India Coastal Current (EICC),0.0,NASA OSCAR L4 / INCOIS High-Res Hydrodynamic Ocean Model
4869,2026-08-13,21.0,91.0,0.179,0.158,0.239,0.46,48.6,East India Coastal Current (EICC),0.0,NASA OSCAR L4 / INCOIS High-Res Hydrodynamic Ocean Model
4870,2026-08-13,21.0,92.0,0.216,-0.078,0.23,0.45,109.9,East India Coastal Current (EICC),0.0,NASA OSCAR L4 / INCOIS High-Res Hydrodynamic Ocean Model
4871,2026-08-13,21.0,93.0,0.332,0.161,0.369,0.72,64.1,East India Coastal Current (EICC),0.0,NASA OSCAR L4 / INCOIS High-Res Hydrodynamic Ocean Model
4872,2026-08-13,21.0,94.0,0.207,0.063,0.216,0.42,73.1,East India Coastal Current (EICC),0.0,NASA OSCAR L4 / INCOIS High-Res Hydrodynamic Ocean Model
4873,2026-08-13,22.0,68.0,0.055,-0.259,0.265,0.52,168.0,West India Coastal Current (WICC),0.0,NASA OSCAR L4 / INCOIS High-Res Hydrodynamic Ocean Model
4874,2026-08-13,22.0,69.0,-0.165,-0.301,0.343,0.67,208.7,West India Coastal Current (WICC),0.0,NASA OSCAR L4 / INCOIS High-Res Hydrodynamic Ocean Model
4875,2026-08-13,22.0,70.0,-0.229,-0.158,0.278,0.54,235.4,West India Coastal Current (WICC),0.0,NASA OSCAR L4 / INCOIS High-Res Hydrodynamic Ocean Model
4876,2026-08-13,22.0,71.0,-0.086,-0.426,0.435,0.85,191.4,West India Coastal Current (WICC),0.0,NASA OSCAR L4 / INCOIS High-Res Hydrodynamic Ocean Model
4877,2026-08-13,22.0,72.0,-0.107,-0.229,0.253,0.49,205.0,West India Coastal Current (WICC),0.0,NASA OSCAR L4 / INCOIS High-Res Hydrodynamic Ocean Model
4878,2026-08-13,22.0,73.0,-0.239,-0.058,0.246,0.48,256.4,West India Coastal Current (WICC),0.0,NASA OSCAR L4 / INCOIS High-Res Hydrodynamic Ocean Model
4879,2026-08-13,22.0,74.0,-0.097,-0.438,0.449,0.87,192.5,West India Coastal Current (WICC),0.0,NASA OSCAR L4 / INCOIS High-Res Hydrodynamic Ocean Model
4880,2026-08-13,22.0,75.0,-0.095,-0.29,0.305,0.59,198.1,West India Coastal Current (WICC),0.0,NASA OSCAR L4 / INCOIS High-Res Hydrodynamic Ocean Model
4881,2026-08-13,22.0,76.0,0.042,-0.299,0.302,0.59,172.0,West India Coastal Current (WICC),0.0,NASA OSCAR L4 / INCOIS High-Res Hydrodynamic Ocean Model
4882,2026-08-13,22.0,77.0,0.022,0.11,0.112,0.22,11.3,East India Coastal Current (EICC),0.0,NASA OSCAR L4 / INCOIS High-Res Hydrodynamic Ocean Model
4883,2026-08-13,22.0,78.0,0.205,0.082,0.221,0.43,68.2,East India Coastal Current (EICC),0.0,NASA OSCAR L4 / INCOIS High-Res Hydrodynamic Ocean Model
4884,2026-08-13,22.0,79.0,0.198,0.094,0.219,0.43,64.6,East India Coastal Current (EICC),0.0,NASA OSCAR L4 / INCOIS High-Res Hydrodynamic Ocean Model
4885,2026-08-13,22.0,80.0,0.161,0.297,0.338,0.66,28.5,East India Coastal Current (EICC),0.0,NASA OSCAR L4 / INCOIS High-Res Hydrodynamic Ocean Model
4886,2026-08-13,22.0,81.0,0.128,-0.054,0.139,0.27,112.9,East India Coastal Current (EICC),0.0,NASA OSCAR L4 / INCOIS High-Res Hydrodynamic Ocean Model
4887,2026-08-13,22.0,82.0,0.254,0.069,0.263,0.51,74.8,East India Coastal Current (EICC),0.0,NASA OSCAR L4 / INCOIS High-Res Hydrodynamic Ocean Model
4888,2026-08-13,22.0,83.0,0.064,0.141,0.155,0.3,24.4,East India Coastal Current (EICC),0.0,NASA OSCAR L4 / INCOIS High-Res Hydrodynamic Ocean Model
4889,2026-08-13,22.0,84.0,0.376,0.052,0.38,0.74,82.1,East India Coastal Current (EICC),0.0,NASA OSCAR L4 / INCOIS High-Res Hydrodynamic Ocean Model
4890,2026-08-13,22.0,85.0,0.292,0.328,0.439,0.85,41.7,East India Coastal Current (EICC),0.0,NASA OSCAR L4 / INCOIS High-Res Hydrodynamic Ocean Model
4891,2026-08-13,22.0,86.0,0.365,0.268,0.453,0.88,53.7,East India Coastal Current (EICC),0.0,NASA OSCAR L4 / INCOIS High-Res Hydrodynamic Ocean Model
4892,2026-08-13,22.0,87.0,0.254,0.23,0.343,0.67,47.8,East India Coastal Current (EICC),0.0,NASA OSCAR L4 / INCOIS High-Res Hydrodynamic Ocean Model
4893,2026-08-13,22.0,88.0,0.262,0.019,0.263,0.51,85.9,East India Coastal Current (EICC),0.0,NASA OSCAR L4 / INCOIS High-Res Hydrodynamic Ocean Model
4894,2026-08-13,22.0,89.0,0.223,0.228,0.319,0.62,44.4,East India Coastal Current (EICC),0.0,NASA OSCAR L4 / INCOIS High-Res Hydrodynamic Ocean Model
4895,2026-08-13,22.0,90.0,0.24,0.29,0.376,0.73,39.6,East India Coastal Current (EICC),0.0,NASA OSCAR L4 / INCOIS High-Res Hydrodynamic Ocean Model
4896,2026-08-13,22.0,91.0,0.096,0.209,0.23,0.45,24.7,East India Coastal Current (EICC),0.0,NASA OSCAR L4 / INCOIS High-Res Hydrodynamic Ocean Model
4897,2026-08-13,22.0,92.0,0.083,0.117,0.143,0.28,35.4,East India Coastal Current (EICC),0.0,NASA OSCAR L4 / INCOIS High-Res Hydrodynamic Ocean Model
4898,2026-08-13,22.0,93.0,0.075,-0.018,0.077,0.15,103.5,East India Coastal Current (EICC),0.0,NASA OSCAR L4 / INCOIS High-Res Hydrodynamic Ocean Model
4899,2026-08-13,22.0,94.0,0.239,0.288,0.374,0.73,39.7,East India Coastal Current (EICC),0.0,NASA OSCAR L4 / INCOIS High-Res Hydrodynamic Ocean Model
4900,2026-08-13,23.0,68.0,-0.241,-0.452,0.512,1.0,208.1,West India Coastal Current (WICC),0.0,NASA OSCAR L4 / INCOIS High-Res Hydrodynamic Ocean Model
4901,2026-08-13,23.0,69.0,-0.044,-0.276,0.279,0.54,189.1,West India Coastal Current (WICC),0.0,NASA OSCAR L4 / INCOIS High-Res Hydrodynamic Ocean Model
4902,2026-08-13,23.0,70.0,-0.183,-0.204,0.274,0.53,221.9,West India Coastal Current (WICC),0.0,NASA OSCAR L4 / INCOIS High-Res Hydrodynamic Ocean Model
4903,2026-08-13,23.0,71.0,-0.246,-0.242,0.345,0.67,225.5,West India Coastal Current (WICC),0.0,NASA OSCAR L4 / INCOIS High-Res Hydrodynamic Ocean Model
4904,2026-08-13,23.0,72.0,0.026,-0.272,0.273,0.53,174.5,West India Coastal Current (WICC),0.0,NASA OSCAR L4 / INCOIS High-Res Hydrodynamic Ocean Model
4905,2026-08-13,23.0,73.0,-0.266,-0.173,0.317,0.62,237.0,West India Coastal Current (WICC),0.0,NASA OSCAR L4 / INCOIS High-Res Hydrodynamic Ocean Model
4906,2026-08-13,23.0,74.0,-0.131,-0.261,0.292,0.57,206.7,West India Coastal Current (WICC),0.0,NASA OSCAR L4 / INCOIS High-Res Hydrodynamic Ocean Model
4907,2026-08-13,23.0,75.0,0.01,-0.306,0.306,0.59,178.1,West India Coastal Current (WICC),0.0,NASA OSCAR L4 / INCOIS High-Res Hydrodynamic Ocean Model
4908,2026-08-13,23.0,76.0,-0.08,-0.421,0.429,0.83,190.8,West India Coastal Current (WICC),0.0,NASA OSCAR L4 / INCOIS High-Res Hydrodynamic Ocean Model
4909,2026-08-13,23.0,77.0,0.096,0.091,0.132,0.26,46.5,East India Coastal Current (EICC),0.0,NASA OSCAR L4 / INCOIS High-Res Hydrodynamic Ocean Model
4910,2026-08-13,23.0,78.0,0.224,-0.008,0.224,0.44,92.0,East India Coastal Current (EICC),0.0,NASA OSCAR L4 / INCOIS High-Res Hydrodynamic Ocean Model
4911,2026-08-13,23.0,79.0,0.247,0.192,0.313,0.61,52.1,East India Coastal Current (EICC),0.0,NASA OSCAR L4 / INCOIS High-Res Hydrodynamic Ocean Model
4912,2026-08-13,23.0,80.0,0.283,-0.011,0.283,0.55,92.2,East India Coastal Current (EICC),0.0,NASA OSCAR L4 / INCOIS High-Res Hydrodynamic Ocean Model
4913,2026-08-13,23.0,81.0,0.169,0.061,0.18,0.35,70.2,East India Coastal Current (EICC),0.0,NASA OSCAR L4 / INCOIS High-Res Hydrodynamic Ocean Model
4914,2026-08-13,23.0,82.0,0.237,0.239,0.337,0.66,44.8,East India Coastal Current (EICC),0.0,NASA OSCAR L4 / INCOIS High-Res Hydrodynamic Ocean Model
4915,2026-08-13,23.0,83.0,0.163,-0.003,0.163,0.32,91.1,East India Coastal Current (EICC),0.0,NASA OSCAR L4 / INCOIS High-Res Hydrodynamic Ocean Model
4916,2026-08-13,23.0,84.0,0.307,0.179,0.355,0.69,59.8,East India Coastal Current (EICC),0.0,NASA OSCAR L4 / INCOIS High-Res Hydrodynamic Ocean Model
4917,2026-08-13,23.0,85.0,0.237,-0.03,0.239,0.46,97.2,East India Coastal Current (EICC),0.0,NASA OSCAR L4 / INCOIS High-Res Hydrodynamic Ocean Model
4918,2026-08-13,23.0,86.0,0.204,0.13,0.242,0.47,57.5,East India Coastal Current (EICC),0.0,NASA OSCAR L4 / INCOIS High-Res Hydrodynamic Ocean Model
4919,2026-08-13,23.0,87.0,0.079,0.103,0.13,0.25,37.5,East India Coastal Current (EICC),0.0,NASA OSCAR L4 / INCOIS High-Res Hydrodynamic Ocean Model
4920,2026-08-13,23.0,88.0,0.175,0.238,0.295,0.57,36.3,East India Coastal Current (EICC),0.0,NASA OSCAR L4 / INCOIS High-Res Hydrodynamic Ocean Model
4921,2026-08-13,23.0,89.0,0.271,0.369,0.458,0.89,36.3,East India Coastal Current (EICC),0.0,NASA OSCAR L4 / INCOIS High-Res Hydrodynamic Ocean Model
4922,2026-08-13,23.0,90.0,0.249,0.138,0.285,0.55,61.0,East India Coastal Current (EICC),0.0,NASA OSCAR L4 / INCOIS High-Res Hydrodynamic Ocean Model
4923,2026-08-13,23.0,91.0,0.228,0.171,0.285,0.55,53.1,East India Coastal Current (EICC),0.0,NASA OSCAR L4 / INCOIS High-Res Hydrodynamic Ocean Model
4924,2026-08-13,23.0,92.0,0.164,0.1,0.192,0.37,58.6,East India Coastal Current (EICC),0.0,NASA OSCAR L4 / INCOIS High-Res Hydrodynamic Ocean Model
4925,2026-08-13,23.0,93.0,0.189,0.101,0.214,0.42,61.9,East India Coastal Current (EICC),0.0,NASA OSCAR L4 / INCOIS High-Res Hydrodynamic Ocean Model
4926,2026-08-13,23.0,94.0,0.186,0.25,0.312,0.61,36.6,East India Coastal Current (EICC),0.0,NASA OSCAR L4 / INCOIS High-Res Hydrodynamic Ocean Model
4927,2026-08-13,24.0,68.0,-0.148,-0.373,0.401,0.78,201.6,West India Coastal Current (WICC),0.0,NASA OSCAR L4 / INCOIS High-Res Hydrodynamic Ocean Model
4928,2026-08-13,24.0,69.0,-0.196,-0.314,0.37,0.72,212.0,West India Coastal Current (WICC),0.0,NASA OSCAR L4 / INCOIS High-Res Hydrodynamic Ocean Model
4929,2026-08-13,24.0,70.0,-0.105,-0.34,0.356,0.69,197.2,West India Coastal Current (WICC),0.0,NASA OSCAR L4 / INCOIS High-Res Hydrodynamic Ocean Model
4930,2026-08-13,24.0,71.0,-0.156,-0.271,0.313,0.61,209.9,West India Coastal Current (WICC),0.0,NASA OSCAR L4 / INCOIS High-Res Hydrodynamic Ocean Model
4931,2026-08-13,24.0,72.0,-0.252,-0.395,0.469,0.91,212.5,West India Coastal Current (WICC),0.0,NASA OSCAR L4 / INCOIS High-Res Hydrodynamic Ocean Model
4932,2026-08-13,24.0,73.0,-0.231,-0.307,0.384,0.75,217.0,West India Coastal Current (WICC),0.0,NASA OSCAR L4 / INCOIS High-Res Hydrodynamic Ocean Model
4933,2026-08-13,24.0,74.0,-0.102,-0.14,0.173,0.34,216.1,West India Coastal Current (WICC),0.0,NASA OSCAR L4 / INCOIS High-Res Hydrodynamic Ocean Model
4934,2026-08-13,24.0,75.0,-0.14,-0.26,0.295,0.57,208.3,West India Coastal Current (WICC),0.0,NASA OSCAR L4 / INCOIS High-Res Hydrodynamic Ocean Model
4935,2026-08-13,24.0,76.0,-0.018,-0.173,0.174,0.34,185.9,West India Coastal Current (WICC),0.0,NASA OSCAR L4 / INCOIS High-Res Hydrodynamic Ocean Model
4936,2026-08-13,24.0,77.0,0.205,0.171,0.267,0.52,50.2,East India Coastal Current (EICC),0.0,NASA OSCAR L4 / INCOIS High-Res Hydrodynamic Ocean Model
4937,2026-08-13,24.0,78.0,0.07,0.272,0.281,0.55,14.4,East India Coastal Current (EICC),0.0,NASA OSCAR L4 / INCOIS High-Res Hydrodynamic Ocean Model
4938,2026-08-13,24.0,79.0,0.261,0.128,0.291,0.57,63.9,East India Coastal Current (EICC),0.0,NASA OSCAR L4 / INCOIS High-Res Hydrodynamic Ocean Model
4939,2026-08-13,24.0,80.0,0.17,0.157,0.231,0.45,47.3,East India Coastal Current (EICC),0.0,NASA OSCAR L4 / INCOIS High-Res Hydrodynamic Ocean Model
4940,2026-08-13,24.0,81.0,0.241,0.101,0.261,0.51,67.3,East India Coastal Current (EICC),0.0,NASA OSCAR L4 / INCOIS High-Res Hydrodynamic Ocean Model
4941,2026-08-13,24.0,82.0,0.129,0.375,0.397,0.77,19.0,East India Coastal Current (EICC),0.0,NASA OSCAR L4 / INCOIS High-Res Hydrodynamic Ocean Model
4942,2026-08-13,24.0,83.0,0.193,0.181,0.265,0.52,46.8,East India Coastal Current (EICC),0.0,NASA OSCAR L4 / INCOIS High-Res Hydrodynamic Ocean Model
4943,2026-08-13,24.0,84.0,0.168,0.179,0.245,0.48,43.2,East India Coastal Current (EICC),0.0,NASA OSCAR L4 / INCOIS High-Res Hydrodynamic Ocean Model
4944,2026-08-13,24.0,85.0,0.339,0.027,0.34,0.66,85.4,East India Coastal Current (EICC),0.0,NASA OSCAR L4 / INCOIS High-Res Hydrodynamic Ocean Model
4945,2026-08-13,24.0,86.0,0.178,0.254,0.31,0.6,35.0,East India Coastal Current (EICC),0.0,NASA OSCAR L4 / INCOIS High-Res Hydrodynamic Ocean Model
4946,2026-08-13,24.0,87.0,0.035,0.1,0.106,0.21,19.3,East India Coastal Current (EICC),0.0,NASA OSCAR L4 / INCOIS High-Res Hydrodynamic Ocean Model
4947,2026-08-13,24.0,88.0,0.078,0.028,0.083,0.16,70.3,East India Coastal Current (EICC),0.0,NASA OSCAR L4 / INCOIS High-Res Hydrodynamic Ocean Model
4948,2026-08-13,24.0,89.0,0.094,0.219,0.238,0.46,23.2,East India Coastal Current (EICC),0.0,NASA OSCAR L4 / INCOIS High-Res Hydrodynamic Ocean Model
4949,2026-08-13,24.0,90.0,0.186,0.107,0.215,0.42,60.1,East India Coastal Current (EICC),0.0,NASA OSCAR L4 / INCOIS High-Res Hydrodynamic Ocean Model
4950,2026-08-13,24.0,91.0,0.293,0.154,0.331,0.64,62.3,East India Coastal Current (EICC),0.0,NASA OSCAR L4 / INCOIS High-Res Hydrodynamic Ocean Model
4951,2026-08-13,24.0,92.0,0.237,0.096,0.256,0.5,67.9,East India Coastal Current (EICC),0.0,NASA OSCAR L4 / INCOIS High-Res Hydrodynamic Ocean Model
4952,2026-08-13,24.0,93.0,0.098,0.063,0.117,0.23,57.3,East India Coastal Current (EICC),0.0,NASA OSCAR L4 / INCOIS High-Res Hydrodynamic Ocean Model
4953,2026-08-13,24.0,94.0,0.17,-0.006,0.17,0.33,92.0,East India Coastal Current (EICC),0.0,NASA OSCAR L4 / INCOIS High-Res Hydrodynamic Ocean Model
4954,2026-08-12,6.0,68.0,-0.184,-0.28,0.335,0.65,213.3,West India Coastal Current (WICC),0.0,NASA OSCAR L4 / INCOIS High-Res Hydrodynamic Ocean Model
4955,2026-08-12,6.0,69.0,-0.119,-0.218,0.248,0.48,208.6,West India Coastal Current (WICC),0.0,NASA OSCAR L4 / INCOIS High-Res Hydrodynamic Ocean Model
4956,2026-08-12,6.0,70.0,-0.104,-0.296,0.314,0.61,199.4,West India Coastal Current (WICC),0.0,NASA OSCAR L4 / INCOIS High-Res Hydrodynamic Ocean Model
4957,2026-08-12,6.0,71.0,-0.215,-0.169,0.273,0.53,231.8,West India Coastal Current (WICC),0.0,NASA OSCAR L4 / INCOIS High-Res Hydrodynamic Ocean Model
4958,2026-08-12,6.0,72.0,-0.107,-0.36,0.376,0.73,196.6,West India Coastal Current (WICC),0.0,NASA OSCAR L4 / INCOIS High-Res Hydrodynamic Ocean Model
4959,2026-08-12,6.0,73.0,-0.064,-0.091,0.111,0.22,215.1,West India Coastal Current (WICC),0.0,NASA OSCAR L4 / INCOIS High-Res Hydrodynamic Ocean Model
4960,2026-08-12,6.0,74.0,-0.291,-0.375,0.475,0.92,217.8,West India Coastal Current (WICC),0.0,NASA OSCAR L4 / INCOIS High-Res Hydrodynamic Ocean Model
4961,2026-08-12,6.0,75.0,-0.262,-0.329,0.421,0.82,218.5,West India Coastal Current (WICC),0.0,NASA OSCAR L4 / INCOIS High-Res Hydrodynamic Ocean Model
4962,2026-08-12,6.0,76.0,-0.173,-0.262,0.314,0.61,213.4,West India Coastal Current (WICC),0.0,NASA OSCAR L4 / INCOIS High-Res Hydrodynamic Ocean Model
4963,2026-08-12,6.0,77.0,0.118,0.068,0.136,0.26,60.0,East India Coastal Current (EICC),0.0,NASA OSCAR L4 / INCOIS High-Res Hydrodynamic Ocean Model
4964,2026-08-12,6.0,78.0,0.272,0.026,0.273,0.53,84.5,East India Coastal Current (EICC),0.0,NASA OSCAR L4 / INCOIS High-Res Hydrodynamic Ocean Model
4965,2026-08-12,6.0,79.0,0.217,0.152,0.265,0.52,55.0,East India Coastal Current (EICC),0.0,NASA OSCAR L4 / INCOIS High-Res Hydrodynamic Ocean Model
4966,2026-08-12,6.0,80.0,0.168,0.016,0.169,0.33,84.6,East India Coastal Current (EICC),0.0,NASA OSCAR L4 / INCOIS High-Res Hydrodynamic Ocean Model
4967,2026-08-12,6.0,81.0,0.126,0.067,0.143,0.28,62.0,East India Coastal Current (EICC),0.0,NASA OSCAR L4 / INCOIS High-Res Hydrodynamic Ocean Model
4968,2026-08-12,6.0,82.0,0.256,0.103,0.276,0.54,68.1,East India Coastal Current (EICC),0.0,NASA OSCAR L4 / INCOIS High-Res Hydrodynamic Ocean Model
4969,2026-08-12,6.0,83.0,0.187,0.212,0.283,0.55,41.4,East India Coastal Current (EICC),0.0,NASA OSCAR L4 / INCOIS High-Res Hydrodynamic Ocean Model
4970,2026-08-12,6.0,84.0,0.053,0.136,0.146,0.28,21.3,East India Coastal Current (EICC),0.0,NASA OSCAR L4 / INCOIS High-Res Hydrodynamic Ocean Model
4971,2026-08-12,6.0,85.0,0.106,0.321,0.338,0.66,18.3,East India Coastal Current (EICC),0.0,NASA OSCAR L4 / INCOIS High-Res Hydrodynamic Ocean Model
4972,2026-08-12,6.0,86.0,0.15,0.102,0.181,0.35,55.8,East India Coastal Current (EICC),0.0,NASA OSCAR L4 / INCOIS High-Res Hydrodynamic Ocean Model
4973,2026-08-12,6.0,87.0,0.312,0.275,0.416,0.81,48.6,East India Coastal Current (EICC),0.0,NASA OSCAR L4 / INCOIS High-Res Hydrodynamic Ocean Model
4974,2026-08-12,6.0,88.0,0.223,0.134,0.26,0.51,59.0,East India Coastal Current (EICC),0.0,NASA OSCAR L4 / INCOIS High-Res Hydrodynamic Ocean Model
4975,2026-08-12,6.0,89.0,0.341,0.099,0.355,0.69,73.8,East India Coastal Current (EICC),0.0,NASA OSCAR L4 / INCOIS High-Res Hydrodynamic Ocean Model
4976,2026-08-12,6.0,90.0,0.211,0.189,0.283,0.55,48.1,East India Coastal Current (EICC),0.0,NASA OSCAR L4 / INCOIS High-Res Hydrodynamic Ocean Model
4977,2026-08-12,6.0,91.0,0.222,0.227,0.318,0.62,44.4,East India Coastal Current (EICC),0.0,NASA OSCAR L4 / INCOIS High-Res Hydrodynamic Ocean Model
4978,2026-08-12,6.0,92.0,0.031,0.324,0.325,0.63,5.5,East India Coastal Current (EICC),0.0,NASA OSCAR L4 / INCOIS High-Res Hydrodynamic Ocean Model
4979,2026-08-12,6.0,93.0,0.233,0.205,0.31,0.6,48.7,East India Coastal Current (EICC),0.0,NASA OSCAR L4 / INCOIS High-Res Hydrodynamic Ocean Model
4980,2026-08-12,6.0,94.0,0.172,0.26,0.312,0.61,33.5,East India Coastal Current (EICC),0.0,NASA OSCAR L4 / INCOIS High-Res Hydrodynamic Ocean Model
4981,2026-08-12,7.0,68.0,-0.156,-0.177,0.236,0.46,221.4,West India Coastal Current (WICC),0.0,NASA OSCAR L4 / INCOIS High-Res Hydrodynamic Ocean Model
4982,2026-08-12,7.0,69.0,-0.144,-0.266,0.302,0.59,208.4,West India Coastal Current (WICC),0.0,NASA OSCAR L4 / INCOIS High-Res Hydrodynamic Ocean Model
4983,2026-08-12,7.0,70.0,-0.23,-0.559,0.604,1.17,202.4,West India Coastal Current (WICC),0.0,NASA OSCAR L4 / INCOIS High-Res Hydrodynamic Ocean Model
4984,2026-08-12,7.0,71.0,-0.169,-0.286,0.332,0.65,210.6,West India Coastal Current (WICC),0.0,NASA OSCAR L4 / INCOIS High-Res Hydrodynamic Ocean Model
4985,2026-08-12,7.0,72.0,-0.24,-0.358,0.431,0.84,213.8,West India Coastal Current (WICC),0.0,NASA OSCAR L4 / INCOIS High-Res Hydrodynamic Ocean Model
4986,2026-08-12,7.0,73.0,-0.09,-0.165,0.188,0.37,208.6,West India Coastal Current (WICC),0.0,NASA OSCAR L4 / INCOIS High-Res Hydrodynamic Ocean Model
4987,2026-08-12,7.0,74.0,-0.266,-0.21,0.339,0.66,231.7,West India Coastal Current (WICC),0.0,NASA OSCAR L4 / INCOIS High-Res Hydrodynamic Ocean Model
4988,2026-08-12,7.0,75.0,-0.315,-0.343,0.466,0.91,222.6,West India Coastal Current (WICC),0.0,NASA OSCAR L4 / INCOIS High-Res Hydrodynamic Ocean Model
4989,2026-08-12,7.0,76.0,-0.283,-0.22,0.358,0.7,232.1,West India Coastal Current (WICC),0.0,NASA OSCAR L4 / INCOIS High-Res Hydrodynamic Ocean Model
4990,2026-08-12,7.0,77.0,0.011,0.037,0.039,0.08,16.6,East India Coastal Current (EICC),0.0,NASA OSCAR L4 / INCOIS High-Res Hydrodynamic Ocean Model
4991,2026-08-12,7.0,78.0,0.324,0.235,0.4,0.78,54.0,East India Coastal Current (EICC),0.0,NASA OSCAR L4 / INCOIS High-Res Hydrodynamic Ocean Model
4992,2026-08-12,7.0,79.0,0.111,0.061,0.127,0.25,61.2,East India Coastal Current (EICC),0.0,NASA OSCAR L4 / INCOIS High-Res Hydrodynamic Ocean Model
4993,2026-08-12,7.0,80.0,0.265,-0.005,0.265,0.52,91.1,East India Coastal Current (EICC),0.0,NASA OSCAR L4 / INCOIS High-Res Hydrodynamic Ocean Model
4994,2026-08-12,7.0,81.0,0.079,0.027,0.083,0.16,71.1,East India Coastal Current (EICC),0.0,NASA OSCAR L4 / INCOIS High-Res Hydrodynamic Ocean Model
4995,2026-08-12,7.0,82.0,0.13,-0.058,0.142,0.28,114.0,East India Coastal Current (EICC),0.0,NASA OSCAR L4 / INCOIS High-Res Hydrodynamic Ocean Model
4996,2026-08-12,7.0,83.0,0.215,0.237,0.32,0.62,42.2,East India Coastal Current (EICC),0.0,NASA OSCAR L4 / INCOIS High-Res Hydrodynamic Ocean Model
4997,2026-08-12,7.0,84.0,0.131,0.181,0.223,0.43,35.9,East India Coastal Current (EICC),0.0,NASA OSCAR L4 / INCOIS High-Res Hydrodynamic Ocean Model
4998,2026-08-12,7.0,85.0,0.18,0.105,0.208,0.4,59.7,East India Coastal Current (EICC),0.0,NASA OSCAR L4 / INCOIS High-Res Hydrodynamic Ocean Model
4999,2026-08-12,7.0,86.0,0.118,0.31,0.332,0.65,20.8,East India Coastal Current (EICC),0.0,NASA OSCAR L4 / INCOIS High-Res Hydrodynamic Ocean Model
5000,2026-08-12,7.0,87.0,0.176,-0.079,0.193,0.38,114.2,East India Coastal Current (EICC),0.0,NASA OSCAR L4 / INCOIS High-Res Hydrodynamic Ocean Model
5001,2026-08-12,7.0,88.0,0.204,0.193,0.281,0.55,46.6,East India Coastal Current (EICC),0.0,NASA OSCAR L4 / INCOIS High-Res Hydrodynamic Ocean Model
5002,2026-08-12,7.0,89.0,0.171,0.106,0.201,0.39,58.2,East India Coastal Current (EICC),0.0,NASA OSCAR L4 / INCOIS High-Res Hydrodynamic Ocean Model
5003,2026-08-12,7.0,90.0,0.124,0.122,0.174,0.34,45.5,East India Coastal Current (EICC),0.0,NASA OSCAR L4 / INCOIS High-Res Hydrodynamic Ocean Model
5004,2026-08-12,7.0,91.0,0.281,0.272,0.391,0.76,45.9,East India Coastal Current (EICC),0.0,NASA OSCAR L4 / INCOIS High-Res Hydrodynamic Ocean Model
5005,2026-08-12,7.0,92.0,0.194,0.282,0.342,0.66,34.5,East India Coastal Current (EICC),0.0,NASA OSCAR L4 / INCOIS High-Res Hydrodynamic Ocean Model
5006,2026-08-12,7.0,93.0,0.24,0.251,0.347,0.67,43.7,East India Coastal Current (EICC),0.0,NASA OSCAR L4 / INCOIS High-Res Hydrodynamic Ocean Model
5007,2026-08-12,7.0,94.0,0.251,0.248,0.353,0.69,45.3,East India Coastal Current (EICC),0.0,NASA OSCAR L4 / INCOIS High-Res Hydrodynamic Ocean Model
5008,2026-08-12,8.0,68.0,-0.115,-0.354,0.372,0.72,198.0,West India Coastal Current (WICC),0.0,NASA OSCAR L4 / INCOIS High-Res Hydrodynamic Ocean Model
5009,2026-08-12,8.0,69.0,-0.126,-0.336,0.359,0.7,200.6,West India Coastal Current (WICC),0.0,NASA OSCAR L4 / INCOIS High-Res Hydrodynamic Ocean Model
5010,2026-08-12,8.0,70.0,-0.24,-0.29,0.376,0.73,219.6,West India Coastal Current (WICC),0.0,NASA OSCAR L4 / INCOIS High-Res Hydrodynamic Ocean Model
5011,2026-08-12,8.0,71.0,-0.099,-0.329,0.344,0.67,196.7,West India Coastal Current (WICC),0.0,NASA OSCAR L4 / INCOIS High-Res Hydrodynamic Ocean Model
5012,2026-08-12,8.0,72.0,-0.187,-0.078,0.203,0.39,247.4,West India Coastal Current (WICC),0.0,NASA OSCAR L4 / INCOIS High-Res Hydrodynamic Ocean Model
5013,2026-08-12,8.0,73.0,-0.195,-0.188,0.271,0.53,226.0,West India Coastal Current (WICC),0.0,NASA OSCAR L4 / INCOIS High-Res Hydrodynamic Ocean Model
5014,2026-08-12,8.0,74.0,-0.183,-0.403,0.443,0.86,204.4,West India Coastal Current (WICC),0.0,NASA OSCAR L4 / INCOIS High-Res Hydrodynamic Ocean Model
5015,2026-08-12,8.0,75.0,-0.27,-0.282,0.39,0.76,223.8,West India Coastal Current (WICC),0.0,NASA OSCAR L4 / INCOIS High-Res Hydrodynamic Ocean Model
5016,2026-08-12,8.0,76.0,-0.174,-0.242,0.298,0.58,215.7,West India Coastal Current (WICC),0.0,NASA OSCAR L4 / INCOIS High-Res Hydrodynamic Ocean Model
5017,2026-08-12,8.0,77.0,0.223,0.137,0.262,0.51,58.4,East India Coastal Current (EICC),0.0,NASA OSCAR L4 / INCOIS High-Res Hydrodynamic Ocean Model
5018,2026-08-12,8.0,78.0,0.263,0.315,0.41,0.8,39.9,East India Coastal Current (EICC),0.0,NASA OSCAR L4 / INCOIS High-Res Hydrodynamic Ocean Model
5019,2026-08-12,8.0,79.0,0.346,0.001,0.346,0.67,89.8,East India Coastal Current (EICC),0.0,NASA OSCAR L4 / INCOIS High-Res Hydrodynamic Ocean Model
5020,2026-08-12,8.0,80.0,0.275,0.077,0.286,0.56,74.4,East India Coastal Current (EICC),0.0,NASA OSCAR L4 / INCOIS High-Res Hydrodynamic Ocean Model
5021,2026-08-12,8.0,81.0,0.178,0.401,0.439,0.85,23.9,East India Coastal Current (EICC),0.0,NASA OSCAR L4 / INCOIS High-Res Hydrodynamic Ocean Model
5022,2026-08-12,8.0,82.0,0.267,0.041,0.27,0.52,81.3,East India Coastal Current (EICC),0.0,NASA OSCAR L4 / INCOIS High-Res Hydrodynamic Ocean Model
5023,2026-08-12,8.0,83.0,0.109,0.062,0.125,0.24,60.4,East India Coastal Current (EICC),0.0,NASA OSCAR L4 / INCOIS High-Res Hydrodynamic Ocean Model
5024,2026-08-12,8.0,84.0,0.17,0.131,0.215,0.42,52.4,East India Coastal Current (EICC),0.0,NASA OSCAR L4 / INCOIS High-Res Hydrodynamic Ocean Model
5025,2026-08-12,8.0,85.0,0.16,0.166,0.231,0.45,43.9,East India Coastal Current (EICC),0.0,NASA OSCAR L4 / INCOIS High-Res Hydrodynamic Ocean Model
5026,2026-08-12,8.0,86.0,0.173,0.167,0.24,0.47,46.0,East India Coastal Current (EICC),0.0,NASA OSCAR L4 / INCOIS High-Res Hydrodynamic Ocean Model
5027,2026-08-12,8.0,87.0,0.355,-0.059,0.36,0.7,99.4,East India Coastal Current (EICC),0.0,NASA OSCAR L4 / INCOIS High-Res Hydrodynamic Ocean Model
5028,2026-08-12,8.0,88.0,0.054,0.048,0.072,0.14,48.4,East India Coastal Current (EICC),0.0,NASA OSCAR L4 / INCOIS High-Res Hydrodynamic Ocean Model
5029,2026-08-12,8.0,89.0,0.073,0.133,0.152,0.3,28.8,East India Coastal Current (EICC),0.0,NASA OSCAR L4 / INCOIS High-Res Hydrodynamic Ocean Model
5030,2026-08-12,8.0,90.0,0.307,0.241,0.39,0.76,51.9,East India Coastal Current (EICC),0.0,NASA OSCAR L4 / INCOIS High-Res Hydrodynamic Ocean Model
5031,2026-08-12,8.0,91.0,0.291,-0.012,0.291,0.57,92.4,East India Coastal Current (EICC),0.0,NASA OSCAR L4 / INCOIS High-Res Hydrodynamic Ocean Model
5032,2026-08-12,8.0,92.0,0.186,0.025,0.188,0.37,82.3,East India Coastal Current (EICC),0.0,NASA OSCAR L4 / INCOIS High-Res Hydrodynamic Ocean Model
5033,2026-08-12,8.0,93.0,0.442,0.255,0.51,0.99,60.0,East India Coastal Current (EICC),0.0,NASA OSCAR L4 / INCOIS High-Res Hydrodynamic Ocean Model
5034,2026-08-12,8.0,94.0,0.1,0.33,0.345,0.67,16.9,East India Coastal Current (EICC),0.0,NASA OSCAR L4 / INCOIS High-Res Hydrodynamic Ocean Model
5035,2026-08-12,9.0,68.0,-0.174,-0.433,0.467,0.91,201.9,West India Coastal Current (WICC),0.0,NASA OSCAR L4 / INCOIS High-Res Hydrodynamic Ocean Model
5036,2026-08-12,9.0,69.0,-0.207,-0.132,0.246,0.48,237.5,West India Coastal Current (WICC),0.0,NASA OSCAR L4 / INCOIS High-Res Hydrodynamic Ocean Model
5037,2026-08-12,9.0,70.0,-0.182,-0.221,0.286,0.56,219.5,West India Coastal Current (WICC),0.0,NASA OSCAR L4 / INCOIS High-Res Hydrodynamic Ocean Model
5038,2026-08-12,9.0,71.0,-0.129,-0.199,0.237,0.46,213.0,West India Coastal Current (WICC),0.0,NASA OSCAR L4 / INCOIS High-Res Hydrodynamic Ocean Model
5039,2026-08-12,9.0,72.0,-0.124,-0.206,0.24,0.47,211.0,West India Coastal Current (WICC),0.0,NASA OSCAR L4 / INCOIS High-Res Hydrodynamic Ocean Model
5040,2026-08-12,9.0,73.0,-0.089,-0.154,0.178,0.35,210.0,West India Coastal Current (WICC),0.0,NASA OSCAR L4 / INCOIS High-Res Hydrodynamic Ocean Model
5041,2026-08-12,9.0,85.0,0.016,0.159,0.16,0.31,5.7,East India Coastal Current (EICC),0.0,NASA OSCAR L4 / INCOIS High-Res Hydrodynamic Ocean Model
5042,2026-08-12,9.0,86.0,0.145,0.305,0.338,0.66,25.4,East India Coastal Current (EICC),0.0,NASA OSCAR L4 / INCOIS High-Res Hydrodynamic Ocean Model
5043,2026-08-12,9.0,87.0,0.142,0.197,0.243,0.47,35.8,East India Coastal Current (EICC),0.0,NASA OSCAR L4 / INCOIS High-Res Hydrodynamic Ocean Model
5044,2026-08-12,9.0,88.0,0.308,-0.003,0.308,0.6,90.6,East India Coastal Current (EICC),0.0,NASA OSCAR L4 / INCOIS High-Res Hydrodynamic Ocean Model
5045,2026-08-12,9.0,89.0,0.142,0.139,0.199,0.39,45.6,East India Coastal Current (EICC),0.0,NASA OSCAR L4 / INCOIS High-Res Hydrodynamic Ocean Model
5046,2026-08-12,9.0,90.0,0.263,0.09,0.278,0.54,71.1,East India Coastal Current (EICC),0.0,NASA OSCAR L4 / INCOIS High-Res Hydrodynamic Ocean Model
5047,2026-08-12,9.0,91.0,0.218,0.053,0.224,0.44,76.3,East India Coastal Current (EICC),0.0,NASA OSCAR L4 / INCOIS High-Res Hydrodynamic Ocean Model
5048,2026-08-12,9.0,92.0,0.108,0.17,0.201,0.39,32.4,East India Coastal Current (EICC),0.0,NASA OSCAR L4 / INCOIS High-Res Hydrodynamic Ocean Model
5049,2026-08-12,9.0,93.0,0.247,0.186,0.309,0.6,53.0,East India Coastal Current (EICC),0.0,NASA OSCAR L4 / INCOIS High-Res Hydrodynamic Ocean Model
5050,2026-08-12,9.0,94.0,0.073,0.148,0.165,0.32,26.3,East India Coastal Current (EICC),0.0,NASA OSCAR L4 / INCOIS High-Res Hydrodynamic Ocean Model
5051,2026-08-12,10.0,68.0,-0.121,-0.262,0.289,0.56,204.8,West India Coastal Current (WICC),0.0,NASA OSCAR L4 / INCOIS High-Res Hydrodynamic Ocean Model
5052,2026-08-12,10.0,69.0,-0.21,-0.187,0.281,0.55,228.3,West India Coastal Current (WICC),0.0,NASA OSCAR L4 / INCOIS High-Res Hydrodynamic Ocean Model
5053,2026-08-12,10.0,70.0,-0.078,-0.161,0.179,0.35,205.8,West India Coastal Current (WICC),0.0,NASA OSCAR L4 / INCOIS High-Res Hydrodynamic Ocean Model
5054,2026-08-12,10.0,71.0,-0.021,-0.246,0.247,0.48,184.9,West India Coastal Current (WICC),0.0,NASA OSCAR L4 / INCOIS High-Res Hydrodynamic Ocean Model
5055,2026-08-12,10.0,72.0,-0.116,-0.153,0.192,0.37,217.2,West India Coastal Current (WICC),0.0,NASA OSCAR L4 / INCOIS High-Res Hydrodynamic Ocean Model
5056,2026-08-12,10.0,73.0,-0.257,-0.235,0.348,0.68,227.6,West India Coastal Current (WICC),0.0,NASA OSCAR L4 / INCOIS High-Res Hydrodynamic Ocean Model
5057,2026-08-12,10.0,85.0,0.227,0.248,0.336,0.65,42.5,East India Coastal Current (EICC),0.0,NASA OSCAR L4 / INCOIS High-Res Hydrodynamic Ocean Model
5058,2026-08-12,10.0,86.0,0.15,0.243,0.286,0.56,31.7,East India Coastal Current (EICC),0.0,NASA OSCAR L4 / INCOIS High-Res Hydrodynamic Ocean Model
5059,2026-08-12,10.0,87.0,0.131,0.227,0.262,0.51,30.0,East India Coastal Current (EICC),0.0,NASA OSCAR L4 / INCOIS High-Res Hydrodynamic Ocean Model
5060,2026-08-12,10.0,88.0,0.192,0.325,0.377,0.73,30.6,East India Coastal Current (EICC),0.0,NASA OSCAR L4 / INCOIS High-Res Hydrodynamic Ocean Model
5061,2026-08-12,10.0,89.0,0.229,0.184,0.294,0.57,51.2,East India Coastal Current (EICC),0.0,NASA OSCAR L4 / INCOIS High-Res Hydrodynamic Ocean Model
5062,2026-08-12,10.0,90.0,0.265,0.284,0.388,0.75,43.0,East India Coastal Current (EICC),0.0,NASA OSCAR L4 / INCOIS High-Res Hydrodynamic Ocean Model
5063,2026-08-12,10.0,91.0,0.2,0.169,0.262,0.51,49.8,East India Coastal Current (EICC),0.0,NASA OSCAR L4 / INCOIS High-Res Hydrodynamic Ocean Model
5064,2026-08-12,10.0,92.0,0.267,0.028,0.268,0.52,84.0,East India Coastal Current (EICC),0.0,NASA OSCAR L4 / INCOIS High-Res Hydrodynamic Ocean Model
5065,2026-08-12,10.0,93.0,0.221,0.162,0.274,0.53,53.8,East India Coastal Current (EICC),0.0,NASA OSCAR L4 / INCOIS High-Res Hydrodynamic Ocean Model
5066,2026-08-12,10.0,94.0,0.294,0.02,0.295,0.57,86.1,East India Coastal Current (EICC),0.0,NASA OSCAR L4 / INCOIS High-Res Hydrodynamic Ocean Model
5067,2026-08-12,11.0,68.0,-0.067,-0.309,0.316,0.61,192.2,West India Coastal Current (WICC),0.0,NASA OSCAR L4 / INCOIS High-Res Hydrodynamic Ocean Model
5068,2026-08-12,11.0,69.0,-0.126,-0.167,0.209,0.41,217.0,West India Coastal Current (WICC),0.0,NASA OSCAR L4 / INCOIS High-Res Hydrodynamic Ocean Model
5069,2026-08-12,11.0,70.0,-0.021,-0.453,0.453,0.88,182.7,West India Coastal Current (WICC),0.0,NASA OSCAR L4 / INCOIS High-Res Hydrodynamic Ocean Model
5070,2026-08-12,11.0,71.0,-0.039,-0.236,0.239,0.46,189.4,West India Coastal Current (WICC),0.0,NASA OSCAR L4 / INCOIS High-Res Hydrodynamic Ocean Model
5071,2026-08-12,11.0,72.0,-0.083,-0.242,0.256,0.5,198.9,West India Coastal Current (WICC),0.0,NASA OSCAR L4 / INCOIS High-Res Hydrodynamic Ocean Model
5072,2026-08-12,11.0,73.0,-0.185,-0.251,0.312,0.61,216.4,West India Coastal Current (WICC),0.0,NASA OSCAR L4 / INCOIS High-Res Hydrodynamic Ocean Model
5073,2026-08-12,11.0,85.0,0.241,0.17,0.295,0.57,54.8,East India Coastal Current (EICC),0.0,NASA OSCAR L4 / INCOIS High-Res Hydrodynamic Ocean Model
5074,2026-08-12,11.0,86.0,0.267,0.217,0.344,0.67,50.9,East India Coastal Current (EICC),0.0,NASA OSCAR L4 / INCOIS High-Res Hydrodynamic Ocean Model
5075,2026-08-12,11.0,87.0,0.242,-0.01,0.242,0.47,92.4,East India Coastal Current (EICC),0.0,NASA OSCAR L4 / INCOIS High-Res Hydrodynamic Ocean Model
5076,2026-08-12,11.0,88.0,0.152,0.229,0.275,0.53,33.6,East India Coastal Current (EICC),0.0,NASA OSCAR L4 / INCOIS High-Res Hydrodynamic Ocean Model
5077,2026-08-12,11.0,89.0,0.075,0.221,0.233,0.45,18.7,East India Coastal Current (EICC),0.0,NASA OSCAR L4 / INCOIS High-Res Hydrodynamic Ocean Model
5078,2026-08-12,11.0,90.0,0.291,0.188,0.346,0.67,57.1,East India Coastal Current (EICC),0.0,NASA OSCAR L4 / INCOIS High-Res Hydrodynamic Ocean Model
5079,2026-08-12,11.0,91.0,0.199,0.211,0.29,0.56,43.3,East India Coastal Current (EICC),0.0,NASA OSCAR L4 / INCOIS High-Res Hydrodynamic Ocean Model
5080,2026-08-12,11.0,92.0,0.241,0.09,0.257,0.5,69.5,East India Coastal Current (EICC),0.0,NASA OSCAR L4 / INCOIS High-Res Hydrodynamic Ocean Model
5081,2026-08-12,11.0,93.0,0.068,-0.02,0.071,0.14,106.4,East India Coastal Current (EICC),0.0,NASA OSCAR L4 / INCOIS High-Res Hydrodynamic Ocean Model
5082,2026-08-12,11.0,94.0,0.265,0.111,0.287,0.56,67.3,East India Coastal Current (EICC),0.0,NASA OSCAR L4 / INCOIS High-Res Hydrodynamic Ocean Model
5083,2026-08-12,12.0,68.0,-0.189,-0.086,0.208,0.4,245.5,West India Coastal Current (WICC),0.0,NASA OSCAR L4 / INCOIS High-Res Hydrodynamic Ocean Model
5084,2026-08-12,12.0,69.0,0.004,-0.323,0.323,0.63,179.3,West India Coastal Current (WICC),0.0,NASA OSCAR L4 / INCOIS High-Res Hydrodynamic Ocean Model
5085,2026-08-12,12.0,70.0,-0.048,-0.301,0.305,0.59,189.1,West India Coastal Current (WICC),0.0,NASA OSCAR L4 / INCOIS High-Res Hydrodynamic Ocean Model
5086,2026-08-12,12.0,71.0,-0.098,-0.299,0.315,0.61,198.1,West India Coastal Current (WICC),0.0,NASA OSCAR L4 / INCOIS High-Res Hydrodynamic Ocean Model
5087,2026-08-12,12.0,72.0,-0.143,-0.205,0.25,0.49,214.9,West India Coastal Current (WICC),0.0,NASA OSCAR L4 / INCOIS High-Res Hydrodynamic Ocean Model
5088,2026-08-12,12.0,73.0,-0.181,-0.254,0.312,0.61,215.5,West India Coastal Current (WICC),0.0,NASA OSCAR L4 / INCOIS High-Res Hydrodynamic Ocean Model
5089,2026-08-12,12.0,85.0,0.337,0.048,0.34,0.66,81.9,East India Coastal Current (EICC),0.0,NASA OSCAR L4 / INCOIS High-Res Hydrodynamic Ocean Model
5090,2026-08-12,12.0,86.0,0.355,0.219,0.417,0.81,58.3,East India Coastal Current (EICC),0.0,NASA OSCAR L4 / INCOIS High-Res Hydrodynamic Ocean Model
5091,2026-08-12,12.0,87.0,0.222,0.211,0.306,0.59,46.5,East India Coastal Current (EICC),0.0,NASA OSCAR L4 / INCOIS High-Res Hydrodynamic Ocean Model
5092,2026-08-12,12.0,88.0,0.155,0.126,0.2,0.39,50.9,East India Coastal Current (EICC),0.0,NASA OSCAR L4 / INCOIS High-Res Hydrodynamic Ocean Model
5093,2026-08-12,12.0,89.0,0.243,0.203,0.317,0.62,50.1,East India Coastal Current (EICC),0.0,NASA OSCAR L4 / INCOIS High-Res Hydrodynamic Ocean Model
5094,2026-08-12,12.0,90.0,0.152,0.162,0.222,0.43,43.2,East India Coastal Current (EICC),0.0,NASA OSCAR L4 / INCOIS High-Res Hydrodynamic Ocean Model
5095,2026-08-12,12.0,91.0,0.176,0.157,0.236,0.46,48.3,East India Coastal Current (EICC),0.0,NASA OSCAR L4 / INCOIS High-Res Hydrodynamic Ocean Model
5096,2026-08-12,12.0,92.0,0.2,-0.029,0.202,0.39,98.3,East India Coastal Current (EICC),0.0,NASA OSCAR L4 / INCOIS High-Res Hydrodynamic Ocean Model
5097,2026-08-12,12.0,93.0,0.184,0.182,0.259,0.5,45.3,East India Coastal Current (EICC),0.0,NASA OSCAR L4 / INCOIS High-Res Hydrodynamic Ocean Model
5098,2026-08-12,12.0,94.0,0.138,0.025,0.14,0.27,79.7,East India Coastal Current (EICC),0.0,NASA OSCAR L4 / INCOIS High-Res Hydrodynamic Ocean Model
5099,2026-08-12,13.0,68.0,-0.027,-0.322,0.323,0.63,184.8,West India Coastal Current (WICC),0.0,NASA OSCAR L4 / INCOIS High-Res Hydrodynamic Ocean Model
5100,2026-08-12,13.0,69.0,-0.055,-0.342,0.346,0.67,189.1,West India Coastal Current (WICC),0.0,NASA OSCAR L4 / INCOIS High-Res Hydrodynamic Ocean Model
5101,2026-08-12,13.0,70.0,-0.295,-0.174,0.342,0.66,239.5,West India Coastal Current (WICC),0.0,NASA OSCAR L4 / INCOIS High-Res Hydrodynamic Ocean Model
5102,2026-08-12,13.0,71.0,-0.224,-0.332,0.4,0.78,214.0,West India Coastal Current (WICC),0.0,NASA OSCAR L4 / INCOIS High-Res Hydrodynamic Ocean Model
5103,2026-08-12,13.0,72.0,-0.141,-0.396,0.42,0.82,199.6,West India Coastal Current (WICC),0.0,NASA OSCAR L4 / INCOIS High-Res Hydrodynamic Ocean Model
5104,2026-08-12,13.0,73.0,-0.19,-0.344,0.393,0.76,208.9,West India Coastal Current (WICC),0.0,NASA OSCAR L4 / INCOIS High-Res Hydrodynamic Ocean Model
5105,2026-08-12,13.0,85.0,0.073,0.149,0.166,0.32,26.1,East India Coastal Current (EICC),0.0,NASA OSCAR L4 / INCOIS High-Res Hydrodynamic Ocean Model
5106,2026-08-12,13.0,86.0,0.226,0.156,0.275,0.53,55.4,East India Coastal Current (EICC),0.0,NASA OSCAR L4 / INCOIS High-Res Hydrodynamic Ocean Model
5107,2026-08-12,13.0,87.0,0.273,0.322,0.422,0.82,40.3,East India Coastal Current (EICC),0.0,NASA OSCAR L4 / INCOIS High-Res Hydrodynamic Ocean Model
5108,2026-08-12,13.0,88.0,0.278,0.126,0.305,0.59,65.6,East India Coastal Current (EICC),0.0,NASA OSCAR L4 / INCOIS High-Res Hydrodynamic Ocean Model
5109,2026-08-12,13.0,89.0,0.285,-0.089,0.299,0.58,107.3,East India Coastal Current (EICC),0.0,NASA OSCAR L4 / INCOIS High-Res Hydrodynamic Ocean Model
5110,2026-08-12,13.0,90.0,-0.021,0.181,0.182,0.35,353.4,East India Coastal Current (EICC),0.0,NASA OSCAR L4 / INCOIS High-Res Hydrodynamic Ocean Model
5111,2026-08-12,13.0,91.0,0.221,0.194,0.294,0.57,48.7,East India Coastal Current (EICC),0.0,NASA OSCAR L4 / INCOIS High-Res Hydrodynamic Ocean Model
5112,2026-08-12,13.0,92.0,0.251,0.004,0.251,0.49,89.1,East India Coastal Current (EICC),0.0,NASA OSCAR L4 / INCOIS High-Res Hydrodynamic Ocean Model
5113,2026-08-12,13.0,93.0,0.273,0.08,0.284,0.55,73.7,East India Coastal Current (EICC),0.0,NASA OSCAR L4 / INCOIS High-Res Hydrodynamic Ocean Model
5114,2026-08-12,13.0,94.0,0.229,0.08,0.243,0.47,70.7,East India Coastal Current (EICC),0.0,NASA OSCAR L4 / INCOIS High-Res Hydrodynamic Ocean Model
5115,2026-08-12,14.0,68.0,-0.174,-0.263,0.315,0.61,213.5,West India Coastal Current (WICC),0.0,NASA OSCAR L4 / INCOIS High-Res Hydrodynamic Ocean Model
5116,2026-08-12,14.0,69.0,-0.241,-0.17,0.295,0.57,234.8,West India Coastal Current (WICC),0.0,NASA OSCAR L4 / INCOIS High-Res Hydrodynamic Ocean Model
5117,2026-08-12,14.0,70.0,-0.187,-0.177,0.257,0.5,226.6,West India Coastal Current (WICC),0.0,NASA OSCAR L4 / INCOIS High-Res Hydrodynamic Ocean Model
5118,2026-08-12,14.0,71.0,-0.191,-0.324,0.376,0.73,210.5,West India Coastal Current (WICC),0.0,NASA OSCAR L4 / INCOIS High-Res Hydrodynamic Ocean Model
5119,2026-08-12,14.0,72.0,-0.241,-0.251,0.348,0.68,223.8,West India Coastal Current (WICC),0.0,NASA OSCAR L4 / INCOIS High-Res Hydrodynamic Ocean Model
5120,2026-08-12,14.0,73.0,-0.114,-0.119,0.165,0.32,223.8,West India Coastal Current (WICC),0.0,NASA OSCAR L4 / INCOIS High-Res Hydrodynamic Ocean Model
5121,2026-08-12,14.0,85.0,0.155,0.128,0.201,0.39,50.4,East India Coastal Current (EICC),0.0,NASA OSCAR L4 / INCOIS High-Res Hydrodynamic Ocean Model
5122,2026-08-12,14.0,86.0,0.228,0.188,0.296,0.58,50.5,East India Coastal Current (EICC),0.0,NASA OSCAR L4 / INCOIS High-Res Hydrodynamic Ocean Model
5123,2026-08-12,14.0,87.0,0.19,0.17,0.255,0.5,48.2,East India Coastal Current (EICC),0.0,NASA OSCAR L4 / INCOIS High-Res Hydrodynamic Ocean Model
5124,2026-08-12,14.0,88.0,0.127,0.043,0.134,0.26,71.3,East India Coastal Current (EICC),0.0,NASA OSCAR L4 / INCOIS High-Res Hydrodynamic Ocean Model
5125,2026-08-12,14.0,89.0,0.072,0.266,0.276,0.54,15.1,East India Coastal Current (EICC),0.0,NASA OSCAR L4 / INCOIS High-Res Hydrodynamic Ocean Model
5126,2026-08-12,14.0,90.0,0.072,0.179,0.193,0.38,21.9,East India Coastal Current (EICC),0.0,NASA OSCAR L4 / INCOIS High-Res Hydrodynamic Ocean Model
5127,2026-08-12,14.0,91.0,0.271,0.237,0.36,0.7,48.8,East India Coastal Current (EICC),0.0,NASA OSCAR L4 / INCOIS High-Res Hydrodynamic Ocean Model
5128,2026-08-12,14.0,92.0,0.25,0.2,0.32,0.62,51.3,East India Coastal Current (EICC),0.0,NASA OSCAR L4 / INCOIS High-Res Hydrodynamic Ocean Model
5129,2026-08-12,14.0,93.0,0.259,0.274,0.377,0.73,43.4,East India Coastal Current (EICC),0.0,NASA OSCAR L4 / INCOIS High-Res Hydrodynamic Ocean Model
5130,2026-08-12,14.0,94.0,0.357,0.175,0.398,0.77,63.9,East India Coastal Current (EICC),0.0,NASA OSCAR L4 / INCOIS High-Res Hydrodynamic Ocean Model
5131,2026-08-12,15.0,68.0,-0.165,-0.381,0.415,0.81,203.4,West India Coastal Current (WICC),0.0,NASA OSCAR L4 / INCOIS High-Res Hydrodynamic Ocean Model
5132,2026-08-12,15.0,69.0,-0.099,-0.349,0.363,0.71,195.8,West India Coastal Current (WICC),0.0,NASA OSCAR L4 / INCOIS High-Res Hydrodynamic Ocean Model
5133,2026-08-12,15.0,70.0,-0.243,-0.281,0.371,0.72,220.9,West India Coastal Current (WICC),0.0,NASA OSCAR L4 / INCOIS High-Res Hydrodynamic Ocean Model
5134,2026-08-12,15.0,71.0,-0.131,-0.107,0.169,0.33,230.8,West India Coastal Current (WICC),0.0,NASA OSCAR L4 / INCOIS High-Res Hydrodynamic Ocean Model
5135,2026-08-12,15.0,72.0,-0.159,-0.246,0.293,0.57,212.9,West India Coastal Current (WICC),0.0,NASA OSCAR L4 / INCOIS High-Res Hydrodynamic Ocean Model
5136,2026-08-12,15.0,73.0,-0.22,-0.286,0.361,0.7,217.6,West India Coastal Current (WICC),0.0,NASA OSCAR L4 / INCOIS High-Res Hydrodynamic Ocean Model
5137,2026-08-12,15.0,85.0,0.09,0.194,0.214,0.42,24.9,East India Coastal Current (EICC),0.0,NASA OSCAR L4 / INCOIS High-Res Hydrodynamic Ocean Model
5138,2026-08-12,15.0,86.0,0.033,0.03,0.045,0.09,47.7,East India Coastal Current (EICC),0.0,NASA OSCAR L4 / INCOIS High-Res Hydrodynamic Ocean Model
5139,2026-08-12,15.0,87.0,0.291,0.289,0.41,0.8,45.2,East India Coastal Current (EICC),0.0,NASA OSCAR L4 / INCOIS High-Res Hydrodynamic Ocean Model
5140,2026-08-12,15.0,88.0,0.212,0.099,0.234,0.45,65.0,East India Coastal Current (EICC),0.0,NASA OSCAR L4 / INCOIS High-Res Hydrodynamic Ocean Model
5141,2026-08-12,15.0,89.0,0.228,0.153,0.275,0.53,56.1,East India Coastal Current (EICC),0.0,NASA OSCAR L4 / INCOIS High-Res Hydrodynamic Ocean Model
5142,2026-08-12,15.0,90.0,0.211,0.056,0.218,0.42,75.1,East India Coastal Current (EICC),0.0,NASA OSCAR L4 / INCOIS High-Res Hydrodynamic Ocean Model
5143,2026-08-12,15.0,91.0,0.158,0.056,0.168,0.33,70.5,East India Coastal Current (EICC),0.0,NASA OSCAR L4 / INCOIS High-Res Hydrodynamic Ocean Model
5144,2026-08-12,15.0,92.0,0.212,0.197,0.289,0.56,47.1,East India Coastal Current (EICC),0.0,NASA OSCAR L4 / INCOIS High-Res Hydrodynamic Ocean Model
5145,2026-08-12,15.0,93.0,0.275,0.073,0.285,0.55,75.1,East India Coastal Current (EICC),0.0,NASA OSCAR L4 / INCOIS High-Res Hydrodynamic Ocean Model
5146,2026-08-12,15.0,94.0,0.223,0.263,0.345,0.67,40.3,East India Coastal Current (EICC),0.0,NASA OSCAR L4 / INCOIS High-Res Hydrodynamic Ocean Model
5147,2026-08-12,16.0,68.0,-0.275,-0.179,0.328,0.64,236.9,West India Coastal Current (WICC),0.0,NASA OSCAR L4 / INCOIS High-Res Hydrodynamic Ocean Model
5148,2026-08-12,16.0,69.0,-0.219,-0.27,0.348,0.68,219.0,West India Coastal Current (WICC),0.0,NASA OSCAR L4 / INCOIS High-Res Hydrodynamic Ocean Model
5149,2026-08-12,16.0,70.0,-0.128,-0.328,0.352,0.68,201.3,West India Coastal Current (WICC),0.0,NASA OSCAR L4 / INCOIS High-Res Hydrodynamic Ocean Model
5150,2026-08-12,16.0,71.0,-0.243,-0.173,0.298,0.58,234.6,West India Coastal Current (WICC),0.0,NASA OSCAR L4 / INCOIS High-Res Hydrodynamic Ocean Model
5151,2026-08-12,16.0,72.0,-0.291,-0.188,0.346,0.67,237.1,West India Coastal Current (WICC),0.0,NASA OSCAR L4 / INCOIS High-Res Hydrodynamic Ocean Model
5152,2026-08-12,16.0,73.0,-0.076,-0.343,0.351,0.68,192.5,West India Coastal Current (WICC),0.0,NASA OSCAR L4 / INCOIS High-Res Hydrodynamic Ocean Model
5153,2026-08-12,16.0,85.0,0.133,0.177,0.221,0.43,36.9,East India Coastal Current (EICC),0.0,NASA OSCAR L4 / INCOIS High-Res Hydrodynamic Ocean Model
5154,2026-08-12,16.0,86.0,0.238,0.328,0.405,0.79,36.0,East India Coastal Current (EICC),0.0,NASA OSCAR L4 / INCOIS High-Res Hydrodynamic Ocean Model
5155,2026-08-12,16.0,87.0,0.182,0.15,0.236,0.46,50.5,East India Coastal Current (EICC),0.0,NASA OSCAR L4 / INCOIS High-Res Hydrodynamic Ocean Model
5156,2026-08-12,16.0,88.0,0.306,-0.014,0.306,0.59,92.6,East India Coastal Current (EICC),0.0,NASA OSCAR L4 / INCOIS High-Res Hydrodynamic Ocean Model
5157,2026-08-12,16.0,89.0,0.27,0.277,0.387,0.75,44.3,East India Coastal Current (EICC),0.0,NASA OSCAR L4 / INCOIS High-Res Hydrodynamic Ocean Model
5158,2026-08-12,16.0,90.0,0.219,0.161,0.272,0.53,53.7,East India Coastal Current (EICC),0.0,NASA OSCAR L4 / INCOIS High-Res Hydrodynamic Ocean Model
5159,2026-08-12,16.0,91.0,0.294,0.055,0.299,0.58,79.4,East India Coastal Current (EICC),0.0,NASA OSCAR L4 / INCOIS High-Res Hydrodynamic Ocean Model
5160,2026-08-12,16.0,92.0,0.084,0.331,0.341,0.66,14.2,East India Coastal Current (EICC),0.0,NASA OSCAR L4 / INCOIS High-Res Hydrodynamic Ocean Model
5161,2026-08-12,16.0,93.0,0.328,0.288,0.436,0.85,48.7,East India Coastal Current (EICC),0.0,NASA OSCAR L4 / INCOIS High-Res Hydrodynamic Ocean Model
5162,2026-08-12,16.0,94.0,0.209,-0.043,0.213,0.41,101.6,East India Coastal Current (EICC),0.0,NASA OSCAR L4 / INCOIS High-Res Hydrodynamic Ocean Model
5163,2026-08-12,17.0,68.0,-0.19,-0.06,0.199,0.39,252.5,West India Coastal Current (WICC),0.0,NASA OSCAR L4 / INCOIS High-Res Hydrodynamic Ocean Model
5164,2026-08-12,17.0,69.0,-0.2,-0.396,0.444,0.86,206.8,West India Coastal Current (WICC),0.0,NASA OSCAR L4 / INCOIS High-Res Hydrodynamic Ocean Model
5165,2026-08-12,17.0,70.0,-0.156,-0.265,0.308,0.6,210.5,West India Coastal Current (WICC),0.0,NASA OSCAR L4 / INCOIS High-Res Hydrodynamic Ocean Model
5166,2026-08-12,17.0,71.0,-0.061,-0.244,0.252,0.49,194.0,West India Coastal Current (WICC),0.0,NASA OSCAR L4 / INCOIS High-Res Hydrodynamic Ocean Model
5167,2026-08-12,17.0,72.0,-0.149,-0.176,0.231,0.45,220.3,West India Coastal Current (WICC),0.0,NASA OSCAR L4 / INCOIS High-Res Hydrodynamic Ocean Model
5168,2026-08-12,17.0,73.0,-0.245,-0.267,0.362,0.7,222.5,West India Coastal Current (WICC),0.0,NASA OSCAR L4 / INCOIS High-Res Hydrodynamic Ocean Model
5169,2026-08-12,17.0,85.0,0.127,0.026,0.13,0.25,78.4,East India Coastal Current (EICC),0.0,NASA OSCAR L4 / INCOIS High-Res Hydrodynamic Ocean Model
5170,2026-08-12,17.0,86.0,0.266,0.251,0.366,0.71,46.7,East India Coastal Current (EICC),0.0,NASA OSCAR L4 / INCOIS High-Res Hydrodynamic Ocean Model
5171,2026-08-12,17.0,87.0,0.083,0.123,0.148,0.29,34.0,East India Coastal Current (EICC),0.0,NASA OSCAR L4 / INCOIS High-Res Hydrodynamic Ocean Model
5172,2026-08-12,17.0,88.0,0.161,-0.019,0.162,0.31,96.7,East India Coastal Current (EICC),0.0,NASA OSCAR L4 / INCOIS High-Res Hydrodynamic Ocean Model
5173,2026-08-12,17.0,89.0,0.137,0.122,0.183,0.36,48.3,East India Coastal Current (EICC),0.0,NASA OSCAR L4 / INCOIS High-Res Hydrodynamic Ocean Model
5174,2026-08-12,17.0,90.0,0.227,0.03,0.229,0.45,82.5,East India Coastal Current (EICC),0.0,NASA OSCAR L4 / INCOIS High-Res Hydrodynamic Ocean Model
5175,2026-08-12,17.0,91.0,0.003,0.33,0.33,0.64,0.5,East India Coastal Current (EICC),0.0,NASA OSCAR L4 / INCOIS High-Res Hydrodynamic Ocean Model
5176,2026-08-12,17.0,92.0,0.202,0.071,0.214,0.42,70.6,East India Coastal Current (EICC),0.0,NASA OSCAR L4 / INCOIS High-Res Hydrodynamic Ocean Model
5177,2026-08-12,17.0,93.0,0.129,0.302,0.328,0.64,23.1,East India Coastal Current (EICC),0.0,NASA OSCAR L4 / INCOIS High-Res Hydrodynamic Ocean Model
5178,2026-08-12,17.0,94.0,0.169,0.379,0.415,0.81,24.0,East India Coastal Current (EICC),0.0,NASA OSCAR L4 / INCOIS High-Res Hydrodynamic Ocean Model
5179,2026-08-12,18.0,68.0,-0.147,-0.256,0.295,0.57,209.9,West India Coastal Current (WICC),0.0,NASA OSCAR L4 / INCOIS High-Res Hydrodynamic Ocean Model
5180,2026-08-12,18.0,69.0,-0.3,-0.284,0.413,0.8,226.6,West India Coastal Current (WICC),0.0,NASA OSCAR L4 / INCOIS High-Res Hydrodynamic Ocean Model
5181,2026-08-12,18.0,70.0,-0.226,-0.199,0.301,0.59,228.6,West India Coastal Current (WICC),0.0,NASA OSCAR L4 / INCOIS High-Res Hydrodynamic Ocean Model
5182,2026-08-12,18.0,71.0,-0.171,-0.299,0.344,0.67,209.8,West India Coastal Current (WICC),0.0,NASA OSCAR L4 / INCOIS High-Res Hydrodynamic Ocean Model
5183,2026-08-12,18.0,72.0,0.0,-0.232,0.232,0.45,180.0,West India Coastal Current (WICC),0.0,NASA OSCAR L4 / INCOIS High-Res Hydrodynamic Ocean Model
5184,2026-08-12,18.0,73.0,-0.246,-0.199,0.316,0.61,231.0,West India Coastal Current (WICC),0.0,NASA OSCAR L4 / INCOIS High-Res Hydrodynamic Ocean Model
5185,2026-08-12,18.0,85.0,0.225,0.051,0.231,0.45,77.2,East India Coastal Current (EICC),0.0,NASA OSCAR L4 / INCOIS High-Res Hydrodynamic Ocean Model
5186,2026-08-12,18.0,86.0,0.215,0.201,0.294,0.57,46.9,East India Coastal Current (EICC),0.0,NASA OSCAR L4 / INCOIS High-Res Hydrodynamic Ocean Model
5187,2026-08-12,18.0,87.0,0.271,0.187,0.329,0.64,55.4,East India Coastal Current (EICC),0.0,NASA OSCAR L4 / INCOIS High-Res Hydrodynamic Ocean Model
5188,2026-08-12,18.0,88.0,0.237,0.253,0.347,0.67,43.1,East India Coastal Current (EICC),0.0,NASA OSCAR L4 / INCOIS High-Res Hydrodynamic Ocean Model
5189,2026-08-12,18.0,89.0,0.324,0.26,0.415,0.81,51.3,East India Coastal Current (EICC),0.0,NASA OSCAR L4 / INCOIS High-Res Hydrodynamic Ocean Model
5190,2026-08-12,18.0,90.0,0.153,0.171,0.229,0.45,41.8,East India Coastal Current (EICC),0.0,NASA OSCAR L4 / INCOIS High-Res Hydrodynamic Ocean Model
5191,2026-08-12,18.0,91.0,0.209,0.199,0.289,0.56,46.4,East India Coastal Current (EICC),0.0,NASA OSCAR L4 / INCOIS High-Res Hydrodynamic Ocean Model
5192,2026-08-12,18.0,92.0,0.168,0.131,0.213,0.41,52.1,East India Coastal Current (EICC),0.0,NASA OSCAR L4 / INCOIS High-Res Hydrodynamic Ocean Model
5193,2026-08-12,18.0,93.0,0.178,0.177,0.251,0.49,45.2,East India Coastal Current (EICC),0.0,NASA OSCAR L4 / INCOIS High-Res Hydrodynamic Ocean Model
5194,2026-08-12,18.0,94.0,0.198,0.083,0.215,0.42,67.3,East India Coastal Current (EICC),0.0,NASA OSCAR L4 / INCOIS High-Res Hydrodynamic Ocean Model
5195,2026-08-12,19.0,68.0,-0.176,-0.074,0.191,0.37,247.2,West India Coastal Current (WICC),0.0,NASA OSCAR L4 / INCOIS High-Res Hydrodynamic Ocean Model
5196,2026-08-12,19.0,69.0,-0.189,-0.294,0.35,0.68,212.7,West India Coastal Current (WICC),0.0,NASA OSCAR L4 / INCOIS High-Res Hydrodynamic Ocean Model
5197,2026-08-12,19.0,70.0,-0.149,-0.291,0.327,0.64,207.1,West India Coastal Current (WICC),0.0,NASA OSCAR L4 / INCOIS High-Res Hydrodynamic Ocean Model
5198,2026-08-12,19.0,71.0,-0.049,-0.272,0.276,0.54,190.2,West India Coastal Current (WICC),0.0,NASA OSCAR L4 / INCOIS High-Res Hydrodynamic Ocean Model
5199,2026-08-12,19.0,72.0,-0.117,-0.245,0.272,0.53,205.5,West India Coastal Current (WICC),0.0,NASA OSCAR L4 / INCOIS High-Res Hydrodynamic Ocean Model
5200,2026-08-12,19.0,73.0,-0.166,-0.412,0.444,0.86,201.9,West India Coastal Current (WICC),0.0,NASA OSCAR L4 / INCOIS High-Res Hydrodynamic Ocean Model
5201,2026-08-12,19.0,85.0,0.197,0.199,0.28,0.54,44.7,East India Coastal Current (EICC),0.0,NASA OSCAR L4 / INCOIS High-Res Hydrodynamic Ocean Model
5202,2026-08-12,19.0,86.0,0.264,0.336,0.427,0.83,38.2,East India Coastal Current (EICC),0.0,NASA OSCAR L4 / INCOIS High-Res Hydrodynamic Ocean Model
5203,2026-08-12,19.0,87.0,0.19,0.202,0.277,0.54,43.2,East India Coastal Current (EICC),0.0,NASA OSCAR L4 / INCOIS High-Res Hydrodynamic Ocean Model
5204,2026-08-12,19.0,88.0,0.31,0.358,0.474,0.92,40.9,East India Coastal Current (EICC),0.0,NASA OSCAR L4 / INCOIS High-Res Hydrodynamic Ocean Model
5205,2026-08-12,19.0,89.0,0.184,0.171,0.251,0.49,47.1,East India Coastal Current (EICC),0.0,NASA OSCAR L4 / INCOIS High-Res Hydrodynamic Ocean Model
5206,2026-08-12,19.0,90.0,0.215,0.121,0.247,0.48,60.6,East India Coastal Current (EICC),0.0,NASA OSCAR L4 / INCOIS High-Res Hydrodynamic Ocean Model
5207,2026-08-12,19.0,91.0,0.284,0.076,0.294,0.57,75.0,East India Coastal Current (EICC),0.0,NASA OSCAR L4 / INCOIS High-Res Hydrodynamic Ocean Model
5208,2026-08-12,19.0,92.0,0.204,0.148,0.252,0.49,54.0,East India Coastal Current (EICC),0.0,NASA OSCAR L4 / INCOIS High-Res Hydrodynamic Ocean Model
5209,2026-08-12,19.0,93.0,0.097,0.178,0.203,0.39,28.6,East India Coastal Current (EICC),0.0,NASA OSCAR L4 / INCOIS High-Res Hydrodynamic Ocean Model
5210,2026-08-12,19.0,94.0,0.24,-0.093,0.257,0.5,111.2,East India Coastal Current (EICC),0.0,NASA OSCAR L4 / INCOIS High-Res Hydrodynamic Ocean Model
5211,2026-08-12,20.0,68.0,-0.231,-0.38,0.445,0.87,211.3,West India Coastal Current (WICC),0.0,NASA OSCAR L4 / INCOIS High-Res Hydrodynamic Ocean Model
5212,2026-08-12,20.0,69.0,-0.076,-0.375,0.383,0.74,191.5,West India Coastal Current (WICC),0.0,NASA OSCAR L4 / INCOIS High-Res Hydrodynamic Ocean Model
5213,2026-08-12,20.0,70.0,-0.118,-0.339,0.359,0.7,199.2,West India Coastal Current (WICC),0.0,NASA OSCAR L4 / INCOIS High-Res Hydrodynamic Ocean Model
5214,2026-08-12,20.0,71.0,-0.137,-0.387,0.411,0.8,199.5,West India Coastal Current (WICC),0.0,NASA OSCAR L4 / INCOIS High-Res Hydrodynamic Ocean Model
5215,2026-08-12,20.0,72.0,-0.316,-0.283,0.424,0.82,228.2,West India Coastal Current (WICC),0.0,NASA OSCAR L4 / INCOIS High-Res Hydrodynamic Ocean Model
5216,2026-08-12,20.0,73.0,-0.214,-0.192,0.288,0.56,228.1,West India Coastal Current (WICC),0.0,NASA OSCAR L4 / INCOIS High-Res Hydrodynamic Ocean Model
5217,2026-08-12,20.0,85.0,0.015,-0.013,0.02,0.04,130.9,East India Coastal Current (EICC),0.0,NASA OSCAR L4 / INCOIS High-Res Hydrodynamic Ocean Model
5218,2026-08-12,20.0,86.0,0.327,0.021,0.328,0.64,86.3,East India Coastal Current (EICC),0.0,NASA OSCAR L4 / INCOIS High-Res Hydrodynamic Ocean Model
5219,2026-08-12,20.0,87.0,0.151,0.301,0.337,0.66,26.6,East India Coastal Current (EICC),0.0,NASA OSCAR L4 / INCOIS High-Res Hydrodynamic Ocean Model
5220,2026-08-12,20.0,88.0,0.215,0.191,0.288,0.56,48.4,East India Coastal Current (EICC),0.0,NASA OSCAR L4 / INCOIS High-Res Hydrodynamic Ocean Model
5221,2026-08-12,20.0,89.0,0.133,0.067,0.149,0.29,63.3,East India Coastal Current (EICC),0.0,NASA OSCAR L4 / INCOIS High-Res Hydrodynamic Ocean Model
5222,2026-08-12,20.0,90.0,0.111,0.164,0.198,0.38,34.1,East India Coastal Current (EICC),0.0,NASA OSCAR L4 / INCOIS High-Res Hydrodynamic Ocean Model
5223,2026-08-12,20.0,91.0,0.176,-0.013,0.176,0.34,94.2,East India Coastal Current (EICC),0.0,NASA OSCAR L4 / INCOIS High-Res Hydrodynamic Ocean Model
5224,2026-08-12,20.0,92.0,0.291,0.097,0.307,0.6,71.6,East India Coastal Current (EICC),0.0,NASA OSCAR L4 / INCOIS High-Res Hydrodynamic Ocean Model
5225,2026-08-12,20.0,93.0,0.276,0.14,0.309,0.6,63.1,East India Coastal Current (EICC),0.0,NASA OSCAR L4 / INCOIS High-Res Hydrodynamic Ocean Model
5226,2026-08-12,20.0,94.0,0.242,0.178,0.3,0.58,53.7,East India Coastal Current (EICC),0.0,NASA OSCAR L4 / INCOIS High-Res Hydrodynamic Ocean Model
5227,2026-08-12,21.0,68.0,-0.198,-0.105,0.224,0.44,242.1,West India Coastal Current (WICC),0.0,NASA OSCAR L4 / INCOIS High-Res Hydrodynamic Ocean Model
5228,2026-08-12,21.0,69.0,-0.093,-0.187,0.209,0.41,206.4,West India Coastal Current (WICC),0.0,NASA OSCAR L4 / INCOIS High-Res Hydrodynamic Ocean Model
5229,2026-08-12,21.0,70.0,-0.147,-0.245,0.286,0.56,211.0,West India Coastal Current (WICC),0.0,NASA OSCAR L4 / INCOIS High-Res Hydrodynamic Ocean Model
5230,2026-08-12,21.0,71.0,-0.04,0.061,0.073,0.14,326.7,West India Coastal Current (WICC),0.0,NASA OSCAR L4 / INCOIS High-Res Hydrodynamic Ocean Model
5231,2026-08-12,21.0,72.0,-0.135,-0.221,0.259,0.5,211.4,West India Coastal Current (WICC),0.0,NASA OSCAR L4 / INCOIS High-Res Hydrodynamic Ocean Model
5232,2026-08-12,21.0,73.0,-0.091,-0.138,0.165,0.32,213.4,West India Coastal Current (WICC),0.0,NASA OSCAR L4 / INCOIS High-Res Hydrodynamic Ocean Model
5233,2026-08-12,21.0,74.0,-0.137,-0.286,0.317,0.62,205.6,West India Coastal Current (WICC),0.0,NASA OSCAR L4 / INCOIS High-Res Hydrodynamic Ocean Model
5234,2026-08-12,21.0,75.0,-0.21,-0.322,0.384,0.75,213.1,West India Coastal Current (WICC),0.0,NASA OSCAR L4 / INCOIS High-Res Hydrodynamic Ocean Model
5235,2026-08-12,21.0,76.0,-0.274,-0.451,0.528,1.03,211.3,West India Coastal Current (WICC),0.0,NASA OSCAR L4 / INCOIS High-Res Hydrodynamic Ocean Model
5236,2026-08-12,21.0,77.0,0.129,0.019,0.13,0.25,81.6,East India Coastal Current (EICC),0.0,NASA OSCAR L4 / INCOIS High-Res Hydrodynamic Ocean Model
5237,2026-08-12,21.0,78.0,0.17,0.297,0.342,0.66,29.8,East India Coastal Current (EICC),0.0,NASA OSCAR L4 / INCOIS High-Res Hydrodynamic Ocean Model
5238,2026-08-12,21.0,79.0,0.408,0.126,0.427,0.83,72.8,East India Coastal Current (EICC),0.0,NASA OSCAR L4 / INCOIS High-Res Hydrodynamic Ocean Model
5239,2026-08-12,21.0,80.0,0.182,0.154,0.238,0.46,49.8,East India Coastal Current (EICC),0.0,NASA OSCAR L4 / INCOIS High-Res Hydrodynamic Ocean Model
5240,2026-08-12,21.0,81.0,0.146,0.214,0.259,0.5,34.3,East India Coastal Current (EICC),0.0,NASA OSCAR L4 / INCOIS High-Res Hydrodynamic Ocean Model
5241,2026-08-12,21.0,82.0,0.239,0.183,0.301,0.59,52.6,East India Coastal Current (EICC),0.0,NASA OSCAR L4 / INCOIS High-Res Hydrodynamic Ocean Model
5242,2026-08-12,21.0,83.0,0.065,0.158,0.171,0.33,22.4,East India Coastal Current (EICC),0.0,NASA OSCAR L4 / INCOIS High-Res Hydrodynamic Ocean Model
5243,2026-08-12,21.0,84.0,0.118,0.188,0.222,0.43,32.1,East India Coastal Current (EICC),0.0,NASA OSCAR L4 / INCOIS High-Res Hydrodynamic Ocean Model
5244,2026-08-12,21.0,85.0,0.135,0.357,0.382,0.74,20.7,East India Coastal Current (EICC),0.0,NASA OSCAR L4 / INCOIS High-Res Hydrodynamic Ocean Model
5245,2026-08-12,21.0,86.0,0.306,0.079,0.316,0.61,75.5,East India Coastal Current (EICC),0.0,NASA OSCAR L4 / INCOIS High-Res Hydrodynamic Ocean Model
5246,2026-08-12,21.0,87.0,0.223,0.19,0.293,0.57,49.6,East India Coastal Current (EICC),0.0,NASA OSCAR L4 / INCOIS High-Res Hydrodynamic Ocean Model
5247,2026-08-12,21.0,88.0,0.285,0.247,0.377,0.73,49.1,East India Coastal Current (EICC),0.0,NASA OSCAR L4 / INCOIS High-Res Hydrodynamic Ocean Model
5248,2026-08-12,21.0,89.0,0.224,0.229,0.32,0.62,44.4,East India Coastal Current (EICC),0.0,NASA OSCAR L4 / INCOIS High-Res Hydrodynamic Ocean Model
5249,2026-08-12,21.0,90.0,0.144,-0.042,0.15,0.29,106.3,East India Coastal Current (EICC),0.0,NASA OSCAR L4 / INCOIS High-Res Hydrodynamic Ocean Model
5250,2026-08-12,21.0,91.0,0.223,0.12,0.253,0.49,61.7,East India Coastal Current (EICC),0.0,NASA OSCAR L4 / INCOIS High-Res Hydrodynamic Ocean Model
5251,2026-08-12,21.0,92.0,-0.006,0.05,0.05,0.1,353.2,East India Coastal Current (EICC),0.0,NASA OSCAR L4 / INCOIS High-Res Hydrodynamic Ocean Model
5252,2026-08-12,21.0,93.0,0.17,-0.121,0.209,0.41,125.4,East India Coastal Current (EICC),0.0,NASA OSCAR L4 / INCOIS High-Res Hydrodynamic Ocean Model
5253,2026-08-12,21.0,94.0,0.136,0.166,0.215,0.42,39.3,East India Coastal Current (EICC),0.0,NASA OSCAR L4 / INCOIS High-Res Hydrodynamic Ocean Model
5254,2026-08-12,22.0,68.0,-0.149,-0.433,0.458,0.89,199.0,West India Coastal Current (WICC),0.0,NASA OSCAR L4 / INCOIS High-Res Hydrodynamic Ocean Model
5255,2026-08-12,22.0,69.0,-0.067,-0.38,0.386,0.75,190.0,West India Coastal Current (WICC),0.0,NASA OSCAR L4 / INCOIS High-Res Hydrodynamic Ocean Model
5256,2026-08-12,22.0,70.0,-0.245,-0.393,0.463,0.9,211.9,West India Coastal Current (WICC),0.0,NASA OSCAR L4 / INCOIS High-Res Hydrodynamic Ocean Model
5257,2026-08-12,22.0,71.0,-0.06,-0.314,0.32,0.62,190.8,West India Coastal Current (WICC),0.0,NASA OSCAR L4 / INCOIS High-Res Hydrodynamic Ocean Model
5258,2026-08-12,22.0,72.0,-0.079,-0.186,0.202,0.39,203.0,West India Coastal Current (WICC),0.0,NASA OSCAR L4 / INCOIS High-Res Hydrodynamic Ocean Model
5259,2026-08-12,22.0,73.0,-0.161,-0.326,0.364,0.71,206.3,West India Coastal Current (WICC),0.0,NASA OSCAR L4 / INCOIS High-Res Hydrodynamic Ocean Model
5260,2026-08-12,22.0,74.0,-0.14,-0.345,0.372,0.72,202.1,West India Coastal Current (WICC),0.0,NASA OSCAR L4 / INCOIS High-Res Hydrodynamic Ocean Model
5261,2026-08-12,22.0,75.0,-0.217,-0.209,0.301,0.59,226.1,West India Coastal Current (WICC),0.0,NASA OSCAR L4 / INCOIS High-Res Hydrodynamic Ocean Model
5262,2026-08-12,22.0,76.0,-0.142,-0.248,0.286,0.56,209.8,West India Coastal Current (WICC),0.0,NASA OSCAR L4 / INCOIS High-Res Hydrodynamic Ocean Model
5263,2026-08-12,22.0,77.0,0.362,0.099,0.375,0.73,74.7,East India Coastal Current (EICC),0.0,NASA OSCAR L4 / INCOIS High-Res Hydrodynamic Ocean Model
5264,2026-08-12,22.0,78.0,0.069,0.017,0.071,0.14,76.2,East India Coastal Current (EICC),0.0,NASA OSCAR L4 / INCOIS High-Res Hydrodynamic Ocean Model
5265,2026-08-12,22.0,79.0,0.163,0.143,0.217,0.42,48.7,East India Coastal Current (EICC),0.0,NASA OSCAR L4 / INCOIS High-Res Hydrodynamic Ocean Model
5266,2026-08-12,22.0,80.0,0.185,0.278,0.334,0.65,33.6,East India Coastal Current (EICC),0.0,NASA OSCAR L4 / INCOIS High-Res Hydrodynamic Ocean Model
5267,2026-08-12,22.0,81.0,0.208,0.128,0.244,0.47,58.4,East India Coastal Current (EICC),0.0,NASA OSCAR L4 / INCOIS High-Res Hydrodynamic Ocean Model
5268,2026-08-12,22.0,82.0,0.144,0.068,0.159,0.31,64.7,East India Coastal Current (EICC),0.0,NASA OSCAR L4 / INCOIS High-Res Hydrodynamic Ocean Model
5269,2026-08-12,22.0,83.0,0.377,0.29,0.476,0.93,52.4,East India Coastal Current (EICC),0.0,NASA OSCAR L4 / INCOIS High-Res Hydrodynamic Ocean Model
5270,2026-08-12,22.0,84.0,0.221,0.215,0.308,0.6,45.8,East India Coastal Current (EICC),0.0,NASA OSCAR L4 / INCOIS High-Res Hydrodynamic Ocean Model
5271,2026-08-12,22.0,85.0,0.279,0.205,0.346,0.67,53.7,East India Coastal Current (EICC),0.0,NASA OSCAR L4 / INCOIS High-Res Hydrodynamic Ocean Model
5272,2026-08-12,22.0,86.0,0.146,0.177,0.229,0.45,39.5,East India Coastal Current (EICC),0.0,NASA OSCAR L4 / INCOIS High-Res Hydrodynamic Ocean Model
5273,2026-08-12,22.0,87.0,0.246,0.236,0.341,0.66,46.2,East India Coastal Current (EICC),0.0,NASA OSCAR L4 / INCOIS High-Res Hydrodynamic Ocean Model
5274,2026-08-12,22.0,88.0,0.183,0.017,0.184,0.36,84.7,East India Coastal Current (EICC),0.0,NASA OSCAR L4 / INCOIS High-Res Hydrodynamic Ocean Model
5275,2026-08-12,22.0,89.0,0.192,0.162,0.251,0.49,49.8,East India Coastal Current (EICC),0.0,NASA OSCAR L4 / INCOIS High-Res Hydrodynamic Ocean Model
5276,2026-08-12,22.0,90.0,0.15,0.166,0.224,0.44,42.1,East India Coastal Current (EICC),0.0,NASA OSCAR L4 / INCOIS High-Res Hydrodynamic Ocean Model
5277,2026-08-12,22.0,91.0,0.311,0.154,0.347,0.67,63.7,East India Coastal Current (EICC),0.0,NASA OSCAR L4 / INCOIS High-Res Hydrodynamic Ocean Model
5278,2026-08-12,22.0,92.0,0.267,0.122,0.294,0.57,65.4,East India Coastal Current (EICC),0.0,NASA OSCAR L4 / INCOIS High-Res Hydrodynamic Ocean Model
5279,2026-08-12,22.0,93.0,0.187,0.348,0.395,0.77,28.3,East India Coastal Current (EICC),0.0,NASA OSCAR L4 / INCOIS High-Res Hydrodynamic Ocean Model
5280,2026-08-12,22.0,94.0,0.157,0.36,0.393,0.76,23.6,East India Coastal Current (EICC),0.0,NASA OSCAR L4 / INCOIS High-Res Hydrodynamic Ocean Model
5281,2026-08-12,23.0,68.0,-0.259,-0.293,0.391,0.76,221.5,West India Coastal Current (WICC),0.0,NASA OSCAR L4 / INCOIS High-Res Hydrodynamic Ocean Model
5282,2026-08-12,23.0,69.0,-0.102,-0.248,0.268,0.52,202.4,West India Coastal Current (WICC),0.0,NASA OSCAR L4 / INCOIS High-Res Hydrodynamic Ocean Model
5283,2026-08-12,23.0,70.0,-0.131,-0.256,0.288,0.56,207.1,West India Coastal Current (WICC),0.0,NASA OSCAR L4 / INCOIS High-Res Hydrodynamic Ocean Model
5284,2026-08-12,23.0,71.0,-0.216,-0.373,0.431,0.84,210.1,West India Coastal Current (WICC),0.0,NASA OSCAR L4 / INCOIS High-Res Hydrodynamic Ocean Model
5285,2026-08-12,23.0,72.0,-0.252,-0.265,0.366,0.71,223.6,West India Coastal Current (WICC),0.0,NASA OSCAR L4 / INCOIS High-Res Hydrodynamic Ocean Model
5286,2026-08-12,23.0,73.0,-0.089,-0.063,0.109,0.21,234.7,West India Coastal Current (WICC),0.0,NASA OSCAR L4 / INCOIS High-Res Hydrodynamic Ocean Model
5287,2026-08-12,23.0,74.0,-0.144,-0.172,0.224,0.44,219.9,West India Coastal Current (WICC),0.0,NASA OSCAR L4 / INCOIS High-Res Hydrodynamic Ocean Model
5288,2026-08-12,23.0,75.0,-0.21,-0.152,0.259,0.5,234.1,West India Coastal Current (WICC),0.0,NASA OSCAR L4 / INCOIS High-Res Hydrodynamic Ocean Model
5289,2026-08-12,23.0,76.0,-0.063,-0.185,0.195,0.38,198.8,West India Coastal Current (WICC),0.0,NASA OSCAR L4 / INCOIS High-Res Hydrodynamic Ocean Model
5290,2026-08-12,23.0,77.0,0.176,0.153,0.233,0.45,49.0,East India Coastal Current (EICC),0.0,NASA OSCAR L4 / INCOIS High-Res Hydrodynamic Ocean Model
5291,2026-08-12,23.0,78.0,0.215,0.075,0.228,0.44,70.8,East India Coastal Current (EICC),0.0,NASA OSCAR L4 / INCOIS High-Res Hydrodynamic Ocean Model
5292,2026-08-12,23.0,79.0,0.216,0.082,0.231,0.45,69.2,East India Coastal Current (EICC),0.0,NASA OSCAR L4 / INCOIS High-Res Hydrodynamic Ocean Model
5293,2026-08-12,23.0,80.0,0.199,0.095,0.221,0.43,64.5,East India Coastal Current (EICC),0.0,NASA OSCAR L4 / INCOIS High-Res Hydrodynamic Ocean Model
5294,2026-08-12,23.0,81.0,0.198,0.155,0.251,0.49,51.9,East India Coastal Current (EICC),0.0,NASA OSCAR L4 / INCOIS High-Res Hydrodynamic Ocean Model
5295,2026-08-12,23.0,82.0,0.105,0.225,0.248,0.48,25.0,East India Coastal Current (EICC),0.0,NASA OSCAR L4 / INCOIS High-Res Hydrodynamic Ocean Model
5296,2026-08-12,23.0,83.0,0.227,0.226,0.32,0.62,45.1,East India Coastal Current (EICC),0.0,NASA OSCAR L4 / INCOIS High-Res Hydrodynamic Ocean Model
5297,2026-08-12,23.0,84.0,0.244,0.146,0.284,0.55,59.1,East India Coastal Current (EICC),0.0,NASA OSCAR L4 / INCOIS High-Res Hydrodynamic Ocean Model
5298,2026-08-12,23.0,85.0,0.238,0.234,0.334,0.65,45.5,East India Coastal Current (EICC),0.0,NASA OSCAR L4 / INCOIS High-Res Hydrodynamic Ocean Model
5299,2026-08-12,23.0,86.0,0.18,0.117,0.215,0.42,57.0,East India Coastal Current (EICC),0.0,NASA OSCAR L4 / INCOIS High-Res Hydrodynamic Ocean Model
5300,2026-08-12,23.0,87.0,0.249,0.06,0.256,0.5,76.5,East India Coastal Current (EICC),0.0,NASA OSCAR L4 / INCOIS High-Res Hydrodynamic Ocean Model
5301,2026-08-12,23.0,88.0,0.349,0.045,0.352,0.68,82.7,East India Coastal Current (EICC),0.0,NASA OSCAR L4 / INCOIS High-Res Hydrodynamic Ocean Model
5302,2026-08-12,23.0,89.0,0.231,0.103,0.253,0.49,66.0,East India Coastal Current (EICC),0.0,NASA OSCAR L4 / INCOIS High-Res Hydrodynamic Ocean Model
5303,2026-08-12,23.0,90.0,0.218,0.212,0.304,0.59,45.8,East India Coastal Current (EICC),0.0,NASA OSCAR L4 / INCOIS High-Res Hydrodynamic Ocean Model
5304,2026-08-12,23.0,91.0,0.195,0.067,0.206,0.4,71.0,East India Coastal Current (EICC),0.0,NASA OSCAR L4 / INCOIS High-Res Hydrodynamic Ocean Model
5305,2026-08-12,23.0,92.0,0.131,0.101,0.165,0.32,52.4,East India Coastal Current (EICC),0.0,NASA OSCAR L4 / INCOIS High-Res Hydrodynamic Ocean Model
5306,2026-08-12,23.0,93.0,0.257,0.147,0.296,0.58,60.2,East India Coastal Current (EICC),0.0,NASA OSCAR L4 / INCOIS High-Res Hydrodynamic Ocean Model
5307,2026-08-12,23.0,94.0,0.29,0.342,0.448,0.87,40.3,East India Coastal Current (EICC),0.0,NASA OSCAR L4 / INCOIS High-Res Hydrodynamic Ocean Model
5308,2026-08-12,24.0,68.0,0.072,-0.264,0.274,0.53,164.7,West India Coastal Current (WICC),0.0,NASA OSCAR L4 / INCOIS High-Res Hydrodynamic Ocean Model
5309,2026-08-12,24.0,69.0,-0.226,-0.275,0.356,0.69,219.4,West India Coastal Current (WICC),0.0,NASA OSCAR L4 / INCOIS High-Res Hydrodynamic Ocean Model
5310,2026-08-12,24.0,70.0,0.028,-0.263,0.264,0.51,173.9,West India Coastal Current (WICC),0.0,NASA OSCAR L4 / INCOIS High-Res Hydrodynamic Ocean Model
5311,2026-08-12,24.0,71.0,-0.303,-0.354,0.466,0.91,220.6,West India Coastal Current (WICC),0.0,NASA OSCAR L4 / INCOIS High-Res Hydrodynamic Ocean Model
5312,2026-08-12,24.0,72.0,-0.082,-0.187,0.204,0.4,203.7,West India Coastal Current (WICC),0.0,NASA OSCAR L4 / INCOIS High-Res Hydrodynamic Ocean Model
5313,2026-08-12,24.0,73.0,-0.098,-0.49,0.5,0.97,191.3,West India Coastal Current (WICC),0.0,NASA OSCAR L4 / INCOIS High-Res Hydrodynamic Ocean Model
5314,2026-08-12,24.0,74.0,-0.276,-0.363,0.456,0.89,217.2,West India Coastal Current (WICC),0.0,NASA OSCAR L4 / INCOIS High-Res Hydrodynamic Ocean Model
5315,2026-08-12,24.0,75.0,-0.215,-0.306,0.374,0.73,215.1,West India Coastal Current (WICC),0.0,NASA OSCAR L4 / INCOIS High-Res Hydrodynamic Ocean Model
5316,2026-08-12,24.0,76.0,-0.185,-0.355,0.4,0.78,207.5,West India Coastal Current (WICC),0.0,NASA OSCAR L4 / INCOIS High-Res Hydrodynamic Ocean Model
5317,2026-08-12,24.0,77.0,0.224,0.334,0.402,0.78,33.8,East India Coastal Current (EICC),0.0,NASA OSCAR L4 / INCOIS High-Res Hydrodynamic Ocean Model
5318,2026-08-12,24.0,78.0,0.174,0.072,0.188,0.37,67.5,East India Coastal Current (EICC),0.0,NASA OSCAR L4 / INCOIS High-Res Hydrodynamic Ocean Model
5319,2026-08-12,24.0,79.0,0.166,0.229,0.283,0.55,35.9,East India Coastal Current (EICC),0.0,NASA OSCAR L4 / INCOIS High-Res Hydrodynamic Ocean Model
5320,2026-08-12,24.0,80.0,0.141,0.115,0.182,0.35,50.8,East India Coastal Current (EICC),0.0,NASA OSCAR L4 / INCOIS High-Res Hydrodynamic Ocean Model
5321,2026-08-12,24.0,81.0,0.154,0.366,0.397,0.77,22.8,East India Coastal Current (EICC),0.0,NASA OSCAR L4 / INCOIS High-Res Hydrodynamic Ocean Model
5322,2026-08-12,24.0,82.0,0.274,0.094,0.29,0.56,71.1,East India Coastal Current (EICC),0.0,NASA OSCAR L4 / INCOIS High-Res Hydrodynamic Ocean Model
5323,2026-08-12,24.0,83.0,0.219,-0.05,0.225,0.44,102.9,East India Coastal Current (EICC),0.0,NASA OSCAR L4 / INCOIS High-Res Hydrodynamic Ocean Model
5324,2026-08-12,24.0,84.0,0.267,0.237,0.357,0.69,48.4,East India Coastal Current (EICC),0.0,NASA OSCAR L4 / INCOIS High-Res Hydrodynamic Ocean Model
5325,2026-08-12,24.0,85.0,0.215,0.178,0.279,0.54,50.4,East India Coastal Current (EICC),0.0,NASA OSCAR L4 / INCOIS High-Res Hydrodynamic Ocean Model
5326,2026-08-12,24.0,86.0,0.099,0.212,0.234,0.45,25.0,East India Coastal Current (EICC),0.0,NASA OSCAR L4 / INCOIS High-Res Hydrodynamic Ocean Model
5327,2026-08-12,24.0,87.0,0.132,0.071,0.15,0.29,61.7,East India Coastal Current (EICC),0.0,NASA OSCAR L4 / INCOIS High-Res Hydrodynamic Ocean Model
5328,2026-08-12,24.0,88.0,0.137,-0.039,0.142,0.28,105.9,East India Coastal Current (EICC),0.0,NASA OSCAR L4 / INCOIS High-Res Hydrodynamic Ocean Model
5329,2026-08-12,24.0,89.0,0.208,0.335,0.394,0.77,31.8,East India Coastal Current (EICC),0.0,NASA OSCAR L4 / INCOIS High-Res Hydrodynamic Ocean Model
5330,2026-08-12,24.0,90.0,0.05,0.125,0.135,0.26,21.8,East India Coastal Current (EICC),0.0,NASA OSCAR L4 / INCOIS High-Res Hydrodynamic Ocean Model
5331,2026-08-12,24.0,91.0,0.379,0.232,0.444,0.86,58.5,East India Coastal Current (EICC),0.0,NASA OSCAR L4 / INCOIS High-Res Hydrodynamic Ocean Model
5332,2026-08-12,24.0,92.0,0.334,0.231,0.406,0.79,55.3,East India Coastal Current (EICC),0.0,NASA OSCAR L4 / INCOIS High-Res Hydrodynamic Ocean Model
5333,2026-08-12,24.0,93.0,0.116,0.112,0.161,0.31,46.0,East India Coastal Current (EICC),0.0,NASA OSCAR L4 / INCOIS High-Res Hydrodynamic Ocean Model
5334,2026-08-12,24.0,94.0,0.274,0.29,0.399,0.78,43.4,East India Coastal Current (EICC),0.0,NASA OSCAR L4 / INCOIS High-Res Hydrodynamic Ocean Model
